ID_Punto,Ciudad,Estado,Latitud,Longitud,Elevacion_SRTM_m,Elevacion_NASADEM_m,GEDI_Altura_Dosel_m,Pendiente_Grados,Indice_Rugosidad_TRI_m,Tipo_Relieve,Fuente_Satelital
PNT-00001,Mérida,Yucatán,20.946926,-89.551886,10.42,10.14,12.59,0.17,0.15,Planicie Cárstica (Llanura),SRTM 1 Arc-Sec (30m) / NASADEM / GEDI L4A
PNT-00002,Mérida,Yucatán,21.025588,-89.607822,7.72,7.47,4.4,0.33,0.44,Planicie Cárstica (Llanura),SRTM 1 Arc-Sec (30m) / NASADEM / GEDI L4A
PNT-00003,Mérida,Yucatán,20.956111,-89.657403,6.77,6.6,7.76,0.4,0.5,Planicie Cárstica (Llanura),SRTM 1 Arc-Sec (30m) / NASADEM / GEDI L4A
PNT-00004,Mérida,Yucatán,21.012628,-89.672052,14.63,14.27,8.08,0.67,0.65,Planicie Cárstica (Llanura),SRTM 1 Arc-Sec (30m) / NASADEM / GEDI L4A
PNT-00005,Mérida,Yucatán,20.897408,-89.552178,7.68,7.83,5.33,0.48,0.44,Planicie Cárstica (Llanura),SRTM 1 Arc-Sec (30m) / NASADEM / GEDI L4A
PNT-00006,Mérida,Yucatán,20.966228,-89.698498,8.5,8.63,8.06,0.34,0.45,Planicie Cárstica (Llanura),SRTM 1 Arc-Sec (30m) / NASADEM / GEDI L4A
PNT-00007,Mérida,Yucatán,20.974474,-89.674423,10.62,10.29,7.19,0.22,0.19,Planicie Cárstica (Llanura),SRTM 1 Arc-Sec (30m) / NASADEM / GEDI L4A
PNT-00008,Mérida,Yucatán,20.939053,-89.641812,10.7,10.59,4.35,0.31,0.42,Planicie Cárstica (Llanura),SRTM 1 Arc-Sec (30m) / NASADEM / GEDI L4A
PNT-00009,Mérida,Yucatán,20.909548,-89.575648,7.51,7.11,8.95,0.9,1.36,Planicie Cárstica (Llanura),SRTM 1 Arc-Sec (30m) / NASADEM / GEDI L4A
PNT-00010,Mérida,Yucatán,21.003641,-89.580597,8.54,8.23,4.01,0.95,1.35,Planicie Cárstica (Llanura),SRTM 1 Arc-Sec (30m) / NASADEM / GEDI L4A
PNT-00011,Mérida,Yucatán,20.939944,-89.693831,6.57,6.75,1.72,0.7,1.18,Planicie Cárstica (Llanura),SRTM 1 Arc-Sec (30m) / NASADEM / GEDI L4A
PNT-00012,Mérida,Yucatán,20.962554,-89.684865,11.14,11.19,9.68,0.85,1.1,Planicie Cárstica (Llanura),SRTM 1 Arc-Sec (30m) / NASADEM / GEDI L4A
PNT-00013,Mérida,Yucatán,20.970637,-89.635593,9.19,9.04,5.3,0.56,0.96,Planicie Cárstica (Llanura),SRTM 1 Arc-Sec (30m) / NASADEM / GEDI L4A
PNT-00014,Mérida,Yucatán,20.926887,-89.638339,7.26,6.92,9.47,0.32,0.31,Planicie Cárstica (Llanura),SRTM 1 Arc-Sec (30m) / NASADEM / GEDI L4A
PNT-00015,Mérida,Yucatán,21.035752,-89.574701,11.01,11.25,7.82,0.21,0.36,Planicie Cárstica (Llanura),SRTM 1 Arc-Sec (30m) / NASADEM / GEDI L4A
PNT-00016,Mérida,Yucatán,20.973295,-89.57481,8.32,8.01,9.19,0.25,0.31,Planicie Cárstica (Llanura),SRTM 1 Arc-Sec (30m) / NASADEM / GEDI L4A
PNT-00017,Mérida,Yucatán,21.017882,-89.566283,9.01,8.94,5.56,0.24,0.22,Planicie Cárstica (Llanura),SRTM 1 Arc-Sec (30m) / NASADEM / GEDI L4A
PNT-00018,Mérida,Yucatán,20.941018,-89.553134,9.47,9.63,0.0,0.4,0.71,Planicie Cárstica (Llanura),SRTM 1 Arc-Sec (30m) / NASADEM / GEDI L4A
PNT-00019,Mérida,Yucatán,21.040992,-89.663715,4.78,4.61,6.39,0.04,0.06,Planicie Cárstica (Llanura),SRTM 1 Arc-Sec (30m) / NASADEM / GEDI L4A
PNT-00020,Mérida,Yucatán,20.967429,-89.695763,10.05,9.84,5.46,0.16,0.21,Planicie Cárstica (Llanura),SRTM 1 Arc-Sec (30m) / NASADEM / GEDI L4A
PNT-00021,Mérida,Yucatán,21.044704,-89.665271,11.51,11.3,9.51,0.8,0.93,Planicie Cárstica (Llanura),SRTM 1 Arc-Sec (30m) / NASADEM / GEDI L4A
PNT-00022,Mérida,Yucatán,20.988169,-89.602635,7.06,7.33,6.81,0.35,0.35,Planicie Cárstica (Llanura),SRTM 1 Arc-Sec (30m) / NASADEM / GEDI L4A
PNT-00023,Mérida,Yucatán,20.893524,-89.609457,5.59,5.71,6.77,0.19,0.28,Planicie Cárstica (Llanura),SRTM 1 Arc-Sec (30m) / NASADEM / GEDI L4A
PNT-00024,Mérida,Yucatán,20.948878,-89.554123,8.15,7.84,2.96,1.02,1.71,Planicie Cárstica (Llanura),SRTM 1 Arc-Sec (30m) / NASADEM / GEDI L4A
PNT-00025,Mérida,Yucatán,20.928271,-89.598403,9.5,9.52,11.73,0.27,0.24,Planicie Cárstica (Llanura),SRTM 1 Arc-Sec (30m) / NASADEM / GEDI L4A
PNT-00026,Mérida,Yucatán,21.030555,-89.559933,5.83,5.71,11.26,0.8,1.36,Planicie Cárstica (Llanura),SRTM 1 Arc-Sec (30m) / NASADEM / GEDI L4A
PNT-00027,Mérida,Yucatán,21.028934,-89.57922,7.5,7.23,7.43,0.99,1.39,Planicie Cárstica (Llanura),SRTM 1 Arc-Sec (30m) / NASADEM / GEDI L4A
PNT-00028,Mérida,Yucatán,20.888472,-89.687765,9.38,9.53,1.63,0.72,0.74,Planicie Cárstica (Llanura),SRTM 1 Arc-Sec (30m) / NASADEM / GEDI L4A
PNT-00029,Mérida,Yucatán,21.000949,-89.66604,11.55,11.67,3.22,0.93,1.36,Planicie Cárstica (Llanura),SRTM 1 Arc-Sec (30m) / NASADEM / GEDI L4A
PNT-00030,Mérida,Yucatán,20.977929,-89.689012,5.99,5.79,3.41,1.07,1.28,Planicie Cárstica (Llanura),SRTM 1 Arc-Sec (30m) / NASADEM / GEDI L4A
PNT-00031,Mérida,Yucatán,21.029727,-89.603018,9.03,9.09,12.31,0.54,0.54,Planicie Cárstica (Llanura),SRTM 1 Arc-Sec (30m) / NASADEM / GEDI L4A
PNT-00032,Mérida,Yucatán,21.002592,-89.659076,9.09,8.83,5.95,1.03,1.81,Planicie Cárstica (Llanura),SRTM 1 Arc-Sec (30m) / NASADEM / GEDI L4A
PNT-00033,Mérida,Yucatán,21.033378,-89.644775,10.04,10.41,6.21,0.94,1.03,Planicie Cárstica (Llanura),SRTM 1 Arc-Sec (30m) / NASADEM / GEDI L4A
PNT-00034,Mérida,Yucatán,20.948616,-89.567818,6.96,7.01,4.45,1.03,1.54,Planicie Cárstica (Llanura),SRTM 1 Arc-Sec (30m) / NASADEM / GEDI L4A
PNT-00035,Mérida,Yucatán,20.97821,-89.688452,9.13,9.43,1.93,0.81,1.21,Planicie Cárstica (Llanura),SRTM 1 Arc-Sec (30m) / NASADEM / GEDI L4A
PNT-00036,Mérida,Yucatán,20.999397,-89.646481,10.99,11.24,4.08,0.95,1.63,Planicie Cárstica (Llanura),SRTM 1 Arc-Sec (30m) / NASADEM / GEDI L4A
PNT-00037,Mérida,Yucatán,20.968815,-89.623757,10.26,10.42,11.04,0.88,1.49,Planicie Cárstica (Llanura),SRTM 1 Arc-Sec (30m) / NASADEM / GEDI L4A
PNT-00038,Mérida,Yucatán,20.941079,-89.643907,9.36,8.99,3.08,0.51,0.68,Planicie Cárstica (Llanura),SRTM 1 Arc-Sec (30m) / NASADEM / GEDI L4A
PNT-00039,Mérida,Yucatán,20.932847,-89.609467,7.96,7.66,10.86,0.57,0.89,Planicie Cárstica (Llanura),SRTM 1 Arc-Sec (30m) / NASADEM / GEDI L4A
PNT-00040,Mérida,Yucatán,20.921531,-89.604338,14.26,14.37,13.87,0.8,1.42,Planicie Cárstica (Llanura),SRTM 1 Arc-Sec (30m) / NASADEM / GEDI L4A
PNT-00041,Mérida,Yucatán,20.969608,-89.652327,7.54,7.49,9.91,0.09,0.07,Planicie Cárstica (Llanura),SRTM 1 Arc-Sec (30m) / NASADEM / GEDI L4A
PNT-00042,Mérida,Yucatán,21.041024,-89.570243,7.3,7.04,13.15,0.17,0.18,Planicie Cárstica (Llanura),SRTM 1 Arc-Sec (30m) / NASADEM / GEDI L4A
PNT-00043,Mérida,Yucatán,20.974876,-89.589665,6.23,6.59,10.17,0.81,1.1,Planicie Cárstica (Llanura),SRTM 1 Arc-Sec (30m) / NASADEM / GEDI L4A
PNT-00044,Mérida,Yucatán,20.984875,-89.636864,7.39,7.6,1.38,0.02,0.02,Planicie Cárstica (Llanura),SRTM 1 Arc-Sec (30m) / NASADEM / GEDI L4A
PNT-00045,Mérida,Yucatán,20.89436,-89.697483,9.98,9.96,9.6,0.11,0.14,Planicie Cárstica (Llanura),SRTM 1 Arc-Sec (30m) / NASADEM / GEDI L4A
PNT-00046,Mérida,Yucatán,20.962755,-89.676288,4.61,4.7,1.3,0.7,0.59,Planicie Cárstica (Llanura),SRTM 1 Arc-Sec (30m) / NASADEM / GEDI L4A
PNT-00047,Mérida,Yucatán,20.946938,-89.603862,11.56,11.69,6.54,0.18,0.16,Planicie Cárstica (Llanura),SRTM 1 Arc-Sec (30m) / NASADEM / GEDI L4A
PNT-00048,Mérida,Yucatán,20.989787,-89.699758,10.42,10.48,7.0,0.43,0.62,Planicie Cárstica (Llanura),SRTM 1 Arc-Sec (30m) / NASADEM / GEDI L4A
PNT-00049,Mérida,Yucatán,20.96032,-89.616701,8.67,9.04,8.85,1.0,1.0,Planicie Cárstica (Llanura),SRTM 1 Arc-Sec (30m) / NASADEM / GEDI L4A
PNT-00050,Mérida,Yucatán,20.898098,-89.687876,7.93,7.79,7.33,0.93,0.77,Planicie Cárstica (Llanura),SRTM 1 Arc-Sec (30m) / NASADEM / GEDI L4A
PNT-00051,Mérida,Yucatán,21.017315,-89.658903,9.79,9.89,3.73,0.97,1.49,Planicie Cárstica (Llanura),SRTM 1 Arc-Sec (30m) / NASADEM / GEDI L4A
PNT-00052,Mérida,Yucatán,21.015557,-89.658874,10.21,10.46,3.66,1.09,1.32,Planicie Cárstica (Llanura),SRTM 1 Arc-Sec (30m) / NASADEM / GEDI L4A
PNT-00053,Mérida,Yucatán,20.946523,-89.579774,10.2,10.49,5.69,0.47,0.73,Planicie Cárstica (Llanura),SRTM 1 Arc-Sec (30m) / NASADEM / GEDI L4A
PNT-00054,Mérida,Yucatán,21.007727,-89.6875,9.03,9.29,10.22,0.35,0.59,Planicie Cárstica (Llanura),SRTM 1 Arc-Sec (30m) / NASADEM / GEDI L4A
PNT-00055,Mérida,Yucatán,20.949272,-89.702266,9.71,10.07,5.98,0.63,0.9,Planicie Cárstica (Llanura),SRTM 1 Arc-Sec (30m) / NASADEM / GEDI L4A
PNT-00056,Mérida,Yucatán,20.958751,-89.657086,11.65,11.85,1.71,0.87,1.38,Planicie Cárstica (Llanura),SRTM 1 Arc-Sec (30m) / NASADEM / GEDI L4A
PNT-00057,Mérida,Yucatán,20.901593,-89.624893,9.17,9.12,3.79,0.98,1.13,Planicie Cárstica (Llanura),SRTM 1 Arc-Sec (30m) / NASADEM / GEDI L4A
PNT-00058,Mérida,Yucatán,20.905731,-89.681121,10.35,10.03,11.93,0.09,0.14,Planicie Cárstica (Llanura),SRTM 1 Arc-Sec (30m) / NASADEM / GEDI L4A
PNT-00059,Mérida,Yucatán,20.898642,-89.572502,7.96,7.63,7.43,1.09,1.28,Planicie Cárstica (Llanura),SRTM 1 Arc-Sec (30m) / NASADEM / GEDI L4A
PNT-00060,Mérida,Yucatán,20.946303,-89.573952,7.54,7.21,11.94,0.85,1.15,Planicie Cárstica (Llanura),SRTM 1 Arc-Sec (30m) / NASADEM / GEDI L4A
PNT-00061,Mérida,Yucatán,20.954876,-89.558983,8.96,8.57,2.49,0.52,0.45,Planicie Cárstica (Llanura),SRTM 1 Arc-Sec (30m) / NASADEM / GEDI L4A
PNT-00062,Mérida,Yucatán,20.906011,-89.685196,11.8,11.87,9.58,1.06,1.25,Planicie Cárstica (Llanura),SRTM 1 Arc-Sec (30m) / NASADEM / GEDI L4A
PNT-00063,Mérida,Yucatán,20.932714,-89.565024,9.49,9.15,6.55,0.61,1.08,Planicie Cárstica (Llanura),SRTM 1 Arc-Sec (30m) / NASADEM / GEDI L4A
PNT-00064,Mérida,Yucatán,20.970696,-89.603296,8.05,8.15,13.94,0.64,1.09,Planicie Cárstica (Llanura),SRTM 1 Arc-Sec (30m) / NASADEM / GEDI L4A
PNT-00065,Mérida,Yucatán,20.894271,-89.659046,13.82,13.64,3.27,0.21,0.27,Planicie Cárstica (Llanura),SRTM 1 Arc-Sec (30m) / NASADEM / GEDI L4A
PNT-00066,Mérida,Yucatán,20.943536,-89.610615,4.79,5.04,7.95,0.75,0.72,Planicie Cárstica (Llanura),SRTM 1 Arc-Sec (30m) / NASADEM / GEDI L4A
PNT-00067,Mérida,Yucatán,21.032748,-89.572394,6.1,6.45,13.83,0.95,0.8,Planicie Cárstica (Llanura),SRTM 1 Arc-Sec (30m) / NASADEM / GEDI L4A
PNT-00068,Mérida,Yucatán,20.891219,-89.643766,9.65,9.55,2.11,1.07,1.76,Planicie Cárstica (Llanura),SRTM 1 Arc-Sec (30m) / NASADEM / GEDI L4A
PNT-00069,Mérida,Yucatán,21.021133,-89.629009,5.49,5.14,4.1,0.95,1.53,Planicie Cárstica (Llanura),SRTM 1 Arc-Sec (30m) / NASADEM / GEDI L4A
PNT-00070,Mérida,Yucatán,21.046955,-89.544538,12.34,12.7,7.75,0.93,0.97,Planicie Cárstica (Llanura),SRTM 1 Arc-Sec (30m) / NASADEM / GEDI L4A
PNT-00071,Mérida,Yucatán,20.959087,-89.683334,9.26,9.04,8.56,0.74,1.05,Planicie Cárstica (Llanura),SRTM 1 Arc-Sec (30m) / NASADEM / GEDI L4A
PNT-00072,Mérida,Yucatán,20.944306,-89.685831,9.53,9.75,14.69,0.57,0.94,Planicie Cárstica (Llanura),SRTM 1 Arc-Sec (30m) / NASADEM / GEDI L4A
PNT-00073,Mérida,Yucatán,20.975305,-89.61425,8.45,8.16,10.39,0.03,0.05,Planicie Cárstica (Llanura),SRTM 1 Arc-Sec (30m) / NASADEM / GEDI L4A
PNT-00074,Mérida,Yucatán,20.98625,-89.591347,8.05,7.66,5.13,0.39,0.54,Planicie Cárstica (Llanura),SRTM 1 Arc-Sec (30m) / NASADEM / GEDI L4A
PNT-00075,Mérida,Yucatán,20.949759,-89.634004,8.41,8.42,9.37,0.86,1.03,Planicie Cárstica (Llanura),SRTM 1 Arc-Sec (30m) / NASADEM / GEDI L4A
PNT-00076,Mérida,Yucatán,20.986534,-89.566022,8.97,8.78,9.69,0.51,0.91,Planicie Cárstica (Llanura),SRTM 1 Arc-Sec (30m) / NASADEM / GEDI L4A
PNT-00077,Mérida,Yucatán,20.965819,-89.6514,6.13,5.79,9.18,0.14,0.13,Planicie Cárstica (Llanura),SRTM 1 Arc-Sec (30m) / NASADEM / GEDI L4A
PNT-00078,Mérida,Yucatán,20.911304,-89.681788,6.58,6.46,8.45,0.99,1.26,Planicie Cárstica (Llanura),SRTM 1 Arc-Sec (30m) / NASADEM / GEDI L4A
PNT-00079,Mérida,Yucatán,20.993809,-89.676429,7.83,7.57,3.33,0.1,0.09,Planicie Cárstica (Llanura),SRTM 1 Arc-Sec (30m) / NASADEM / GEDI L4A
PNT-00080,Mérida,Yucatán,20.960725,-89.670987,9.13,9.28,0.0,0.04,0.06,Planicie Cárstica (Llanura),SRTM 1 Arc-Sec (30m) / NASADEM / GEDI L4A
PNT-00081,Mérida,Yucatán,20.987464,-89.690919,8.75,8.99,5.62,0.82,0.81,Planicie Cárstica (Llanura),SRTM 1 Arc-Sec (30m) / NASADEM / GEDI L4A
PNT-00082,Mérida,Yucatán,20.920496,-89.644724,14.22,14.12,5.26,0.51,0.79,Planicie Cárstica (Llanura),SRTM 1 Arc-Sec (30m) / NASADEM / GEDI L4A
PNT-00083,Mérida,Yucatán,20.892869,-89.66361,10.27,10.28,7.75,0.59,0.54,Planicie Cárstica (Llanura),SRTM 1 Arc-Sec (30m) / NASADEM / GEDI L4A
PNT-00084,Mérida,Yucatán,20.958586,-89.618781,7.22,7.12,2.88,0.02,0.02,Planicie Cárstica (Llanura),SRTM 1 Arc-Sec (30m) / NASADEM / GEDI L4A
PNT-00085,Mérida,Yucatán,20.920832,-89.6516,12.71,12.94,10.03,0.55,0.49,Planicie Cárstica (Llanura),SRTM 1 Arc-Sec (30m) / NASADEM / GEDI L4A
PNT-00086,Mérida,Yucatán,20.972937,-89.610105,8.03,7.73,12.83,0.31,0.36,Planicie Cárstica (Llanura),SRTM 1 Arc-Sec (30m) / NASADEM / GEDI L4A
PNT-00087,Mérida,Yucatán,20.990347,-89.612675,5.92,5.6,8.75,0.17,0.18,Planicie Cárstica (Llanura),SRTM 1 Arc-Sec (30m) / NASADEM / GEDI L4A
PNT-00088,Mérida,Yucatán,20.912709,-89.674149,7.18,7.5,4.32,0.09,0.12,Planicie Cárstica (Llanura),SRTM 1 Arc-Sec (30m) / NASADEM / GEDI L4A
PNT-00089,Mérida,Yucatán,20.952663,-89.546819,8.47,8.85,2.87,0.95,1.54,Planicie Cárstica (Llanura),SRTM 1 Arc-Sec (30m) / NASADEM / GEDI L4A
PNT-00090,Mérida,Yucatán,20.928264,-89.676658,10.16,10.21,7.33,0.63,0.68,Planicie Cárstica (Llanura),SRTM 1 Arc-Sec (30m) / NASADEM / GEDI L4A
PNT-00091,Mérida,Yucatán,21.010119,-89.674073,7.32,7.33,0.0,0.27,0.25,Planicie Cárstica (Llanura),SRTM 1 Arc-Sec (30m) / NASADEM / GEDI L4A
PNT-00092,Mérida,Yucatán,20.984699,-89.657819,6.49,6.47,7.57,0.59,0.5,Planicie Cárstica (Llanura),SRTM 1 Arc-Sec (30m) / NASADEM / GEDI L4A
PNT-00093,Mérida,Yucatán,20.940857,-89.682494,11.21,11.01,4.19,0.75,1.17,Planicie Cárstica (Llanura),SRTM 1 Arc-Sec (30m) / NASADEM / GEDI L4A
PNT-00094,Mérida,Yucatán,20.982302,-89.628548,5.11,5.45,2.37,0.91,1.61,Planicie Cárstica (Llanura),SRTM 1 Arc-Sec (30m) / NASADEM / GEDI L4A
PNT-00095,Mérida,Yucatán,20.906888,-89.587061,9.19,9.25,5.88,0.93,0.87,Planicie Cárstica (Llanura),SRTM 1 Arc-Sec (30m) / NASADEM / GEDI L4A
PNT-00096,Mérida,Yucatán,21.014243,-89.67174,8.3,8.55,5.22,0.73,0.97,Planicie Cárstica (Llanura),SRTM 1 Arc-Sec (30m) / NASADEM / GEDI L4A
PNT-00097,Mérida,Yucatán,20.944413,-89.563648,11.64,11.59,4.87,0.41,0.52,Planicie Cárstica (Llanura),SRTM 1 Arc-Sec (30m) / NASADEM / GEDI L4A
PNT-00098,Mérida,Yucatán,20.93522,-89.584382,5.52,5.84,6.56,0.42,0.56,Planicie Cárstica (Llanura),SRTM 1 Arc-Sec (30m) / NASADEM / GEDI L4A
PNT-00099,Mérida,Yucatán,21.032036,-89.604122,5.75,5.46,11.08,0.87,1.24,Planicie Cárstica (Llanura),SRTM 1 Arc-Sec (30m) / NASADEM / GEDI L4A
PNT-00100,Mérida,Yucatán,20.972354,-89.560977,7.93,7.78,8.12,0.27,0.42,Planicie Cárstica (Llanura),SRTM 1 Arc-Sec (30m) / NASADEM / GEDI L4A
PNT-00101,Mérida,Yucatán,20.892365,-89.612818,10.05,9.92,7.83,0.9,0.82,Planicie Cárstica (Llanura),SRTM 1 Arc-Sec (30m) / NASADEM / GEDI L4A
PNT-00102,Mérida,Yucatán,21.022432,-89.683602,11.83,11.55,4.72,0.25,0.38,Planicie Cárstica (Llanura),SRTM 1 Arc-Sec (30m) / NASADEM / GEDI L4A
PNT-00103,Mérida,Yucatán,21.002206,-89.601416,9.91,9.71,14.01,0.38,0.37,Planicie Cárstica (Llanura),SRTM 1 Arc-Sec (30m) / NASADEM / GEDI L4A
PNT-00104,Mérida,Yucatán,21.032352,-89.610657,7.04,7.4,0.0,0.17,0.24,Planicie Cárstica (Llanura),SRTM 1 Arc-Sec (30m) / NASADEM / GEDI L4A
PNT-00105,Mérida,Yucatán,20.967942,-89.606167,9.24,9.4,9.4,1.01,1.52,Planicie Cárstica (Llanura),SRTM 1 Arc-Sec (30m) / NASADEM / GEDI L4A
PNT-00106,Mérida,Yucatán,20.911406,-89.611794,6.05,6.24,14.05,1.03,1.78,Planicie Cárstica (Llanura),SRTM 1 Arc-Sec (30m) / NASADEM / GEDI L4A
PNT-00107,Mérida,Yucatán,20.959134,-89.685882,9.12,9.19,10.88,0.44,0.38,Planicie Cárstica (Llanura),SRTM 1 Arc-Sec (30m) / NASADEM / GEDI L4A
PNT-00108,Mérida,Yucatán,20.940632,-89.575543,10.87,11.21,0.0,0.38,0.44,Planicie Cárstica (Llanura),SRTM 1 Arc-Sec (30m) / NASADEM / GEDI L4A
PNT-00109,Mérida,Yucatán,21.005,-89.631645,8.43,8.14,0.49,0.19,0.25,Planicie Cárstica (Llanura),SRTM 1 Arc-Sec (30m) / NASADEM / GEDI L4A
PNT-00110,Mérida,Yucatán,20.954028,-89.557625,11.38,11.49,0.0,0.01,0.01,Planicie Cárstica (Llanura),SRTM 1 Arc-Sec (30m) / NASADEM / GEDI L4A
PNT-00111,Mérida,Yucatán,20.915486,-89.550229,8.41,8.08,2.07,1.1,1.43,Planicie Cárstica (Llanura),SRTM 1 Arc-Sec (30m) / NASADEM / GEDI L4A
PNT-00112,Mérida,Yucatán,20.982262,-89.693268,7.28,7.6,9.2,0.23,0.23,Planicie Cárstica (Llanura),SRTM 1 Arc-Sec (30m) / NASADEM / GEDI L4A
PNT-00113,Mérida,Yucatán,20.892848,-89.628469,7.43,7.65,6.93,0.5,0.66,Planicie Cárstica (Llanura),SRTM 1 Arc-Sec (30m) / NASADEM / GEDI L4A
PNT-00114,Mérida,Yucatán,20.957522,-89.639878,6.41,6.16,7.31,0.95,1.66,Planicie Cárstica (Llanura),SRTM 1 Arc-Sec (30m) / NASADEM / GEDI L4A
PNT-00115,Mérida,Yucatán,20.946729,-89.660681,6.56,6.18,13.51,0.17,0.26,Planicie Cárstica (Llanura),SRTM 1 Arc-Sec (30m) / NASADEM / GEDI L4A
PNT-00116,Mérida,Yucatán,20.992428,-89.699665,7.45,7.59,3.59,0.02,0.02,Planicie Cárstica (Llanura),SRTM 1 Arc-Sec (30m) / NASADEM / GEDI L4A
PNT-00117,Mérida,Yucatán,21.014987,-89.675433,6.31,5.99,9.35,0.27,0.41,Planicie Cárstica (Llanura),SRTM 1 Arc-Sec (30m) / NASADEM / GEDI L4A
PNT-00118,Mérida,Yucatán,21.023911,-89.571165,12.62,12.38,2.47,0.32,0.54,Planicie Cárstica (Llanura),SRTM 1 Arc-Sec (30m) / NASADEM / GEDI L4A
PNT-00119,Mérida,Yucatán,20.88908,-89.690319,9.72,9.66,1.5,0.98,1.59,Planicie Cárstica (Llanura),SRTM 1 Arc-Sec (30m) / NASADEM / GEDI L4A
PNT-00120,Mérida,Yucatán,20.941691,-89.662492,11.89,11.7,0.0,0.69,0.83,Planicie Cárstica (Llanura),SRTM 1 Arc-Sec (30m) / NASADEM / GEDI L4A
PNT-00121,Mérida,Yucatán,20.975328,-89.63422,9.46,9.67,6.11,0.15,0.25,Planicie Cárstica (Llanura),SRTM 1 Arc-Sec (30m) / NASADEM / GEDI L4A
PNT-00122,Mérida,Yucatán,20.964989,-89.560872,8.26,7.88,11.88,0.3,0.4,Planicie Cárstica (Llanura),SRTM 1 Arc-Sec (30m) / NASADEM / GEDI L4A
PNT-00123,Mérida,Yucatán,20.988357,-89.662738,9.38,9.77,5.76,0.58,0.56,Planicie Cárstica (Llanura),SRTM 1 Arc-Sec (30m) / NASADEM / GEDI L4A
PNT-00124,Mérida,Yucatán,20.930569,-89.701057,5.41,5.45,8.71,0.72,1.17,Planicie Cárstica (Llanura),SRTM 1 Arc-Sec (30m) / NASADEM / GEDI L4A
PNT-00125,Mérida,Yucatán,20.920027,-89.702241,9.56,9.64,10.43,0.73,0.71,Planicie Cárstica (Llanura),SRTM 1 Arc-Sec (30m) / NASADEM / GEDI L4A
PNT-00126,Mérida,Yucatán,21.033306,-89.636997,9.84,9.48,0.0,0.18,0.28,Planicie Cárstica (Llanura),SRTM 1 Arc-Sec (30m) / NASADEM / GEDI L4A
PNT-00127,Mérida,Yucatán,20.900248,-89.607496,7.65,7.48,0.87,0.39,0.59,Planicie Cárstica (Llanura),SRTM 1 Arc-Sec (30m) / NASADEM / GEDI L4A
PNT-00128,Mérida,Yucatán,20.934539,-89.613375,13.58,13.93,5.28,0.81,0.82,Planicie Cárstica (Llanura),SRTM 1 Arc-Sec (30m) / NASADEM / GEDI L4A
PNT-00129,Mérida,Yucatán,20.891989,-89.662038,7.73,7.73,6.99,0.66,0.75,Planicie Cárstica (Llanura),SRTM 1 Arc-Sec (30m) / NASADEM / GEDI L4A
PNT-00130,Mérida,Yucatán,21.010346,-89.686944,9.4,9.4,5.16,0.76,0.94,Planicie Cárstica (Llanura),SRTM 1 Arc-Sec (30m) / NASADEM / GEDI L4A
PNT-00131,Mérida,Yucatán,20.926424,-89.572944,10.39,10.21,10.39,0.65,0.75,Planicie Cárstica (Llanura),SRTM 1 Arc-Sec (30m) / NASADEM / GEDI L4A
PNT-00132,Mérida,Yucatán,20.901653,-89.55723,6.1,6.13,5.6,0.96,1.47,Planicie Cárstica (Llanura),SRTM 1 Arc-Sec (30m) / NASADEM / GEDI L4A
PNT-00133,Mérida,Yucatán,21.01605,-89.598595,10.83,10.63,8.34,0.54,0.55,Planicie Cárstica (Llanura),SRTM 1 Arc-Sec (30m) / NASADEM / GEDI L4A
PNT-00134,Mérida,Yucatán,21.045027,-89.552951,10.8,10.43,7.04,0.77,0.84,Planicie Cárstica (Llanura),SRTM 1 Arc-Sec (30m) / NASADEM / GEDI L4A
PNT-00135,Mérida,Yucatán,21.034903,-89.548631,8.91,9.2,9.23,0.93,1.04,Planicie Cárstica (Llanura),SRTM 1 Arc-Sec (30m) / NASADEM / GEDI L4A
PNT-00136,Mérida,Yucatán,21.019626,-89.698079,5.91,5.61,8.5,0.08,0.12,Planicie Cárstica (Llanura),SRTM 1 Arc-Sec (30m) / NASADEM / GEDI L4A
PNT-00137,Mérida,Yucatán,20.94138,-89.588037,8.59,8.62,4.74,0.87,0.97,Planicie Cárstica (Llanura),SRTM 1 Arc-Sec (30m) / NASADEM / GEDI L4A
PNT-00138,Mérida,Yucatán,20.987143,-89.562244,6.03,5.65,8.84,0.96,0.79,Planicie Cárstica (Llanura),SRTM 1 Arc-Sec (30m) / NASADEM / GEDI L4A
PNT-00139,Mérida,Yucatán,21.026952,-89.61937,7.86,7.84,12.14,0.69,1.15,Planicie Cárstica (Llanura),SRTM 1 Arc-Sec (30m) / NASADEM / GEDI L4A
PNT-00140,Mérida,Yucatán,21.044453,-89.581076,5.3,5.49,0.0,0.26,0.24,Planicie Cárstica (Llanura),SRTM 1 Arc-Sec (30m) / NASADEM / GEDI L4A
PNT-00141,Mérida,Yucatán,20.94374,-89.658042,6.79,6.42,3.43,0.02,0.04,Planicie Cárstica (Llanura),SRTM 1 Arc-Sec (30m) / NASADEM / GEDI L4A
PNT-00142,Mérida,Yucatán,20.955444,-89.642508,6.64,7.0,9.23,0.86,0.76,Planicie Cárstica (Llanura),SRTM 1 Arc-Sec (30m) / NASADEM / GEDI L4A
PNT-00143,Mérida,Yucatán,20.953813,-89.563341,8.89,8.98,9.2,0.18,0.32,Planicie Cárstica (Llanura),SRTM 1 Arc-Sec (30m) / NASADEM / GEDI L4A
PNT-00144,Mérida,Yucatán,20.924067,-89.553163,11.57,11.58,12.98,0.25,0.24,Planicie Cárstica (Llanura),SRTM 1 Arc-Sec (30m) / NASADEM / GEDI L4A
PNT-00145,Mérida,Yucatán,20.922278,-89.67417,7.6,7.25,11.26,1.07,1.8,Planicie Cárstica (Llanura),SRTM 1 Arc-Sec (30m) / NASADEM / GEDI L4A
PNT-00146,Mérida,Yucatán,21.03544,-89.544815,8.18,8.39,1.81,0.77,0.73,Planicie Cárstica (Llanura),SRTM 1 Arc-Sec (30m) / NASADEM / GEDI L4A
PNT-00147,Mérida,Yucatán,21.017533,-89.66809,9.45,9.52,0.44,0.64,0.57,Planicie Cárstica (Llanura),SRTM 1 Arc-Sec (30m) / NASADEM / GEDI L4A
PNT-00148,Mérida,Yucatán,21.027394,-89.661504,10.2,10.24,10.83,0.1,0.12,Planicie Cárstica (Llanura),SRTM 1 Arc-Sec (30m) / NASADEM / GEDI L4A
PNT-00149,Mérida,Yucatán,20.94663,-89.662439,8.93,8.59,13.68,0.24,0.36,Planicie Cárstica (Llanura),SRTM 1 Arc-Sec (30m) / NASADEM / GEDI L4A
PNT-00150,Mérida,Yucatán,20.899181,-89.567807,1.34,1.41,3.02,0.91,1.04,Planicie Cárstica (Llanura),SRTM 1 Arc-Sec (30m) / NASADEM / GEDI L4A
PNT-00151,Mérida,Yucatán,20.995483,-89.613483,10.28,10.52,5.06,0.72,1.19,Planicie Cárstica (Llanura),SRTM 1 Arc-Sec (30m) / NASADEM / GEDI L4A
PNT-00152,Mérida,Yucatán,21.025767,-89.590662,10.11,10.25,9.93,0.68,1.06,Planicie Cárstica (Llanura),SRTM 1 Arc-Sec (30m) / NASADEM / GEDI L4A
PNT-00153,Mérida,Yucatán,20.912377,-89.563061,8.63,8.5,7.09,0.82,0.79,Planicie Cárstica (Llanura),SRTM 1 Arc-Sec (30m) / NASADEM / GEDI L4A
PNT-00154,Mérida,Yucatán,21.017875,-89.570859,8.5,8.33,6.51,0.68,1.21,Planicie Cárstica (Llanura),SRTM 1 Arc-Sec (30m) / NASADEM / GEDI L4A
PNT-00155,Mérida,Yucatán,20.98809,-89.662431,10.42,10.64,15.15,0.12,0.19,Planicie Cárstica (Llanura),SRTM 1 Arc-Sec (30m) / NASADEM / GEDI L4A
PNT-00156,Mérida,Yucatán,20.973603,-89.549921,11.66,12.01,0.73,0.11,0.19,Planicie Cárstica (Llanura),SRTM 1 Arc-Sec (30m) / NASADEM / GEDI L4A
PNT-00157,Mérida,Yucatán,20.997062,-89.693146,11.36,11.01,2.39,0.64,0.73,Planicie Cárstica (Llanura),SRTM 1 Arc-Sec (30m) / NASADEM / GEDI L4A
PNT-00158,Mérida,Yucatán,20.986346,-89.696681,9.81,9.43,4.4,0.02,0.02,Planicie Cárstica (Llanura),SRTM 1 Arc-Sec (30m) / NASADEM / GEDI L4A
PNT-00159,Mérida,Yucatán,20.965183,-89.580735,7.78,7.6,14.02,1.1,1.35,Planicie Cárstica (Llanura),SRTM 1 Arc-Sec (30m) / NASADEM / GEDI L4A
PNT-00160,Mérida,Yucatán,20.959222,-89.67782,10.43,10.21,10.45,0.09,0.13,Planicie Cárstica (Llanura),SRTM 1 Arc-Sec (30m) / NASADEM / GEDI L4A
PNT-00161,Mérida,Yucatán,20.991722,-89.660278,10.43,10.37,6.1,0.7,0.84,Planicie Cárstica (Llanura),SRTM 1 Arc-Sec (30m) / NASADEM / GEDI L4A
PNT-00162,Mérida,Yucatán,20.930874,-89.546564,10.98,10.76,5.67,0.23,0.19,Planicie Cárstica (Llanura),SRTM 1 Arc-Sec (30m) / NASADEM / GEDI L4A
PNT-00163,Mérida,Yucatán,20.991267,-89.645036,8.82,9.19,10.97,0.2,0.33,Planicie Cárstica (Llanura),SRTM 1 Arc-Sec (30m) / NASADEM / GEDI L4A
PNT-00164,Mérida,Yucatán,21.011255,-89.580653,10.01,10.11,8.93,0.14,0.12,Planicie Cárstica (Llanura),SRTM 1 Arc-Sec (30m) / NASADEM / GEDI L4A
PNT-00165,Mérida,Yucatán,21.034336,-89.605336,8.8,8.49,12.26,0.14,0.21,Planicie Cárstica (Llanura),SRTM 1 Arc-Sec (30m) / NASADEM / GEDI L4A
PNT-00166,Mérida,Yucatán,20.955849,-89.671916,7.37,7.44,6.44,0.3,0.48,Planicie Cárstica (Llanura),SRTM 1 Arc-Sec (30m) / NASADEM / GEDI L4A
PNT-00167,Mérida,Yucatán,20.936658,-89.631165,8.0,8.08,0.0,0.32,0.48,Planicie Cárstica (Llanura),SRTM 1 Arc-Sec (30m) / NASADEM / GEDI L4A
PNT-00168,Mérida,Yucatán,21.02462,-89.579224,8.95,8.63,4.22,0.27,0.48,Planicie Cárstica (Llanura),SRTM 1 Arc-Sec (30m) / NASADEM / GEDI L4A
PNT-00169,Mérida,Yucatán,20.909799,-89.624178,12.31,12.36,10.01,0.01,0.01,Planicie Cárstica (Llanura),SRTM 1 Arc-Sec (30m) / NASADEM / GEDI L4A
PNT-00170,Mérida,Yucatán,20.969834,-89.689941,8.41,8.07,6.16,0.44,0.41,Planicie Cárstica (Llanura),SRTM 1 Arc-Sec (30m) / NASADEM / GEDI L4A
PNT-00171,Mérida,Yucatán,20.977807,-89.593686,7.74,7.47,8.79,0.12,0.17,Planicie Cárstica (Llanura),SRTM 1 Arc-Sec (30m) / NASADEM / GEDI L4A
PNT-00172,Mérida,Yucatán,21.000036,-89.698946,12.99,13.29,7.93,0.79,1.27,Planicie Cárstica (Llanura),SRTM 1 Arc-Sec (30m) / NASADEM / GEDI L4A
PNT-00173,Mérida,Yucatán,20.941312,-89.573628,11.9,11.86,7.29,0.71,0.94,Planicie Cárstica (Llanura),SRTM 1 Arc-Sec (30m) / NASADEM / GEDI L4A
PNT-00174,Mérida,Yucatán,21.004054,-89.690939,6.73,6.96,4.38,0.72,0.93,Planicie Cárstica (Llanura),SRTM 1 Arc-Sec (30m) / NASADEM / GEDI L4A
PNT-00175,Mérida,Yucatán,20.975858,-89.588928,9.08,8.84,6.98,0.75,0.65,Planicie Cárstica (Llanura),SRTM 1 Arc-Sec (30m) / NASADEM / GEDI L4A
PNT-00176,Mérida,Yucatán,20.891904,-89.662771,11.4,11.58,6.06,0.82,1.0,Planicie Cárstica (Llanura),SRTM 1 Arc-Sec (30m) / NASADEM / GEDI L4A
PNT-00177,Mérida,Yucatán,20.94235,-89.644634,9.49,9.44,10.69,0.8,1.03,Planicie Cárstica (Llanura),SRTM 1 Arc-Sec (30m) / NASADEM / GEDI L4A
PNT-00178,Mérida,Yucatán,21.026748,-89.559888,5.41,5.48,4.21,1.0,1.01,Planicie Cárstica (Llanura),SRTM 1 Arc-Sec (30m) / NASADEM / GEDI L4A
PNT-00179,Mérida,Yucatán,20.986675,-89.60295,7.62,7.79,8.08,1.0,0.98,Planicie Cárstica (Llanura),SRTM 1 Arc-Sec (30m) / NASADEM / GEDI L4A
PNT-00180,Mérida,Yucatán,20.925007,-89.548577,9.71,9.7,5.33,0.27,0.45,Planicie Cárstica (Llanura),SRTM 1 Arc-Sec (30m) / NASADEM / GEDI L4A
PNT-00181,Mérida,Yucatán,20.958249,-89.621629,11.53,11.26,0.0,0.43,0.76,Planicie Cárstica (Llanura),SRTM 1 Arc-Sec (30m) / NASADEM / GEDI L4A
PNT-00182,Mérida,Yucatán,20.928301,-89.598922,11.44,11.14,3.67,1.07,1.34,Planicie Cárstica (Llanura),SRTM 1 Arc-Sec (30m) / NASADEM / GEDI L4A
PNT-00183,Mérida,Yucatán,20.924768,-89.692241,9.17,9.04,1.37,0.91,1.12,Planicie Cárstica (Llanura),SRTM 1 Arc-Sec (30m) / NASADEM / GEDI L4A
PNT-00184,Mérida,Yucatán,20.926794,-89.605257,7.16,6.89,8.58,0.04,0.06,Planicie Cárstica (Llanura),SRTM 1 Arc-Sec (30m) / NASADEM / GEDI L4A
PNT-00185,Mérida,Yucatán,20.993209,-89.628059,9.84,9.91,8.22,0.96,0.97,Planicie Cárstica (Llanura),SRTM 1 Arc-Sec (30m) / NASADEM / GEDI L4A
PNT-00186,Mérida,Yucatán,20.904907,-89.66084,9.11,9.46,3.75,0.04,0.04,Planicie Cárstica (Llanura),SRTM 1 Arc-Sec (30m) / NASADEM / GEDI L4A
PNT-00187,Mérida,Yucatán,20.959352,-89.55458,9.17,8.8,0.0,0.16,0.29,Planicie Cárstica (Llanura),SRTM 1 Arc-Sec (30m) / NASADEM / GEDI L4A
PNT-00188,Mérida,Yucatán,21.041419,-89.70321,9.31,9.6,8.31,0.5,0.66,Planicie Cárstica (Llanura),SRTM 1 Arc-Sec (30m) / NASADEM / GEDI L4A
PNT-00189,Mérida,Yucatán,20.965215,-89.597302,11.44,11.2,2.34,0.74,1.31,Planicie Cárstica (Llanura),SRTM 1 Arc-Sec (30m) / NASADEM / GEDI L4A
PNT-00190,Mérida,Yucatán,20.902024,-89.596384,11.36,11.1,5.84,0.76,1.24,Planicie Cárstica (Llanura),SRTM 1 Arc-Sec (30m) / NASADEM / GEDI L4A
PNT-00191,Mérida,Yucatán,21.038138,-89.59468,14.29,14.59,6.27,0.63,0.52,Planicie Cárstica (Llanura),SRTM 1 Arc-Sec (30m) / NASADEM / GEDI L4A
PNT-00192,Mérida,Yucatán,21.035952,-89.593676,6.63,6.76,9.17,0.43,0.62,Planicie Cárstica (Llanura),SRTM 1 Arc-Sec (30m) / NASADEM / GEDI L4A
PNT-00193,Mérida,Yucatán,20.904055,-89.598745,8.86,9.16,7.82,0.86,1.18,Planicie Cárstica (Llanura),SRTM 1 Arc-Sec (30m) / NASADEM / GEDI L4A
PNT-00194,Mérida,Yucatán,21.005152,-89.563438,5.29,5.42,2.77,0.89,1.39,Planicie Cárstica (Llanura),SRTM 1 Arc-Sec (30m) / NASADEM / GEDI L4A
PNT-00195,Mérida,Yucatán,21.01465,-89.634307,8.67,8.71,7.0,0.01,0.01,Planicie Cárstica (Llanura),SRTM 1 Arc-Sec (30m) / NASADEM / GEDI L4A
PNT-00196,Mérida,Yucatán,20.945634,-89.640612,7.05,7.01,12.71,0.26,0.31,Planicie Cárstica (Llanura),SRTM 1 Arc-Sec (30m) / NASADEM / GEDI L4A
PNT-00197,Mérida,Yucatán,20.923363,-89.692289,12.61,12.71,10.54,0.51,0.6,Planicie Cárstica (Llanura),SRTM 1 Arc-Sec (30m) / NASADEM / GEDI L4A
PNT-00198,Mérida,Yucatán,21.025133,-89.620947,8.0,7.87,6.42,0.42,0.5,Planicie Cárstica (Llanura),SRTM 1 Arc-Sec (30m) / NASADEM / GEDI L4A
PNT-00199,Mérida,Yucatán,20.979828,-89.618624,12.05,12.3,8.76,0.79,1.39,Planicie Cárstica (Llanura),SRTM 1 Arc-Sec (30m) / NASADEM / GEDI L4A
PNT-00200,Mérida,Yucatán,20.889917,-89.672676,8.44,8.78,8.07,0.07,0.12,Planicie Cárstica (Llanura),SRTM 1 Arc-Sec (30m) / NASADEM / GEDI L4A
PNT-00201,Mérida,Yucatán,20.94326,-89.687773,5.28,5.11,6.11,0.34,0.55,Planicie Cárstica (Llanura),SRTM 1 Arc-Sec (30m) / NASADEM / GEDI L4A
PNT-00202,Mérida,Yucatán,20.973266,-89.654191,12.33,12.15,9.59,0.45,0.41,Planicie Cárstica (Llanura),SRTM 1 Arc-Sec (30m) / NASADEM / GEDI L4A
PNT-00203,Mérida,Yucatán,20.915984,-89.595021,9.23,9.4,1.16,0.12,0.16,Planicie Cárstica (Llanura),SRTM 1 Arc-Sec (30m) / NASADEM / GEDI L4A
PNT-00204,Mérida,Yucatán,20.92805,-89.549932,12.07,12.11,6.2,0.05,0.07,Planicie Cárstica (Llanura),SRTM 1 Arc-Sec (30m) / NASADEM / GEDI L4A
PNT-00205,Mérida,Yucatán,21.039225,-89.607742,9.11,8.89,6.66,0.23,0.32,Planicie Cárstica (Llanura),SRTM 1 Arc-Sec (30m) / NASADEM / GEDI L4A
PNT-00206,Mérida,Yucatán,20.952765,-89.569622,8.39,8.18,9.51,0.86,0.92,Planicie Cárstica (Llanura),SRTM 1 Arc-Sec (30m) / NASADEM / GEDI L4A
PNT-00207,Mérida,Yucatán,21.018618,-89.636202,7.52,7.62,7.62,0.5,0.69,Planicie Cárstica (Llanura),SRTM 1 Arc-Sec (30m) / NASADEM / GEDI L4A
PNT-00208,Mérida,Yucatán,20.913882,-89.5861,8.22,7.9,8.31,0.03,0.04,Planicie Cárstica (Llanura),SRTM 1 Arc-Sec (30m) / NASADEM / GEDI L4A
PNT-00209,Mérida,Yucatán,20.984135,-89.616528,7.77,7.85,1.02,0.55,0.98,Planicie Cárstica (Llanura),SRTM 1 Arc-Sec (30m) / NASADEM / GEDI L4A
PNT-00210,Mérida,Yucatán,20.90883,-89.592777,5.84,6.01,0.0,0.76,1.36,Planicie Cárstica (Llanura),SRTM 1 Arc-Sec (30m) / NASADEM / GEDI L4A
PNT-00211,Mérida,Yucatán,20.907543,-89.687342,10.25,10.07,13.01,0.09,0.08,Planicie Cárstica (Llanura),SRTM 1 Arc-Sec (30m) / NASADEM / GEDI L4A
PNT-00212,Mérida,Yucatán,21.030071,-89.673301,6.58,6.46,3.65,0.08,0.11,Planicie Cárstica (Llanura),SRTM 1 Arc-Sec (30m) / NASADEM / GEDI L4A
PNT-00213,Mérida,Yucatán,20.897818,-89.575943,9.51,9.81,0.28,0.72,0.96,Planicie Cárstica (Llanura),SRTM 1 Arc-Sec (30m) / NASADEM / GEDI L4A
PNT-00214,Mérida,Yucatán,20.938893,-89.65072,10.53,10.71,14.29,0.51,0.44,Planicie Cárstica (Llanura),SRTM 1 Arc-Sec (30m) / NASADEM / GEDI L4A
PNT-00215,Mérida,Yucatán,20.976967,-89.55078,10.19,9.95,2.82,0.59,0.53,Planicie Cárstica (Llanura),SRTM 1 Arc-Sec (30m) / NASADEM / GEDI L4A
PNT-00216,Mérida,Yucatán,20.959059,-89.583014,11.89,12.13,1.64,1.02,1.06,Planicie Cárstica (Llanura),SRTM 1 Arc-Sec (30m) / NASADEM / GEDI L4A
PNT-00217,Mérida,Yucatán,20.950891,-89.679613,11.67,11.69,7.07,0.69,0.61,Planicie Cárstica (Llanura),SRTM 1 Arc-Sec (30m) / NASADEM / GEDI L4A
PNT-00218,Mérida,Yucatán,21.007843,-89.683566,10.11,10.28,8.83,0.04,0.04,Planicie Cárstica (Llanura),SRTM 1 Arc-Sec (30m) / NASADEM / GEDI L4A
PNT-00219,Mérida,Yucatán,20.929098,-89.646378,4.96,4.88,8.53,0.49,0.69,Planicie Cárstica (Llanura),SRTM 1 Arc-Sec (30m) / NASADEM / GEDI L4A
PNT-00220,Mérida,Yucatán,20.969509,-89.556897,9.55,9.83,6.49,0.23,0.4,Planicie Cárstica (Llanura),SRTM 1 Arc-Sec (30m) / NASADEM / GEDI L4A
PNT-00221,Mérida,Yucatán,20.905619,-89.573208,11.02,11.31,5.34,0.89,1.42,Planicie Cárstica (Llanura),SRTM 1 Arc-Sec (30m) / NASADEM / GEDI L4A
PNT-00222,Mérida,Yucatán,20.935749,-89.691053,6.39,6.55,5.09,0.38,0.67,Planicie Cárstica (Llanura),SRTM 1 Arc-Sec (30m) / NASADEM / GEDI L4A
PNT-00223,Mérida,Yucatán,20.989556,-89.572403,8.94,9.03,9.77,0.84,0.82,Planicie Cárstica (Llanura),SRTM 1 Arc-Sec (30m) / NASADEM / GEDI L4A
PNT-00224,Mérida,Yucatán,20.967411,-89.640214,8.18,7.83,2.53,0.03,0.03,Planicie Cárstica (Llanura),SRTM 1 Arc-Sec (30m) / NASADEM / GEDI L4A
PNT-00225,Mérida,Yucatán,21.041098,-89.616075,8.84,8.69,8.45,0.56,0.69,Planicie Cárstica (Llanura),SRTM 1 Arc-Sec (30m) / NASADEM / GEDI L4A
PNT-00226,Mérida,Yucatán,20.903906,-89.601468,10.19,10.31,1.37,0.17,0.15,Planicie Cárstica (Llanura),SRTM 1 Arc-Sec (30m) / NASADEM / GEDI L4A
PNT-00227,Mérida,Yucatán,21.011922,-89.630432,9.33,9.72,5.15,0.26,0.24,Planicie Cárstica (Llanura),SRTM 1 Arc-Sec (30m) / NASADEM / GEDI L4A
PNT-00228,Mérida,Yucatán,20.906422,-89.655476,9.67,9.32,3.99,0.56,1.01,Planicie Cárstica (Llanura),SRTM 1 Arc-Sec (30m) / NASADEM / GEDI L4A
PNT-00229,Mérida,Yucatán,21.017235,-89.605565,11.09,11.11,0.56,0.47,0.44,Planicie Cárstica (Llanura),SRTM 1 Arc-Sec (30m) / NASADEM / GEDI L4A
PNT-00230,Mérida,Yucatán,21.028857,-89.632034,7.88,7.81,1.82,0.91,1.4,Planicie Cárstica (Llanura),SRTM 1 Arc-Sec (30m) / NASADEM / GEDI L4A
PNT-00231,Mérida,Yucatán,21.010089,-89.702235,7.73,7.35,0.0,0.29,0.45,Planicie Cárstica (Llanura),SRTM 1 Arc-Sec (30m) / NASADEM / GEDI L4A
PNT-00232,Mérida,Yucatán,20.908938,-89.61835,6.81,6.85,6.38,0.5,0.82,Planicie Cárstica (Llanura),SRTM 1 Arc-Sec (30m) / NASADEM / GEDI L4A
PNT-00233,Mérida,Yucatán,20.902693,-89.625881,8.02,8.21,2.96,0.52,0.61,Planicie Cárstica (Llanura),SRTM 1 Arc-Sec (30m) / NASADEM / GEDI L4A
PNT-00234,Mérida,Yucatán,20.950116,-89.630489,9.63,9.99,7.33,0.87,0.97,Planicie Cárstica (Llanura),SRTM 1 Arc-Sec (30m) / NASADEM / GEDI L4A
PNT-00235,Mérida,Yucatán,20.997102,-89.633984,10.49,10.12,4.55,0.99,1.25,Planicie Cárstica (Llanura),SRTM 1 Arc-Sec (30m) / NASADEM / GEDI L4A
PNT-00236,Mérida,Yucatán,20.988952,-89.598503,9.61,9.7,9.7,0.07,0.09,Planicie Cárstica (Llanura),SRTM 1 Arc-Sec (30m) / NASADEM / GEDI L4A
PNT-00237,Mérida,Yucatán,20.911027,-89.586011,13.43,13.06,7.05,0.09,0.14,Planicie Cárstica (Llanura),SRTM 1 Arc-Sec (30m) / NASADEM / GEDI L4A
PNT-00238,Mérida,Yucatán,20.898533,-89.692599,7.23,7.07,11.7,0.38,0.6,Planicie Cárstica (Llanura),SRTM 1 Arc-Sec (30m) / NASADEM / GEDI L4A
PNT-00239,Mérida,Yucatán,20.992819,-89.674369,11.61,11.42,9.38,0.02,0.02,Planicie Cárstica (Llanura),SRTM 1 Arc-Sec (30m) / NASADEM / GEDI L4A
PNT-00240,Mérida,Yucatán,21.041858,-89.656729,10.34,10.25,11.74,0.23,0.21,Planicie Cárstica (Llanura),SRTM 1 Arc-Sec (30m) / NASADEM / GEDI L4A
PNT-00241,Mérida,Yucatán,20.985402,-89.580059,10.0,9.63,15.16,1.07,1.71,Planicie Cárstica (Llanura),SRTM 1 Arc-Sec (30m) / NASADEM / GEDI L4A
PNT-00242,Mérida,Yucatán,20.933852,-89.547205,12.2,12.4,13.7,0.89,1.3,Planicie Cárstica (Llanura),SRTM 1 Arc-Sec (30m) / NASADEM / GEDI L4A
PNT-00243,Mérida,Yucatán,20.907495,-89.649877,6.7,6.65,0.0,0.67,1.17,Planicie Cárstica (Llanura),SRTM 1 Arc-Sec (30m) / NASADEM / GEDI L4A
PNT-00244,Mérida,Yucatán,20.925511,-89.68456,9.46,9.58,5.84,0.31,0.5,Planicie Cárstica (Llanura),SRTM 1 Arc-Sec (30m) / NASADEM / GEDI L4A
PNT-00245,Mérida,Yucatán,21.024819,-89.568558,8.63,8.83,7.63,0.51,0.84,Planicie Cárstica (Llanura),SRTM 1 Arc-Sec (30m) / NASADEM / GEDI L4A
PNT-00246,Mérida,Yucatán,21.003559,-89.579768,6.71,6.75,8.51,1.08,1.88,Planicie Cárstica (Llanura),SRTM 1 Arc-Sec (30m) / NASADEM / GEDI L4A
PNT-00247,Mérida,Yucatán,20.893908,-89.67763,9.88,10.13,3.89,0.23,0.3,Planicie Cárstica (Llanura),SRTM 1 Arc-Sec (30m) / NASADEM / GEDI L4A
PNT-00248,Mérida,Yucatán,21.021512,-89.586752,14.06,14.07,10.8,0.33,0.45,Planicie Cárstica (Llanura),SRTM 1 Arc-Sec (30m) / NASADEM / GEDI L4A
PNT-00249,Mérida,Yucatán,20.997222,-89.564268,11.84,11.57,9.19,0.51,0.41,Planicie Cárstica (Llanura),SRTM 1 Arc-Sec (30m) / NASADEM / GEDI L4A
PNT-00250,Mérida,Yucatán,20.926469,-89.587766,11.83,11.59,4.81,0.61,0.94,Planicie Cárstica (Llanura),SRTM 1 Arc-Sec (30m) / NASADEM / GEDI L4A
PNT-00251,Mérida,Yucatán,20.985558,-89.673916,11.63,11.67,4.06,0.01,0.02,Planicie Cárstica (Llanura),SRTM 1 Arc-Sec (30m) / NASADEM / GEDI L4A
PNT-00252,Mérida,Yucatán,20.89265,-89.584683,5.81,5.53,2.07,0.34,0.57,Planicie Cárstica (Llanura),SRTM 1 Arc-Sec (30m) / NASADEM / GEDI L4A
PNT-00253,Mérida,Yucatán,21.046413,-89.64507,12.8,13.11,4.9,0.65,0.77,Planicie Cárstica (Llanura),SRTM 1 Arc-Sec (30m) / NASADEM / GEDI L4A
PNT-00254,Mérida,Yucatán,20.953019,-89.592701,11.57,11.24,4.21,0.65,0.83,Planicie Cárstica (Llanura),SRTM 1 Arc-Sec (30m) / NASADEM / GEDI L4A
PNT-00255,Mérida,Yucatán,20.989772,-89.693623,12.39,12.44,14.52,0.66,0.97,Planicie Cárstica (Llanura),SRTM 1 Arc-Sec (30m) / NASADEM / GEDI L4A
PNT-00256,Mérida,Yucatán,21.015798,-89.660829,8.98,8.64,11.75,0.06,0.07,Planicie Cárstica (Llanura),SRTM 1 Arc-Sec (30m) / NASADEM / GEDI L4A
PNT-00257,Mérida,Yucatán,21.012584,-89.590771,9.19,9.14,12.41,0.16,0.18,Planicie Cárstica (Llanura),SRTM 1 Arc-Sec (30m) / NASADEM / GEDI L4A
PNT-00258,Mérida,Yucatán,20.956443,-89.689824,10.06,10.25,1.04,1.1,1.91,Planicie Cárstica (Llanura),SRTM 1 Arc-Sec (30m) / NASADEM / GEDI L4A
PNT-00259,Mérida,Yucatán,20.98981,-89.6366,11.69,11.38,8.83,0.45,0.74,Planicie Cárstica (Llanura),SRTM 1 Arc-Sec (30m) / NASADEM / GEDI L4A
PNT-00260,Mérida,Yucatán,20.948413,-89.6125,6.24,6.13,7.89,0.37,0.31,Planicie Cárstica (Llanura),SRTM 1 Arc-Sec (30m) / NASADEM / GEDI L4A
PNT-00261,Mérida,Yucatán,20.890871,-89.570928,9.31,9.15,0.0,1.03,1.09,Planicie Cárstica (Llanura),SRTM 1 Arc-Sec (30m) / NASADEM / GEDI L4A
PNT-00262,Mérida,Yucatán,20.955745,-89.564363,8.19,8.43,8.11,0.5,0.64,Planicie Cárstica (Llanura),SRTM 1 Arc-Sec (30m) / NASADEM / GEDI L4A
PNT-00263,Mérida,Yucatán,20.908357,-89.691104,8.94,8.89,13.59,0.8,1.25,Planicie Cárstica (Llanura),SRTM 1 Arc-Sec (30m) / NASADEM / GEDI L4A
PNT-00264,Mérida,Yucatán,20.912425,-89.606364,9.87,10.0,4.21,1.05,0.91,Planicie Cárstica (Llanura),SRTM 1 Arc-Sec (30m) / NASADEM / GEDI L4A
PNT-00265,Mérida,Yucatán,20.896129,-89.65885,7.07,7.4,3.19,0.27,0.29,Planicie Cárstica (Llanura),SRTM 1 Arc-Sec (30m) / NASADEM / GEDI L4A
PNT-00266,Mérida,Yucatán,21.008504,-89.632042,7.84,7.49,6.44,1.0,0.94,Planicie Cárstica (Llanura),SRTM 1 Arc-Sec (30m) / NASADEM / GEDI L4A
PNT-00267,Mérida,Yucatán,20.972187,-89.638225,10.62,10.24,5.37,0.73,1.29,Planicie Cárstica (Llanura),SRTM 1 Arc-Sec (30m) / NASADEM / GEDI L4A
PNT-00268,Mérida,Yucatán,20.976627,-89.554108,8.76,8.57,4.08,0.8,1.43,Planicie Cárstica (Llanura),SRTM 1 Arc-Sec (30m) / NASADEM / GEDI L4A
PNT-00269,Mérida,Yucatán,20.928045,-89.599332,9.65,9.62,1.07,1.07,1.51,Planicie Cárstica (Llanura),SRTM 1 Arc-Sec (30m) / NASADEM / GEDI L4A
PNT-00270,Mérida,Yucatán,20.942921,-89.685745,8.06,7.86,4.33,0.94,1.28,Planicie Cárstica (Llanura),SRTM 1 Arc-Sec (30m) / NASADEM / GEDI L4A
PNT-00271,Mérida,Yucatán,20.970743,-89.685637,9.94,9.59,9.27,0.78,1.05,Planicie Cárstica (Llanura),SRTM 1 Arc-Sec (30m) / NASADEM / GEDI L4A
PNT-00272,Mérida,Yucatán,20.900076,-89.630672,6.21,6.57,6.27,0.93,1.37,Planicie Cárstica (Llanura),SRTM 1 Arc-Sec (30m) / NASADEM / GEDI L4A
PNT-00273,Mérida,Yucatán,20.960967,-89.638118,10.36,10.01,14.73,0.56,0.9,Planicie Cárstica (Llanura),SRTM 1 Arc-Sec (30m) / NASADEM / GEDI L4A
PNT-00274,Mérida,Yucatán,20.960478,-89.695687,7.62,7.43,8.91,0.18,0.2,Planicie Cárstica (Llanura),SRTM 1 Arc-Sec (30m) / NASADEM / GEDI L4A
PNT-00275,Mérida,Yucatán,21.00808,-89.620898,9.71,10.01,5.49,0.96,1.0,Planicie Cárstica (Llanura),SRTM 1 Arc-Sec (30m) / NASADEM / GEDI L4A
PNT-00276,Mérida,Yucatán,20.959198,-89.546402,8.87,9.2,3.56,0.59,0.77,Planicie Cárstica (Llanura),SRTM 1 Arc-Sec (30m) / NASADEM / GEDI L4A
PNT-00277,Mérida,Yucatán,20.903876,-89.598915,8.06,8.28,11.09,1.06,1.06,Planicie Cárstica (Llanura),SRTM 1 Arc-Sec (30m) / NASADEM / GEDI L4A
PNT-00278,Mérida,Yucatán,20.970733,-89.658058,9.8,9.91,11.97,0.88,1.05,Planicie Cárstica (Llanura),SRTM 1 Arc-Sec (30m) / NASADEM / GEDI L4A
PNT-00279,Mérida,Yucatán,21.033414,-89.618715,10.07,10.3,3.11,0.35,0.58,Planicie Cárstica (Llanura),SRTM 1 Arc-Sec (30m) / NASADEM / GEDI L4A
PNT-00280,Mérida,Yucatán,21.031983,-89.659695,7.8,8.12,4.44,0.72,0.69,Planicie Cárstica (Llanura),SRTM 1 Arc-Sec (30m) / NASADEM / GEDI L4A
PNT-00281,Mérida,Yucatán,20.957452,-89.605552,9.05,9.42,12.15,0.46,0.82,Planicie Cárstica (Llanura),SRTM 1 Arc-Sec (30m) / NASADEM / GEDI L4A
PNT-00282,Mérida,Yucatán,20.993867,-89.602453,6.38,5.99,5.48,0.62,0.82,Planicie Cárstica (Llanura),SRTM 1 Arc-Sec (30m) / NASADEM / GEDI L4A
PNT-00283,Mérida,Yucatán,21.002097,-89.561559,9.43,9.18,5.09,0.94,1.52,Planicie Cárstica (Llanura),SRTM 1 Arc-Sec (30m) / NASADEM / GEDI L4A
PNT-00284,Mérida,Yucatán,20.973527,-89.590361,8.33,8.59,0.0,0.51,0.59,Planicie Cárstica (Llanura),SRTM 1 Arc-Sec (30m) / NASADEM / GEDI L4A
PNT-00285,Mérida,Yucatán,20.966074,-89.57148,6.8,6.97,4.48,0.91,0.82,Planicie Cárstica (Llanura),SRTM 1 Arc-Sec (30m) / NASADEM / GEDI L4A
PNT-00286,Mérida,Yucatán,20.92538,-89.681284,7.54,7.74,0.0,0.72,1.02,Planicie Cárstica (Llanura),SRTM 1 Arc-Sec (30m) / NASADEM / GEDI L4A
PNT-00287,Mérida,Yucatán,20.94338,-89.569368,9.89,10.0,6.4,0.14,0.21,Planicie Cárstica (Llanura),SRTM 1 Arc-Sec (30m) / NASADEM / GEDI L4A
PNT-00288,Mérida,Yucatán,20.939017,-89.594188,8.12,8.39,8.6,0.31,0.45,Planicie Cárstica (Llanura),SRTM 1 Arc-Sec (30m) / NASADEM / GEDI L4A
PNT-00289,Mérida,Yucatán,20.998064,-89.621975,6.8,6.43,3.79,0.33,0.48,Planicie Cárstica (Llanura),SRTM 1 Arc-Sec (30m) / NASADEM / GEDI L4A
PNT-00290,Mérida,Yucatán,21.037129,-89.564607,10.59,10.72,9.17,0.29,0.5,Planicie Cárstica (Llanura),SRTM 1 Arc-Sec (30m) / NASADEM / GEDI L4A
PNT-00291,Mérida,Yucatán,20.994317,-89.614329,8.71,8.68,2.6,0.95,1.28,Planicie Cárstica (Llanura),SRTM 1 Arc-Sec (30m) / NASADEM / GEDI L4A
PNT-00292,Mérida,Yucatán,20.947864,-89.547712,8.59,8.22,2.73,0.81,1.39,Planicie Cárstica (Llanura),SRTM 1 Arc-Sec (30m) / NASADEM / GEDI L4A
PNT-00293,Mérida,Yucatán,20.931806,-89.566665,10.13,10.33,5.46,0.89,0.73,Planicie Cárstica (Llanura),SRTM 1 Arc-Sec (30m) / NASADEM / GEDI L4A
PNT-00294,Mérida,Yucatán,21.04105,-89.587733,10.96,10.79,4.39,0.96,0.88,Planicie Cárstica (Llanura),SRTM 1 Arc-Sec (30m) / NASADEM / GEDI L4A
PNT-00295,Mérida,Yucatán,20.99959,-89.617488,8.51,8.12,5.1,0.52,0.57,Planicie Cárstica (Llanura),SRTM 1 Arc-Sec (30m) / NASADEM / GEDI L4A
PNT-00296,Mérida,Yucatán,20.982737,-89.656442,11.31,10.95,3.04,0.99,1.64,Planicie Cárstica (Llanura),SRTM 1 Arc-Sec (30m) / NASADEM / GEDI L4A
PNT-00297,Mérida,Yucatán,20.993849,-89.609085,8.77,9.01,5.82,0.04,0.06,Planicie Cárstica (Llanura),SRTM 1 Arc-Sec (30m) / NASADEM / GEDI L4A
PNT-00298,Mérida,Yucatán,21.04627,-89.567089,7.39,7.66,6.64,0.66,0.6,Planicie Cárstica (Llanura),SRTM 1 Arc-Sec (30m) / NASADEM / GEDI L4A
PNT-00299,Mérida,Yucatán,20.902017,-89.55846,11.15,11.45,8.5,0.63,0.83,Planicie Cárstica (Llanura),SRTM 1 Arc-Sec (30m) / NASADEM / GEDI L4A
PNT-00300,Mérida,Yucatán,20.955868,-89.653289,12.24,12.32,5.09,0.98,1.22,Planicie Cárstica (Llanura),SRTM 1 Arc-Sec (30m) / NASADEM / GEDI L4A
PNT-00301,Mérida,Yucatán,20.984134,-89.602991,12.61,12.4,9.47,0.56,0.51,Planicie Cárstica (Llanura),SRTM 1 Arc-Sec (30m) / NASADEM / GEDI L4A
PNT-00302,Mérida,Yucatán,20.948522,-89.625973,9.93,10.01,7.07,0.82,1.07,Planicie Cárstica (Llanura),SRTM 1 Arc-Sec (30m) / NASADEM / GEDI L4A
PNT-00303,Mérida,Yucatán,20.988457,-89.692651,7.37,7.35,1.22,0.05,0.05,Planicie Cárstica (Llanura),SRTM 1 Arc-Sec (30m) / NASADEM / GEDI L4A
PNT-00304,Mérida,Yucatán,20.93129,-89.548555,8.52,8.28,0.0,0.67,0.72,Planicie Cárstica (Llanura),SRTM 1 Arc-Sec (30m) / NASADEM / GEDI L4A
PNT-00305,Mérida,Yucatán,20.920119,-89.621348,8.32,8.56,3.49,0.63,0.83,Planicie Cárstica (Llanura),SRTM 1 Arc-Sec (30m) / NASADEM / GEDI L4A
PNT-00306,Mérida,Yucatán,20.933958,-89.554919,7.29,7.38,5.72,0.13,0.15,Planicie Cárstica (Llanura),SRTM 1 Arc-Sec (30m) / NASADEM / GEDI L4A
PNT-00307,Mérida,Yucatán,20.968186,-89.564124,13.18,13.57,6.26,0.14,0.15,Planicie Cárstica (Llanura),SRTM 1 Arc-Sec (30m) / NASADEM / GEDI L4A
PNT-00308,Mérida,Yucatán,20.950132,-89.636507,10.83,11.0,5.77,0.67,0.74,Planicie Cárstica (Llanura),SRTM 1 Arc-Sec (30m) / NASADEM / GEDI L4A
PNT-00309,Mérida,Yucatán,21.018806,-89.55119,7.94,7.75,7.09,0.07,0.1,Planicie Cárstica (Llanura),SRTM 1 Arc-Sec (30m) / NASADEM / GEDI L4A
PNT-00310,Mérida,Yucatán,20.996854,-89.685682,7.17,7.07,0.0,0.13,0.16,Planicie Cárstica (Llanura),SRTM 1 Arc-Sec (30m) / NASADEM / GEDI L4A
PNT-00311,Mérida,Yucatán,21.007188,-89.692639,8.51,8.86,3.9,0.74,1.09,Planicie Cárstica (Llanura),SRTM 1 Arc-Sec (30m) / NASADEM / GEDI L4A
PNT-00312,Mérida,Yucatán,20.944907,-89.609014,9.45,9.75,9.54,0.8,0.74,Planicie Cárstica (Llanura),SRTM 1 Arc-Sec (30m) / NASADEM / GEDI L4A
PNT-00313,Mérida,Yucatán,21.031393,-89.693369,6.48,6.09,6.93,0.46,0.5,Planicie Cárstica (Llanura),SRTM 1 Arc-Sec (30m) / NASADEM / GEDI L4A
PNT-00314,Mérida,Yucatán,20.96476,-89.611648,4.69,4.87,9.43,0.72,1.18,Planicie Cárstica (Llanura),SRTM 1 Arc-Sec (30m) / NASADEM / GEDI L4A
PNT-00315,Mérida,Yucatán,20.997799,-89.635211,6.37,6.22,10.18,0.87,1.08,Planicie Cárstica (Llanura),SRTM 1 Arc-Sec (30m) / NASADEM / GEDI L4A
PNT-00316,Mérida,Yucatán,21.014741,-89.572412,5.0,5.07,3.73,0.41,0.57,Planicie Cárstica (Llanura),SRTM 1 Arc-Sec (30m) / NASADEM / GEDI L4A
PNT-00317,Mérida,Yucatán,20.999894,-89.593855,6.6,6.54,4.86,0.16,0.27,Planicie Cárstica (Llanura),SRTM 1 Arc-Sec (30m) / NASADEM / GEDI L4A
PNT-00318,Mérida,Yucatán,20.94234,-89.679286,9.11,9.22,5.85,0.37,0.32,Planicie Cárstica (Llanura),SRTM 1 Arc-Sec (30m) / NASADEM / GEDI L4A
PNT-00319,Mérida,Yucatán,20.952541,-89.654205,11.12,11.01,12.96,0.24,0.43,Planicie Cárstica (Llanura),SRTM 1 Arc-Sec (30m) / NASADEM / GEDI L4A
PNT-00320,Mérida,Yucatán,20.95964,-89.593876,8.9,8.52,1.91,0.56,0.99,Planicie Cárstica (Llanura),SRTM 1 Arc-Sec (30m) / NASADEM / GEDI L4A
PNT-00321,Mérida,Yucatán,20.948473,-89.697761,8.81,8.54,5.02,0.03,0.05,Planicie Cárstica (Llanura),SRTM 1 Arc-Sec (30m) / NASADEM / GEDI L4A
PNT-00322,Mérida,Yucatán,20.960364,-89.657721,8.79,9.1,7.42,0.66,1.07,Planicie Cárstica (Llanura),SRTM 1 Arc-Sec (30m) / NASADEM / GEDI L4A
PNT-00323,Mérida,Yucatán,21.044442,-89.657855,8.76,8.67,8.29,0.37,0.5,Planicie Cárstica (Llanura),SRTM 1 Arc-Sec (30m) / NASADEM / GEDI L4A
PNT-00324,Mérida,Yucatán,20.911663,-89.615406,12.46,12.73,7.5,0.48,0.53,Planicie Cárstica (Llanura),SRTM 1 Arc-Sec (30m) / NASADEM / GEDI L4A
PNT-00325,Mérida,Yucatán,20.928494,-89.67286,8.63,8.45,4.61,1.06,1.44,Planicie Cárstica (Llanura),SRTM 1 Arc-Sec (30m) / NASADEM / GEDI L4A
PNT-00326,Mérida,Yucatán,20.942564,-89.611125,8.62,8.72,2.07,0.54,0.65,Planicie Cárstica (Llanura),SRTM 1 Arc-Sec (30m) / NASADEM / GEDI L4A
PNT-00327,Mérida,Yucatán,21.046016,-89.56315,11.42,11.52,14.33,0.22,0.26,Planicie Cárstica (Llanura),SRTM 1 Arc-Sec (30m) / NASADEM / GEDI L4A
PNT-00328,Mérida,Yucatán,20.893314,-89.627913,5.65,6.02,7.46,1.0,1.52,Planicie Cárstica (Llanura),SRTM 1 Arc-Sec (30m) / NASADEM / GEDI L4A
PNT-00329,Mérida,Yucatán,20.972342,-89.564805,9.68,9.38,4.93,0.87,0.94,Planicie Cárstica (Llanura),SRTM 1 Arc-Sec (30m) / NASADEM / GEDI L4A
PNT-00330,Mérida,Yucatán,21.027334,-89.552953,8.73,9.11,1.81,0.53,0.88,Planicie Cárstica (Llanura),SRTM 1 Arc-Sec (30m) / NASADEM / GEDI L4A
PNT-00331,Mérida,Yucatán,20.981197,-89.643947,7.01,7.22,3.88,0.43,0.56,Planicie Cárstica (Llanura),SRTM 1 Arc-Sec (30m) / NASADEM / GEDI L4A
PNT-00332,Mérida,Yucatán,20.965772,-89.611635,11.63,11.84,5.15,0.63,1.11,Planicie Cárstica (Llanura),SRTM 1 Arc-Sec (30m) / NASADEM / GEDI L4A
PNT-00333,Mérida,Yucatán,20.919076,-89.686518,8.57,8.85,11.04,0.98,0.85,Planicie Cárstica (Llanura),SRTM 1 Arc-Sec (30m) / NASADEM / GEDI L4A
PNT-00334,Mérida,Yucatán,21.028354,-89.632269,14.13,14.47,7.27,0.02,0.03,Planicie Cárstica (Llanura),SRTM 1 Arc-Sec (30m) / NASADEM / GEDI L4A
PNT-00335,Mérida,Yucatán,20.997036,-89.588367,7.3,7.14,8.13,0.39,0.63,Planicie Cárstica (Llanura),SRTM 1 Arc-Sec (30m) / NASADEM / GEDI L4A
PNT-00336,Mérida,Yucatán,20.931602,-89.670287,7.82,7.43,9.93,0.81,1.32,Planicie Cárstica (Llanura),SRTM 1 Arc-Sec (30m) / NASADEM / GEDI L4A
PNT-00337,Mérida,Yucatán,21.005476,-89.681144,10.76,10.89,9.52,0.84,1.38,Planicie Cárstica (Llanura),SRTM 1 Arc-Sec (30m) / NASADEM / GEDI L4A
PNT-00338,Mérida,Yucatán,20.985177,-89.689823,7.2,7.13,6.4,0.45,0.39,Planicie Cárstica (Llanura),SRTM 1 Arc-Sec (30m) / NASADEM / GEDI L4A
PNT-00339,Mérida,Yucatán,20.942811,-89.68624,4.83,4.49,7.35,0.55,0.88,Planicie Cárstica (Llanura),SRTM 1 Arc-Sec (30m) / NASADEM / GEDI L4A
PNT-00340,Mérida,Yucatán,21.000134,-89.695964,8.64,8.48,3.66,0.26,0.28,Planicie Cárstica (Llanura),SRTM 1 Arc-Sec (30m) / NASADEM / GEDI L4A
PNT-00341,Mérida,Yucatán,21.015557,-89.555324,10.82,10.68,5.72,0.52,0.53,Planicie Cárstica (Llanura),SRTM 1 Arc-Sec (30m) / NASADEM / GEDI L4A
PNT-00342,Mérida,Yucatán,20.989476,-89.547363,5.36,5.48,11.31,0.14,0.24,Planicie Cárstica (Llanura),SRTM 1 Arc-Sec (30m) / NASADEM / GEDI L4A
PNT-00343,Mérida,Yucatán,20.967493,-89.632104,12.96,12.62,11.46,0.75,0.78,Planicie Cárstica (Llanura),SRTM 1 Arc-Sec (30m) / NASADEM / GEDI L4A
PNT-00344,Mérida,Yucatán,21.001232,-89.572394,9.52,9.54,11.98,0.16,0.25,Planicie Cárstica (Llanura),SRTM 1 Arc-Sec (30m) / NASADEM / GEDI L4A
PNT-00345,Mérida,Yucatán,20.930426,-89.624529,7.47,7.57,4.86,0.06,0.09,Planicie Cárstica (Llanura),SRTM 1 Arc-Sec (30m) / NASADEM / GEDI L4A
PNT-00346,Mérida,Yucatán,20.937814,-89.703978,7.62,7.44,6.56,0.78,0.67,Planicie Cárstica (Llanura),SRTM 1 Arc-Sec (30m) / NASADEM / GEDI L4A
PNT-00347,Mérida,Yucatán,21.021294,-89.703389,10.82,10.67,3.03,0.11,0.13,Planicie Cárstica (Llanura),SRTM 1 Arc-Sec (30m) / NASADEM / GEDI L4A
PNT-00348,Mérida,Yucatán,20.930263,-89.569166,11.26,11.57,3.85,0.48,0.82,Planicie Cárstica (Llanura),SRTM 1 Arc-Sec (30m) / NASADEM / GEDI L4A
PNT-00349,Mérida,Yucatán,20.947371,-89.549747,9.58,9.58,4.17,0.43,0.62,Planicie Cárstica (Llanura),SRTM 1 Arc-Sec (30m) / NASADEM / GEDI L4A
PNT-00350,Mérida,Yucatán,20.999617,-89.703302,10.15,10.28,3.23,1.06,1.65,Planicie Cárstica (Llanura),SRTM 1 Arc-Sec (30m) / NASADEM / GEDI L4A
PNT-00351,Mérida,Yucatán,21.039124,-89.591594,7.64,7.87,5.24,0.71,0.6,Planicie Cárstica (Llanura),SRTM 1 Arc-Sec (30m) / NASADEM / GEDI L4A
PNT-00352,Mérida,Yucatán,20.944608,-89.550912,2.77,2.74,6.57,0.23,0.27,Planicie Cárstica (Llanura),SRTM 1 Arc-Sec (30m) / NASADEM / GEDI L4A
PNT-00353,Mérida,Yucatán,20.94617,-89.695623,8.0,8.26,12.31,0.94,0.95,Planicie Cárstica (Llanura),SRTM 1 Arc-Sec (30m) / NASADEM / GEDI L4A
PNT-00354,Mérida,Yucatán,20.992177,-89.628435,8.4,8.54,7.96,0.67,0.73,Planicie Cárstica (Llanura),SRTM 1 Arc-Sec (30m) / NASADEM / GEDI L4A
PNT-00355,Mérida,Yucatán,20.908856,-89.599738,7.09,7.21,11.0,0.43,0.65,Planicie Cárstica (Llanura),SRTM 1 Arc-Sec (30m) / NASADEM / GEDI L4A
PNT-00356,Mérida,Yucatán,20.918874,-89.561566,7.07,6.72,0.85,0.12,0.16,Planicie Cárstica (Llanura),SRTM 1 Arc-Sec (30m) / NASADEM / GEDI L4A
PNT-00357,Mérida,Yucatán,20.929815,-89.570323,8.5,8.49,2.52,0.44,0.59,Planicie Cárstica (Llanura),SRTM 1 Arc-Sec (30m) / NASADEM / GEDI L4A
PNT-00358,Mérida,Yucatán,20.982221,-89.702412,10.18,10.2,6.33,0.75,0.83,Planicie Cárstica (Llanura),SRTM 1 Arc-Sec (30m) / NASADEM / GEDI L4A
PNT-00359,Mérida,Yucatán,21.010839,-89.580333,9.96,9.66,6.58,0.02,0.03,Planicie Cárstica (Llanura),SRTM 1 Arc-Sec (30m) / NASADEM / GEDI L4A
PNT-00360,Mérida,Yucatán,21.016145,-89.684767,11.16,11.17,3.53,0.38,0.45,Planicie Cárstica (Llanura),SRTM 1 Arc-Sec (30m) / NASADEM / GEDI L4A
PNT-00361,Mérida,Yucatán,20.887217,-89.656032,9.36,9.64,6.7,0.03,0.05,Planicie Cárstica (Llanura),SRTM 1 Arc-Sec (30m) / NASADEM / GEDI L4A
PNT-00362,Mérida,Yucatán,21.012312,-89.57914,4.0,3.84,2.75,0.07,0.07,Planicie Cárstica (Llanura),SRTM 1 Arc-Sec (30m) / NASADEM / GEDI L4A
PNT-00363,Mérida,Yucatán,20.926457,-89.626548,8.61,8.26,13.15,1.05,1.83,Planicie Cárstica (Llanura),SRTM 1 Arc-Sec (30m) / NASADEM / GEDI L4A
PNT-00364,Mérida,Yucatán,21.01263,-89.545388,10.18,9.84,6.71,0.4,0.41,Planicie Cárstica (Llanura),SRTM 1 Arc-Sec (30m) / NASADEM / GEDI L4A
PNT-00365,Mérida,Yucatán,20.918333,-89.681472,11.82,11.88,8.73,0.16,0.26,Planicie Cárstica (Llanura),SRTM 1 Arc-Sec (30m) / NASADEM / GEDI L4A
PNT-00366,Mérida,Yucatán,20.988753,-89.641893,6.43,6.31,9.89,1.01,1.1,Planicie Cárstica (Llanura),SRTM 1 Arc-Sec (30m) / NASADEM / GEDI L4A
PNT-00367,Mérida,Yucatán,20.962198,-89.561577,8.3,8.02,7.11,0.01,0.01,Planicie Cárstica (Llanura),SRTM 1 Arc-Sec (30m) / NASADEM / GEDI L4A
PNT-00368,Mérida,Yucatán,20.958628,-89.682516,9.08,8.87,8.84,0.55,0.81,Planicie Cárstica (Llanura),SRTM 1 Arc-Sec (30m) / NASADEM / GEDI L4A
PNT-00369,Mérida,Yucatán,20.899198,-89.660047,8.6,8.64,11.99,0.48,0.41,Planicie Cárstica (Llanura),SRTM 1 Arc-Sec (30m) / NASADEM / GEDI L4A
PNT-00370,Mérida,Yucatán,20.91352,-89.632713,9.99,9.78,7.98,1.06,1.06,Planicie Cárstica (Llanura),SRTM 1 Arc-Sec (30m) / NASADEM / GEDI L4A
PNT-00371,Mérida,Yucatán,21.039229,-89.544829,5.48,5.43,8.35,0.65,0.57,Planicie Cárstica (Llanura),SRTM 1 Arc-Sec (30m) / NASADEM / GEDI L4A
PNT-00372,Mérida,Yucatán,20.986575,-89.547012,10.21,10.54,4.18,1.04,1.83,Planicie Cárstica (Llanura),SRTM 1 Arc-Sec (30m) / NASADEM / GEDI L4A
PNT-00373,Mérida,Yucatán,20.970434,-89.547631,7.59,7.57,8.45,0.79,0.83,Planicie Cárstica (Llanura),SRTM 1 Arc-Sec (30m) / NASADEM / GEDI L4A
PNT-00374,Mérida,Yucatán,20.989498,-89.597344,9.51,9.73,1.69,0.55,0.45,Planicie Cárstica (Llanura),SRTM 1 Arc-Sec (30m) / NASADEM / GEDI L4A
PNT-00375,Mérida,Yucatán,20.888446,-89.646875,6.25,6.11,8.92,0.93,1.42,Planicie Cárstica (Llanura),SRTM 1 Arc-Sec (30m) / NASADEM / GEDI L4A
PNT-00376,Mérida,Yucatán,20.902264,-89.635408,8.96,9.09,4.55,0.13,0.14,Planicie Cárstica (Llanura),SRTM 1 Arc-Sec (30m) / NASADEM / GEDI L4A
PNT-00377,Mérida,Yucatán,20.950654,-89.556875,7.57,7.48,11.79,0.83,1.43,Planicie Cárstica (Llanura),SRTM 1 Arc-Sec (30m) / NASADEM / GEDI L4A
PNT-00378,Mérida,Yucatán,21.039149,-89.61166,11.62,11.42,4.13,0.62,0.72,Planicie Cárstica (Llanura),SRTM 1 Arc-Sec (30m) / NASADEM / GEDI L4A
PNT-00379,Mérida,Yucatán,20.992061,-89.665536,9.03,8.81,2.68,0.04,0.03,Planicie Cárstica (Llanura),SRTM 1 Arc-Sec (30m) / NASADEM / GEDI L4A
PNT-00380,Mérida,Yucatán,20.915035,-89.565317,5.61,5.67,14.43,0.57,0.89,Planicie Cárstica (Llanura),SRTM 1 Arc-Sec (30m) / NASADEM / GEDI L4A
PNT-00381,Mérida,Yucatán,20.932199,-89.647512,8.58,8.8,10.19,0.52,0.67,Planicie Cárstica (Llanura),SRTM 1 Arc-Sec (30m) / NASADEM / GEDI L4A
PNT-00382,Mérida,Yucatán,20.919749,-89.609419,7.79,8.07,2.4,0.23,0.2,Planicie Cárstica (Llanura),SRTM 1 Arc-Sec (30m) / NASADEM / GEDI L4A
PNT-00383,Mérida,Yucatán,20.898041,-89.553474,3.27,3.52,7.3,0.92,1.04,Planicie Cárstica (Llanura),SRTM 1 Arc-Sec (30m) / NASADEM / GEDI L4A
PNT-00384,Mérida,Yucatán,20.997979,-89.58062,6.91,7.21,8.19,0.59,0.64,Planicie Cárstica (Llanura),SRTM 1 Arc-Sec (30m) / NASADEM / GEDI L4A
PNT-00385,Mérida,Yucatán,20.955037,-89.697989,9.76,9.36,4.55,0.46,0.61,Planicie Cárstica (Llanura),SRTM 1 Arc-Sec (30m) / NASADEM / GEDI L4A
PNT-00386,Mérida,Yucatán,20.895742,-89.548307,7.39,7.23,2.41,0.25,0.2,Planicie Cárstica (Llanura),SRTM 1 Arc-Sec (30m) / NASADEM / GEDI L4A
PNT-00387,Mérida,Yucatán,21.003695,-89.549305,10.49,10.68,1.9,0.93,1.14,Planicie Cárstica (Llanura),SRTM 1 Arc-Sec (30m) / NASADEM / GEDI L4A
PNT-00388,Mérida,Yucatán,20.935469,-89.651953,10.9,10.65,8.82,0.41,0.7,Planicie Cárstica (Llanura),SRTM 1 Arc-Sec (30m) / NASADEM / GEDI L4A
PNT-00389,Mérida,Yucatán,21.016071,-89.546423,7.69,7.76,12.19,0.73,0.64,Planicie Cárstica (Llanura),SRTM 1 Arc-Sec (30m) / NASADEM / GEDI L4A
PNT-00390,Mérida,Yucatán,20.97412,-89.590509,10.06,10.13,4.22,1.05,0.88,Planicie Cárstica (Llanura),SRTM 1 Arc-Sec (30m) / NASADEM / GEDI L4A
PNT-00391,Mérida,Yucatán,20.929452,-89.607751,11.31,11.52,2.51,0.11,0.14,Planicie Cárstica (Llanura),SRTM 1 Arc-Sec (30m) / NASADEM / GEDI L4A
PNT-00392,Mérida,Yucatán,20.968422,-89.644915,11.38,11.35,10.48,1.01,1.51,Planicie Cárstica (Llanura),SRTM 1 Arc-Sec (30m) / NASADEM / GEDI L4A
PNT-00393,Mérida,Yucatán,21.003637,-89.566129,10.85,10.61,4.03,0.38,0.43,Planicie Cárstica (Llanura),SRTM 1 Arc-Sec (30m) / NASADEM / GEDI L4A
PNT-00394,Mérida,Yucatán,21.043564,-89.566954,11.33,11.38,10.25,1.04,1.35,Planicie Cárstica (Llanura),SRTM 1 Arc-Sec (30m) / NASADEM / GEDI L4A
PNT-00395,Mérida,Yucatán,20.947883,-89.677914,10.53,10.44,9.9,0.03,0.05,Planicie Cárstica (Llanura),SRTM 1 Arc-Sec (30m) / NASADEM / GEDI L4A
PNT-00396,Mérida,Yucatán,20.888827,-89.591408,8.87,8.66,8.32,0.78,1.26,Planicie Cárstica (Llanura),SRTM 1 Arc-Sec (30m) / NASADEM / GEDI L4A
PNT-00397,Mérida,Yucatán,20.974429,-89.549274,9.02,9.19,3.86,0.95,0.93,Planicie Cárstica (Llanura),SRTM 1 Arc-Sec (30m) / NASADEM / GEDI L4A
PNT-00398,Mérida,Yucatán,21.015001,-89.615567,6.81,7.1,5.38,0.17,0.19,Planicie Cárstica (Llanura),SRTM 1 Arc-Sec (30m) / NASADEM / GEDI L4A
PNT-00399,Mérida,Yucatán,20.933407,-89.564574,11.33,11.13,8.97,0.69,0.95,Planicie Cárstica (Llanura),SRTM 1 Arc-Sec (30m) / NASADEM / GEDI L4A
PNT-00400,Mérida,Yucatán,21.020253,-89.559026,9.15,8.98,3.94,0.34,0.39,Planicie Cárstica (Llanura),SRTM 1 Arc-Sec (30m) / NASADEM / GEDI L4A
PNT-00401,Ciudad de México,CDMX,19.451407,-99.159552,2155.05,2154.7,18.13,15.0,16.29,Valle Intermontano / Laderas,SRTM 1 Arc-Sec (30m) / NASADEM / GEDI L4A
PNT-00402,Ciudad de México,CDMX,19.421243,-99.103329,2181.65,2181.55,11.35,17.97,25.91,Valle Intermontano / Laderas,SRTM 1 Arc-Sec (30m) / NASADEM / GEDI L4A
PNT-00403,Ciudad de México,CDMX,19.459437,-99.111835,2191.43,2191.63,6.7,2.38,2.57,Valle Intermontano / Laderas,SRTM 1 Arc-Sec (30m) / NASADEM / GEDI L4A
PNT-00404,Ciudad de México,CDMX,19.396211,-99.143877,2060.68,2061.06,12.31,2.6,3.13,Valle Intermontano / Laderas,SRTM 1 Arc-Sec (30m) / NASADEM / GEDI L4A
PNT-00405,Ciudad de México,CDMX,19.470062,-99.100271,1990.76,1990.68,8.28,5.39,5.42,Valle Intermontano / Laderas,SRTM 1 Arc-Sec (30m) / NASADEM / GEDI L4A
PNT-00406,Ciudad de México,CDMX,19.429286,-99.170035,2368.04,2368.41,6.86,11.67,10.23,Valle Intermontano / Laderas,SRTM 1 Arc-Sec (30m) / NASADEM / GEDI L4A
PNT-00407,Ciudad de México,CDMX,19.364093,-99.060772,2166.2,2166.28,10.91,12.04,17.44,Valle Intermontano / Laderas,SRTM 1 Arc-Sec (30m) / NASADEM / GEDI L4A
PNT-00408,Ciudad de México,CDMX,19.394784,-99.210582,2400.64,2400.73,16.05,6.29,6.74,Valle Intermontano / Laderas,SRTM 1 Arc-Sec (30m) / NASADEM / GEDI L4A
PNT-00409,Ciudad de México,CDMX,19.447627,-99.074425,2314.45,2314.21,13.36,11.37,17.07,Valle Intermontano / Laderas,SRTM 1 Arc-Sec (30m) / NASADEM / GEDI L4A
PNT-00410,Ciudad de México,CDMX,19.460818,-99.147696,2245.91,2245.71,10.98,8.83,15.52,Valle Intermontano / Laderas,SRTM 1 Arc-Sec (30m) / NASADEM / GEDI L4A
PNT-00411,Ciudad de México,CDMX,19.415846,-99.078632,2316.22,2316.6,7.92,2.39,1.93,Valle Intermontano / Laderas,SRTM 1 Arc-Sec (30m) / NASADEM / GEDI L4A
PNT-00412,Ciudad de México,CDMX,19.421373,-99.19818,2282.73,2282.68,12.76,5.29,6.53,Valle Intermontano / Laderas,SRTM 1 Arc-Sec (30m) / NASADEM / GEDI L4A
PNT-00413,Ciudad de México,CDMX,19.467752,-99.211551,2476.19,2476.3,17.53,4.98,7.54,Valle Intermontano / Laderas,SRTM 1 Arc-Sec (30m) / NASADEM / GEDI L4A
PNT-00414,Ciudad de México,CDMX,19.366623,-99.181117,2288.49,2288.1,14.27,5.09,5.16,Valle Intermontano / Laderas,SRTM 1 Arc-Sec (30m) / NASADEM / GEDI L4A
PNT-00415,Ciudad de México,CDMX,19.395329,-99.17339,2230.93,2231.12,9.14,11.72,17.26,Valle Intermontano / Laderas,SRTM 1 Arc-Sec (30m) / NASADEM / GEDI L4A
PNT-00416,Ciudad de México,CDMX,19.364984,-99.060761,2295.06,2295.32,13.81,17.76,23.87,Valle Intermontano / Laderas,SRTM 1 Arc-Sec (30m) / NASADEM / GEDI L4A
PNT-00417,Ciudad de México,CDMX,19.384045,-99.114315,2357.34,2357.36,15.55,1.77,2.07,Valle Intermontano / Laderas,SRTM 1 Arc-Sec (30m) / NASADEM / GEDI L4A
PNT-00418,Ciudad de México,CDMX,19.499323,-99.119488,2008.1,2007.99,13.14,17.06,25.02,Valle Intermontano / Laderas,SRTM 1 Arc-Sec (30m) / NASADEM / GEDI L4A
PNT-00419,Ciudad de México,CDMX,19.477982,-99.140305,2059.29,2059.45,14.77,8.41,10.45,Valle Intermontano / Laderas,SRTM 1 Arc-Sec (30m) / NASADEM / GEDI L4A
PNT-00420,Ciudad de México,CDMX,19.455892,-99.063195,2175.33,2174.95,4.91,6.07,7.91,Valle Intermontano / Laderas,SRTM 1 Arc-Sec (30m) / NASADEM / GEDI L4A
PNT-00421,Ciudad de México,CDMX,19.360988,-99.134425,2173.43,2173.55,17.77,5.31,5.09,Valle Intermontano / Laderas,SRTM 1 Arc-Sec (30m) / NASADEM / GEDI L4A
PNT-00422,Ciudad de México,CDMX,19.377674,-99.201721,2313.27,2313.58,7.84,15.56,23.11,Valle Intermontano / Laderas,SRTM 1 Arc-Sec (30m) / NASADEM / GEDI L4A
PNT-00423,Ciudad de México,CDMX,19.369669,-99.16673,2093.5,2093.51,8.7,10.41,12.04,Valle Intermontano / Laderas,SRTM 1 Arc-Sec (30m) / NASADEM / GEDI L4A
PNT-00424,Ciudad de México,CDMX,19.408606,-99.080431,2149.81,2150.14,16.02,18.13,20.43,Valle Intermontano / Laderas,SRTM 1 Arc-Sec (30m) / NASADEM / GEDI L4A
PNT-00425,Ciudad de México,CDMX,19.408708,-99.132099,2208.98,2209.02,8.59,9.81,9.75,Valle Intermontano / Laderas,SRTM 1 Arc-Sec (30m) / NASADEM / GEDI L4A
PNT-00426,Ciudad de México,CDMX,19.489411,-99.104689,2263.6,2263.8,12.66,8.63,12.17,Valle Intermontano / Laderas,SRTM 1 Arc-Sec (30m) / NASADEM / GEDI L4A
PNT-00427,Ciudad de México,CDMX,19.377658,-99.105217,2314.99,2314.77,8.33,2.67,2.58,Valle Intermontano / Laderas,SRTM 1 Arc-Sec (30m) / NASADEM / GEDI L4A
PNT-00428,Ciudad de México,CDMX,19.352319,-99.098002,2255.13,2254.86,18.98,2.05,1.68,Valle Intermontano / Laderas,SRTM 1 Arc-Sec (30m) / NASADEM / GEDI L4A
PNT-00429,Ciudad de México,CDMX,19.37852,-99.070463,2144.21,2143.89,6.97,4.61,6.08,Valle Intermontano / Laderas,SRTM 1 Arc-Sec (30m) / NASADEM / GEDI L4A
PNT-00430,Ciudad de México,CDMX,19.44924,-99.173744,2220.28,2220.07,9.63,4.56,8.02,Valle Intermontano / Laderas,SRTM 1 Arc-Sec (30m) / NASADEM / GEDI L4A
PNT-00431,Ciudad de México,CDMX,19.450608,-99.123899,2025.89,2025.92,4.48,13.38,20.1,Valle Intermontano / Laderas,SRTM 1 Arc-Sec (30m) / NASADEM / GEDI L4A
PNT-00432,Ciudad de México,CDMX,19.379471,-99.132982,2377.06,2377.17,11.04,10.35,9.47,Valle Intermontano / Laderas,SRTM 1 Arc-Sec (30m) / NASADEM / GEDI L4A
PNT-00433,Ciudad de México,CDMX,19.448902,-99.194247,2119.13,2119.28,10.37,4.32,5.15,Valle Intermontano / Laderas,SRTM 1 Arc-Sec (30m) / NASADEM / GEDI L4A
PNT-00434,Ciudad de México,CDMX,19.495308,-99.180309,1877.55,1877.16,13.04,15.17,13.18,Valle Intermontano / Laderas,SRTM 1 Arc-Sec (30m) / NASADEM / GEDI L4A
PNT-00435,Ciudad de México,CDMX,19.427881,-99.123291,2437.66,2437.46,15.99,0.68,1.04,Valle Intermontano / Laderas,SRTM 1 Arc-Sec (30m) / NASADEM / GEDI L4A
PNT-00436,Ciudad de México,CDMX,19.437705,-99.079221,2288.79,2288.78,13.35,6.67,10.62,Valle Intermontano / Laderas,SRTM 1 Arc-Sec (30m) / NASADEM / GEDI L4A
PNT-00437,Ciudad de México,CDMX,19.424207,-99.183649,2131.99,2131.9,11.75,15.37,26.16,Valle Intermontano / Laderas,SRTM 1 Arc-Sec (30m) / NASADEM / GEDI L4A
PNT-00438,Ciudad de México,CDMX,19.384556,-99.202284,2202.78,2202.81,15.76,18.41,15.95,Valle Intermontano / Laderas,SRTM 1 Arc-Sec (30m) / NASADEM / GEDI L4A
PNT-00439,Ciudad de México,CDMX,19.455731,-99.201143,2402.01,2401.96,10.03,18.95,25.75,Valle Intermontano / Laderas,SRTM 1 Arc-Sec (30m) / NASADEM / GEDI L4A
PNT-00440,Ciudad de México,CDMX,19.403386,-99.177782,2070.67,2070.32,6.12,7.34,9.28,Valle Intermontano / Laderas,SRTM 1 Arc-Sec (30m) / NASADEM / GEDI L4A
PNT-00441,Ciudad de México,CDMX,19.467638,-99.107923,2327.96,2327.95,7.45,0.6,0.96,Valle Intermontano / Laderas,SRTM 1 Arc-Sec (30m) / NASADEM / GEDI L4A
PNT-00442,Ciudad de México,CDMX,19.47565,-99.125253,2428.54,2428.74,13.66,15.36,20.24,Valle Intermontano / Laderas,SRTM 1 Arc-Sec (30m) / NASADEM / GEDI L4A
PNT-00443,Ciudad de México,CDMX,19.374452,-99.105615,2429.45,2429.19,14.79,4.11,6.95,Valle Intermontano / Laderas,SRTM 1 Arc-Sec (30m) / NASADEM / GEDI L4A
PNT-00444,Ciudad de México,CDMX,19.471996,-99.067683,2313.09,2313.21,17.77,16.95,23.37,Valle Intermontano / Laderas,SRTM 1 Arc-Sec (30m) / NASADEM / GEDI L4A
PNT-00445,Ciudad de México,CDMX,19.453183,-99.187964,2484.26,2484.08,11.13,4.24,4.72,Valle Intermontano / Laderas,SRTM 1 Arc-Sec (30m) / NASADEM / GEDI L4A
PNT-00446,Ciudad de México,CDMX,19.39064,-99.178614,2354.84,2354.85,11.37,3.98,3.49,Valle Intermontano / Laderas,SRTM 1 Arc-Sec (30m) / NASADEM / GEDI L4A
PNT-00447,Ciudad de México,CDMX,19.463385,-99.151752,2308.96,2309.2,16.12,5.53,8.25,Valle Intermontano / Laderas,SRTM 1 Arc-Sec (30m) / NASADEM / GEDI L4A
PNT-00448,Ciudad de México,CDMX,19.39425,-99.062749,2048.03,2047.85,16.42,4.03,6.02,Valle Intermontano / Laderas,SRTM 1 Arc-Sec (30m) / NASADEM / GEDI L4A
PNT-00449,Ciudad de México,CDMX,19.386994,-99.117751,2354.5,2354.75,7.07,14.89,23.24,Valle Intermontano / Laderas,SRTM 1 Arc-Sec (30m) / NASADEM / GEDI L4A
PNT-00450,Ciudad de México,CDMX,19.382036,-99.198858,2111.83,2111.78,17.74,1.08,1.14,Valle Intermontano / Laderas,SRTM 1 Arc-Sec (30m) / NASADEM / GEDI L4A
PNT-00451,Ciudad de México,CDMX,19.357388,-99.07233,2287.2,2286.83,5.74,12.84,14.42,Valle Intermontano / Laderas,SRTM 1 Arc-Sec (30m) / NASADEM / GEDI L4A
PNT-00452,Ciudad de México,CDMX,19.495667,-99.070901,2330.55,2330.95,10.83,15.77,25.94,Valle Intermontano / Laderas,SRTM 1 Arc-Sec (30m) / NASADEM / GEDI L4A
PNT-00453,Ciudad de México,CDMX,19.391841,-99.120728,2342.17,2342.46,14.45,18.96,19.75,Valle Intermontano / Laderas,SRTM 1 Arc-Sec (30m) / NASADEM / GEDI L4A
PNT-00454,Ciudad de México,CDMX,19.358456,-99.147209,2404.0,2404.05,9.61,6.29,9.15,Valle Intermontano / Laderas,SRTM 1 Arc-Sec (30m) / NASADEM / GEDI L4A
PNT-00455,Ciudad de México,CDMX,19.389123,-99.210699,2323.98,2324.19,17.32,1.22,2.0,Valle Intermontano / Laderas,SRTM 1 Arc-Sec (30m) / NASADEM / GEDI L4A
PNT-00456,Ciudad de México,CDMX,19.451124,-99.122857,2370.51,2370.58,13.32,11.25,20.15,Valle Intermontano / Laderas,SRTM 1 Arc-Sec (30m) / NASADEM / GEDI L4A
PNT-00457,Ciudad de México,CDMX,19.473077,-99.142233,2129.51,2129.29,18.13,11.54,19.94,Valle Intermontano / Laderas,SRTM 1 Arc-Sec (30m) / NASADEM / GEDI L4A
PNT-00458,Ciudad de México,CDMX,19.500662,-99.158295,2041.44,2041.84,12.56,18.65,27.03,Valle Intermontano / Laderas,SRTM 1 Arc-Sec (30m) / NASADEM / GEDI L4A
PNT-00459,Ciudad de México,CDMX,19.480706,-99.098584,2160.03,2159.99,12.49,12.98,19.18,Valle Intermontano / Laderas,SRTM 1 Arc-Sec (30m) / NASADEM / GEDI L4A
PNT-00460,Ciudad de México,CDMX,19.4117,-99.062329,2240.19,2240.34,6.89,13.4,19.41,Valle Intermontano / Laderas,SRTM 1 Arc-Sec (30m) / NASADEM / GEDI L4A
PNT-00461,Ciudad de México,CDMX,19.396046,-99.188007,2406.17,2405.91,18.74,13.55,17.01,Valle Intermontano / Laderas,SRTM 1 Arc-Sec (30m) / NASADEM / GEDI L4A
PNT-00462,Ciudad de México,CDMX,19.458842,-99.079021,2310.62,2310.78,17.32,16.01,25.66,Valle Intermontano / Laderas,SRTM 1 Arc-Sec (30m) / NASADEM / GEDI L4A
PNT-00463,Ciudad de México,CDMX,19.505747,-99.12725,1898.51,1898.23,10.81,11.09,11.94,Valle Intermontano / Laderas,SRTM 1 Arc-Sec (30m) / NASADEM / GEDI L4A
PNT-00464,Ciudad de México,CDMX,19.499409,-99.119689,2005.23,2004.87,16.45,1.09,1.33,Valle Intermontano / Laderas,SRTM 1 Arc-Sec (30m) / NASADEM / GEDI L4A
PNT-00465,Ciudad de México,CDMX,19.36553,-99.115904,2087.37,2087.66,14.49,16.89,16.83,Valle Intermontano / Laderas,SRTM 1 Arc-Sec (30m) / NASADEM / GEDI L4A
PNT-00466,Ciudad de México,CDMX,19.469988,-99.167157,2278.97,2278.94,12.3,16.18,13.95,Valle Intermontano / Laderas,SRTM 1 Arc-Sec (30m) / NASADEM / GEDI L4A
PNT-00467,Ciudad de México,CDMX,19.405645,-99.202277,2212.21,2211.87,9.01,4.4,4.53,Valle Intermontano / Laderas,SRTM 1 Arc-Sec (30m) / NASADEM / GEDI L4A
PNT-00468,Ciudad de México,CDMX,19.427057,-99.17003,2010.2,2010.44,10.15,6.54,7.19,Valle Intermontano / Laderas,SRTM 1 Arc-Sec (30m) / NASADEM / GEDI L4A
PNT-00469,Ciudad de México,CDMX,19.389201,-99.192251,2136.05,2136.19,6.82,1.66,1.68,Valle Intermontano / Laderas,SRTM 1 Arc-Sec (30m) / NASADEM / GEDI L4A
PNT-00470,Ciudad de México,CDMX,19.481444,-99.189492,2358.96,2358.68,10.48,2.03,2.61,Valle Intermontano / Laderas,SRTM 1 Arc-Sec (30m) / NASADEM / GEDI L4A
PNT-00471,Ciudad de México,CDMX,19.400387,-99.122855,2191.45,2191.51,13.2,9.85,9.3,Valle Intermontano / Laderas,SRTM 1 Arc-Sec (30m) / NASADEM / GEDI L4A
PNT-00472,Ciudad de México,CDMX,19.45184,-99.169218,2125.7,2125.67,11.9,6.17,10.01,Valle Intermontano / Laderas,SRTM 1 Arc-Sec (30m) / NASADEM / GEDI L4A
PNT-00473,Ciudad de México,CDMX,19.361117,-99.146023,2474.74,2474.8,10.72,12.84,20.25,Valle Intermontano / Laderas,SRTM 1 Arc-Sec (30m) / NASADEM / GEDI L4A
PNT-00474,Ciudad de México,CDMX,19.489952,-99.16278,2405.22,2405.61,12.55,16.96,19.87,Valle Intermontano / Laderas,SRTM 1 Arc-Sec (30m) / NASADEM / GEDI L4A
PNT-00475,Ciudad de México,CDMX,19.383227,-99.134697,2232.93,2232.92,18.82,16.01,18.59,Valle Intermontano / Laderas,SRTM 1 Arc-Sec (30m) / NASADEM / GEDI L4A
PNT-00476,Ciudad de México,CDMX,19.489567,-99.147911,2168.97,2169.18,4.14,2.83,2.82,Valle Intermontano / Laderas,SRTM 1 Arc-Sec (30m) / NASADEM / GEDI L4A
PNT-00477,Ciudad de México,CDMX,19.504231,-99.184921,2497.06,2497.05,18.5,12.43,12.8,Valle Intermontano / Laderas,SRTM 1 Arc-Sec (30m) / NASADEM / GEDI L4A
PNT-00478,Ciudad de México,CDMX,19.440426,-99.153452,2119.54,2119.6,13.61,3.93,4.24,Valle Intermontano / Laderas,SRTM 1 Arc-Sec (30m) / NASADEM / GEDI L4A
PNT-00479,Ciudad de México,CDMX,19.386994,-99.183746,2165.98,2166.32,15.33,18.44,25.29,Valle Intermontano / Laderas,SRTM 1 Arc-Sec (30m) / NASADEM / GEDI L4A
PNT-00480,Ciudad de México,CDMX,19.37488,-99.153072,2168.14,2167.81,16.78,10.8,17.77,Valle Intermontano / Laderas,SRTM 1 Arc-Sec (30m) / NASADEM / GEDI L4A
PNT-00481,Ciudad de México,CDMX,19.479348,-99.18498,2091.19,2090.96,14.73,16.67,17.5,Valle Intermontano / Laderas,SRTM 1 Arc-Sec (30m) / NASADEM / GEDI L4A
PNT-00482,Ciudad de México,CDMX,19.39412,-99.212895,2279.98,2280.08,13.5,14.38,13.69,Valle Intermontano / Laderas,SRTM 1 Arc-Sec (30m) / NASADEM / GEDI L4A
PNT-00483,Ciudad de México,CDMX,19.425332,-99.156805,2235.81,2236.15,8.36,1.24,1.35,Valle Intermontano / Laderas,SRTM 1 Arc-Sec (30m) / NASADEM / GEDI L4A
PNT-00484,Ciudad de México,CDMX,19.385207,-99.174897,2230.61,2230.58,15.56,14.57,13.91,Valle Intermontano / Laderas,SRTM 1 Arc-Sec (30m) / NASADEM / GEDI L4A
PNT-00485,Ciudad de México,CDMX,19.429962,-99.144202,2168.96,2169.22,17.55,3.66,3.04,Valle Intermontano / Laderas,SRTM 1 Arc-Sec (30m) / NASADEM / GEDI L4A
PNT-00486,Ciudad de México,CDMX,19.384712,-99.158534,2565.36,2565.69,12.89,9.93,12.92,Valle Intermontano / Laderas,SRTM 1 Arc-Sec (30m) / NASADEM / GEDI L4A
PNT-00487,Ciudad de México,CDMX,19.360039,-99.207414,1958.64,1958.91,18.9,3.47,2.86,Valle Intermontano / Laderas,SRTM 1 Arc-Sec (30m) / NASADEM / GEDI L4A
PNT-00488,Ciudad de México,CDMX,19.423846,-99.175003,2273.64,2273.46,8.43,3.71,4.38,Valle Intermontano / Laderas,SRTM 1 Arc-Sec (30m) / NASADEM / GEDI L4A
PNT-00489,Ciudad de México,CDMX,19.480231,-99.150265,2167.73,2167.95,13.43,4.88,7.21,Valle Intermontano / Laderas,SRTM 1 Arc-Sec (30m) / NASADEM / GEDI L4A
PNT-00490,Ciudad de México,CDMX,19.442525,-99.064337,2153.6,2153.22,11.34,15.8,20.93,Valle Intermontano / Laderas,SRTM 1 Arc-Sec (30m) / NASADEM / GEDI L4A
PNT-00491,Ciudad de México,CDMX,19.476039,-99.175492,2213.72,2214.09,11.74,12.86,22.29,Valle Intermontano / Laderas,SRTM 1 Arc-Sec (30m) / NASADEM / GEDI L4A
PNT-00492,Ciudad de México,CDMX,19.394479,-99.115166,2081.74,2082.02,16.59,18.02,30.36,Valle Intermontano / Laderas,SRTM 1 Arc-Sec (30m) / NASADEM / GEDI L4A
PNT-00493,Ciudad de México,CDMX,19.470251,-99.168606,2358.27,2358.66,17.89,6.27,7.15,Valle Intermontano / Laderas,SRTM 1 Arc-Sec (30m) / NASADEM / GEDI L4A
PNT-00494,Ciudad de México,CDMX,19.36463,-99.142152,2129.28,2129.55,6.99,17.81,17.56,Valle Intermontano / Laderas,SRTM 1 Arc-Sec (30m) / NASADEM / GEDI L4A
PNT-00495,Ciudad de México,CDMX,19.411601,-99.064419,2283.75,2283.47,7.41,18.41,22.95,Valle Intermontano / Laderas,SRTM 1 Arc-Sec (30m) / NASADEM / GEDI L4A
PNT-00496,Ciudad de México,CDMX,19.432243,-99.173535,2520.21,2520.41,10.51,14.45,19.91,Valle Intermontano / Laderas,SRTM 1 Arc-Sec (30m) / NASADEM / GEDI L4A
PNT-00497,Ciudad de México,CDMX,19.496698,-99.082215,2111.9,2111.82,18.99,16.86,28.59,Valle Intermontano / Laderas,SRTM 1 Arc-Sec (30m) / NASADEM / GEDI L4A
PNT-00498,Ciudad de México,CDMX,19.497468,-99.16278,2090.9,2090.65,15.7,3.92,4.48,Valle Intermontano / Laderas,SRTM 1 Arc-Sec (30m) / NASADEM / GEDI L4A
PNT-00499,Ciudad de México,CDMX,19.420793,-99.080048,2287.59,2287.62,9.72,5.83,7.54,Valle Intermontano / Laderas,SRTM 1 Arc-Sec (30m) / NASADEM / GEDI L4A
PNT-00500,Ciudad de México,CDMX,19.399991,-99.117627,2076.78,2076.47,11.05,10.61,18.06,Valle Intermontano / Laderas,SRTM 1 Arc-Sec (30m) / NASADEM / GEDI L4A
PNT-00501,Ciudad de México,CDMX,19.407033,-99.09572,2313.37,2313.63,12.8,10.98,16.0,Valle Intermontano / Laderas,SRTM 1 Arc-Sec (30m) / NASADEM / GEDI L4A
PNT-00502,Ciudad de México,CDMX,19.495742,-99.149077,2303.01,2302.69,14.03,11.17,14.12,Valle Intermontano / Laderas,SRTM 1 Arc-Sec (30m) / NASADEM / GEDI L4A
PNT-00503,Ciudad de México,CDMX,19.370993,-99.056109,2444.71,2444.34,14.41,12.69,16.91,Valle Intermontano / Laderas,SRTM 1 Arc-Sec (30m) / NASADEM / GEDI L4A
PNT-00504,Ciudad de México,CDMX,19.368522,-99.185396,2004.52,2004.87,14.33,15.65,27.91,Valle Intermontano / Laderas,SRTM 1 Arc-Sec (30m) / NASADEM / GEDI L4A
PNT-00505,Ciudad de México,CDMX,19.393547,-99.057844,1982.45,1982.09,8.56,1.48,2.21,Valle Intermontano / Laderas,SRTM 1 Arc-Sec (30m) / NASADEM / GEDI L4A
PNT-00506,Ciudad de México,CDMX,19.425269,-99.176757,2048.78,2048.84,14.61,7.15,11.61,Valle Intermontano / Laderas,SRTM 1 Arc-Sec (30m) / NASADEM / GEDI L4A
PNT-00507,Ciudad de México,CDMX,19.483311,-99.136624,2066.23,2066.47,6.41,6.57,6.63,Valle Intermontano / Laderas,SRTM 1 Arc-Sec (30m) / NASADEM / GEDI L4A
PNT-00508,Ciudad de México,CDMX,19.36555,-99.138329,2406.57,2406.35,11.74,7.55,12.14,Valle Intermontano / Laderas,SRTM 1 Arc-Sec (30m) / NASADEM / GEDI L4A
PNT-00509,Ciudad de México,CDMX,19.48378,-99.151462,1987.58,1987.93,10.45,2.69,4.66,Valle Intermontano / Laderas,SRTM 1 Arc-Sec (30m) / NASADEM / GEDI L4A
PNT-00510,Ciudad de México,CDMX,19.461419,-99.127948,2236.38,2236.31,9.94,3.48,5.07,Valle Intermontano / Laderas,SRTM 1 Arc-Sec (30m) / NASADEM / GEDI L4A
PNT-00511,Ciudad de México,CDMX,19.507384,-99.12305,2193.76,2193.69,12.68,2.65,3.74,Valle Intermontano / Laderas,SRTM 1 Arc-Sec (30m) / NASADEM / GEDI L4A
PNT-00512,Ciudad de México,CDMX,19.502157,-99.107116,2210.78,2210.82,9.48,7.96,13.0,Valle Intermontano / Laderas,SRTM 1 Arc-Sec (30m) / NASADEM / GEDI L4A
PNT-00513,Ciudad de México,CDMX,19.482347,-99.115107,2054.82,2054.5,9.16,7.07,8.58,Valle Intermontano / Laderas,SRTM 1 Arc-Sec (30m) / NASADEM / GEDI L4A
PNT-00514,Ciudad de México,CDMX,19.460132,-99.107694,2217.65,2217.4,9.28,3.4,5.53,Valle Intermontano / Laderas,SRTM 1 Arc-Sec (30m) / NASADEM / GEDI L4A
PNT-00515,Ciudad de México,CDMX,19.358706,-99.145931,2035.55,2035.55,13.29,14.03,24.67,Valle Intermontano / Laderas,SRTM 1 Arc-Sec (30m) / NASADEM / GEDI L4A
PNT-00516,Ciudad de México,CDMX,19.387271,-99.071211,2425.01,2424.93,17.72,14.42,19.2,Valle Intermontano / Laderas,SRTM 1 Arc-Sec (30m) / NASADEM / GEDI L4A
PNT-00517,Ciudad de México,CDMX,19.46039,-99.144447,2344.65,2344.37,14.21,15.91,21.32,Valle Intermontano / Laderas,SRTM 1 Arc-Sec (30m) / NASADEM / GEDI L4A
PNT-00518,Ciudad de México,CDMX,19.487147,-99.143992,2338.85,2338.65,11.15,16.12,20.7,Valle Intermontano / Laderas,SRTM 1 Arc-Sec (30m) / NASADEM / GEDI L4A
PNT-00519,Ciudad de México,CDMX,19.434255,-99.163645,1994.57,1994.2,15.04,5.53,4.46,Valle Intermontano / Laderas,SRTM 1 Arc-Sec (30m) / NASADEM / GEDI L4A
PNT-00520,Ciudad de México,CDMX,19.508537,-99.05848,2443.53,2443.41,9.23,12.92,20.74,Valle Intermontano / Laderas,SRTM 1 Arc-Sec (30m) / NASADEM / GEDI L4A
PNT-00521,Ciudad de México,CDMX,19.503481,-99.148966,2144.57,2144.96,15.42,0.98,1.38,Valle Intermontano / Laderas,SRTM 1 Arc-Sec (30m) / NASADEM / GEDI L4A
PNT-00522,Ciudad de México,CDMX,19.457521,-99.102913,2299.87,2299.65,7.39,6.18,8.32,Valle Intermontano / Laderas,SRTM 1 Arc-Sec (30m) / NASADEM / GEDI L4A
PNT-00523,Ciudad de México,CDMX,19.418751,-99.187364,2199.38,2199.59,7.16,17.11,15.13,Valle Intermontano / Laderas,SRTM 1 Arc-Sec (30m) / NASADEM / GEDI L4A
PNT-00524,Ciudad de México,CDMX,19.414897,-99.196961,2087.09,2086.88,13.38,0.94,1.54,Valle Intermontano / Laderas,SRTM 1 Arc-Sec (30m) / NASADEM / GEDI L4A
PNT-00525,Ciudad de México,CDMX,19.50795,-99.191326,2306.31,2306.65,10.57,8.26,7.03,Valle Intermontano / Laderas,SRTM 1 Arc-Sec (30m) / NASADEM / GEDI L4A
PNT-00526,Ciudad de México,CDMX,19.358303,-99.121168,2191.57,2191.64,11.67,0.71,1.13,Valle Intermontano / Laderas,SRTM 1 Arc-Sec (30m) / NASADEM / GEDI L4A
PNT-00527,Ciudad de México,CDMX,19.401029,-99.206559,2006.29,2006.67,17.98,10.57,11.37,Valle Intermontano / Laderas,SRTM 1 Arc-Sec (30m) / NASADEM / GEDI L4A
PNT-00528,Ciudad de México,CDMX,19.46551,-99.169561,2207.36,2207.4,15.12,1.44,1.77,Valle Intermontano / Laderas,SRTM 1 Arc-Sec (30m) / NASADEM / GEDI L4A
PNT-00529,Ciudad de México,CDMX,19.485178,-99.084096,2144.47,2144.72,9.15,17.71,15.86,Valle Intermontano / Laderas,SRTM 1 Arc-Sec (30m) / NASADEM / GEDI L4A
PNT-00530,Ciudad de México,CDMX,19.424009,-99.159007,2331.44,2331.08,8.9,9.61,11.94,Valle Intermontano / Laderas,SRTM 1 Arc-Sec (30m) / NASADEM / GEDI L4A
PNT-00531,Ciudad de México,CDMX,19.405504,-99.149868,2072.95,2073.01,12.44,15.4,24.03,Valle Intermontano / Laderas,SRTM 1 Arc-Sec (30m) / NASADEM / GEDI L4A
PNT-00532,Ciudad de México,CDMX,19.376624,-99.18912,2131.14,2131.07,6.62,13.07,11.2,Valle Intermontano / Laderas,SRTM 1 Arc-Sec (30m) / NASADEM / GEDI L4A
PNT-00533,Ciudad de México,CDMX,19.357548,-99.150294,2112.32,2112.43,14.43,5.31,8.95,Valle Intermontano / Laderas,SRTM 1 Arc-Sec (30m) / NASADEM / GEDI L4A
PNT-00534,Ciudad de México,CDMX,19.49531,-99.165434,2176.67,2176.46,6.29,12.94,21.04,Valle Intermontano / Laderas,SRTM 1 Arc-Sec (30m) / NASADEM / GEDI L4A
PNT-00535,Ciudad de México,CDMX,19.459695,-99.081104,2091.0,2091.19,10.68,7.17,10.55,Valle Intermontano / Laderas,SRTM 1 Arc-Sec (30m) / NASADEM / GEDI L4A
PNT-00536,Ciudad de México,CDMX,19.395303,-99.200003,2321.71,2321.77,16.46,16.52,18.0,Valle Intermontano / Laderas,SRTM 1 Arc-Sec (30m) / NASADEM / GEDI L4A
PNT-00537,Ciudad de México,CDMX,19.426829,-99.113898,2032.77,2032.63,4.48,10.94,18.06,Valle Intermontano / Laderas,SRTM 1 Arc-Sec (30m) / NASADEM / GEDI L4A
PNT-00538,Ciudad de México,CDMX,19.384245,-99.063491,2365.29,2365.33,14.17,14.92,12.18,Valle Intermontano / Laderas,SRTM 1 Arc-Sec (30m) / NASADEM / GEDI L4A
PNT-00539,Ciudad de México,CDMX,19.482941,-99.206578,2111.44,2111.65,9.29,5.18,8.63,Valle Intermontano / Laderas,SRTM 1 Arc-Sec (30m) / NASADEM / GEDI L4A
PNT-00540,Ciudad de México,CDMX,19.368455,-99.192847,2178.83,2178.97,15.58,11.49,16.12,Valle Intermontano / Laderas,SRTM 1 Arc-Sec (30m) / NASADEM / GEDI L4A
PNT-00541,Ciudad de México,CDMX,19.461205,-99.120943,2016.36,2016.57,9.9,4.69,7.0,Valle Intermontano / Laderas,SRTM 1 Arc-Sec (30m) / NASADEM / GEDI L4A
PNT-00542,Ciudad de México,CDMX,19.389333,-99.112947,2130.89,2130.54,14.84,2.92,4.11,Valle Intermontano / Laderas,SRTM 1 Arc-Sec (30m) / NASADEM / GEDI L4A
PNT-00543,Ciudad de México,CDMX,19.487911,-99.205801,2125.68,2125.66,17.0,17.68,20.01,Valle Intermontano / Laderas,SRTM 1 Arc-Sec (30m) / NASADEM / GEDI L4A
PNT-00544,Ciudad de México,CDMX,19.426454,-99.210811,2214.94,2214.56,10.71,12.18,14.94,Valle Intermontano / Laderas,SRTM 1 Arc-Sec (30m) / NASADEM / GEDI L4A
PNT-00545,Ciudad de México,CDMX,19.439703,-99.185056,2376.0,2376.37,6.98,1.43,2.42,Valle Intermontano / Laderas,SRTM 1 Arc-Sec (30m) / NASADEM / GEDI L4A
PNT-00546,Ciudad de México,CDMX,19.444301,-99.122773,2135.63,2135.3,12.0,11.62,13.26,Valle Intermontano / Laderas,SRTM 1 Arc-Sec (30m) / NASADEM / GEDI L4A
PNT-00547,Ciudad de México,CDMX,19.498763,-99.147946,2299.58,2299.41,9.07,10.22,15.31,Valle Intermontano / Laderas,SRTM 1 Arc-Sec (30m) / NASADEM / GEDI L4A
PNT-00548,Ciudad de México,CDMX,19.496042,-99.086249,2399.6,2399.96,16.64,5.97,4.78,Valle Intermontano / Laderas,SRTM 1 Arc-Sec (30m) / NASADEM / GEDI L4A
PNT-00549,Ciudad de México,CDMX,19.395513,-99.178137,2400.21,2400.28,17.75,0.8,1.22,Valle Intermontano / Laderas,SRTM 1 Arc-Sec (30m) / NASADEM / GEDI L4A
PNT-00550,Ciudad de México,CDMX,19.403765,-99.106591,1974.05,1973.76,14.83,2.25,3.67,Valle Intermontano / Laderas,SRTM 1 Arc-Sec (30m) / NASADEM / GEDI L4A
PNT-00551,Ciudad de México,CDMX,19.498944,-99.109034,2210.88,2211.06,8.51,14.93,13.71,Valle Intermontano / Laderas,SRTM 1 Arc-Sec (30m) / NASADEM / GEDI L4A
PNT-00552,Ciudad de México,CDMX,19.352005,-99.099058,2064.84,2064.45,8.97,10.5,17.34,Valle Intermontano / Laderas,SRTM 1 Arc-Sec (30m) / NASADEM / GEDI L4A
PNT-00553,Ciudad de México,CDMX,19.505221,-99.122481,2123.67,2123.71,12.12,7.53,10.6,Valle Intermontano / Laderas,SRTM 1 Arc-Sec (30m) / NASADEM / GEDI L4A
PNT-00554,Ciudad de México,CDMX,19.414196,-99.174552,2201.81,2201.49,9.52,3.77,6.74,Valle Intermontano / Laderas,SRTM 1 Arc-Sec (30m) / NASADEM / GEDI L4A
PNT-00555,Ciudad de México,CDMX,19.423057,-99.127901,2412.39,2412.25,13.35,6.16,7.41,Valle Intermontano / Laderas,SRTM 1 Arc-Sec (30m) / NASADEM / GEDI L4A
PNT-00556,Ciudad de México,CDMX,19.459601,-99.103849,2133.04,2133.15,10.4,2.87,3.96,Valle Intermontano / Laderas,SRTM 1 Arc-Sec (30m) / NASADEM / GEDI L4A
PNT-00557,Ciudad de México,CDMX,19.462948,-99.100902,2311.82,2311.82,13.45,14.01,19.88,Valle Intermontano / Laderas,SRTM 1 Arc-Sec (30m) / NASADEM / GEDI L4A
PNT-00558,Ciudad de México,CDMX,19.381862,-99.20889,2177.96,2178.05,5.05,16.22,16.16,Valle Intermontano / Laderas,SRTM 1 Arc-Sec (30m) / NASADEM / GEDI L4A
PNT-00559,Ciudad de México,CDMX,19.372088,-99.058843,2232.72,2232.79,8.07,10.52,9.32,Valle Intermontano / Laderas,SRTM 1 Arc-Sec (30m) / NASADEM / GEDI L4A
PNT-00560,Ciudad de México,CDMX,19.361124,-99.196123,2399.37,2399.16,21.11,12.3,19.93,Valle Intermontano / Laderas,SRTM 1 Arc-Sec (30m) / NASADEM / GEDI L4A
PNT-00561,Ciudad de México,CDMX,19.358653,-99.133299,2092.56,2092.41,15.34,11.85,20.12,Valle Intermontano / Laderas,SRTM 1 Arc-Sec (30m) / NASADEM / GEDI L4A
PNT-00562,Ciudad de México,CDMX,19.481588,-99.119699,2131.71,2131.82,17.46,9.12,9.03,Valle Intermontano / Laderas,SRTM 1 Arc-Sec (30m) / NASADEM / GEDI L4A
PNT-00563,Ciudad de México,CDMX,19.464278,-99.123966,2335.32,2334.94,11.03,6.34,5.43,Valle Intermontano / Laderas,SRTM 1 Arc-Sec (30m) / NASADEM / GEDI L4A
PNT-00564,Ciudad de México,CDMX,19.474644,-99.100663,2405.2,2405.12,7.3,14.49,18.17,Valle Intermontano / Laderas,SRTM 1 Arc-Sec (30m) / NASADEM / GEDI L4A
PNT-00565,Ciudad de México,CDMX,19.417965,-99.063443,2169.88,2169.95,10.64,18.43,21.71,Valle Intermontano / Laderas,SRTM 1 Arc-Sec (30m) / NASADEM / GEDI L4A
PNT-00566,Ciudad de México,CDMX,19.361926,-99.158711,2071.16,2071.29,12.09,18.96,23.73,Valle Intermontano / Laderas,SRTM 1 Arc-Sec (30m) / NASADEM / GEDI L4A
PNT-00567,Ciudad de México,CDMX,19.408757,-99.148887,1997.82,1997.95,6.58,8.68,12.57,Valle Intermontano / Laderas,SRTM 1 Arc-Sec (30m) / NASADEM / GEDI L4A
PNT-00568,Ciudad de México,CDMX,19.361831,-99.082804,2263.29,2263.65,14.04,3.3,4.22,Valle Intermontano / Laderas,SRTM 1 Arc-Sec (30m) / NASADEM / GEDI L4A
PNT-00569,Ciudad de México,CDMX,19.448289,-99.119922,2012.84,2012.54,7.9,7.75,7.46,Valle Intermontano / Laderas,SRTM 1 Arc-Sec (30m) / NASADEM / GEDI L4A
PNT-00570,Ciudad de México,CDMX,19.469499,-99.179587,2250.91,2250.99,9.28,16.63,22.9,Valle Intermontano / Laderas,SRTM 1 Arc-Sec (30m) / NASADEM / GEDI L4A
PNT-00571,Ciudad de México,CDMX,19.407277,-99.084518,2129.81,2129.86,12.31,17.3,20.7,Valle Intermontano / Laderas,SRTM 1 Arc-Sec (30m) / NASADEM / GEDI L4A
PNT-00572,Ciudad de México,CDMX,19.399412,-99.190045,2210.07,2210.15,7.4,1.99,3.46,Valle Intermontano / Laderas,SRTM 1 Arc-Sec (30m) / NASADEM / GEDI L4A
PNT-00573,Ciudad de México,CDMX,19.472821,-99.11914,2546.65,2546.91,10.38,14.99,16.15,Valle Intermontano / Laderas,SRTM 1 Arc-Sec (30m) / NASADEM / GEDI L4A
PNT-00574,Ciudad de México,CDMX,19.502541,-99.193105,2315.54,2315.17,8.75,8.0,10.53,Valle Intermontano / Laderas,SRTM 1 Arc-Sec (30m) / NASADEM / GEDI L4A
PNT-00575,Ciudad de México,CDMX,19.444903,-99.06325,2209.97,2210.22,20.19,18.08,14.86,Valle Intermontano / Laderas,SRTM 1 Arc-Sec (30m) / NASADEM / GEDI L4A
PNT-00576,Ciudad de México,CDMX,19.509203,-99.199219,2160.36,2160.07,15.38,8.64,12.48,Valle Intermontano / Laderas,SRTM 1 Arc-Sec (30m) / NASADEM / GEDI L4A
PNT-00577,Ciudad de México,CDMX,19.412952,-99.20427,2353.5,2353.41,12.83,4.5,5.59,Valle Intermontano / Laderas,SRTM 1 Arc-Sec (30m) / NASADEM / GEDI L4A
PNT-00578,Ciudad de México,CDMX,19.359738,-99.081722,2283.99,2283.87,16.83,15.3,20.73,Valle Intermontano / Laderas,SRTM 1 Arc-Sec (30m) / NASADEM / GEDI L4A
PNT-00579,Ciudad de México,CDMX,19.484149,-99.111967,2302.98,2302.91,17.38,18.22,24.44,Valle Intermontano / Laderas,SRTM 1 Arc-Sec (30m) / NASADEM / GEDI L4A
PNT-00580,Ciudad de México,CDMX,19.448814,-99.177722,2388.9,2388.65,19.74,1.6,2.25,Valle Intermontano / Laderas,SRTM 1 Arc-Sec (30m) / NASADEM / GEDI L4A
PNT-00581,Ciudad de México,CDMX,19.474191,-99.129256,2333.88,2333.54,7.44,8.67,8.35,Valle Intermontano / Laderas,SRTM 1 Arc-Sec (30m) / NASADEM / GEDI L4A
PNT-00582,Ciudad de México,CDMX,19.381513,-99.180633,2167.34,2167.26,11.46,9.97,12.79,Valle Intermontano / Laderas,SRTM 1 Arc-Sec (30m) / NASADEM / GEDI L4A
PNT-00583,Ciudad de México,CDMX,19.413245,-99.078737,2242.54,2242.19,7.31,1.82,2.5,Valle Intermontano / Laderas,SRTM 1 Arc-Sec (30m) / NASADEM / GEDI L4A
PNT-00584,Ciudad de México,CDMX,19.442563,-99.072515,2313.84,2313.48,12.28,2.31,1.95,Valle Intermontano / Laderas,SRTM 1 Arc-Sec (30m) / NASADEM / GEDI L4A
PNT-00585,Ciudad de México,CDMX,19.381644,-99.126397,2184.4,2184.76,12.53,16.08,17.63,Valle Intermontano / Laderas,SRTM 1 Arc-Sec (30m) / NASADEM / GEDI L4A
PNT-00586,Ciudad de México,CDMX,19.36435,-99.185818,2018.92,2018.81,12.48,18.81,27.92,Valle Intermontano / Laderas,SRTM 1 Arc-Sec (30m) / NASADEM / GEDI L4A
PNT-00587,Ciudad de México,CDMX,19.503837,-99.190191,2372.01,2371.67,3.58,0.58,0.85,Valle Intermontano / Laderas,SRTM 1 Arc-Sec (30m) / NASADEM / GEDI L4A
PNT-00588,Ciudad de México,CDMX,19.454691,-99.147274,1883.48,1883.1,10.71,6.7,6.55,Valle Intermontano / Laderas,SRTM 1 Arc-Sec (30m) / NASADEM / GEDI L4A
PNT-00589,Ciudad de México,CDMX,19.367748,-99.059925,2446.58,2446.43,14.66,7.77,8.06,Valle Intermontano / Laderas,SRTM 1 Arc-Sec (30m) / NASADEM / GEDI L4A
PNT-00590,Ciudad de México,CDMX,19.367515,-99.184355,2323.8,2323.84,16.16,9.29,16.0,Valle Intermontano / Laderas,SRTM 1 Arc-Sec (30m) / NASADEM / GEDI L4A
PNT-00591,Ciudad de México,CDMX,19.363638,-99.168104,2399.39,2399.78,9.49,4.95,8.29,Valle Intermontano / Laderas,SRTM 1 Arc-Sec (30m) / NASADEM / GEDI L4A
PNT-00592,Ciudad de México,CDMX,19.4849,-99.177055,2033.82,2034.2,5.19,3.85,6.16,Valle Intermontano / Laderas,SRTM 1 Arc-Sec (30m) / NASADEM / GEDI L4A
PNT-00593,Ciudad de México,CDMX,19.405471,-99.096061,2471.13,2471.4,5.01,15.38,25.63,Valle Intermontano / Laderas,SRTM 1 Arc-Sec (30m) / NASADEM / GEDI L4A
PNT-00594,Ciudad de México,CDMX,19.361539,-99.102272,2206.22,2206.26,7.72,7.95,10.49,Valle Intermontano / Laderas,SRTM 1 Arc-Sec (30m) / NASADEM / GEDI L4A
PNT-00595,Ciudad de México,CDMX,19.511444,-99.191365,2109.64,2109.35,18.52,3.44,6.02,Valle Intermontano / Laderas,SRTM 1 Arc-Sec (30m) / NASADEM / GEDI L4A
PNT-00596,Ciudad de México,CDMX,19.492736,-99.067873,2424.69,2424.68,7.33,8.24,9.54,Valle Intermontano / Laderas,SRTM 1 Arc-Sec (30m) / NASADEM / GEDI L4A
PNT-00597,Ciudad de México,CDMX,19.447005,-99.120905,2226.04,2226.08,7.04,11.05,11.16,Valle Intermontano / Laderas,SRTM 1 Arc-Sec (30m) / NASADEM / GEDI L4A
PNT-00598,Ciudad de México,CDMX,19.470763,-99.208968,2402.63,2402.68,9.5,5.33,7.97,Valle Intermontano / Laderas,SRTM 1 Arc-Sec (30m) / NASADEM / GEDI L4A
PNT-00599,Ciudad de México,CDMX,19.442783,-99.085601,2332.75,2332.74,17.87,2.96,3.14,Valle Intermontano / Laderas,SRTM 1 Arc-Sec (30m) / NASADEM / GEDI L4A
PNT-00600,Ciudad de México,CDMX,19.419056,-99.117112,1990.6,1990.21,12.48,9.68,10.51,Valle Intermontano / Laderas,SRTM 1 Arc-Sec (30m) / NASADEM / GEDI L4A
PNT-00601,Ciudad de México,CDMX,19.469537,-99.209169,2326.47,2326.21,12.49,9.23,8.23,Valle Intermontano / Laderas,SRTM 1 Arc-Sec (30m) / NASADEM / GEDI L4A
PNT-00602,Ciudad de México,CDMX,19.452109,-99.124915,2318.22,2318.54,1.96,4.13,3.4,Valle Intermontano / Laderas,SRTM 1 Arc-Sec (30m) / NASADEM / GEDI L4A
PNT-00603,Ciudad de México,CDMX,19.489866,-99.120661,2270.29,2270.54,15.62,8.45,13.1,Valle Intermontano / Laderas,SRTM 1 Arc-Sec (30m) / NASADEM / GEDI L4A
PNT-00604,Ciudad de México,CDMX,19.498087,-99.12146,2162.75,2162.51,8.84,5.07,5.61,Valle Intermontano / Laderas,SRTM 1 Arc-Sec (30m) / NASADEM / GEDI L4A
PNT-00605,Ciudad de México,CDMX,19.440821,-99.118921,2499.25,2498.92,7.11,2.12,2.06,Valle Intermontano / Laderas,SRTM 1 Arc-Sec (30m) / NASADEM / GEDI L4A
PNT-00606,Ciudad de México,CDMX,19.434892,-99.178761,2142.93,2143.18,5.75,0.76,1.1,Valle Intermontano / Laderas,SRTM 1 Arc-Sec (30m) / NASADEM / GEDI L4A
PNT-00607,Ciudad de México,CDMX,19.45902,-99.085215,2550.99,2551.12,6.08,13.06,22.62,Valle Intermontano / Laderas,SRTM 1 Arc-Sec (30m) / NASADEM / GEDI L4A
PNT-00608,Ciudad de México,CDMX,19.511512,-99.097775,2327.68,2327.32,10.54,4.77,8.1,Valle Intermontano / Laderas,SRTM 1 Arc-Sec (30m) / NASADEM / GEDI L4A
PNT-00609,Ciudad de México,CDMX,19.392991,-99.177696,2516.72,2516.51,12.0,14.52,22.65,Valle Intermontano / Laderas,SRTM 1 Arc-Sec (30m) / NASADEM / GEDI L4A
PNT-00610,Ciudad de México,CDMX,19.402016,-99.147291,2315.56,2315.4,12.75,14.96,23.43,Valle Intermontano / Laderas,SRTM 1 Arc-Sec (30m) / NASADEM / GEDI L4A
PNT-00611,Ciudad de México,CDMX,19.462665,-99.058498,2106.92,2107.06,10.86,13.99,19.24,Valle Intermontano / Laderas,SRTM 1 Arc-Sec (30m) / NASADEM / GEDI L4A
PNT-00612,Ciudad de México,CDMX,19.385091,-99.132287,2147.22,2147.34,4.88,14.29,14.75,Valle Intermontano / Laderas,SRTM 1 Arc-Sec (30m) / NASADEM / GEDI L4A
PNT-00613,Ciudad de México,CDMX,19.416852,-99.169934,2320.52,2320.85,9.46,7.35,11.4,Valle Intermontano / Laderas,SRTM 1 Arc-Sec (30m) / NASADEM / GEDI L4A
PNT-00614,Ciudad de México,CDMX,19.495519,-99.07762,2036.39,2036.04,7.37,9.49,8.63,Valle Intermontano / Laderas,SRTM 1 Arc-Sec (30m) / NASADEM / GEDI L4A
PNT-00615,Ciudad de México,CDMX,19.391766,-99.162289,2274.92,2274.76,12.85,16.39,27.16,Valle Intermontano / Laderas,SRTM 1 Arc-Sec (30m) / NASADEM / GEDI L4A
PNT-00616,Ciudad de México,CDMX,19.474344,-99.189529,2284.75,2284.9,12.57,6.63,8.62,Valle Intermontano / Laderas,SRTM 1 Arc-Sec (30m) / NASADEM / GEDI L4A
PNT-00617,Ciudad de México,CDMX,19.455316,-99.131309,2191.39,2191.63,9.09,16.44,15.41,Valle Intermontano / Laderas,SRTM 1 Arc-Sec (30m) / NASADEM / GEDI L4A
PNT-00618,Ciudad de México,CDMX,19.504382,-99.160388,2402.41,2402.66,15.1,18.0,20.03,Valle Intermontano / Laderas,SRTM 1 Arc-Sec (30m) / NASADEM / GEDI L4A
PNT-00619,Ciudad de México,CDMX,19.489361,-99.19193,2378.98,2379.12,15.49,5.17,8.65,Valle Intermontano / Laderas,SRTM 1 Arc-Sec (30m) / NASADEM / GEDI L4A
PNT-00620,Ciudad de México,CDMX,19.379017,-99.204418,2212.5,2212.78,19.23,7.59,7.35,Valle Intermontano / Laderas,SRTM 1 Arc-Sec (30m) / NASADEM / GEDI L4A
PNT-00621,Ciudad de México,CDMX,19.485831,-99.125174,2321.42,2321.43,8.6,11.68,14.73,Valle Intermontano / Laderas,SRTM 1 Arc-Sec (30m) / NASADEM / GEDI L4A
PNT-00622,Ciudad de México,CDMX,19.484593,-99.08027,2159.94,2160.21,13.26,12.91,19.33,Valle Intermontano / Laderas,SRTM 1 Arc-Sec (30m) / NASADEM / GEDI L4A
PNT-00623,Ciudad de México,CDMX,19.410077,-99.072315,2162.81,2162.74,13.33,16.9,14.32,Valle Intermontano / Laderas,SRTM 1 Arc-Sec (30m) / NASADEM / GEDI L4A
PNT-00624,Ciudad de México,CDMX,19.505827,-99.104334,2052.97,2052.77,15.17,17.93,19.69,Valle Intermontano / Laderas,SRTM 1 Arc-Sec (30m) / NASADEM / GEDI L4A
PNT-00625,Ciudad de México,CDMX,19.476081,-99.150101,2297.25,2297.15,12.16,7.11,8.13,Valle Intermontano / Laderas,SRTM 1 Arc-Sec (30m) / NASADEM / GEDI L4A
PNT-00626,Ciudad de México,CDMX,19.435287,-99.142494,2242.06,2242.07,16.19,3.06,5.46,Valle Intermontano / Laderas,SRTM 1 Arc-Sec (30m) / NASADEM / GEDI L4A
PNT-00627,Ciudad de México,CDMX,19.391996,-99.201262,2374.4,2374.33,18.81,8.31,13.17,Valle Intermontano / Laderas,SRTM 1 Arc-Sec (30m) / NASADEM / GEDI L4A
PNT-00628,Ciudad de México,CDMX,19.383314,-99.081759,2105.62,2105.59,19.31,5.25,8.15,Valle Intermontano / Laderas,SRTM 1 Arc-Sec (30m) / NASADEM / GEDI L4A
PNT-00629,Ciudad de México,CDMX,19.43406,-99.161663,2347.08,2346.96,11.51,1.51,1.52,Valle Intermontano / Laderas,SRTM 1 Arc-Sec (30m) / NASADEM / GEDI L4A
PNT-00630,Ciudad de México,CDMX,19.418991,-99.177858,2304.64,2304.37,14.72,2.73,2.37,Valle Intermontano / Laderas,SRTM 1 Arc-Sec (30m) / NASADEM / GEDI L4A
PNT-00631,Ciudad de México,CDMX,19.467845,-99.064391,2105.65,2105.66,11.27,6.95,8.17,Valle Intermontano / Laderas,SRTM 1 Arc-Sec (30m) / NASADEM / GEDI L4A
PNT-00632,Ciudad de México,CDMX,19.451413,-99.098005,2225.62,2225.86,10.18,6.81,8.47,Valle Intermontano / Laderas,SRTM 1 Arc-Sec (30m) / NASADEM / GEDI L4A
PNT-00633,Ciudad de México,CDMX,19.460094,-99.131577,2277.44,2277.43,11.91,18.76,29.16,Valle Intermontano / Laderas,SRTM 1 Arc-Sec (30m) / NASADEM / GEDI L4A
PNT-00634,Ciudad de México,CDMX,19.391777,-99.126857,2278.94,2278.82,9.75,0.63,0.76,Valle Intermontano / Laderas,SRTM 1 Arc-Sec (30m) / NASADEM / GEDI L4A
PNT-00635,Ciudad de México,CDMX,19.389561,-99.081981,2375.25,2374.85,10.01,6.19,6.44,Valle Intermontano / Laderas,SRTM 1 Arc-Sec (30m) / NASADEM / GEDI L4A
PNT-00636,Ciudad de México,CDMX,19.389371,-99.20209,2271.78,2271.61,6.7,8.22,9.67,Valle Intermontano / Laderas,SRTM 1 Arc-Sec (30m) / NASADEM / GEDI L4A
PNT-00637,Ciudad de México,CDMX,19.492145,-99.068152,1959.8,1959.49,11.66,18.14,15.6,Valle Intermontano / Laderas,SRTM 1 Arc-Sec (30m) / NASADEM / GEDI L4A
PNT-00638,Ciudad de México,CDMX,19.399624,-99.165309,2115.72,2115.95,10.03,2.77,3.97,Valle Intermontano / Laderas,SRTM 1 Arc-Sec (30m) / NASADEM / GEDI L4A
PNT-00639,Ciudad de México,CDMX,19.371815,-99.201714,2264.44,2264.1,17.21,18.18,19.03,Valle Intermontano / Laderas,SRTM 1 Arc-Sec (30m) / NASADEM / GEDI L4A
PNT-00640,Ciudad de México,CDMX,19.489543,-99.18599,2451.93,2452.28,12.27,17.32,28.05,Valle Intermontano / Laderas,SRTM 1 Arc-Sec (30m) / NASADEM / GEDI L4A
PNT-00641,Ciudad de México,CDMX,19.494111,-99.181125,2105.9,2105.8,7.94,7.78,10.46,Valle Intermontano / Laderas,SRTM 1 Arc-Sec (30m) / NASADEM / GEDI L4A
PNT-00642,Ciudad de México,CDMX,19.377581,-99.102401,2170.83,2170.83,8.41,15.23,23.45,Valle Intermontano / Laderas,SRTM 1 Arc-Sec (30m) / NASADEM / GEDI L4A
PNT-00643,Ciudad de México,CDMX,19.455285,-99.188076,2124.37,2124.27,12.39,8.15,6.84,Valle Intermontano / Laderas,SRTM 1 Arc-Sec (30m) / NASADEM / GEDI L4A
PNT-00644,Ciudad de México,CDMX,19.395838,-99.060096,2221.89,2221.52,13.65,3.81,4.54,Valle Intermontano / Laderas,SRTM 1 Arc-Sec (30m) / NASADEM / GEDI L4A
PNT-00645,Ciudad de México,CDMX,19.503645,-99.190408,2186.01,2186.4,13.08,7.56,11.91,Valle Intermontano / Laderas,SRTM 1 Arc-Sec (30m) / NASADEM / GEDI L4A
PNT-00646,Ciudad de México,CDMX,19.406815,-99.112573,2188.65,2189.0,10.68,17.48,29.5,Valle Intermontano / Laderas,SRTM 1 Arc-Sec (30m) / NASADEM / GEDI L4A
PNT-00647,Ciudad de México,CDMX,19.452069,-99.083677,2212.66,2212.51,9.89,12.26,14.17,Valle Intermontano / Laderas,SRTM 1 Arc-Sec (30m) / NASADEM / GEDI L4A
PNT-00648,Ciudad de México,CDMX,19.375761,-99.117565,2180.18,2179.89,16.73,4.14,4.3,Valle Intermontano / Laderas,SRTM 1 Arc-Sec (30m) / NASADEM / GEDI L4A
PNT-00649,Ciudad de México,CDMX,19.399984,-99.110153,2457.19,2457.08,15.31,15.74,15.8,Valle Intermontano / Laderas,SRTM 1 Arc-Sec (30m) / NASADEM / GEDI L4A
PNT-00650,Ciudad de México,CDMX,19.427047,-99.08485,2195.73,2195.88,15.2,0.97,1.45,Valle Intermontano / Laderas,SRTM 1 Arc-Sec (30m) / NASADEM / GEDI L4A
PNT-00651,Ciudad de México,CDMX,19.402576,-99.204081,2051.57,2051.48,14.37,1.99,1.88,Valle Intermontano / Laderas,SRTM 1 Arc-Sec (30m) / NASADEM / GEDI L4A
PNT-00652,Ciudad de México,CDMX,19.399676,-99.198638,2096.73,2096.58,11.82,17.63,16.95,Valle Intermontano / Laderas,SRTM 1 Arc-Sec (30m) / NASADEM / GEDI L4A
PNT-00653,Ciudad de México,CDMX,19.506533,-99.180073,2283.14,2283.45,18.61,10.75,14.35,Valle Intermontano / Laderas,SRTM 1 Arc-Sec (30m) / NASADEM / GEDI L4A
PNT-00654,Ciudad de México,CDMX,19.383273,-99.186403,2206.76,2206.66,14.38,14.56,16.58,Valle Intermontano / Laderas,SRTM 1 Arc-Sec (30m) / NASADEM / GEDI L4A
PNT-00655,Ciudad de México,CDMX,19.50433,-99.094932,2368.25,2367.89,12.97,5.26,6.65,Valle Intermontano / Laderas,SRTM 1 Arc-Sec (30m) / NASADEM / GEDI L4A
PNT-00656,Ciudad de México,CDMX,19.388317,-99.093975,2220.68,2220.55,15.15,18.29,22.77,Valle Intermontano / Laderas,SRTM 1 Arc-Sec (30m) / NASADEM / GEDI L4A
PNT-00657,Ciudad de México,CDMX,19.430248,-99.156736,2259.31,2259.52,15.4,15.52,17.72,Valle Intermontano / Laderas,SRTM 1 Arc-Sec (30m) / NASADEM / GEDI L4A
PNT-00658,Ciudad de México,CDMX,19.421391,-99.077245,2401.14,2401.49,9.78,12.03,18.55,Valle Intermontano / Laderas,SRTM 1 Arc-Sec (30m) / NASADEM / GEDI L4A
PNT-00659,Ciudad de México,CDMX,19.480816,-99.077794,2164.92,2164.84,11.48,12.96,16.2,Valle Intermontano / Laderas,SRTM 1 Arc-Sec (30m) / NASADEM / GEDI L4A
PNT-00660,Ciudad de México,CDMX,19.471834,-99.155883,2086.71,2086.91,13.95,10.6,10.64,Valle Intermontano / Laderas,SRTM 1 Arc-Sec (30m) / NASADEM / GEDI L4A
PNT-00661,Ciudad de México,CDMX,19.398706,-99.093223,2037.63,2038.0,11.63,13.73,24.13,Valle Intermontano / Laderas,SRTM 1 Arc-Sec (30m) / NASADEM / GEDI L4A
PNT-00662,Ciudad de México,CDMX,19.420337,-99.136984,2248.07,2248.24,15.8,5.17,6.45,Valle Intermontano / Laderas,SRTM 1 Arc-Sec (30m) / NASADEM / GEDI L4A
PNT-00663,Ciudad de México,CDMX,19.371752,-99.180043,2369.64,2369.68,13.85,3.33,5.09,Valle Intermontano / Laderas,SRTM 1 Arc-Sec (30m) / NASADEM / GEDI L4A
PNT-00664,Ciudad de México,CDMX,19.44804,-99.096,1988.84,1988.96,15.46,1.77,3.0,Valle Intermontano / Laderas,SRTM 1 Arc-Sec (30m) / NASADEM / GEDI L4A
PNT-00665,Ciudad de México,CDMX,19.371101,-99.160545,2291.19,2291.1,16.92,9.26,15.32,Valle Intermontano / Laderas,SRTM 1 Arc-Sec (30m) / NASADEM / GEDI L4A
PNT-00666,Ciudad de México,CDMX,19.406401,-99.073856,2253.09,2253.37,11.42,3.86,4.75,Valle Intermontano / Laderas,SRTM 1 Arc-Sec (30m) / NASADEM / GEDI L4A
PNT-00667,Ciudad de México,CDMX,19.37848,-99.099943,2534.85,2534.61,14.28,4.42,3.72,Valle Intermontano / Laderas,SRTM 1 Arc-Sec (30m) / NASADEM / GEDI L4A
PNT-00668,Ciudad de México,CDMX,19.403531,-99.123441,2295.42,2295.37,15.52,18.13,27.54,Valle Intermontano / Laderas,SRTM 1 Arc-Sec (30m) / NASADEM / GEDI L4A
PNT-00669,Ciudad de México,CDMX,19.500826,-99.128586,2157.89,2157.73,13.45,10.35,14.12,Valle Intermontano / Laderas,SRTM 1 Arc-Sec (30m) / NASADEM / GEDI L4A
PNT-00670,Ciudad de México,CDMX,19.448093,-99.186399,2436.83,2437.21,6.02,13.96,24.05,Valle Intermontano / Laderas,SRTM 1 Arc-Sec (30m) / NASADEM / GEDI L4A
PNT-00671,Ciudad de México,CDMX,19.473954,-99.118325,2316.69,2316.79,7.8,11.65,15.03,Valle Intermontano / Laderas,SRTM 1 Arc-Sec (30m) / NASADEM / GEDI L4A
PNT-00672,Ciudad de México,CDMX,19.436585,-99.159489,2049.34,2049.58,12.36,3.94,3.49,Valle Intermontano / Laderas,SRTM 1 Arc-Sec (30m) / NASADEM / GEDI L4A
PNT-00673,Ciudad de México,CDMX,19.421799,-99.107671,2011.96,2012.01,10.11,6.92,11.99,Valle Intermontano / Laderas,SRTM 1 Arc-Sec (30m) / NASADEM / GEDI L4A
PNT-00674,Ciudad de México,CDMX,19.499623,-99.132621,2399.74,2399.37,8.56,9.28,10.55,Valle Intermontano / Laderas,SRTM 1 Arc-Sec (30m) / NASADEM / GEDI L4A
PNT-00675,Ciudad de México,CDMX,19.499286,-99.21108,2461.86,2461.85,13.44,2.08,3.69,Valle Intermontano / Laderas,SRTM 1 Arc-Sec (30m) / NASADEM / GEDI L4A
PNT-00676,Ciudad de México,CDMX,19.434882,-99.11473,2226.5,2226.44,5.62,1.89,1.71,Valle Intermontano / Laderas,SRTM 1 Arc-Sec (30m) / NASADEM / GEDI L4A
PNT-00677,Ciudad de México,CDMX,19.485996,-99.174629,2243.06,2243.27,6.38,1.65,2.27,Valle Intermontano / Laderas,SRTM 1 Arc-Sec (30m) / NASADEM / GEDI L4A
PNT-00678,Ciudad de México,CDMX,19.371074,-99.207166,2398.97,2398.78,11.15,8.3,6.97,Valle Intermontano / Laderas,SRTM 1 Arc-Sec (30m) / NASADEM / GEDI L4A
PNT-00679,Ciudad de México,CDMX,19.423853,-99.120582,1990.0,1989.85,15.13,2.47,2.88,Valle Intermontano / Laderas,SRTM 1 Arc-Sec (30m) / NASADEM / GEDI L4A
PNT-00680,Ciudad de México,CDMX,19.367919,-99.090345,2277.87,2278.03,16.06,5.78,8.27,Valle Intermontano / Laderas,SRTM 1 Arc-Sec (30m) / NASADEM / GEDI L4A
PNT-00681,Ciudad de México,CDMX,19.424904,-99.135877,2130.73,2130.58,15.83,17.61,15.08,Valle Intermontano / Laderas,SRTM 1 Arc-Sec (30m) / NASADEM / GEDI L4A
PNT-00682,Ciudad de México,CDMX,19.429701,-99.066952,2365.13,2364.93,20.82,6.85,11.32,Valle Intermontano / Laderas,SRTM 1 Arc-Sec (30m) / NASADEM / GEDI L4A
PNT-00683,Ciudad de México,CDMX,19.441475,-99.130641,2225.91,2225.99,13.57,1.97,2.92,Valle Intermontano / Laderas,SRTM 1 Arc-Sec (30m) / NASADEM / GEDI L4A
PNT-00684,Ciudad de México,CDMX,19.501211,-99.120894,2269.81,2270.02,7.96,8.02,13.47,Valle Intermontano / Laderas,SRTM 1 Arc-Sec (30m) / NASADEM / GEDI L4A
PNT-00685,Ciudad de México,CDMX,19.455789,-99.06912,2111.63,2111.48,13.27,4.23,7.23,Valle Intermontano / Laderas,SRTM 1 Arc-Sec (30m) / NASADEM / GEDI L4A
PNT-00686,Ciudad de México,CDMX,19.473664,-99.104776,2116.57,2116.78,9.7,9.27,9.51,Valle Intermontano / Laderas,SRTM 1 Arc-Sec (30m) / NASADEM / GEDI L4A
PNT-00687,Ciudad de México,CDMX,19.45066,-99.206547,2190.98,2190.7,3.97,18.72,18.89,Valle Intermontano / Laderas,SRTM 1 Arc-Sec (30m) / NASADEM / GEDI L4A
PNT-00688,Ciudad de México,CDMX,19.372857,-99.180434,2185.0,2185.05,17.89,0.89,0.74,Valle Intermontano / Laderas,SRTM 1 Arc-Sec (30m) / NASADEM / GEDI L4A
PNT-00689,Ciudad de México,CDMX,19.423332,-99.082335,2356.04,2355.95,12.32,15.85,14.8,Valle Intermontano / Laderas,SRTM 1 Arc-Sec (30m) / NASADEM / GEDI L4A
PNT-00690,Ciudad de México,CDMX,19.501663,-99.092772,2262.55,2262.44,13.67,17.86,19.21,Valle Intermontano / Laderas,SRTM 1 Arc-Sec (30m) / NASADEM / GEDI L4A
PNT-00691,Ciudad de México,CDMX,19.405148,-99.100871,2320.39,2320.58,9.64,1.68,1.99,Valle Intermontano / Laderas,SRTM 1 Arc-Sec (30m) / NASADEM / GEDI L4A
PNT-00692,Ciudad de México,CDMX,19.397242,-99.164282,2403.64,2403.59,10.03,16.59,16.27,Valle Intermontano / Laderas,SRTM 1 Arc-Sec (30m) / NASADEM / GEDI L4A
PNT-00693,Ciudad de México,CDMX,19.50363,-99.177997,2394.71,2394.63,8.89,11.75,14.62,Valle Intermontano / Laderas,SRTM 1 Arc-Sec (30m) / NASADEM / GEDI L4A
PNT-00694,Ciudad de México,CDMX,19.470779,-99.176467,2220.39,2220.37,10.72,3.61,4.17,Valle Intermontano / Laderas,SRTM 1 Arc-Sec (30m) / NASADEM / GEDI L4A
PNT-00695,Ciudad de México,CDMX,19.415997,-99.203817,2369.3,2369.02,12.83,11.56,16.93,Valle Intermontano / Laderas,SRTM 1 Arc-Sec (30m) / NASADEM / GEDI L4A
PNT-00696,Ciudad de México,CDMX,19.419094,-99.100824,2258.38,2257.99,1.52,13.3,19.44,Valle Intermontano / Laderas,SRTM 1 Arc-Sec (30m) / NASADEM / GEDI L4A
PNT-00697,Ciudad de México,CDMX,19.358144,-99.15408,2232.45,2232.45,13.35,17.33,26.29,Valle Intermontano / Laderas,SRTM 1 Arc-Sec (30m) / NASADEM / GEDI L4A
PNT-00698,Ciudad de México,CDMX,19.445131,-99.085351,2222.35,2222.33,16.42,7.64,13.5,Valle Intermontano / Laderas,SRTM 1 Arc-Sec (30m) / NASADEM / GEDI L4A
PNT-00699,Ciudad de México,CDMX,19.463547,-99.199684,2231.85,2231.51,16.51,10.67,12.99,Valle Intermontano / Laderas,SRTM 1 Arc-Sec (30m) / NASADEM / GEDI L4A
PNT-00700,Ciudad de México,CDMX,19.49244,-99.180361,2270.12,2269.76,17.05,18.48,24.26,Valle Intermontano / Laderas,SRTM 1 Arc-Sec (30m) / NASADEM / GEDI L4A
PNT-00701,Ciudad de México,CDMX,19.39854,-99.137895,2181.58,2181.33,15.18,2.89,3.17,Valle Intermontano / Laderas,SRTM 1 Arc-Sec (30m) / NASADEM / GEDI L4A
PNT-00702,Ciudad de México,CDMX,19.476808,-99.13754,2159.36,2159.23,10.05,17.89,20.45,Valle Intermontano / Laderas,SRTM 1 Arc-Sec (30m) / NASADEM / GEDI L4A
PNT-00703,Ciudad de México,CDMX,19.5101,-99.135363,2484.81,2485.2,10.63,1.43,1.28,Valle Intermontano / Laderas,SRTM 1 Arc-Sec (30m) / NASADEM / GEDI L4A
PNT-00704,Ciudad de México,CDMX,19.467273,-99.167908,2226.79,2226.87,7.57,8.42,6.96,Valle Intermontano / Laderas,SRTM 1 Arc-Sec (30m) / NASADEM / GEDI L4A
PNT-00705,Ciudad de México,CDMX,19.47736,-99.211318,2293.43,2293.38,13.05,10.41,13.29,Valle Intermontano / Laderas,SRTM 1 Arc-Sec (30m) / NASADEM / GEDI L4A
PNT-00706,Ciudad de México,CDMX,19.414273,-99.071012,2198.67,2198.76,14.94,17.65,31.1,Valle Intermontano / Laderas,SRTM 1 Arc-Sec (30m) / NASADEM / GEDI L4A
PNT-00707,Ciudad de México,CDMX,19.433433,-99.140548,2272.89,2272.72,7.64,5.66,6.82,Valle Intermontano / Laderas,SRTM 1 Arc-Sec (30m) / NASADEM / GEDI L4A
PNT-00708,Ciudad de México,CDMX,19.511807,-99.204205,2132.84,2132.56,12.6,8.63,11.31,Valle Intermontano / Laderas,SRTM 1 Arc-Sec (30m) / NASADEM / GEDI L4A
PNT-00709,Ciudad de México,CDMX,19.393407,-99.162367,2205.39,2205.76,9.85,17.98,20.41,Valle Intermontano / Laderas,SRTM 1 Arc-Sec (30m) / NASADEM / GEDI L4A
PNT-00710,Ciudad de México,CDMX,19.443337,-99.067465,2196.74,2196.55,12.1,8.82,13.17,Valle Intermontano / Laderas,SRTM 1 Arc-Sec (30m) / NASADEM / GEDI L4A
PNT-00711,Ciudad de México,CDMX,19.469306,-99.053733,2283.8,2283.83,4.78,8.0,7.75,Valle Intermontano / Laderas,SRTM 1 Arc-Sec (30m) / NASADEM / GEDI L4A
PNT-00712,Ciudad de México,CDMX,19.508393,-99.076469,2579.06,2578.84,11.84,10.56,15.79,Valle Intermontano / Laderas,SRTM 1 Arc-Sec (30m) / NASADEM / GEDI L4A
PNT-00713,Ciudad de México,CDMX,19.434427,-99.054554,2027.93,2028.15,17.42,3.65,4.32,Valle Intermontano / Laderas,SRTM 1 Arc-Sec (30m) / NASADEM / GEDI L4A
PNT-00714,Ciudad de México,CDMX,19.407513,-99.143911,2228.55,2228.79,18.04,11.17,12.76,Valle Intermontano / Laderas,SRTM 1 Arc-Sec (30m) / NASADEM / GEDI L4A
PNT-00715,Ciudad de México,CDMX,19.481597,-99.174874,2243.4,2243.21,5.83,0.67,0.97,Valle Intermontano / Laderas,SRTM 1 Arc-Sec (30m) / NASADEM / GEDI L4A
PNT-00716,Ciudad de México,CDMX,19.433775,-99.141717,2249.7,2249.99,13.89,3.08,4.22,Valle Intermontano / Laderas,SRTM 1 Arc-Sec (30m) / NASADEM / GEDI L4A
PNT-00717,Ciudad de México,CDMX,19.490877,-99.119703,2127.13,2126.8,17.7,8.97,10.71,Valle Intermontano / Laderas,SRTM 1 Arc-Sec (30m) / NASADEM / GEDI L4A
PNT-00718,Ciudad de México,CDMX,19.49073,-99.173961,2138.7,2139.02,7.01,18.38,22.85,Valle Intermontano / Laderas,SRTM 1 Arc-Sec (30m) / NASADEM / GEDI L4A
PNT-00719,Ciudad de México,CDMX,19.40336,-99.128825,2088.63,2088.82,15.72,1.46,1.24,Valle Intermontano / Laderas,SRTM 1 Arc-Sec (30m) / NASADEM / GEDI L4A
PNT-00720,Ciudad de México,CDMX,19.413806,-99.156444,2226.89,2226.75,4.02,4.06,4.5,Valle Intermontano / Laderas,SRTM 1 Arc-Sec (30m) / NASADEM / GEDI L4A
PNT-00721,Ciudad de México,CDMX,19.507985,-99.147222,2522.58,2522.97,5.95,4.97,7.36,Valle Intermontano / Laderas,SRTM 1 Arc-Sec (30m) / NASADEM / GEDI L4A
PNT-00722,Ciudad de México,CDMX,19.466558,-99.115828,2275.4,2275.05,9.56,11.53,17.75,Valle Intermontano / Laderas,SRTM 1 Arc-Sec (30m) / NASADEM / GEDI L4A
PNT-00723,Ciudad de México,CDMX,19.385755,-99.07834,2039.65,2039.36,11.17,18.14,15.83,Valle Intermontano / Laderas,SRTM 1 Arc-Sec (30m) / NASADEM / GEDI L4A
PNT-00724,Ciudad de México,CDMX,19.383855,-99.157348,2349.95,2349.65,20.74,5.86,6.09,Valle Intermontano / Laderas,SRTM 1 Arc-Sec (30m) / NASADEM / GEDI L4A
PNT-00725,Ciudad de México,CDMX,19.386167,-99.147217,2108.49,2108.38,14.81,7.73,13.73,Valle Intermontano / Laderas,SRTM 1 Arc-Sec (30m) / NASADEM / GEDI L4A
PNT-00726,Ciudad de México,CDMX,19.504747,-99.084978,2086.48,2086.48,8.43,14.89,24.69,Valle Intermontano / Laderas,SRTM 1 Arc-Sec (30m) / NASADEM / GEDI L4A
PNT-00727,Ciudad de México,CDMX,19.487178,-99.155452,2087.79,2087.44,16.51,13.48,10.92,Valle Intermontano / Laderas,SRTM 1 Arc-Sec (30m) / NASADEM / GEDI L4A
PNT-00728,Ciudad de México,CDMX,19.417469,-99.160299,2381.3,2381.14,15.04,15.52,16.98,Valle Intermontano / Laderas,SRTM 1 Arc-Sec (30m) / NASADEM / GEDI L4A
PNT-00729,Ciudad de México,CDMX,19.423412,-99.096677,2331.98,2332.07,7.39,17.43,16.67,Valle Intermontano / Laderas,SRTM 1 Arc-Sec (30m) / NASADEM / GEDI L4A
PNT-00730,Ciudad de México,CDMX,19.472288,-99.122077,2212.94,2212.81,4.93,11.22,18.95,Valle Intermontano / Laderas,SRTM 1 Arc-Sec (30m) / NASADEM / GEDI L4A
PNT-00731,Ciudad de México,CDMX,19.443089,-99.111924,2151.72,2151.51,12.11,9.6,10.66,Valle Intermontano / Laderas,SRTM 1 Arc-Sec (30m) / NASADEM / GEDI L4A
PNT-00732,Ciudad de México,CDMX,19.381082,-99.132339,2084.25,2084.22,8.62,2.97,5.13,Valle Intermontano / Laderas,SRTM 1 Arc-Sec (30m) / NASADEM / GEDI L4A
PNT-00733,Ciudad de México,CDMX,19.490832,-99.099781,2270.65,2270.9,10.7,14.7,13.44,Valle Intermontano / Laderas,SRTM 1 Arc-Sec (30m) / NASADEM / GEDI L4A
PNT-00734,Ciudad de México,CDMX,19.455025,-99.079508,2490.96,2490.93,15.93,10.28,8.58,Valle Intermontano / Laderas,SRTM 1 Arc-Sec (30m) / NASADEM / GEDI L4A
PNT-00735,Ciudad de México,CDMX,19.454234,-99.199968,2004.8,2004.84,9.82,2.97,4.43,Valle Intermontano / Laderas,SRTM 1 Arc-Sec (30m) / NASADEM / GEDI L4A
PNT-00736,Ciudad de México,CDMX,19.479202,-99.186863,2250.63,2250.6,16.22,2.47,3.58,Valle Intermontano / Laderas,SRTM 1 Arc-Sec (30m) / NASADEM / GEDI L4A
PNT-00737,Ciudad de México,CDMX,19.49088,-99.08049,2149.98,2149.67,12.79,1.41,1.49,Valle Intermontano / Laderas,SRTM 1 Arc-Sec (30m) / NASADEM / GEDI L4A
PNT-00738,Ciudad de México,CDMX,19.373706,-99.171392,2317.75,2317.84,11.4,15.95,24.09,Valle Intermontano / Laderas,SRTM 1 Arc-Sec (30m) / NASADEM / GEDI L4A
PNT-00739,Ciudad de México,CDMX,19.370001,-99.095253,2353.35,2353.22,6.57,18.96,20.16,Valle Intermontano / Laderas,SRTM 1 Arc-Sec (30m) / NASADEM / GEDI L4A
PNT-00740,Ciudad de México,CDMX,19.396661,-99.064092,2343.05,2343.43,14.05,18.55,16.05,Valle Intermontano / Laderas,SRTM 1 Arc-Sec (30m) / NASADEM / GEDI L4A
PNT-00741,Ciudad de México,CDMX,19.483494,-99.10959,2121.3,2121.42,13.39,18.68,31.98,Valle Intermontano / Laderas,SRTM 1 Arc-Sec (30m) / NASADEM / GEDI L4A
PNT-00742,Ciudad de México,CDMX,19.422261,-99.206608,2386.03,2386.19,10.17,9.0,7.7,Valle Intermontano / Laderas,SRTM 1 Arc-Sec (30m) / NASADEM / GEDI L4A
PNT-00743,Ciudad de México,CDMX,19.420303,-99.137956,2267.06,2266.91,14.44,10.22,8.85,Valle Intermontano / Laderas,SRTM 1 Arc-Sec (30m) / NASADEM / GEDI L4A
PNT-00744,Ciudad de México,CDMX,19.507611,-99.15539,1944.21,1944.36,10.66,12.75,19.32,Valle Intermontano / Laderas,SRTM 1 Arc-Sec (30m) / NASADEM / GEDI L4A
PNT-00745,Ciudad de México,CDMX,19.394903,-99.162493,2287.3,2286.93,8.62,11.56,19.3,Valle Intermontano / Laderas,SRTM 1 Arc-Sec (30m) / NASADEM / GEDI L4A
PNT-00746,Ciudad de México,CDMX,19.494533,-99.141154,2131.64,2131.78,11.69,15.69,16.39,Valle Intermontano / Laderas,SRTM 1 Arc-Sec (30m) / NASADEM / GEDI L4A
PNT-00747,Ciudad de México,CDMX,19.419408,-99.078786,2194.02,2194.06,14.0,4.06,3.66,Valle Intermontano / Laderas,SRTM 1 Arc-Sec (30m) / NASADEM / GEDI L4A
PNT-00748,Ciudad de México,CDMX,19.497779,-99.081719,2211.31,2211.18,16.72,10.61,9.46,Valle Intermontano / Laderas,SRTM 1 Arc-Sec (30m) / NASADEM / GEDI L4A
PNT-00749,Ciudad de México,CDMX,19.473063,-99.11981,2173.18,2172.93,10.01,1.55,2.15,Valle Intermontano / Laderas,SRTM 1 Arc-Sec (30m) / NASADEM / GEDI L4A
PNT-00750,Ciudad de México,CDMX,19.486456,-99.2102,2252.92,2253.18,9.63,6.54,7.52,Valle Intermontano / Laderas,SRTM 1 Arc-Sec (30m) / NASADEM / GEDI L4A
PNT-00751,Ciudad de México,CDMX,19.447415,-99.169126,2400.46,2400.65,19.4,12.99,13.07,Valle Intermontano / Laderas,SRTM 1 Arc-Sec (30m) / NASADEM / GEDI L4A
PNT-00752,Ciudad de México,CDMX,19.408397,-99.192822,2291.72,2292.01,8.78,18.31,26.15,Valle Intermontano / Laderas,SRTM 1 Arc-Sec (30m) / NASADEM / GEDI L4A
PNT-00753,Ciudad de México,CDMX,19.381456,-99.196096,2283.63,2283.72,17.14,14.96,22.49,Valle Intermontano / Laderas,SRTM 1 Arc-Sec (30m) / NASADEM / GEDI L4A
PNT-00754,Ciudad de México,CDMX,19.485513,-99.204006,2326.09,2325.92,13.8,12.35,13.76,Valle Intermontano / Laderas,SRTM 1 Arc-Sec (30m) / NASADEM / GEDI L4A
PNT-00755,Ciudad de México,CDMX,19.505275,-99.207652,2078.74,2078.91,13.14,3.75,3.88,Valle Intermontano / Laderas,SRTM 1 Arc-Sec (30m) / NASADEM / GEDI L4A
PNT-00756,Ciudad de México,CDMX,19.431099,-99.066626,2177.79,2178.0,10.51,9.76,16.71,Valle Intermontano / Laderas,SRTM 1 Arc-Sec (30m) / NASADEM / GEDI L4A
PNT-00757,Ciudad de México,CDMX,19.375458,-99.109652,2160.44,2160.59,10.17,11.48,17.85,Valle Intermontano / Laderas,SRTM 1 Arc-Sec (30m) / NASADEM / GEDI L4A
PNT-00758,Ciudad de México,CDMX,19.401514,-99.141325,2270.93,2270.76,11.82,5.95,6.87,Valle Intermontano / Laderas,SRTM 1 Arc-Sec (30m) / NASADEM / GEDI L4A
PNT-00759,Ciudad de México,CDMX,19.442335,-99.172628,2211.1,2211.42,13.52,2.41,3.51,Valle Intermontano / Laderas,SRTM 1 Arc-Sec (30m) / NASADEM / GEDI L4A
PNT-00760,Ciudad de México,CDMX,19.497118,-99.186,2233.36,2233.72,13.96,13.02,14.34,Valle Intermontano / Laderas,SRTM 1 Arc-Sec (30m) / NASADEM / GEDI L4A
PNT-00761,Ciudad de México,CDMX,19.382128,-99.164402,2215.98,2216.22,8.35,3.12,2.9,Valle Intermontano / Laderas,SRTM 1 Arc-Sec (30m) / NASADEM / GEDI L4A
PNT-00762,Ciudad de México,CDMX,19.454949,-99.181451,2421.8,2421.83,6.96,13.03,19.32,Valle Intermontano / Laderas,SRTM 1 Arc-Sec (30m) / NASADEM / GEDI L4A
PNT-00763,Ciudad de México,CDMX,19.452597,-99.170424,2232.83,2233.14,9.8,11.04,18.02,Valle Intermontano / Laderas,SRTM 1 Arc-Sec (30m) / NASADEM / GEDI L4A
PNT-00764,Ciudad de México,CDMX,19.51066,-99.186821,2387.22,2387.6,16.8,18.73,27.85,Valle Intermontano / Laderas,SRTM 1 Arc-Sec (30m) / NASADEM / GEDI L4A
PNT-00765,Ciudad de México,CDMX,19.390978,-99.085231,2269.25,2269.58,10.79,7.58,10.84,Valle Intermontano / Laderas,SRTM 1 Arc-Sec (30m) / NASADEM / GEDI L4A
PNT-00766,Ciudad de México,CDMX,19.420823,-99.142958,2384.33,2384.68,8.91,17.9,17.45,Valle Intermontano / Laderas,SRTM 1 Arc-Sec (30m) / NASADEM / GEDI L4A
PNT-00767,Ciudad de México,CDMX,19.491959,-99.095011,2226.44,2226.25,11.77,17.38,24.91,Valle Intermontano / Laderas,SRTM 1 Arc-Sec (30m) / NASADEM / GEDI L4A
PNT-00768,Ciudad de México,CDMX,19.467369,-99.171856,2435.73,2435.45,6.3,15.73,16.28,Valle Intermontano / Laderas,SRTM 1 Arc-Sec (30m) / NASADEM / GEDI L4A
PNT-00769,Ciudad de México,CDMX,19.456365,-99.148168,2119.0,2118.61,12.88,17.33,18.54,Valle Intermontano / Laderas,SRTM 1 Arc-Sec (30m) / NASADEM / GEDI L4A
PNT-00770,Ciudad de México,CDMX,19.483148,-99.053104,2147.34,2147.47,8.63,18.36,31.5,Valle Intermontano / Laderas,SRTM 1 Arc-Sec (30m) / NASADEM / GEDI L4A
PNT-00771,Ciudad de México,CDMX,19.43246,-99.085782,2159.48,2159.3,10.8,15.6,18.38,Valle Intermontano / Laderas,SRTM 1 Arc-Sec (30m) / NASADEM / GEDI L4A
PNT-00772,Ciudad de México,CDMX,19.366144,-99.158244,2243.79,2243.72,12.42,3.58,6.39,Valle Intermontano / Laderas,SRTM 1 Arc-Sec (30m) / NASADEM / GEDI L4A
PNT-00773,Ciudad de México,CDMX,19.483336,-99.167964,2268.28,2268.62,8.06,9.69,15.92,Valle Intermontano / Laderas,SRTM 1 Arc-Sec (30m) / NASADEM / GEDI L4A
PNT-00774,Ciudad de México,CDMX,19.423342,-99.099627,2136.11,2136.0,14.19,12.29,10.7,Valle Intermontano / Laderas,SRTM 1 Arc-Sec (30m) / NASADEM / GEDI L4A
PNT-00775,Ciudad de México,CDMX,19.409846,-99.127432,2238.9,2239.15,12.63,8.49,13.55,Valle Intermontano / Laderas,SRTM 1 Arc-Sec (30m) / NASADEM / GEDI L4A
PNT-00776,Ciudad de México,CDMX,19.447266,-99.071145,2473.53,2473.63,6.09,8.22,7.76,Valle Intermontano / Laderas,SRTM 1 Arc-Sec (30m) / NASADEM / GEDI L4A
PNT-00777,Ciudad de México,CDMX,19.36697,-99.210333,2193.4,2193.17,13.96,14.12,15.81,Valle Intermontano / Laderas,SRTM 1 Arc-Sec (30m) / NASADEM / GEDI L4A
PNT-00778,Ciudad de México,CDMX,19.432967,-99.186998,2204.14,2204.35,16.15,3.16,2.56,Valle Intermontano / Laderas,SRTM 1 Arc-Sec (30m) / NASADEM / GEDI L4A
PNT-00779,Ciudad de México,CDMX,19.355196,-99.119144,2394.71,2394.32,0.65,8.32,12.63,Valle Intermontano / Laderas,SRTM 1 Arc-Sec (30m) / NASADEM / GEDI L4A
PNT-00780,Ciudad de México,CDMX,19.422831,-99.095845,2330.68,2330.75,9.71,4.4,4.56,Valle Intermontano / Laderas,SRTM 1 Arc-Sec (30m) / NASADEM / GEDI L4A
PNT-00781,Ciudad de México,CDMX,19.452485,-99.08021,2031.43,2031.72,9.84,12.88,16.08,Valle Intermontano / Laderas,SRTM 1 Arc-Sec (30m) / NASADEM / GEDI L4A
PNT-00782,Ciudad de México,CDMX,19.430064,-99.180319,2042.27,2042.67,17.26,9.38,12.06,Valle Intermontano / Laderas,SRTM 1 Arc-Sec (30m) / NASADEM / GEDI L4A
PNT-00783,Ciudad de México,CDMX,19.442536,-99.066319,2209.54,2209.71,17.56,11.35,14.67,Valle Intermontano / Laderas,SRTM 1 Arc-Sec (30m) / NASADEM / GEDI L4A
PNT-00784,Ciudad de México,CDMX,19.382771,-99.13877,2278.06,2277.93,11.31,18.12,24.15,Valle Intermontano / Laderas,SRTM 1 Arc-Sec (30m) / NASADEM / GEDI L4A
PNT-00785,Ciudad de México,CDMX,19.453047,-99.12613,2197.43,2197.11,8.24,12.02,14.99,Valle Intermontano / Laderas,SRTM 1 Arc-Sec (30m) / NASADEM / GEDI L4A
PNT-00786,Ciudad de México,CDMX,19.476478,-99.177725,2196.33,2196.67,7.37,13.64,16.63,Valle Intermontano / Laderas,SRTM 1 Arc-Sec (30m) / NASADEM / GEDI L4A
PNT-00787,Ciudad de México,CDMX,19.434764,-99.199526,2328.06,2327.75,5.47,18.37,17.91,Valle Intermontano / Laderas,SRTM 1 Arc-Sec (30m) / NASADEM / GEDI L4A
PNT-00788,Ciudad de México,CDMX,19.455685,-99.173727,2365.72,2365.86,14.93,11.87,20.09,Valle Intermontano / Laderas,SRTM 1 Arc-Sec (30m) / NASADEM / GEDI L4A
PNT-00789,Ciudad de México,CDMX,19.36458,-99.160054,2438.59,2438.74,9.2,4.42,4.59,Valle Intermontano / Laderas,SRTM 1 Arc-Sec (30m) / NASADEM / GEDI L4A
PNT-00790,Ciudad de México,CDMX,19.397006,-99.14722,2068.36,2067.97,7.01,13.08,21.26,Valle Intermontano / Laderas,SRTM 1 Arc-Sec (30m) / NASADEM / GEDI L4A
PNT-00791,Ciudad de México,CDMX,19.375457,-99.187453,2308.87,2308.51,17.09,12.02,13.33,Valle Intermontano / Laderas,SRTM 1 Arc-Sec (30m) / NASADEM / GEDI L4A
PNT-00792,Ciudad de México,CDMX,19.410996,-99.089843,2186.21,2186.57,16.97,8.02,12.61,Valle Intermontano / Laderas,SRTM 1 Arc-Sec (30m) / NASADEM / GEDI L4A
PNT-00793,Ciudad de México,CDMX,19.42942,-99.069395,2157.87,2158.11,14.37,16.23,17.68,Valle Intermontano / Laderas,SRTM 1 Arc-Sec (30m) / NASADEM / GEDI L4A
PNT-00794,Ciudad de México,CDMX,19.504362,-99.205022,2257.07,2257.13,7.29,12.44,10.16,Valle Intermontano / Laderas,SRTM 1 Arc-Sec (30m) / NASADEM / GEDI L4A
PNT-00795,Ciudad de México,CDMX,19.505659,-99.205866,2337.58,2337.71,12.45,15.72,12.78,Valle Intermontano / Laderas,SRTM 1 Arc-Sec (30m) / NASADEM / GEDI L4A
PNT-00796,Ciudad de México,CDMX,19.438722,-99.13947,2133.37,2133.52,11.99,9.81,15.35,Valle Intermontano / Laderas,SRTM 1 Arc-Sec (30m) / NASADEM / GEDI L4A
PNT-00797,Ciudad de México,CDMX,19.429647,-99.189099,2098.77,2099.07,13.89,11.84,11.33,Valle Intermontano / Laderas,SRTM 1 Arc-Sec (30m) / NASADEM / GEDI L4A
PNT-00798,Ciudad de México,CDMX,19.505974,-99.130062,2266.1,2265.9,9.4,15.37,24.87,Valle Intermontano / Laderas,SRTM 1 Arc-Sec (30m) / NASADEM / GEDI L4A
PNT-00799,Ciudad de México,CDMX,19.508632,-99.132701,2456.59,2456.3,10.86,10.62,14.3,Valle Intermontano / Laderas,SRTM 1 Arc-Sec (30m) / NASADEM / GEDI L4A
PNT-00800,Ciudad de México,CDMX,19.366316,-99.146123,2318.93,2318.63,10.52,13.82,12.45,Valle Intermontano / Laderas,SRTM 1 Arc-Sec (30m) / NASADEM / GEDI L4A
PNT-00801,Monterrey,Nuevo León,25.705702,-100.339029,333.72,333.83,14.89,10.11,15.3,Valle / Sierra Escarpada,SRTM 1 Arc-Sec (30m) / NASADEM / GEDI L4A
PNT-00802,Monterrey,Nuevo León,25.745788,-100.375712,620.96,620.66,16.09,17.36,16.68,Valle / Sierra Escarpada,SRTM 1 Arc-Sec (30m) / NASADEM / GEDI L4A
PNT-00803,Monterrey,Nuevo León,25.718056,-100.274581,544.71,544.96,8.1,36.59,48.06,Valle / Sierra Escarpada,SRTM 1 Arc-Sec (30m) / NASADEM / GEDI L4A
PNT-00804,Monterrey,Nuevo León,25.758045,-100.31029,874.35,874.34,10.69,19.04,24.57,Valle / Sierra Escarpada,SRTM 1 Arc-Sec (30m) / NASADEM / GEDI L4A
PNT-00805,Monterrey,Nuevo León,25.741486,-100.262889,15.89,15.88,8.09,22.85,23.73,Valle / Sierra Escarpada,SRTM 1 Arc-Sec (30m) / NASADEM / GEDI L4A
PNT-00806,Monterrey,Nuevo León,25.733033,-100.318163,312.69,312.48,10.76,37.08,40.98,Valle / Sierra Escarpada,SRTM 1 Arc-Sec (30m) / NASADEM / GEDI L4A
PNT-00807,Monterrey,Nuevo León,25.633017,-100.322292,690.72,690.76,4.2,14.68,18.31,Valle / Sierra Escarpada,SRTM 1 Arc-Sec (30m) / NASADEM / GEDI L4A
PNT-00808,Monterrey,Nuevo León,25.760483,-100.335624,273.25,273.22,8.76,29.91,30.09,Valle / Sierra Escarpada,SRTM 1 Arc-Sec (30m) / NASADEM / GEDI L4A
PNT-00809,Monterrey,Nuevo León,25.719487,-100.392616,982.46,982.33,10.32,22.51,22.62,Valle / Sierra Escarpada,SRTM 1 Arc-Sec (30m) / NASADEM / GEDI L4A
PNT-00810,Monterrey,Nuevo León,25.724719,-100.387635,429.91,430.21,13.66,14.53,22.12,Valle / Sierra Escarpada,SRTM 1 Arc-Sec (30m) / NASADEM / GEDI L4A
PNT-00811,Monterrey,Nuevo León,25.657076,-100.251054,490.93,490.92,11.26,4.3,4.28,Valle / Sierra Escarpada,SRTM 1 Arc-Sec (30m) / NASADEM / GEDI L4A
PNT-00812,Monterrey,Nuevo León,25.757003,-100.239762,750.87,750.91,11.2,11.4,17.13,Valle / Sierra Escarpada,SRTM 1 Arc-Sec (30m) / NASADEM / GEDI L4A
PNT-00813,Monterrey,Nuevo León,25.711424,-100.23774,809.32,808.96,7.25,5.5,4.42,Valle / Sierra Escarpada,SRTM 1 Arc-Sec (30m) / NASADEM / GEDI L4A
PNT-00814,Monterrey,Nuevo León,25.765914,-100.267636,555.67,555.51,17.96,6.92,7.51,Valle / Sierra Escarpada,SRTM 1 Arc-Sec (30m) / NASADEM / GEDI L4A
PNT-00815,Monterrey,Nuevo León,25.666155,-100.27499,290.02,289.63,12.3,5.07,6.14,Valle / Sierra Escarpada,SRTM 1 Arc-Sec (30m) / NASADEM / GEDI L4A
PNT-00816,Monterrey,Nuevo León,25.755311,-100.294016,491.53,491.42,17.61,5.3,8.88,Valle / Sierra Escarpada,SRTM 1 Arc-Sec (30m) / NASADEM / GEDI L4A
PNT-00817,Monterrey,Nuevo León,25.731306,-100.369101,1.0,1.1,22.2,36.97,51.01,Valle / Sierra Escarpada,SRTM 1 Arc-Sec (30m) / NASADEM / GEDI L4A
PNT-00818,Monterrey,Nuevo León,25.692435,-100.387948,330.07,330.34,13.66,7.05,7.76,Valle / Sierra Escarpada,SRTM 1 Arc-Sec (30m) / NASADEM / GEDI L4A
PNT-00819,Monterrey,Nuevo León,25.645836,-100.336431,516.48,516.41,5.26,38.49,32.94,Valle / Sierra Escarpada,SRTM 1 Arc-Sec (30m) / NASADEM / GEDI L4A
PNT-00820,Monterrey,Nuevo León,25.628749,-100.387548,374.39,374.66,12.6,20.55,27.27,Valle / Sierra Escarpada,SRTM 1 Arc-Sec (30m) / NASADEM / GEDI L4A
PNT-00821,Monterrey,Nuevo León,25.695855,-100.36867,351.52,351.59,7.94,9.14,8.38,Valle / Sierra Escarpada,SRTM 1 Arc-Sec (30m) / NASADEM / GEDI L4A
PNT-00822,Monterrey,Nuevo León,25.761219,-100.392483,721.08,720.92,14.46,6.33,5.99,Valle / Sierra Escarpada,SRTM 1 Arc-Sec (30m) / NASADEM / GEDI L4A
PNT-00823,Monterrey,Nuevo León,25.717589,-100.293151,275.76,275.55,13.9,33.03,33.34,Valle / Sierra Escarpada,SRTM 1 Arc-Sec (30m) / NASADEM / GEDI L4A
PNT-00824,Monterrey,Nuevo León,25.617604,-100.283475,772.37,772.49,11.3,4.62,8.08,Valle / Sierra Escarpada,SRTM 1 Arc-Sec (30m) / NASADEM / GEDI L4A
PNT-00825,Monterrey,Nuevo León,25.647369,-100.342046,363.47,363.47,11.5,5.86,7.04,Valle / Sierra Escarpada,SRTM 1 Arc-Sec (30m) / NASADEM / GEDI L4A
PNT-00826,Monterrey,Nuevo León,25.662114,-100.272346,406.08,405.97,13.51,15.31,14.57,Valle / Sierra Escarpada,SRTM 1 Arc-Sec (30m) / NASADEM / GEDI L4A
PNT-00827,Monterrey,Nuevo León,25.733753,-100.282843,386.08,385.76,7.39,24.95,22.99,Valle / Sierra Escarpada,SRTM 1 Arc-Sec (30m) / NASADEM / GEDI L4A
PNT-00828,Monterrey,Nuevo León,25.763749,-100.271091,952.94,953.27,4.56,22.14,21.58,Valle / Sierra Escarpada,SRTM 1 Arc-Sec (30m) / NASADEM / GEDI L4A
PNT-00829,Monterrey,Nuevo León,25.666593,-100.261097,958.85,959.14,17.17,34.99,60.18,Valle / Sierra Escarpada,SRTM 1 Arc-Sec (30m) / NASADEM / GEDI L4A
PNT-00830,Monterrey,Nuevo León,25.621176,-100.30894,808.23,808.32,15.24,7.5,11.98,Valle / Sierra Escarpada,SRTM 1 Arc-Sec (30m) / NASADEM / GEDI L4A
PNT-00831,Monterrey,Nuevo León,25.721218,-100.382218,139.93,139.8,11.43,1.88,2.26,Valle / Sierra Escarpada,SRTM 1 Arc-Sec (30m) / NASADEM / GEDI L4A
PNT-00832,Monterrey,Nuevo León,25.69398,-100.296867,840.56,840.33,13.89,5.75,9.5,Valle / Sierra Escarpada,SRTM 1 Arc-Sec (30m) / NASADEM / GEDI L4A
PNT-00833,Monterrey,Nuevo León,25.631058,-100.240038,540.98,541.37,16.92,4.88,5.38,Valle / Sierra Escarpada,SRTM 1 Arc-Sec (30m) / NASADEM / GEDI L4A
PNT-00834,Monterrey,Nuevo León,25.708116,-100.339999,1223.71,1223.83,16.8,10.86,12.65,Valle / Sierra Escarpada,SRTM 1 Arc-Sec (30m) / NASADEM / GEDI L4A
PNT-00835,Monterrey,Nuevo León,25.740989,-100.364809,614.46,614.67,17.01,28.17,28.38,Valle / Sierra Escarpada,SRTM 1 Arc-Sec (30m) / NASADEM / GEDI L4A
PNT-00836,Monterrey,Nuevo León,25.69701,-100.257164,688.63,688.59,11.72,6.6,7.85,Valle / Sierra Escarpada,SRTM 1 Arc-Sec (30m) / NASADEM / GEDI L4A
PNT-00837,Monterrey,Nuevo León,25.758272,-100.344845,336.74,336.92,11.06,12.98,20.55,Valle / Sierra Escarpada,SRTM 1 Arc-Sec (30m) / NASADEM / GEDI L4A
PNT-00838,Monterrey,Nuevo León,25.676825,-100.318357,368.27,368.22,17.23,15.42,18.0,Valle / Sierra Escarpada,SRTM 1 Arc-Sec (30m) / NASADEM / GEDI L4A
PNT-00839,Monterrey,Nuevo León,25.690151,-100.266592,660.78,660.92,3.12,11.38,12.26,Valle / Sierra Escarpada,SRTM 1 Arc-Sec (30m) / NASADEM / GEDI L4A
PNT-00840,Monterrey,Nuevo León,25.755346,-100.280234,1115.96,1115.58,15.88,24.56,32.16,Valle / Sierra Escarpada,SRTM 1 Arc-Sec (30m) / NASADEM / GEDI L4A
PNT-00841,Monterrey,Nuevo León,25.69332,-100.338492,504.41,504.38,14.27,3.19,2.67,Valle / Sierra Escarpada,SRTM 1 Arc-Sec (30m) / NASADEM / GEDI L4A
PNT-00842,Monterrey,Nuevo León,25.720749,-100.309905,34.53,34.73,12.22,7.56,7.48,Valle / Sierra Escarpada,SRTM 1 Arc-Sec (30m) / NASADEM / GEDI L4A
PNT-00843,Monterrey,Nuevo León,25.679714,-100.350195,767.18,767.3,6.9,32.37,39.42,Valle / Sierra Escarpada,SRTM 1 Arc-Sec (30m) / NASADEM / GEDI L4A
PNT-00844,Monterrey,Nuevo León,25.617694,-100.352213,557.71,557.88,13.14,1.48,1.95,Valle / Sierra Escarpada,SRTM 1 Arc-Sec (30m) / NASADEM / GEDI L4A
PNT-00845,Monterrey,Nuevo León,25.612005,-100.304923,1.0,1.36,20.17,26.66,23.06,Valle / Sierra Escarpada,SRTM 1 Arc-Sec (30m) / NASADEM / GEDI L4A
PNT-00846,Monterrey,Nuevo León,25.680516,-100.357561,1.0,1.07,5.3,14.69,14.17,Valle / Sierra Escarpada,SRTM 1 Arc-Sec (30m) / NASADEM / GEDI L4A
PNT-00847,Monterrey,Nuevo León,25.686595,-100.263168,156.8,157.15,17.02,35.68,36.01,Valle / Sierra Escarpada,SRTM 1 Arc-Sec (30m) / NASADEM / GEDI L4A
PNT-00848,Monterrey,Nuevo León,25.612307,-100.277391,612.07,612.09,15.61,2.25,2.35,Valle / Sierra Escarpada,SRTM 1 Arc-Sec (30m) / NASADEM / GEDI L4A
PNT-00849,Monterrey,Nuevo León,25.679538,-100.295439,1043.4,1043.22,13.53,22.56,20.04,Valle / Sierra Escarpada,SRTM 1 Arc-Sec (30m) / NASADEM / GEDI L4A
PNT-00850,Monterrey,Nuevo León,25.672186,-100.275974,535.45,535.31,4.79,17.85,29.58,Valle / Sierra Escarpada,SRTM 1 Arc-Sec (30m) / NASADEM / GEDI L4A
PNT-00851,Monterrey,Nuevo León,25.715473,-100.254809,645.91,645.56,10.91,34.79,39.28,Valle / Sierra Escarpada,SRTM 1 Arc-Sec (30m) / NASADEM / GEDI L4A
PNT-00852,Monterrey,Nuevo León,25.656334,-100.314066,831.39,831.31,10.44,8.73,10.69,Valle / Sierra Escarpada,SRTM 1 Arc-Sec (30m) / NASADEM / GEDI L4A
PNT-00853,Monterrey,Nuevo León,25.667688,-100.249533,549.73,550.12,18.43,18.79,16.13,Valle / Sierra Escarpada,SRTM 1 Arc-Sec (30m) / NASADEM / GEDI L4A
PNT-00854,Monterrey,Nuevo León,25.647964,-100.326229,300.55,300.62,15.56,28.47,49.57,Valle / Sierra Escarpada,SRTM 1 Arc-Sec (30m) / NASADEM / GEDI L4A
PNT-00855,Monterrey,Nuevo León,25.747062,-100.313569,643.68,643.72,17.91,5.54,5.13,Valle / Sierra Escarpada,SRTM 1 Arc-Sec (30m) / NASADEM / GEDI L4A
PNT-00856,Monterrey,Nuevo León,25.690725,-100.352982,566.79,566.82,10.3,37.82,48.57,Valle / Sierra Escarpada,SRTM 1 Arc-Sec (30m) / NASADEM / GEDI L4A
PNT-00857,Monterrey,Nuevo León,25.616176,-100.30773,1.0,1.33,9.18,8.43,11.93,Valle / Sierra Escarpada,SRTM 1 Arc-Sec (30m) / NASADEM / GEDI L4A
PNT-00858,Monterrey,Nuevo León,25.670914,-100.389427,144.34,144.49,8.68,37.06,39.58,Valle / Sierra Escarpada,SRTM 1 Arc-Sec (30m) / NASADEM / GEDI L4A
PNT-00859,Monterrey,Nuevo León,25.735835,-100.387142,302.27,302.62,12.27,30.17,43.99,Valle / Sierra Escarpada,SRTM 1 Arc-Sec (30m) / NASADEM / GEDI L4A
PNT-00860,Monterrey,Nuevo León,25.737823,-100.292397,550.07,549.76,15.22,21.17,19.62,Valle / Sierra Escarpada,SRTM 1 Arc-Sec (30m) / NASADEM / GEDI L4A
PNT-00861,Monterrey,Nuevo León,25.700799,-100.318801,527.63,527.99,6.38,15.7,19.22,Valle / Sierra Escarpada,SRTM 1 Arc-Sec (30m) / NASADEM / GEDI L4A
PNT-00862,Monterrey,Nuevo León,25.720351,-100.299393,312.21,311.98,5.37,37.72,35.1,Valle / Sierra Escarpada,SRTM 1 Arc-Sec (30m) / NASADEM / GEDI L4A
PNT-00863,Monterrey,Nuevo León,25.665494,-100.391866,753.64,753.4,9.27,4.23,5.39,Valle / Sierra Escarpada,SRTM 1 Arc-Sec (30m) / NASADEM / GEDI L4A
PNT-00864,Monterrey,Nuevo León,25.607595,-100.382437,722.44,722.77,14.67,33.5,49.69,Valle / Sierra Escarpada,SRTM 1 Arc-Sec (30m) / NASADEM / GEDI L4A
PNT-00865,Monterrey,Nuevo León,25.614373,-100.270744,661.72,661.73,13.81,10.0,16.45,Valle / Sierra Escarpada,SRTM 1 Arc-Sec (30m) / NASADEM / GEDI L4A
PNT-00866,Monterrey,Nuevo León,25.722346,-100.239078,402.15,401.92,9.77,31.16,30.75,Valle / Sierra Escarpada,SRTM 1 Arc-Sec (30m) / NASADEM / GEDI L4A
PNT-00867,Monterrey,Nuevo León,25.616666,-100.23623,860.5,860.54,10.37,35.28,60.9,Valle / Sierra Escarpada,SRTM 1 Arc-Sec (30m) / NASADEM / GEDI L4A
PNT-00868,Monterrey,Nuevo León,25.607456,-100.383934,787.4,787.71,7.29,18.59,26.16,Valle / Sierra Escarpada,SRTM 1 Arc-Sec (30m) / NASADEM / GEDI L4A
PNT-00869,Monterrey,Nuevo León,25.63616,-100.267205,270.52,270.57,11.96,20.21,19.09,Valle / Sierra Escarpada,SRTM 1 Arc-Sec (30m) / NASADEM / GEDI L4A
PNT-00870,Monterrey,Nuevo León,25.676731,-100.342543,1330.86,1330.47,14.6,29.97,45.35,Valle / Sierra Escarpada,SRTM 1 Arc-Sec (30m) / NASADEM / GEDI L4A
PNT-00871,Monterrey,Nuevo León,25.664606,-100.38753,302.5,302.25,7.49,23.01,21.97,Valle / Sierra Escarpada,SRTM 1 Arc-Sec (30m) / NASADEM / GEDI L4A
PNT-00872,Monterrey,Nuevo León,25.662991,-100.284478,1.0,0.94,16.36,22.45,18.09,Valle / Sierra Escarpada,SRTM 1 Arc-Sec (30m) / NASADEM / GEDI L4A
PNT-00873,Monterrey,Nuevo León,25.618562,-100.254999,607.78,608.12,10.21,11.43,13.38,Valle / Sierra Escarpada,SRTM 1 Arc-Sec (30m) / NASADEM / GEDI L4A
PNT-00874,Monterrey,Nuevo León,25.697027,-100.254927,618.87,618.8,9.51,18.99,16.13,Valle / Sierra Escarpada,SRTM 1 Arc-Sec (30m) / NASADEM / GEDI L4A
PNT-00875,Monterrey,Nuevo León,25.63657,-100.269518,1.0,0.91,10.29,33.5,51.89,Valle / Sierra Escarpada,SRTM 1 Arc-Sec (30m) / NASADEM / GEDI L4A
PNT-00876,Monterrey,Nuevo León,25.64957,-100.3772,621.81,621.88,11.38,21.37,29.84,Valle / Sierra Escarpada,SRTM 1 Arc-Sec (30m) / NASADEM / GEDI L4A
PNT-00877,Monterrey,Nuevo León,25.664565,-100.266863,221.98,221.68,12.25,21.49,37.32,Valle / Sierra Escarpada,SRTM 1 Arc-Sec (30m) / NASADEM / GEDI L4A
PNT-00878,Monterrey,Nuevo León,25.655336,-100.256873,299.97,299.6,15.24,5.05,7.72,Valle / Sierra Escarpada,SRTM 1 Arc-Sec (30m) / NASADEM / GEDI L4A
PNT-00879,Monterrey,Nuevo León,25.637947,-100.336597,1093.28,1092.97,12.05,16.56,21.28,Valle / Sierra Escarpada,SRTM 1 Arc-Sec (30m) / NASADEM / GEDI L4A
PNT-00880,Monterrey,Nuevo León,25.692532,-100.265062,677.56,677.71,10.11,22.21,33.3,Valle / Sierra Escarpada,SRTM 1 Arc-Sec (30m) / NASADEM / GEDI L4A
PNT-00881,Monterrey,Nuevo León,25.671923,-100.373856,635.43,635.54,20.27,13.98,23.86,Valle / Sierra Escarpada,SRTM 1 Arc-Sec (30m) / NASADEM / GEDI L4A
PNT-00882,Monterrey,Nuevo León,25.699979,-100.382336,1030.25,1030.49,10.76,19.9,33.73,Valle / Sierra Escarpada,SRTM 1 Arc-Sec (30m) / NASADEM / GEDI L4A
PNT-00883,Monterrey,Nuevo León,25.648827,-100.330304,794.01,793.68,13.7,33.9,37.99,Valle / Sierra Escarpada,SRTM 1 Arc-Sec (30m) / NASADEM / GEDI L4A
PNT-00884,Monterrey,Nuevo León,25.634533,-100.357701,66.62,66.48,9.99,6.3,6.91,Valle / Sierra Escarpada,SRTM 1 Arc-Sec (30m) / NASADEM / GEDI L4A
PNT-00885,Monterrey,Nuevo León,25.697565,-100.325303,928.29,928.6,8.88,29.81,33.74,Valle / Sierra Escarpada,SRTM 1 Arc-Sec (30m) / NASADEM / GEDI L4A
PNT-00886,Monterrey,Nuevo León,25.725111,-100.371683,427.54,427.79,8.52,10.51,9.07,Valle / Sierra Escarpada,SRTM 1 Arc-Sec (30m) / NASADEM / GEDI L4A
PNT-00887,Monterrey,Nuevo León,25.627074,-100.258601,125.88,125.92,14.9,21.14,30.77,Valle / Sierra Escarpada,SRTM 1 Arc-Sec (30m) / NASADEM / GEDI L4A
PNT-00888,Monterrey,Nuevo León,25.64331,-100.257696,885.09,884.7,7.63,15.29,17.61,Valle / Sierra Escarpada,SRTM 1 Arc-Sec (30m) / NASADEM / GEDI L4A
PNT-00889,Monterrey,Nuevo León,25.692958,-100.384362,341.26,341.4,14.64,31.56,42.98,Valle / Sierra Escarpada,SRTM 1 Arc-Sec (30m) / NASADEM / GEDI L4A
PNT-00890,Monterrey,Nuevo León,25.724541,-100.290102,887.46,887.3,9.9,22.79,35.22,Valle / Sierra Escarpada,SRTM 1 Arc-Sec (30m) / NASADEM / GEDI L4A
PNT-00891,Monterrey,Nuevo León,25.666633,-100.347557,950.05,950.39,11.32,21.8,31.86,Valle / Sierra Escarpada,SRTM 1 Arc-Sec (30m) / NASADEM / GEDI L4A
PNT-00892,Monterrey,Nuevo León,25.750524,-100.380233,776.99,777.25,8.08,33.6,40.83,Valle / Sierra Escarpada,SRTM 1 Arc-Sec (30m) / NASADEM / GEDI L4A
PNT-00893,Monterrey,Nuevo León,25.620294,-100.325955,304.72,304.94,8.09,4.05,6.59,Valle / Sierra Escarpada,SRTM 1 Arc-Sec (30m) / NASADEM / GEDI L4A
PNT-00894,Monterrey,Nuevo León,25.674427,-100.30063,459.35,459.02,9.37,37.55,60.35,Valle / Sierra Escarpada,SRTM 1 Arc-Sec (30m) / NASADEM / GEDI L4A
PNT-00895,Monterrey,Nuevo León,25.679541,-100.360224,479.95,479.68,14.16,22.49,39.22,Valle / Sierra Escarpada,SRTM 1 Arc-Sec (30m) / NASADEM / GEDI L4A
PNT-00896,Monterrey,Nuevo León,25.606613,-100.3579,594.3,594.59,8.14,19.23,34.51,Valle / Sierra Escarpada,SRTM 1 Arc-Sec (30m) / NASADEM / GEDI L4A
PNT-00897,Monterrey,Nuevo León,25.714667,-100.384148,687.43,687.27,5.01,4.47,3.58,Valle / Sierra Escarpada,SRTM 1 Arc-Sec (30m) / NASADEM / GEDI L4A
PNT-00898,Monterrey,Nuevo León,25.677933,-100.262102,228.29,228.02,8.1,7.4,8.03,Valle / Sierra Escarpada,SRTM 1 Arc-Sec (30m) / NASADEM / GEDI L4A
PNT-00899,Monterrey,Nuevo León,25.732854,-100.251079,432.37,432.06,15.08,34.09,48.96,Valle / Sierra Escarpada,SRTM 1 Arc-Sec (30m) / NASADEM / GEDI L4A
PNT-00900,Monterrey,Nuevo León,25.632357,-100.327227,849.91,849.87,8.41,38.59,32.98,Valle / Sierra Escarpada,SRTM 1 Arc-Sec (30m) / NASADEM / GEDI L4A
PNT-00901,Monterrey,Nuevo León,25.662802,-100.318896,1.0,1.18,12.14,34.27,59.59,Valle / Sierra Escarpada,SRTM 1 Arc-Sec (30m) / NASADEM / GEDI L4A
PNT-00902,Monterrey,Nuevo León,25.734815,-100.259907,935.24,935.08,12.79,16.26,18.16,Valle / Sierra Escarpada,SRTM 1 Arc-Sec (30m) / NASADEM / GEDI L4A
PNT-00903,Monterrey,Nuevo León,25.680782,-100.350307,525.66,525.34,12.46,21.11,18.09,Valle / Sierra Escarpada,SRTM 1 Arc-Sec (30m) / NASADEM / GEDI L4A
PNT-00904,Monterrey,Nuevo León,25.623687,-100.360898,1.0,1.24,6.82,29.15,35.75,Valle / Sierra Escarpada,SRTM 1 Arc-Sec (30m) / NASADEM / GEDI L4A
PNT-00905,Monterrey,Nuevo León,25.659393,-100.345365,200.17,199.96,11.73,36.45,60.49,Valle / Sierra Escarpada,SRTM 1 Arc-Sec (30m) / NASADEM / GEDI L4A
PNT-00906,Monterrey,Nuevo León,25.719566,-100.318844,678.32,678.69,12.08,9.34,15.05,Valle / Sierra Escarpada,SRTM 1 Arc-Sec (30m) / NASADEM / GEDI L4A
PNT-00907,Monterrey,Nuevo León,25.637559,-100.361834,258.28,258.63,18.74,4.56,5.98,Valle / Sierra Escarpada,SRTM 1 Arc-Sec (30m) / NASADEM / GEDI L4A
PNT-00908,Monterrey,Nuevo León,25.752963,-100.251342,416.01,416.11,7.88,7.23,12.78,Valle / Sierra Escarpada,SRTM 1 Arc-Sec (30m) / NASADEM / GEDI L4A
PNT-00909,Monterrey,Nuevo León,25.75236,-100.369288,127.48,127.56,3.29,3.91,4.01,Valle / Sierra Escarpada,SRTM 1 Arc-Sec (30m) / NASADEM / GEDI L4A
PNT-00910,Monterrey,Nuevo León,25.755038,-100.250654,878.55,878.37,6.09,35.58,51.02,Valle / Sierra Escarpada,SRTM 1 Arc-Sec (30m) / NASADEM / GEDI L4A
PNT-00911,Monterrey,Nuevo León,25.617505,-100.250559,1.0,0.91,13.25,7.99,11.01,Valle / Sierra Escarpada,SRTM 1 Arc-Sec (30m) / NASADEM / GEDI L4A
PNT-00912,Monterrey,Nuevo León,25.759277,-100.315508,604.5,604.37,9.11,33.55,41.42,Valle / Sierra Escarpada,SRTM 1 Arc-Sec (30m) / NASADEM / GEDI L4A
PNT-00913,Monterrey,Nuevo León,25.636854,-100.365423,303.1,303.31,15.5,8.98,10.07,Valle / Sierra Escarpada,SRTM 1 Arc-Sec (30m) / NASADEM / GEDI L4A
PNT-00914,Monterrey,Nuevo León,25.680478,-100.245089,236.27,236.28,10.42,18.61,31.65,Valle / Sierra Escarpada,SRTM 1 Arc-Sec (30m) / NASADEM / GEDI L4A
PNT-00915,Monterrey,Nuevo León,25.754801,-100.334629,838.81,839.06,11.92,1.34,1.5,Valle / Sierra Escarpada,SRTM 1 Arc-Sec (30m) / NASADEM / GEDI L4A
PNT-00916,Monterrey,Nuevo León,25.673484,-100.359245,132.61,132.25,15.17,9.93,15.91,Valle / Sierra Escarpada,SRTM 1 Arc-Sec (30m) / NASADEM / GEDI L4A
PNT-00917,Monterrey,Nuevo León,25.742238,-100.318709,645.97,645.73,11.76,9.34,10.2,Valle / Sierra Escarpada,SRTM 1 Arc-Sec (30m) / NASADEM / GEDI L4A
PNT-00918,Monterrey,Nuevo León,25.633641,-100.335302,606.72,606.65,15.07,36.52,30.99,Valle / Sierra Escarpada,SRTM 1 Arc-Sec (30m) / NASADEM / GEDI L4A
PNT-00919,Monterrey,Nuevo León,25.639644,-100.305458,403.03,402.95,12.44,25.74,38.56,Valle / Sierra Escarpada,SRTM 1 Arc-Sec (30m) / NASADEM / GEDI L4A
PNT-00920,Monterrey,Nuevo León,25.708102,-100.34471,492.14,491.84,8.56,37.02,47.21,Valle / Sierra Escarpada,SRTM 1 Arc-Sec (30m) / NASADEM / GEDI L4A
PNT-00921,Monterrey,Nuevo León,25.656761,-100.273391,1.0,1.25,11.92,33.98,50.05,Valle / Sierra Escarpada,SRTM 1 Arc-Sec (30m) / NASADEM / GEDI L4A
PNT-00922,Monterrey,Nuevo León,25.613514,-100.305388,375.03,374.81,13.54,34.56,28.34,Valle / Sierra Escarpada,SRTM 1 Arc-Sec (30m) / NASADEM / GEDI L4A
PNT-00923,Monterrey,Nuevo León,25.726436,-100.320196,483.18,483.44,11.92,14.8,19.84,Valle / Sierra Escarpada,SRTM 1 Arc-Sec (30m) / NASADEM / GEDI L4A
PNT-00924,Monterrey,Nuevo León,25.714368,-100.283579,552.74,552.66,14.39,37.25,53.72,Valle / Sierra Escarpada,SRTM 1 Arc-Sec (30m) / NASADEM / GEDI L4A
PNT-00925,Monterrey,Nuevo León,25.653704,-100.375766,412.58,412.71,16.09,19.0,18.98,Valle / Sierra Escarpada,SRTM 1 Arc-Sec (30m) / NASADEM / GEDI L4A
PNT-00926,Monterrey,Nuevo León,25.70227,-100.386291,914.48,914.43,3.02,29.5,48.02,Valle / Sierra Escarpada,SRTM 1 Arc-Sec (30m) / NASADEM / GEDI L4A
PNT-00927,Monterrey,Nuevo León,25.729399,-100.38979,591.28,591.63,6.47,32.76,53.81,Valle / Sierra Escarpada,SRTM 1 Arc-Sec (30m) / NASADEM / GEDI L4A
PNT-00928,Monterrey,Nuevo León,25.654513,-100.327288,162.05,161.67,11.58,36.99,38.5,Valle / Sierra Escarpada,SRTM 1 Arc-Sec (30m) / NASADEM / GEDI L4A
PNT-00929,Monterrey,Nuevo León,25.644392,-100.382659,582.02,582.15,14.91,35.66,40.85,Valle / Sierra Escarpada,SRTM 1 Arc-Sec (30m) / NASADEM / GEDI L4A
PNT-00930,Monterrey,Nuevo León,25.705441,-100.389792,676.9,677.11,10.33,14.45,17.0,Valle / Sierra Escarpada,SRTM 1 Arc-Sec (30m) / NASADEM / GEDI L4A
PNT-00931,Monterrey,Nuevo León,25.691369,-100.395961,308.76,308.56,9.35,31.66,34.18,Valle / Sierra Escarpada,SRTM 1 Arc-Sec (30m) / NASADEM / GEDI L4A
PNT-00932,Monterrey,Nuevo León,25.636643,-100.315318,421.2,420.86,14.17,14.67,22.7,Valle / Sierra Escarpada,SRTM 1 Arc-Sec (30m) / NASADEM / GEDI L4A
PNT-00933,Monterrey,Nuevo León,25.69411,-100.265313,490.27,489.9,22.0,38.41,45.46,Valle / Sierra Escarpada,SRTM 1 Arc-Sec (30m) / NASADEM / GEDI L4A
PNT-00934,Monterrey,Nuevo León,25.630357,-100.289327,740.67,740.74,5.49,18.05,29.53,Valle / Sierra Escarpada,SRTM 1 Arc-Sec (30m) / NASADEM / GEDI L4A
PNT-00935,Monterrey,Nuevo León,25.648395,-100.324219,1171.12,1171.35,13.88,16.12,23.31,Valle / Sierra Escarpada,SRTM 1 Arc-Sec (30m) / NASADEM / GEDI L4A
PNT-00936,Monterrey,Nuevo León,25.630098,-100.246776,989.89,989.51,9.04,8.96,11.53,Valle / Sierra Escarpada,SRTM 1 Arc-Sec (30m) / NASADEM / GEDI L4A
PNT-00937,Monterrey,Nuevo León,25.74652,-100.311639,530.94,530.93,15.1,5.73,9.18,Valle / Sierra Escarpada,SRTM 1 Arc-Sec (30m) / NASADEM / GEDI L4A
PNT-00938,Monterrey,Nuevo León,25.645514,-100.252062,1165.6,1165.82,12.92,6.15,8.62,Valle / Sierra Escarpada,SRTM 1 Arc-Sec (30m) / NASADEM / GEDI L4A
PNT-00939,Monterrey,Nuevo León,25.611488,-100.316389,433.34,433.23,10.5,17.55,24.98,Valle / Sierra Escarpada,SRTM 1 Arc-Sec (30m) / NASADEM / GEDI L4A
PNT-00940,Monterrey,Nuevo León,25.617909,-100.315409,632.08,632.19,6.9,22.24,34.21,Valle / Sierra Escarpada,SRTM 1 Arc-Sec (30m) / NASADEM / GEDI L4A
PNT-00941,Monterrey,Nuevo León,25.659697,-100.273583,340.25,340.37,1.04,1.89,2.75,Valle / Sierra Escarpada,SRTM 1 Arc-Sec (30m) / NASADEM / GEDI L4A
PNT-00942,Monterrey,Nuevo León,25.704974,-100.346424,609.57,609.27,14.01,14.68,20.44,Valle / Sierra Escarpada,SRTM 1 Arc-Sec (30m) / NASADEM / GEDI L4A
PNT-00943,Monterrey,Nuevo León,25.739691,-100.389014,666.93,666.54,10.89,8.81,15.5,Valle / Sierra Escarpada,SRTM 1 Arc-Sec (30m) / NASADEM / GEDI L4A
PNT-00944,Monterrey,Nuevo León,25.704144,-100.354133,690.71,690.64,10.7,28.43,48.85,Valle / Sierra Escarpada,SRTM 1 Arc-Sec (30m) / NASADEM / GEDI L4A
PNT-00945,Monterrey,Nuevo León,25.671286,-100.365396,818.59,818.83,12.15,3.69,5.51,Valle / Sierra Escarpada,SRTM 1 Arc-Sec (30m) / NASADEM / GEDI L4A
PNT-00946,Monterrey,Nuevo León,25.697504,-100.250806,569.3,569.6,7.81,16.7,21.41,Valle / Sierra Escarpada,SRTM 1 Arc-Sec (30m) / NASADEM / GEDI L4A
PNT-00947,Monterrey,Nuevo León,25.617274,-100.351497,661.01,660.84,11.38,18.62,27.4,Valle / Sierra Escarpada,SRTM 1 Arc-Sec (30m) / NASADEM / GEDI L4A
PNT-00948,Monterrey,Nuevo León,25.631949,-100.318169,729.79,729.89,13.59,26.49,24.54,Valle / Sierra Escarpada,SRTM 1 Arc-Sec (30m) / NASADEM / GEDI L4A
PNT-00949,Monterrey,Nuevo León,25.757324,-100.374788,310.45,310.8,15.46,28.41,44.14,Valle / Sierra Escarpada,SRTM 1 Arc-Sec (30m) / NASADEM / GEDI L4A
PNT-00950,Monterrey,Nuevo León,25.641049,-100.325114,953.35,953.03,14.33,37.58,63.52,Valle / Sierra Escarpada,SRTM 1 Arc-Sec (30m) / NASADEM / GEDI L4A
PNT-00951,Monterrey,Nuevo León,25.649256,-100.264358,1.0,0.85,17.44,23.16,35.43,Valle / Sierra Escarpada,SRTM 1 Arc-Sec (30m) / NASADEM / GEDI L4A
PNT-00952,Monterrey,Nuevo León,25.671749,-100.295325,872.38,872.02,16.05,33.7,42.4,Valle / Sierra Escarpada,SRTM 1 Arc-Sec (30m) / NASADEM / GEDI L4A
PNT-00953,Monterrey,Nuevo León,25.647987,-100.357318,853.19,853.09,11.82,29.54,26.49,Valle / Sierra Escarpada,SRTM 1 Arc-Sec (30m) / NASADEM / GEDI L4A
PNT-00954,Monterrey,Nuevo León,25.682169,-100.23733,321.39,321.39,14.64,10.03,12.13,Valle / Sierra Escarpada,SRTM 1 Arc-Sec (30m) / NASADEM / GEDI L4A
PNT-00955,Monterrey,Nuevo León,25.730813,-100.272604,3.62,3.62,17.34,24.07,32.73,Valle / Sierra Escarpada,SRTM 1 Arc-Sec (30m) / NASADEM / GEDI L4A
PNT-00956,Monterrey,Nuevo León,25.683825,-100.315211,679.84,679.87,10.13,6.15,9.63,Valle / Sierra Escarpada,SRTM 1 Arc-Sec (30m) / NASADEM / GEDI L4A
PNT-00957,Monterrey,Nuevo León,25.755191,-100.244431,245.13,245.14,10.63,5.46,9.47,Valle / Sierra Escarpada,SRTM 1 Arc-Sec (30m) / NASADEM / GEDI L4A
PNT-00958,Monterrey,Nuevo León,25.635373,-100.355557,7.89,8.13,6.51,18.45,17.91,Valle / Sierra Escarpada,SRTM 1 Arc-Sec (30m) / NASADEM / GEDI L4A
PNT-00959,Monterrey,Nuevo León,25.648754,-100.314542,642.81,642.86,7.81,28.22,49.04,Valle / Sierra Escarpada,SRTM 1 Arc-Sec (30m) / NASADEM / GEDI L4A
PNT-00960,Monterrey,Nuevo León,25.751961,-100.244628,371.52,371.36,10.49,35.03,62.08,Valle / Sierra Escarpada,SRTM 1 Arc-Sec (30m) / NASADEM / GEDI L4A
PNT-00961,Monterrey,Nuevo León,25.743492,-100.378397,507.46,507.07,14.45,17.92,15.16,Valle / Sierra Escarpada,SRTM 1 Arc-Sec (30m) / NASADEM / GEDI L4A
PNT-00962,Monterrey,Nuevo León,25.69302,-100.341831,1269.05,1269.35,9.79,26.22,32.36,Valle / Sierra Escarpada,SRTM 1 Arc-Sec (30m) / NASADEM / GEDI L4A
PNT-00963,Monterrey,Nuevo León,25.737108,-100.251107,566.98,566.81,7.86,2.98,4.38,Valle / Sierra Escarpada,SRTM 1 Arc-Sec (30m) / NASADEM / GEDI L4A
PNT-00964,Monterrey,Nuevo León,25.744043,-100.369936,652.15,652.48,13.28,11.23,19.14,Valle / Sierra Escarpada,SRTM 1 Arc-Sec (30m) / NASADEM / GEDI L4A
PNT-00965,Monterrey,Nuevo León,25.657306,-100.307626,405.5,405.31,18.89,8.4,12.35,Valle / Sierra Escarpada,SRTM 1 Arc-Sec (30m) / NASADEM / GEDI L4A
PNT-00966,Monterrey,Nuevo León,25.606064,-100.267057,440.77,440.65,2.38,13.32,23.5,Valle / Sierra Escarpada,SRTM 1 Arc-Sec (30m) / NASADEM / GEDI L4A
PNT-00967,Monterrey,Nuevo León,25.708653,-100.392251,857.08,856.92,11.24,4.77,7.43,Valle / Sierra Escarpada,SRTM 1 Arc-Sec (30m) / NASADEM / GEDI L4A
PNT-00968,Monterrey,Nuevo León,25.702962,-100.30475,153.82,153.82,14.09,21.8,23.62,Valle / Sierra Escarpada,SRTM 1 Arc-Sec (30m) / NASADEM / GEDI L4A
PNT-00969,Monterrey,Nuevo León,25.757748,-100.261206,421.0,420.68,12.81,19.83,19.05,Valle / Sierra Escarpada,SRTM 1 Arc-Sec (30m) / NASADEM / GEDI L4A
PNT-00970,Monterrey,Nuevo León,25.762522,-100.370637,1.0,1.11,11.16,6.08,7.48,Valle / Sierra Escarpada,SRTM 1 Arc-Sec (30m) / NASADEM / GEDI L4A
PNT-00971,Monterrey,Nuevo León,25.649953,-100.25396,379.21,379.44,15.41,2.38,4.21,Valle / Sierra Escarpada,SRTM 1 Arc-Sec (30m) / NASADEM / GEDI L4A
PNT-00972,Monterrey,Nuevo León,25.690255,-100.347475,358.18,358.57,11.26,2.69,3.91,Valle / Sierra Escarpada,SRTM 1 Arc-Sec (30m) / NASADEM / GEDI L4A
PNT-00973,Monterrey,Nuevo León,25.676838,-100.244173,603.57,603.56,5.51,27.77,24.1,Valle / Sierra Escarpada,SRTM 1 Arc-Sec (30m) / NASADEM / GEDI L4A
PNT-00974,Monterrey,Nuevo León,25.637006,-100.36167,296.7,296.76,14.41,9.34,15.52,Valle / Sierra Escarpada,SRTM 1 Arc-Sec (30m) / NASADEM / GEDI L4A
PNT-00975,Monterrey,Nuevo León,25.75675,-100.313041,157.91,157.55,9.26,11.35,16.51,Valle / Sierra Escarpada,SRTM 1 Arc-Sec (30m) / NASADEM / GEDI L4A
PNT-00976,Monterrey,Nuevo León,25.691379,-100.244953,1035.51,1035.5,8.58,20.58,21.97,Valle / Sierra Escarpada,SRTM 1 Arc-Sec (30m) / NASADEM / GEDI L4A
PNT-00977,Monterrey,Nuevo León,25.678792,-100.320674,632.21,632.07,12.56,2.8,3.63,Valle / Sierra Escarpada,SRTM 1 Arc-Sec (30m) / NASADEM / GEDI L4A
PNT-00978,Monterrey,Nuevo León,25.693114,-100.36905,657.44,657.4,14.78,21.64,35.7,Valle / Sierra Escarpada,SRTM 1 Arc-Sec (30m) / NASADEM / GEDI L4A
PNT-00979,Monterrey,Nuevo León,25.682822,-100.336287,1377.94,1377.69,11.08,35.25,51.97,Valle / Sierra Escarpada,SRTM 1 Arc-Sec (30m) / NASADEM / GEDI L4A
PNT-00980,Monterrey,Nuevo León,25.707323,-100.380081,246.78,246.44,13.04,21.13,25.41,Valle / Sierra Escarpada,SRTM 1 Arc-Sec (30m) / NASADEM / GEDI L4A
PNT-00981,Monterrey,Nuevo León,25.70021,-100.381724,152.56,152.95,10.94,22.41,33.33,Valle / Sierra Escarpada,SRTM 1 Arc-Sec (30m) / NASADEM / GEDI L4A
PNT-00982,Monterrey,Nuevo León,25.658067,-100.380842,1116.99,1116.61,8.21,31.83,42.54,Valle / Sierra Escarpada,SRTM 1 Arc-Sec (30m) / NASADEM / GEDI L4A
PNT-00983,Monterrey,Nuevo León,25.650515,-100.386143,198.01,197.66,15.28,27.31,37.48,Valle / Sierra Escarpada,SRTM 1 Arc-Sec (30m) / NASADEM / GEDI L4A
PNT-00984,Monterrey,Nuevo León,25.670723,-100.337822,745.28,745.66,7.58,7.84,10.95,Valle / Sierra Escarpada,SRTM 1 Arc-Sec (30m) / NASADEM / GEDI L4A
PNT-00985,Monterrey,Nuevo León,25.67387,-100.32453,763.51,763.5,9.82,21.74,24.02,Valle / Sierra Escarpada,SRTM 1 Arc-Sec (30m) / NASADEM / GEDI L4A
PNT-00986,Monterrey,Nuevo León,25.635089,-100.382254,263.98,264.13,14.51,15.96,19.4,Valle / Sierra Escarpada,SRTM 1 Arc-Sec (30m) / NASADEM / GEDI L4A
PNT-00987,Monterrey,Nuevo León,25.681068,-100.337167,446.7,446.83,9.47,26.37,28.64,Valle / Sierra Escarpada,SRTM 1 Arc-Sec (30m) / NASADEM / GEDI L4A
PNT-00988,Monterrey,Nuevo León,25.679616,-100.365048,490.82,490.6,12.87,11.77,10.92,Valle / Sierra Escarpada,SRTM 1 Arc-Sec (30m) / NASADEM / GEDI L4A
PNT-00989,Monterrey,Nuevo León,25.708282,-100.383977,651.71,651.58,8.36,27.96,37.95,Valle / Sierra Escarpada,SRTM 1 Arc-Sec (30m) / NASADEM / GEDI L4A
PNT-00990,Monterrey,Nuevo León,25.646963,-100.291868,569.87,569.82,7.94,11.33,15.91,Valle / Sierra Escarpada,SRTM 1 Arc-Sec (30m) / NASADEM / GEDI L4A
PNT-00991,Monterrey,Nuevo León,25.745413,-100.236175,81.58,81.36,18.69,10.92,13.97,Valle / Sierra Escarpada,SRTM 1 Arc-Sec (30m) / NASADEM / GEDI L4A
PNT-00992,Monterrey,Nuevo León,25.664764,-100.24979,108.92,108.83,6.21,32.82,47.61,Valle / Sierra Escarpada,SRTM 1 Arc-Sec (30m) / NASADEM / GEDI L4A
PNT-00993,Monterrey,Nuevo León,25.704267,-100.342537,551.64,551.56,16.37,19.99,29.33,Valle / Sierra Escarpada,SRTM 1 Arc-Sec (30m) / NASADEM / GEDI L4A
PNT-00994,Monterrey,Nuevo León,25.608042,-100.256552,1.0,0.71,9.3,17.81,23.09,Valle / Sierra Escarpada,SRTM 1 Arc-Sec (30m) / NASADEM / GEDI L4A
PNT-00995,Monterrey,Nuevo León,25.670583,-100.287414,696.78,696.86,11.65,31.72,28.84,Valle / Sierra Escarpada,SRTM 1 Arc-Sec (30m) / NASADEM / GEDI L4A
PNT-00996,Monterrey,Nuevo León,25.669567,-100.342104,877.47,877.13,12.84,3.94,6.5,Valle / Sierra Escarpada,SRTM 1 Arc-Sec (30m) / NASADEM / GEDI L4A
PNT-00997,Monterrey,Nuevo León,25.640056,-100.288999,928.21,927.91,12.65,6.11,8.29,Valle / Sierra Escarpada,SRTM 1 Arc-Sec (30m) / NASADEM / GEDI L4A
PNT-00998,Monterrey,Nuevo León,25.757421,-100.3296,848.65,848.99,5.54,32.84,58.96,Valle / Sierra Escarpada,SRTM 1 Arc-Sec (30m) / NASADEM / GEDI L4A
PNT-00999,Monterrey,Nuevo León,25.609611,-100.377943,906.11,905.94,13.61,10.24,16.25,Valle / Sierra Escarpada,SRTM 1 Arc-Sec (30m) / NASADEM / GEDI L4A
PNT-01000,Monterrey,Nuevo León,25.615021,-100.336899,1436.43,1436.61,13.11,14.61,20.64,Valle / Sierra Escarpada,SRTM 1 Arc-Sec (30m) / NASADEM / GEDI L4A
PNT-01001,Monterrey,Nuevo León,25.69966,-100.308381,130.53,130.2,15.09,5.71,5.85,Valle / Sierra Escarpada,SRTM 1 Arc-Sec (30m) / NASADEM / GEDI L4A
PNT-01002,Monterrey,Nuevo León,25.686032,-100.261529,841.14,841.02,14.71,16.5,19.7,Valle / Sierra Escarpada,SRTM 1 Arc-Sec (30m) / NASADEM / GEDI L4A
PNT-01003,Monterrey,Nuevo León,25.6367,-100.386205,582.35,582.08,12.1,2.96,4.68,Valle / Sierra Escarpada,SRTM 1 Arc-Sec (30m) / NASADEM / GEDI L4A
PNT-01004,Monterrey,Nuevo León,25.646414,-100.263257,619.66,619.59,12.47,26.22,33.16,Valle / Sierra Escarpada,SRTM 1 Arc-Sec (30m) / NASADEM / GEDI L4A
PNT-01005,Monterrey,Nuevo León,25.706894,-100.324064,550.82,550.84,6.5,31.84,48.89,Valle / Sierra Escarpada,SRTM 1 Arc-Sec (30m) / NASADEM / GEDI L4A
PNT-01006,Monterrey,Nuevo León,25.712207,-100.377858,540.78,541.1,19.24,35.97,30.76,Valle / Sierra Escarpada,SRTM 1 Arc-Sec (30m) / NASADEM / GEDI L4A
PNT-01007,Monterrey,Nuevo León,25.737303,-100.389968,752.62,752.34,3.39,29.41,23.77,Valle / Sierra Escarpada,SRTM 1 Arc-Sec (30m) / NASADEM / GEDI L4A
PNT-01008,Monterrey,Nuevo León,25.632976,-100.303073,680.48,680.64,12.93,26.59,31.76,Valle / Sierra Escarpada,SRTM 1 Arc-Sec (30m) / NASADEM / GEDI L4A
PNT-01009,Monterrey,Nuevo León,25.606206,-100.376775,1157.32,1157.25,13.57,28.82,38.1,Valle / Sierra Escarpada,SRTM 1 Arc-Sec (30m) / NASADEM / GEDI L4A
PNT-01010,Monterrey,Nuevo León,25.617868,-100.365277,694.57,694.89,15.01,5.64,10.1,Valle / Sierra Escarpada,SRTM 1 Arc-Sec (30m) / NASADEM / GEDI L4A
PNT-01011,Monterrey,Nuevo León,25.639505,-100.394115,230.52,230.58,14.08,35.37,39.62,Valle / Sierra Escarpada,SRTM 1 Arc-Sec (30m) / NASADEM / GEDI L4A
PNT-01012,Monterrey,Nuevo León,25.713241,-100.365935,75.51,75.28,16.57,13.04,12.76,Valle / Sierra Escarpada,SRTM 1 Arc-Sec (30m) / NASADEM / GEDI L4A
PNT-01013,Monterrey,Nuevo León,25.750307,-100.33245,440.44,440.3,5.66,29.34,51.97,Valle / Sierra Escarpada,SRTM 1 Arc-Sec (30m) / NASADEM / GEDI L4A
PNT-01014,Monterrey,Nuevo León,25.676085,-100.258235,174.97,175.12,12.91,20.61,29.9,Valle / Sierra Escarpada,SRTM 1 Arc-Sec (30m) / NASADEM / GEDI L4A
PNT-01015,Monterrey,Nuevo León,25.74835,-100.32553,617.33,617.32,13.6,24.0,27.01,Valle / Sierra Escarpada,SRTM 1 Arc-Sec (30m) / NASADEM / GEDI L4A
PNT-01016,Monterrey,Nuevo León,25.763376,-100.289224,505.65,505.75,10.83,3.33,2.74,Valle / Sierra Escarpada,SRTM 1 Arc-Sec (30m) / NASADEM / GEDI L4A
PNT-01017,Monterrey,Nuevo León,25.678004,-100.34277,33.48,33.21,10.3,27.25,35.82,Valle / Sierra Escarpada,SRTM 1 Arc-Sec (30m) / NASADEM / GEDI L4A
PNT-01018,Monterrey,Nuevo León,25.638025,-100.344866,318.51,318.23,12.61,3.97,6.4,Valle / Sierra Escarpada,SRTM 1 Arc-Sec (30m) / NASADEM / GEDI L4A
PNT-01019,Monterrey,Nuevo León,25.726385,-100.27547,835.77,835.75,16.87,25.48,21.36,Valle / Sierra Escarpada,SRTM 1 Arc-Sec (30m) / NASADEM / GEDI L4A
PNT-01020,Monterrey,Nuevo León,25.705434,-100.27154,1.0,0.82,12.02,25.5,38.07,Valle / Sierra Escarpada,SRTM 1 Arc-Sec (30m) / NASADEM / GEDI L4A
PNT-01021,Monterrey,Nuevo León,25.745355,-100.341227,645.78,646.09,18.0,21.15,27.87,Valle / Sierra Escarpada,SRTM 1 Arc-Sec (30m) / NASADEM / GEDI L4A
PNT-01022,Monterrey,Nuevo León,25.69846,-100.27611,1259.51,1259.5,14.41,4.74,7.43,Valle / Sierra Escarpada,SRTM 1 Arc-Sec (30m) / NASADEM / GEDI L4A
PNT-01023,Monterrey,Nuevo León,25.725556,-100.346127,808.83,808.49,10.01,34.51,36.47,Valle / Sierra Escarpada,SRTM 1 Arc-Sec (30m) / NASADEM / GEDI L4A
PNT-01024,Monterrey,Nuevo León,25.700878,-100.246241,281.33,281.48,18.95,14.2,15.3,Valle / Sierra Escarpada,SRTM 1 Arc-Sec (30m) / NASADEM / GEDI L4A
PNT-01025,Monterrey,Nuevo León,25.765469,-100.275874,125.66,125.3,17.35,2.37,3.21,Valle / Sierra Escarpada,SRTM 1 Arc-Sec (30m) / NASADEM / GEDI L4A
PNT-01026,Monterrey,Nuevo León,25.727925,-100.310019,137.98,137.94,9.37,3.94,6.91,Valle / Sierra Escarpada,SRTM 1 Arc-Sec (30m) / NASADEM / GEDI L4A
PNT-01027,Monterrey,Nuevo León,25.641721,-100.248431,621.92,621.96,11.84,36.39,29.31,Valle / Sierra Escarpada,SRTM 1 Arc-Sec (30m) / NASADEM / GEDI L4A
PNT-01028,Monterrey,Nuevo León,25.725718,-100.251512,758.03,758.06,11.51,21.14,19.9,Valle / Sierra Escarpada,SRTM 1 Arc-Sec (30m) / NASADEM / GEDI L4A
PNT-01029,Monterrey,Nuevo León,25.606126,-100.266378,612.24,612.57,9.13,9.09,13.32,Valle / Sierra Escarpada,SRTM 1 Arc-Sec (30m) / NASADEM / GEDI L4A
PNT-01030,Monterrey,Nuevo León,25.618592,-100.299399,698.09,697.93,9.09,18.72,26.2,Valle / Sierra Escarpada,SRTM 1 Arc-Sec (30m) / NASADEM / GEDI L4A
PNT-01031,Monterrey,Nuevo León,25.633404,-100.277338,862.7,862.43,6.94,27.21,25.26,Valle / Sierra Escarpada,SRTM 1 Arc-Sec (30m) / NASADEM / GEDI L4A
PNT-01032,Monterrey,Nuevo León,25.674057,-100.356447,277.67,277.98,15.53,34.91,34.79,Valle / Sierra Escarpada,SRTM 1 Arc-Sec (30m) / NASADEM / GEDI L4A
PNT-01033,Monterrey,Nuevo León,25.704215,-100.381965,1014.4,1014.53,8.89,24.81,26.86,Valle / Sierra Escarpada,SRTM 1 Arc-Sec (30m) / NASADEM / GEDI L4A
PNT-01034,Monterrey,Nuevo León,25.666484,-100.379529,550.0,550.17,19.27,10.61,11.93,Valle / Sierra Escarpada,SRTM 1 Arc-Sec (30m) / NASADEM / GEDI L4A
PNT-01035,Monterrey,Nuevo León,25.659474,-100.391881,877.87,878.19,9.72,20.79,26.1,Valle / Sierra Escarpada,SRTM 1 Arc-Sec (30m) / NASADEM / GEDI L4A
PNT-01036,Monterrey,Nuevo León,25.610932,-100.255327,1.0,1.34,11.42,2.12,2.93,Valle / Sierra Escarpada,SRTM 1 Arc-Sec (30m) / NASADEM / GEDI L4A
PNT-01037,Monterrey,Nuevo León,25.693829,-100.360909,1126.58,1126.76,8.47,1.23,2.14,Valle / Sierra Escarpada,SRTM 1 Arc-Sec (30m) / NASADEM / GEDI L4A
PNT-01038,Monterrey,Nuevo León,25.632324,-100.358627,317.61,317.3,10.62,28.4,46.99,Valle / Sierra Escarpada,SRTM 1 Arc-Sec (30m) / NASADEM / GEDI L4A
PNT-01039,Monterrey,Nuevo León,25.647112,-100.392654,490.85,490.63,8.33,20.7,21.81,Valle / Sierra Escarpada,SRTM 1 Arc-Sec (30m) / NASADEM / GEDI L4A
PNT-01040,Monterrey,Nuevo León,25.756486,-100.251049,1.0,0.9,15.56,16.77,25.62,Valle / Sierra Escarpada,SRTM 1 Arc-Sec (30m) / NASADEM / GEDI L4A
PNT-01041,Monterrey,Nuevo León,25.678262,-100.258923,489.79,489.84,13.75,4.79,4.79,Valle / Sierra Escarpada,SRTM 1 Arc-Sec (30m) / NASADEM / GEDI L4A
PNT-01042,Monterrey,Nuevo León,25.672155,-100.363008,1233.89,1234.04,8.24,15.68,26.17,Valle / Sierra Escarpada,SRTM 1 Arc-Sec (30m) / NASADEM / GEDI L4A
PNT-01043,Monterrey,Nuevo León,25.696931,-100.325679,521.06,521.32,9.0,24.43,39.87,Valle / Sierra Escarpada,SRTM 1 Arc-Sec (30m) / NASADEM / GEDI L4A
PNT-01044,Monterrey,Nuevo León,25.685042,-100.377046,844.23,844.07,14.68,19.94,24.35,Valle / Sierra Escarpada,SRTM 1 Arc-Sec (30m) / NASADEM / GEDI L4A
PNT-01045,Monterrey,Nuevo León,25.671684,-100.358984,447.37,447.01,10.57,8.69,7.03,Valle / Sierra Escarpada,SRTM 1 Arc-Sec (30m) / NASADEM / GEDI L4A
PNT-01046,Monterrey,Nuevo León,25.706361,-100.34538,148.23,147.84,6.52,32.92,27.39,Valle / Sierra Escarpada,SRTM 1 Arc-Sec (30m) / NASADEM / GEDI L4A
PNT-01047,Monterrey,Nuevo León,25.756429,-100.253268,1250.49,1250.61,19.47,15.83,22.91,Valle / Sierra Escarpada,SRTM 1 Arc-Sec (30m) / NASADEM / GEDI L4A
PNT-01048,Monterrey,Nuevo León,25.613163,-100.387352,1209.52,1209.83,4.55,5.16,8.37,Valle / Sierra Escarpada,SRTM 1 Arc-Sec (30m) / NASADEM / GEDI L4A
PNT-01049,Monterrey,Nuevo León,25.639608,-100.332947,262.99,262.71,5.43,20.23,32.4,Valle / Sierra Escarpada,SRTM 1 Arc-Sec (30m) / NASADEM / GEDI L4A
PNT-01050,Monterrey,Nuevo León,25.676645,-100.317502,684.69,684.68,15.16,10.94,18.43,Valle / Sierra Escarpada,SRTM 1 Arc-Sec (30m) / NASADEM / GEDI L4A
PNT-01051,Monterrey,Nuevo León,25.698323,-100.360616,797.09,796.73,9.47,38.7,36.0,Valle / Sierra Escarpada,SRTM 1 Arc-Sec (30m) / NASADEM / GEDI L4A
PNT-01052,Monterrey,Nuevo León,25.733371,-100.332836,863.59,863.52,11.91,21.52,18.28,Valle / Sierra Escarpada,SRTM 1 Arc-Sec (30m) / NASADEM / GEDI L4A
PNT-01053,Monterrey,Nuevo León,25.606376,-100.356832,305.66,305.35,13.44,16.73,24.22,Valle / Sierra Escarpada,SRTM 1 Arc-Sec (30m) / NASADEM / GEDI L4A
PNT-01054,Monterrey,Nuevo León,25.719932,-100.367448,744.28,744.57,10.21,30.4,29.45,Valle / Sierra Escarpada,SRTM 1 Arc-Sec (30m) / NASADEM / GEDI L4A
PNT-01055,Monterrey,Nuevo León,25.737488,-100.27292,14.78,14.59,16.03,5.81,7.61,Valle / Sierra Escarpada,SRTM 1 Arc-Sec (30m) / NASADEM / GEDI L4A
PNT-01056,Monterrey,Nuevo León,25.699642,-100.338506,1.0,1.11,10.39,35.27,34.0,Valle / Sierra Escarpada,SRTM 1 Arc-Sec (30m) / NASADEM / GEDI L4A
PNT-01057,Monterrey,Nuevo León,25.667025,-100.373461,979.09,979.44,15.09,11.74,20.55,Valle / Sierra Escarpada,SRTM 1 Arc-Sec (30m) / NASADEM / GEDI L4A
PNT-01058,Monterrey,Nuevo León,25.616122,-100.299518,1170.85,1171.12,13.43,6.88,5.77,Valle / Sierra Escarpada,SRTM 1 Arc-Sec (30m) / NASADEM / GEDI L4A
PNT-01059,Monterrey,Nuevo León,25.746621,-100.345611,511.49,511.57,7.67,2.37,2.55,Valle / Sierra Escarpada,SRTM 1 Arc-Sec (30m) / NASADEM / GEDI L4A
PNT-01060,Monterrey,Nuevo León,25.611248,-100.328746,217.71,218.03,13.68,20.71,19.75,Valle / Sierra Escarpada,SRTM 1 Arc-Sec (30m) / NASADEM / GEDI L4A
PNT-01061,Monterrey,Nuevo León,25.753476,-100.274805,825.16,824.92,16.08,9.18,13.66,Valle / Sierra Escarpada,SRTM 1 Arc-Sec (30m) / NASADEM / GEDI L4A
PNT-01062,Monterrey,Nuevo León,25.641156,-100.325813,747.58,747.54,14.66,31.14,51.03,Valle / Sierra Escarpada,SRTM 1 Arc-Sec (30m) / NASADEM / GEDI L4A
PNT-01063,Monterrey,Nuevo León,25.710764,-100.359452,251.97,251.66,7.46,11.53,11.64,Valle / Sierra Escarpada,SRTM 1 Arc-Sec (30m) / NASADEM / GEDI L4A
PNT-01064,Monterrey,Nuevo León,25.678853,-100.25065,635.08,635.23,9.8,4.82,8.3,Valle / Sierra Escarpada,SRTM 1 Arc-Sec (30m) / NASADEM / GEDI L4A
PNT-01065,Monterrey,Nuevo León,25.696956,-100.337804,288.74,288.89,15.43,2.7,4.43,Valle / Sierra Escarpada,SRTM 1 Arc-Sec (30m) / NASADEM / GEDI L4A
PNT-01066,Monterrey,Nuevo León,25.677707,-100.294129,754.1,754.32,7.65,19.09,27.06,Valle / Sierra Escarpada,SRTM 1 Arc-Sec (30m) / NASADEM / GEDI L4A
PNT-01067,Monterrey,Nuevo León,25.679012,-100.252945,922.36,922.6,11.97,16.72,17.22,Valle / Sierra Escarpada,SRTM 1 Arc-Sec (30m) / NASADEM / GEDI L4A
PNT-01068,Monterrey,Nuevo León,25.670973,-100.263805,583.04,583.28,5.81,14.56,21.0,Valle / Sierra Escarpada,SRTM 1 Arc-Sec (30m) / NASADEM / GEDI L4A
PNT-01069,Monterrey,Nuevo León,25.645301,-100.378515,504.49,504.31,12.34,33.52,38.43,Valle / Sierra Escarpada,SRTM 1 Arc-Sec (30m) / NASADEM / GEDI L4A
PNT-01070,Monterrey,Nuevo León,25.761687,-100.239243,406.07,405.75,19.23,27.94,23.22,Valle / Sierra Escarpada,SRTM 1 Arc-Sec (30m) / NASADEM / GEDI L4A
PNT-01071,Monterrey,Nuevo León,25.745231,-100.373816,495.47,495.84,11.34,27.4,43.88,Valle / Sierra Escarpada,SRTM 1 Arc-Sec (30m) / NASADEM / GEDI L4A
PNT-01072,Monterrey,Nuevo León,25.669622,-100.34219,504.22,504.26,5.67,25.08,26.51,Valle / Sierra Escarpada,SRTM 1 Arc-Sec (30m) / NASADEM / GEDI L4A
PNT-01073,Monterrey,Nuevo León,25.757785,-100.368839,1.0,0.96,11.06,22.77,28.13,Valle / Sierra Escarpada,SRTM 1 Arc-Sec (30m) / NASADEM / GEDI L4A
PNT-01074,Monterrey,Nuevo León,25.672375,-100.278764,821.48,821.28,14.03,24.24,33.58,Valle / Sierra Escarpada,SRTM 1 Arc-Sec (30m) / NASADEM / GEDI L4A
PNT-01075,Monterrey,Nuevo León,25.665158,-100.318231,285.53,285.3,10.29,5.19,7.7,Valle / Sierra Escarpada,SRTM 1 Arc-Sec (30m) / NASADEM / GEDI L4A
PNT-01076,Monterrey,Nuevo León,25.711716,-100.243903,1190.61,1190.99,6.46,21.32,36.36,Valle / Sierra Escarpada,SRTM 1 Arc-Sec (30m) / NASADEM / GEDI L4A
PNT-01077,Monterrey,Nuevo León,25.619286,-100.365432,1177.92,1178.17,6.25,38.56,45.84,Valle / Sierra Escarpada,SRTM 1 Arc-Sec (30m) / NASADEM / GEDI L4A
PNT-01078,Monterrey,Nuevo León,25.613587,-100.267813,147.26,147.26,13.75,29.26,45.95,Valle / Sierra Escarpada,SRTM 1 Arc-Sec (30m) / NASADEM / GEDI L4A
PNT-01079,Monterrey,Nuevo León,25.685939,-100.347166,47.06,47.24,9.34,10.35,10.06,Valle / Sierra Escarpada,SRTM 1 Arc-Sec (30m) / NASADEM / GEDI L4A
PNT-01080,Monterrey,Nuevo León,25.690773,-100.349602,267.53,267.65,13.19,11.91,9.53,Valle / Sierra Escarpada,SRTM 1 Arc-Sec (30m) / NASADEM / GEDI L4A
PNT-01081,Monterrey,Nuevo León,25.62631,-100.246622,426.64,426.86,14.02,24.2,42.86,Valle / Sierra Escarpada,SRTM 1 Arc-Sec (30m) / NASADEM / GEDI L4A
PNT-01082,Monterrey,Nuevo León,25.665777,-100.286966,492.79,493.16,9.44,21.57,23.47,Valle / Sierra Escarpada,SRTM 1 Arc-Sec (30m) / NASADEM / GEDI L4A
PNT-01083,Monterrey,Nuevo León,25.625243,-100.283435,141.84,142.2,17.9,2.04,2.25,Valle / Sierra Escarpada,SRTM 1 Arc-Sec (30m) / NASADEM / GEDI L4A
PNT-01084,Monterrey,Nuevo León,25.753371,-100.34465,610.61,610.87,5.4,5.1,8.89,Valle / Sierra Escarpada,SRTM 1 Arc-Sec (30m) / NASADEM / GEDI L4A
PNT-01085,Monterrey,Nuevo León,25.733212,-100.367,287.54,287.46,18.0,30.81,54.31,Valle / Sierra Escarpada,SRTM 1 Arc-Sec (30m) / NASADEM / GEDI L4A
PNT-01086,Monterrey,Nuevo León,25.626265,-100.328699,1.0,0.89,10.57,3.18,4.72,Valle / Sierra Escarpada,SRTM 1 Arc-Sec (30m) / NASADEM / GEDI L4A
PNT-01087,Monterrey,Nuevo León,25.675794,-100.364833,696.65,696.64,14.11,12.48,17.95,Valle / Sierra Escarpada,SRTM 1 Arc-Sec (30m) / NASADEM / GEDI L4A
PNT-01088,Monterrey,Nuevo León,25.652104,-100.358239,403.69,404.04,9.62,20.86,24.3,Valle / Sierra Escarpada,SRTM 1 Arc-Sec (30m) / NASADEM / GEDI L4A
PNT-01089,Monterrey,Nuevo León,25.745743,-100.332802,199.49,199.39,9.52,13.17,19.46,Valle / Sierra Escarpada,SRTM 1 Arc-Sec (30m) / NASADEM / GEDI L4A
PNT-01090,Monterrey,Nuevo León,25.652333,-100.303648,743.73,743.63,11.44,26.3,27.75,Valle / Sierra Escarpada,SRTM 1 Arc-Sec (30m) / NASADEM / GEDI L4A
PNT-01091,Monterrey,Nuevo León,25.626325,-100.386634,276.59,276.33,10.07,29.96,24.44,Valle / Sierra Escarpada,SRTM 1 Arc-Sec (30m) / NASADEM / GEDI L4A
PNT-01092,Monterrey,Nuevo León,25.69525,-100.335286,1426.95,1426.8,13.19,12.36,18.95,Valle / Sierra Escarpada,SRTM 1 Arc-Sec (30m) / NASADEM / GEDI L4A
PNT-01093,Monterrey,Nuevo León,25.745404,-100.365187,754.9,754.79,3.89,5.96,8.28,Valle / Sierra Escarpada,SRTM 1 Arc-Sec (30m) / NASADEM / GEDI L4A
PNT-01094,Monterrey,Nuevo León,25.690023,-100.363521,976.24,976.31,11.09,4.86,6.55,Valle / Sierra Escarpada,SRTM 1 Arc-Sec (30m) / NASADEM / GEDI L4A
PNT-01095,Monterrey,Nuevo León,25.718438,-100.269167,221.91,222.08,13.53,26.8,22.09,Valle / Sierra Escarpada,SRTM 1 Arc-Sec (30m) / NASADEM / GEDI L4A
PNT-01096,Monterrey,Nuevo León,25.67188,-100.342728,197.53,197.6,14.64,35.72,57.07,Valle / Sierra Escarpada,SRTM 1 Arc-Sec (30m) / NASADEM / GEDI L4A
PNT-01097,Monterrey,Nuevo León,25.753433,-100.239439,870.27,870.07,10.97,38.28,54.12,Valle / Sierra Escarpada,SRTM 1 Arc-Sec (30m) / NASADEM / GEDI L4A
PNT-01098,Monterrey,Nuevo León,25.732966,-100.382304,716.14,715.76,9.22,32.08,26.11,Valle / Sierra Escarpada,SRTM 1 Arc-Sec (30m) / NASADEM / GEDI L4A
PNT-01099,Monterrey,Nuevo León,25.711139,-100.337585,1020.89,1020.76,15.53,5.28,4.59,Valle / Sierra Escarpada,SRTM 1 Arc-Sec (30m) / NASADEM / GEDI L4A
PNT-01100,Monterrey,Nuevo León,25.70023,-100.312695,561.19,561.13,18.8,16.25,13.43,Valle / Sierra Escarpada,SRTM 1 Arc-Sec (30m) / NASADEM / GEDI L4A
PNT-01101,Monterrey,Nuevo León,25.659689,-100.239837,425.73,425.8,15.23,33.23,41.25,Valle / Sierra Escarpada,SRTM 1 Arc-Sec (30m) / NASADEM / GEDI L4A
PNT-01102,Monterrey,Nuevo León,25.608873,-100.384078,695.36,695.51,12.04,3.88,3.84,Valle / Sierra Escarpada,SRTM 1 Arc-Sec (30m) / NASADEM / GEDI L4A
PNT-01103,Monterrey,Nuevo León,25.729412,-100.26137,1017.54,1017.16,17.02,32.52,51.65,Valle / Sierra Escarpada,SRTM 1 Arc-Sec (30m) / NASADEM / GEDI L4A
PNT-01104,Monterrey,Nuevo León,25.647446,-100.282612,376.03,375.9,10.03,17.02,22.27,Valle / Sierra Escarpada,SRTM 1 Arc-Sec (30m) / NASADEM / GEDI L4A
PNT-01105,Monterrey,Nuevo León,25.682281,-100.352692,565.56,565.48,10.52,12.49,20.82,Valle / Sierra Escarpada,SRTM 1 Arc-Sec (30m) / NASADEM / GEDI L4A
PNT-01106,Monterrey,Nuevo León,25.725479,-100.258758,198.45,198.61,11.94,8.99,11.16,Valle / Sierra Escarpada,SRTM 1 Arc-Sec (30m) / NASADEM / GEDI L4A
PNT-01107,Monterrey,Nuevo León,25.6164,-100.263951,506.48,506.68,16.45,24.62,39.47,Valle / Sierra Escarpada,SRTM 1 Arc-Sec (30m) / NASADEM / GEDI L4A
PNT-01108,Monterrey,Nuevo León,25.675089,-100.270271,755.8,755.79,11.76,18.69,29.62,Valle / Sierra Escarpada,SRTM 1 Arc-Sec (30m) / NASADEM / GEDI L4A
PNT-01109,Monterrey,Nuevo León,25.737452,-100.307282,498.77,499.14,6.72,29.66,47.79,Valle / Sierra Escarpada,SRTM 1 Arc-Sec (30m) / NASADEM / GEDI L4A
PNT-01110,Monterrey,Nuevo León,25.611252,-100.321142,863.19,862.83,13.85,33.42,45.06,Valle / Sierra Escarpada,SRTM 1 Arc-Sec (30m) / NASADEM / GEDI L4A
PNT-01111,Monterrey,Nuevo León,25.63757,-100.345239,618.66,618.3,4.83,7.19,11.6,Valle / Sierra Escarpada,SRTM 1 Arc-Sec (30m) / NASADEM / GEDI L4A
PNT-01112,Monterrey,Nuevo León,25.627217,-100.358657,864.73,864.94,0.59,18.11,28.79,Valle / Sierra Escarpada,SRTM 1 Arc-Sec (30m) / NASADEM / GEDI L4A
PNT-01113,Monterrey,Nuevo León,25.704935,-100.377904,473.11,473.03,7.29,29.31,40.47,Valle / Sierra Escarpada,SRTM 1 Arc-Sec (30m) / NASADEM / GEDI L4A
PNT-01114,Monterrey,Nuevo León,25.668101,-100.368678,664.45,664.39,6.19,20.66,20.05,Valle / Sierra Escarpada,SRTM 1 Arc-Sec (30m) / NASADEM / GEDI L4A
PNT-01115,Monterrey,Nuevo León,25.712065,-100.259594,521.51,521.89,5.19,13.8,19.25,Valle / Sierra Escarpada,SRTM 1 Arc-Sec (30m) / NASADEM / GEDI L4A
PNT-01116,Monterrey,Nuevo León,25.620431,-100.299038,824.59,824.75,14.75,23.49,29.36,Valle / Sierra Escarpada,SRTM 1 Arc-Sec (30m) / NASADEM / GEDI L4A
PNT-01117,Monterrey,Nuevo León,25.74334,-100.242906,777.92,777.99,11.99,21.55,27.03,Valle / Sierra Escarpada,SRTM 1 Arc-Sec (30m) / NASADEM / GEDI L4A
PNT-01118,Monterrey,Nuevo León,25.639486,-100.395405,558.92,558.82,5.51,18.15,32.32,Valle / Sierra Escarpada,SRTM 1 Arc-Sec (30m) / NASADEM / GEDI L4A
PNT-01119,Monterrey,Nuevo León,25.662044,-100.323651,655.8,656.01,17.82,6.86,9.41,Valle / Sierra Escarpada,SRTM 1 Arc-Sec (30m) / NASADEM / GEDI L4A
PNT-01120,Monterrey,Nuevo León,25.646583,-100.35951,321.1,321.49,10.59,12.87,11.97,Valle / Sierra Escarpada,SRTM 1 Arc-Sec (30m) / NASADEM / GEDI L4A
PNT-01121,Monterrey,Nuevo León,25.637853,-100.301967,416.89,417.0,11.83,16.85,18.03,Valle / Sierra Escarpada,SRTM 1 Arc-Sec (30m) / NASADEM / GEDI L4A
PNT-01122,Monterrey,Nuevo León,25.639094,-100.291356,154.92,155.07,10.7,22.56,37.42,Valle / Sierra Escarpada,SRTM 1 Arc-Sec (30m) / NASADEM / GEDI L4A
PNT-01123,Monterrey,Nuevo León,25.624796,-100.270293,307.68,307.84,13.35,17.89,31.22,Valle / Sierra Escarpada,SRTM 1 Arc-Sec (30m) / NASADEM / GEDI L4A
PNT-01124,Monterrey,Nuevo León,25.628658,-100.293147,684.6,684.46,11.52,37.57,63.92,Valle / Sierra Escarpada,SRTM 1 Arc-Sec (30m) / NASADEM / GEDI L4A
PNT-01125,Monterrey,Nuevo León,25.649261,-100.267433,807.92,807.76,1.17,1.78,1.82,Valle / Sierra Escarpada,SRTM 1 Arc-Sec (30m) / NASADEM / GEDI L4A
PNT-01126,Monterrey,Nuevo León,25.65111,-100.325024,573.03,573.19,11.62,4.42,6.41,Valle / Sierra Escarpada,SRTM 1 Arc-Sec (30m) / NASADEM / GEDI L4A
PNT-01127,Monterrey,Nuevo León,25.710585,-100.243005,830.18,829.85,15.11,20.62,21.27,Valle / Sierra Escarpada,SRTM 1 Arc-Sec (30m) / NASADEM / GEDI L4A
PNT-01128,Monterrey,Nuevo León,25.634995,-100.266351,510.4,510.75,7.55,8.22,14.62,Valle / Sierra Escarpada,SRTM 1 Arc-Sec (30m) / NASADEM / GEDI L4A
PNT-01129,Monterrey,Nuevo León,25.765086,-100.307101,380.07,380.01,8.3,12.89,13.93,Valle / Sierra Escarpada,SRTM 1 Arc-Sec (30m) / NASADEM / GEDI L4A
PNT-01130,Monterrey,Nuevo León,25.761557,-100.371462,780.12,779.95,12.72,8.21,11.92,Valle / Sierra Escarpada,SRTM 1 Arc-Sec (30m) / NASADEM / GEDI L4A
PNT-01131,Monterrey,Nuevo León,25.720016,-100.285915,189.75,190.11,8.7,36.1,45.39,Valle / Sierra Escarpada,SRTM 1 Arc-Sec (30m) / NASADEM / GEDI L4A
PNT-01132,Monterrey,Nuevo León,25.741391,-100.323628,180.52,180.46,10.98,21.51,17.69,Valle / Sierra Escarpada,SRTM 1 Arc-Sec (30m) / NASADEM / GEDI L4A
PNT-01133,Monterrey,Nuevo León,25.677058,-100.270983,872.49,872.82,17.72,1.88,2.55,Valle / Sierra Escarpada,SRTM 1 Arc-Sec (30m) / NASADEM / GEDI L4A
PNT-01134,Monterrey,Nuevo León,25.731976,-100.309386,282.54,282.85,10.39,18.99,31.87,Valle / Sierra Escarpada,SRTM 1 Arc-Sec (30m) / NASADEM / GEDI L4A
PNT-01135,Monterrey,Nuevo León,25.699736,-100.288129,716.16,716.08,16.35,20.62,33.05,Valle / Sierra Escarpada,SRTM 1 Arc-Sec (30m) / NASADEM / GEDI L4A
PNT-01136,Monterrey,Nuevo León,25.665784,-100.333901,618.84,618.77,9.19,16.53,24.46,Valle / Sierra Escarpada,SRTM 1 Arc-Sec (30m) / NASADEM / GEDI L4A
PNT-01137,Monterrey,Nuevo León,25.616735,-100.301007,730.63,730.37,14.04,35.12,51.14,Valle / Sierra Escarpada,SRTM 1 Arc-Sec (30m) / NASADEM / GEDI L4A
PNT-01138,Monterrey,Nuevo León,25.747097,-100.318355,795.58,795.9,12.33,18.14,19.49,Valle / Sierra Escarpada,SRTM 1 Arc-Sec (30m) / NASADEM / GEDI L4A
PNT-01139,Monterrey,Nuevo León,25.668907,-100.333958,229.59,229.88,8.31,3.84,5.67,Valle / Sierra Escarpada,SRTM 1 Arc-Sec (30m) / NASADEM / GEDI L4A
PNT-01140,Monterrey,Nuevo León,25.633651,-100.340879,511.51,511.72,11.3,34.65,35.4,Valle / Sierra Escarpada,SRTM 1 Arc-Sec (30m) / NASADEM / GEDI L4A
PNT-01141,Monterrey,Nuevo León,25.680168,-100.320748,647.3,647.31,13.97,26.55,43.74,Valle / Sierra Escarpada,SRTM 1 Arc-Sec (30m) / NASADEM / GEDI L4A
PNT-01142,Monterrey,Nuevo León,25.607526,-100.331538,614.44,614.47,13.63,21.22,24.36,Valle / Sierra Escarpada,SRTM 1 Arc-Sec (30m) / NASADEM / GEDI L4A
PNT-01143,Monterrey,Nuevo León,25.689283,-100.291139,1051.68,1051.97,9.48,7.05,8.82,Valle / Sierra Escarpada,SRTM 1 Arc-Sec (30m) / NASADEM / GEDI L4A
PNT-01144,Monterrey,Nuevo León,25.671283,-100.286006,766.09,766.39,6.8,17.01,29.1,Valle / Sierra Escarpada,SRTM 1 Arc-Sec (30m) / NASADEM / GEDI L4A
PNT-01145,Monterrey,Nuevo León,25.764906,-100.379025,912.6,912.22,12.04,24.05,25.9,Valle / Sierra Escarpada,SRTM 1 Arc-Sec (30m) / NASADEM / GEDI L4A
PNT-01146,Monterrey,Nuevo León,25.743974,-100.350646,886.64,886.42,16.79,2.52,3.05,Valle / Sierra Escarpada,SRTM 1 Arc-Sec (30m) / NASADEM / GEDI L4A
PNT-01147,Monterrey,Nuevo León,25.652271,-100.266564,477.94,478.03,17.6,24.04,39.12,Valle / Sierra Escarpada,SRTM 1 Arc-Sec (30m) / NASADEM / GEDI L4A
PNT-01148,Monterrey,Nuevo León,25.674,-100.351929,621.38,621.34,5.18,17.84,15.9,Valle / Sierra Escarpada,SRTM 1 Arc-Sec (30m) / NASADEM / GEDI L4A
PNT-01149,Monterrey,Nuevo León,25.720977,-100.361802,423.55,423.33,6.78,23.27,27.26,Valle / Sierra Escarpada,SRTM 1 Arc-Sec (30m) / NASADEM / GEDI L4A
PNT-01150,Monterrey,Nuevo León,25.677826,-100.310053,394.57,394.87,10.38,17.59,21.32,Valle / Sierra Escarpada,SRTM 1 Arc-Sec (30m) / NASADEM / GEDI L4A
PNT-01151,Monterrey,Nuevo León,25.611698,-100.316324,1157.53,1157.7,19.34,7.91,8.32,Valle / Sierra Escarpada,SRTM 1 Arc-Sec (30m) / NASADEM / GEDI L4A
PNT-01152,Monterrey,Nuevo León,25.735717,-100.244453,537.75,537.52,7.49,3.47,3.91,Valle / Sierra Escarpada,SRTM 1 Arc-Sec (30m) / NASADEM / GEDI L4A
PNT-01153,Monterrey,Nuevo León,25.62899,-100.282411,182.88,182.49,12.44,31.75,30.99,Valle / Sierra Escarpada,SRTM 1 Arc-Sec (30m) / NASADEM / GEDI L4A
PNT-01154,Monterrey,Nuevo León,25.702995,-100.342092,6.28,5.95,15.19,9.63,9.52,Valle / Sierra Escarpada,SRTM 1 Arc-Sec (30m) / NASADEM / GEDI L4A
PNT-01155,Monterrey,Nuevo León,25.674483,-100.290675,1296.78,1297.15,13.75,23.48,29.85,Valle / Sierra Escarpada,SRTM 1 Arc-Sec (30m) / NASADEM / GEDI L4A
PNT-01156,Monterrey,Nuevo León,25.697744,-100.247536,380.78,380.57,15.81,11.13,14.52,Valle / Sierra Escarpada,SRTM 1 Arc-Sec (30m) / NASADEM / GEDI L4A
PNT-01157,Monterrey,Nuevo León,25.725048,-100.315485,586.94,587.18,10.83,12.14,17.77,Valle / Sierra Escarpada,SRTM 1 Arc-Sec (30m) / NASADEM / GEDI L4A
PNT-01158,Monterrey,Nuevo León,25.674255,-100.253741,567.62,567.77,16.84,34.59,44.82,Valle / Sierra Escarpada,SRTM 1 Arc-Sec (30m) / NASADEM / GEDI L4A
PNT-01159,Monterrey,Nuevo León,25.65612,-100.275413,376.77,377.06,6.71,28.58,34.4,Valle / Sierra Escarpada,SRTM 1 Arc-Sec (30m) / NASADEM / GEDI L4A
PNT-01160,Monterrey,Nuevo León,25.640359,-100.339045,281.87,282.06,9.78,10.73,13.46,Valle / Sierra Escarpada,SRTM 1 Arc-Sec (30m) / NASADEM / GEDI L4A
PNT-01161,Monterrey,Nuevo León,25.667738,-100.238868,314.02,313.69,11.24,23.53,32.93,Valle / Sierra Escarpada,SRTM 1 Arc-Sec (30m) / NASADEM / GEDI L4A
PNT-01162,Monterrey,Nuevo León,25.673001,-100.326905,547.74,547.74,9.31,6.85,6.19,Valle / Sierra Escarpada,SRTM 1 Arc-Sec (30m) / NASADEM / GEDI L4A
PNT-01163,Monterrey,Nuevo León,25.625772,-100.379835,154.21,154.01,13.8,7.76,13.64,Valle / Sierra Escarpada,SRTM 1 Arc-Sec (30m) / NASADEM / GEDI L4A
PNT-01164,Monterrey,Nuevo León,25.742739,-100.359121,205.85,205.84,9.44,1.94,2.85,Valle / Sierra Escarpada,SRTM 1 Arc-Sec (30m) / NASADEM / GEDI L4A
PNT-01165,Monterrey,Nuevo León,25.689705,-100.252218,670.95,671.18,10.14,6.01,7.2,Valle / Sierra Escarpada,SRTM 1 Arc-Sec (30m) / NASADEM / GEDI L4A
PNT-01166,Monterrey,Nuevo León,25.633224,-100.355245,661.59,661.52,5.39,37.02,34.29,Valle / Sierra Escarpada,SRTM 1 Arc-Sec (30m) / NASADEM / GEDI L4A
PNT-01167,Monterrey,Nuevo León,25.761791,-100.359098,327.17,326.88,16.65,33.63,37.29,Valle / Sierra Escarpada,SRTM 1 Arc-Sec (30m) / NASADEM / GEDI L4A
PNT-01168,Monterrey,Nuevo León,25.711417,-100.305369,386.4,386.59,0.0,4.52,6.64,Valle / Sierra Escarpada,SRTM 1 Arc-Sec (30m) / NASADEM / GEDI L4A
PNT-01169,Monterrey,Nuevo León,25.74933,-100.386754,674.03,673.98,9.13,16.45,15.41,Valle / Sierra Escarpada,SRTM 1 Arc-Sec (30m) / NASADEM / GEDI L4A
PNT-01170,Monterrey,Nuevo León,25.687083,-100.375753,1032.59,1032.4,11.44,19.37,34.71,Valle / Sierra Escarpada,SRTM 1 Arc-Sec (30m) / NASADEM / GEDI L4A
PNT-01171,Monterrey,Nuevo León,25.715864,-100.261383,988.43,988.06,10.16,5.85,5.87,Valle / Sierra Escarpada,SRTM 1 Arc-Sec (30m) / NASADEM / GEDI L4A
PNT-01172,Monterrey,Nuevo León,25.670312,-100.260681,940.54,940.71,6.86,23.36,27.03,Valle / Sierra Escarpada,SRTM 1 Arc-Sec (30m) / NASADEM / GEDI L4A
PNT-01173,Monterrey,Nuevo León,25.698329,-100.341238,425.99,426.11,14.81,13.64,16.25,Valle / Sierra Escarpada,SRTM 1 Arc-Sec (30m) / NASADEM / GEDI L4A
PNT-01174,Monterrey,Nuevo León,25.647938,-100.341113,1035.35,1035.36,9.41,36.87,31.04,Valle / Sierra Escarpada,SRTM 1 Arc-Sec (30m) / NASADEM / GEDI L4A
PNT-01175,Monterrey,Nuevo León,25.686491,-100.302524,886.17,885.96,12.93,34.32,28.11,Valle / Sierra Escarpada,SRTM 1 Arc-Sec (30m) / NASADEM / GEDI L4A
PNT-01176,Monterrey,Nuevo León,25.723193,-100.246702,306.25,305.89,19.78,35.98,45.71,Valle / Sierra Escarpada,SRTM 1 Arc-Sec (30m) / NASADEM / GEDI L4A
PNT-01177,Monterrey,Nuevo León,25.610639,-100.285629,209.53,209.3,11.79,3.64,5.0,Valle / Sierra Escarpada,SRTM 1 Arc-Sec (30m) / NASADEM / GEDI L4A
PNT-01178,Monterrey,Nuevo León,25.705525,-100.315081,632.91,633.0,13.05,1.68,2.51,Valle / Sierra Escarpada,SRTM 1 Arc-Sec (30m) / NASADEM / GEDI L4A
PNT-01179,Monterrey,Nuevo León,25.67288,-100.305511,132.21,132.54,17.24,6.26,9.21,Valle / Sierra Escarpada,SRTM 1 Arc-Sec (30m) / NASADEM / GEDI L4A
PNT-01180,Monterrey,Nuevo León,25.606698,-100.248056,190.9,190.67,6.05,23.32,28.98,Valle / Sierra Escarpada,SRTM 1 Arc-Sec (30m) / NASADEM / GEDI L4A
PNT-01181,Monterrey,Nuevo León,25.611468,-100.344856,722.3,722.48,15.85,27.59,30.65,Valle / Sierra Escarpada,SRTM 1 Arc-Sec (30m) / NASADEM / GEDI L4A
PNT-01182,Monterrey,Nuevo León,25.621946,-100.352405,453.4,453.11,11.99,13.37,18.43,Valle / Sierra Escarpada,SRTM 1 Arc-Sec (30m) / NASADEM / GEDI L4A
PNT-01183,Monterrey,Nuevo León,25.618015,-100.245063,761.57,761.79,11.07,29.76,41.86,Valle / Sierra Escarpada,SRTM 1 Arc-Sec (30m) / NASADEM / GEDI L4A
PNT-01184,Monterrey,Nuevo León,25.706285,-100.293919,809.84,810.23,20.34,28.88,45.54,Valle / Sierra Escarpada,SRTM 1 Arc-Sec (30m) / NASADEM / GEDI L4A
PNT-01185,Monterrey,Nuevo León,25.745594,-100.361498,529.12,529.13,8.58,32.54,40.47,Valle / Sierra Escarpada,SRTM 1 Arc-Sec (30m) / NASADEM / GEDI L4A
PNT-01186,Monterrey,Nuevo León,25.697336,-100.311669,573.32,573.58,10.28,7.15,9.97,Valle / Sierra Escarpada,SRTM 1 Arc-Sec (30m) / NASADEM / GEDI L4A
PNT-01187,Monterrey,Nuevo León,25.700978,-100.36973,117.13,116.87,9.87,26.44,37.27,Valle / Sierra Escarpada,SRTM 1 Arc-Sec (30m) / NASADEM / GEDI L4A
PNT-01188,Monterrey,Nuevo León,25.708968,-100.381919,464.65,464.5,15.46,18.68,22.23,Valle / Sierra Escarpada,SRTM 1 Arc-Sec (30m) / NASADEM / GEDI L4A
PNT-01189,Monterrey,Nuevo León,25.744172,-100.247318,777.58,777.81,10.34,36.38,38.04,Valle / Sierra Escarpada,SRTM 1 Arc-Sec (30m) / NASADEM / GEDI L4A
PNT-01190,Monterrey,Nuevo León,25.698313,-100.352073,1.0,0.86,15.08,25.58,42.24,Valle / Sierra Escarpada,SRTM 1 Arc-Sec (30m) / NASADEM / GEDI L4A
PNT-01191,Monterrey,Nuevo León,25.703471,-100.259492,584.33,584.29,5.1,1.64,2.23,Valle / Sierra Escarpada,SRTM 1 Arc-Sec (30m) / NASADEM / GEDI L4A
PNT-01192,Monterrey,Nuevo León,25.711844,-100.301294,690.57,690.22,18.43,5.6,7.82,Valle / Sierra Escarpada,SRTM 1 Arc-Sec (30m) / NASADEM / GEDI L4A
PNT-01193,Monterrey,Nuevo León,25.649997,-100.383257,1037.74,1037.6,3.68,28.43,41.05,Valle / Sierra Escarpada,SRTM 1 Arc-Sec (30m) / NASADEM / GEDI L4A
PNT-01194,Monterrey,Nuevo León,25.659251,-100.27522,940.12,940.16,17.59,1.63,2.44,Valle / Sierra Escarpada,SRTM 1 Arc-Sec (30m) / NASADEM / GEDI L4A
PNT-01195,Monterrey,Nuevo León,25.666167,-100.245182,646.31,646.11,16.97,8.9,10.15,Valle / Sierra Escarpada,SRTM 1 Arc-Sec (30m) / NASADEM / GEDI L4A
PNT-01196,Monterrey,Nuevo León,25.682251,-100.34863,147.98,148.36,12.23,5.28,9.14,Valle / Sierra Escarpada,SRTM 1 Arc-Sec (30m) / NASADEM / GEDI L4A
PNT-01197,Monterrey,Nuevo León,25.752172,-100.311942,392.17,392.27,18.71,14.07,15.49,Valle / Sierra Escarpada,SRTM 1 Arc-Sec (30m) / NASADEM / GEDI L4A
PNT-01198,Monterrey,Nuevo León,25.698517,-100.316299,24.74,24.63,14.48,4.37,3.72,Valle / Sierra Escarpada,SRTM 1 Arc-Sec (30m) / NASADEM / GEDI L4A
PNT-01199,Monterrey,Nuevo León,25.646553,-100.384121,571.82,571.64,10.81,34.14,43.87,Valle / Sierra Escarpada,SRTM 1 Arc-Sec (30m) / NASADEM / GEDI L4A
PNT-01200,Monterrey,Nuevo León,25.654892,-100.313178,879.93,879.62,3.95,38.89,47.66,Valle / Sierra Escarpada,SRTM 1 Arc-Sec (30m) / NASADEM / GEDI L4A
PNT-01201,Toluca,Estado de México,19.262717,-99.622366,2829.8,2829.76,10.27,17.49,15.87,Altiplano / Pie de Monte,SRTM 1 Arc-Sec (30m) / NASADEM / GEDI L4A
PNT-01202,Toluca,Estado de México,19.342379,-99.618285,2585.61,2585.46,10.49,23.44,24.77,Altiplano / Pie de Monte,SRTM 1 Arc-Sec (30m) / NASADEM / GEDI L4A
PNT-01203,Toluca,Estado de México,19.27998,-99.731197,2874.75,2875.11,4.26,12.79,20.71,Altiplano / Pie de Monte,SRTM 1 Arc-Sec (30m) / NASADEM / GEDI L4A
PNT-01204,Toluca,Estado de México,19.29454,-99.729474,2775.87,2776.23,4.91,20.73,21.32,Altiplano / Pie de Monte,SRTM 1 Arc-Sec (30m) / NASADEM / GEDI L4A
PNT-01205,Toluca,Estado de México,19.242218,-99.703812,2575.52,2575.52,17.41,11.57,12.19,Altiplano / Pie de Monte,SRTM 1 Arc-Sec (30m) / NASADEM / GEDI L4A
PNT-01206,Toluca,Estado de México,19.287804,-99.731121,2584.9,2584.91,18.13,9.38,14.45,Altiplano / Pie de Monte,SRTM 1 Arc-Sec (30m) / NASADEM / GEDI L4A
PNT-01207,Toluca,Estado de México,19.33247,-99.613874,2519.73,2519.6,14.64,11.7,13.23,Altiplano / Pie de Monte,SRTM 1 Arc-Sec (30m) / NASADEM / GEDI L4A
PNT-01208,Toluca,Estado de México,19.32779,-99.683303,2613.99,2614.37,7.88,6.04,8.53,Altiplano / Pie de Monte,SRTM 1 Arc-Sec (30m) / NASADEM / GEDI L4A
PNT-01209,Toluca,Estado de México,19.276276,-99.724636,2963.66,2963.67,11.54,21.03,22.9,Altiplano / Pie de Monte,SRTM 1 Arc-Sec (30m) / NASADEM / GEDI L4A
PNT-01210,Toluca,Estado de México,19.2208,-99.58615,2849.83,2850.06,4.43,8.32,12.61,Altiplano / Pie de Monte,SRTM 1 Arc-Sec (30m) / NASADEM / GEDI L4A
PNT-01211,Toluca,Estado de México,19.228667,-99.689393,2710.31,2710.09,10.56,17.44,30.4,Altiplano / Pie de Monte,SRTM 1 Arc-Sec (30m) / NASADEM / GEDI L4A
PNT-01212,Toluca,Estado de México,19.291444,-99.649595,2343.0,2342.98,10.23,14.79,26.41,Altiplano / Pie de Monte,SRTM 1 Arc-Sec (30m) / NASADEM / GEDI L4A
PNT-01213,Toluca,Estado de México,19.357042,-99.598056,2646.9,2647.03,15.96,21.57,25.73,Altiplano / Pie de Monte,SRTM 1 Arc-Sec (30m) / NASADEM / GEDI L4A
PNT-01214,Toluca,Estado de México,19.360882,-99.669474,2911.99,2912.35,15.04,6.48,10.02,Altiplano / Pie de Monte,SRTM 1 Arc-Sec (30m) / NASADEM / GEDI L4A
PNT-01215,Toluca,Estado de México,19.29033,-99.693031,2705.0,2705.13,17.96,8.29,10.62,Altiplano / Pie de Monte,SRTM 1 Arc-Sec (30m) / NASADEM / GEDI L4A
PNT-01216,Toluca,Estado de México,19.305777,-99.671214,2938.35,2938.28,12.34,9.04,10.91,Altiplano / Pie de Monte,SRTM 1 Arc-Sec (30m) / NASADEM / GEDI L4A
PNT-01217,Toluca,Estado de México,19.272471,-99.648931,2627.34,2627.05,24.47,12.31,11.93,Altiplano / Pie de Monte,SRTM 1 Arc-Sec (30m) / NASADEM / GEDI L4A
PNT-01218,Toluca,Estado de México,19.227182,-99.586777,2922.29,2922.21,16.31,21.89,31.48,Altiplano / Pie de Monte,SRTM 1 Arc-Sec (30m) / NASADEM / GEDI L4A
PNT-01219,Toluca,Estado de México,19.330067,-99.67703,2618.87,2618.69,13.11,7.43,7.96,Altiplano / Pie de Monte,SRTM 1 Arc-Sec (30m) / NASADEM / GEDI L4A
PNT-01220,Toluca,Estado de México,19.343865,-99.730898,2629.9,2629.66,10.59,6.18,9.88,Altiplano / Pie de Monte,SRTM 1 Arc-Sec (30m) / NASADEM / GEDI L4A
PNT-01221,Toluca,Estado de México,19.2971,-99.735077,2353.22,2352.91,6.12,16.49,24.77,Altiplano / Pie de Monte,SRTM 1 Arc-Sec (30m) / NASADEM / GEDI L4A
PNT-01222,Toluca,Estado de México,19.322343,-99.619445,2729.88,2729.55,13.6,17.94,31.57,Altiplano / Pie de Monte,SRTM 1 Arc-Sec (30m) / NASADEM / GEDI L4A
PNT-01223,Toluca,Estado de México,19.315568,-99.64471,2646.71,2646.79,14.6,11.85,20.53,Altiplano / Pie de Monte,SRTM 1 Arc-Sec (30m) / NASADEM / GEDI L4A
PNT-01224,Toluca,Estado de México,19.219174,-99.655821,2823.09,2823.16,14.61,21.89,38.13,Altiplano / Pie de Monte,SRTM 1 Arc-Sec (30m) / NASADEM / GEDI L4A
PNT-01225,Toluca,Estado de México,19.217291,-99.671621,2799.84,2800.12,12.31,3.76,3.36,Altiplano / Pie de Monte,SRTM 1 Arc-Sec (30m) / NASADEM / GEDI L4A
PNT-01226,Toluca,Estado de México,19.301283,-99.650861,2736.85,2737.19,10.88,10.14,17.14,Altiplano / Pie de Monte,SRTM 1 Arc-Sec (30m) / NASADEM / GEDI L4A
PNT-01227,Toluca,Estado de México,19.268432,-99.618109,2491.25,2491.59,11.73,11.34,17.4,Altiplano / Pie de Monte,SRTM 1 Arc-Sec (30m) / NASADEM / GEDI L4A
PNT-01228,Toluca,Estado de México,19.265748,-99.732979,2658.57,2658.72,8.21,8.57,12.82,Altiplano / Pie de Monte,SRTM 1 Arc-Sec (30m) / NASADEM / GEDI L4A
PNT-01229,Toluca,Estado de México,19.318782,-99.62337,2798.15,2798.14,11.94,11.25,11.24,Altiplano / Pie de Monte,SRTM 1 Arc-Sec (30m) / NASADEM / GEDI L4A
PNT-01230,Toluca,Estado de México,19.256225,-99.729226,2447.92,2447.76,14.82,18.68,21.06,Altiplano / Pie de Monte,SRTM 1 Arc-Sec (30m) / NASADEM / GEDI L4A
PNT-01231,Toluca,Estado de México,19.245751,-99.708951,2586.93,2586.89,13.36,12.56,18.68,Altiplano / Pie de Monte,SRTM 1 Arc-Sec (30m) / NASADEM / GEDI L4A
PNT-01232,Toluca,Estado de México,19.308325,-99.606285,2653.3,2653.12,11.63,4.19,4.56,Altiplano / Pie de Monte,SRTM 1 Arc-Sec (30m) / NASADEM / GEDI L4A
PNT-01233,Toluca,Estado de México,19.256562,-99.652498,2481.13,2481.31,18.16,8.6,9.38,Altiplano / Pie de Monte,SRTM 1 Arc-Sec (30m) / NASADEM / GEDI L4A
PNT-01234,Toluca,Estado de México,19.29359,-99.732205,2635.85,2636.2,8.91,17.54,15.58,Altiplano / Pie de Monte,SRTM 1 Arc-Sec (30m) / NASADEM / GEDI L4A
PNT-01235,Toluca,Estado de México,19.342411,-99.618832,2848.52,2848.44,13.63,5.94,7.79,Altiplano / Pie de Monte,SRTM 1 Arc-Sec (30m) / NASADEM / GEDI L4A
PNT-01236,Toluca,Estado de México,19.294815,-99.649868,2759.06,2759.38,12.36,21.12,33.82,Altiplano / Pie de Monte,SRTM 1 Arc-Sec (30m) / NASADEM / GEDI L4A
PNT-01237,Toluca,Estado de México,19.357948,-99.720241,2654.15,2654.43,5.05,12.52,19.38,Altiplano / Pie de Monte,SRTM 1 Arc-Sec (30m) / NASADEM / GEDI L4A
PNT-01238,Toluca,Estado de México,19.229234,-99.695614,2541.01,2540.89,14.06,6.94,7.98,Altiplano / Pie de Monte,SRTM 1 Arc-Sec (30m) / NASADEM / GEDI L4A
PNT-01239,Toluca,Estado de México,19.320332,-99.677144,2513.52,2513.76,12.51,9.38,13.59,Altiplano / Pie de Monte,SRTM 1 Arc-Sec (30m) / NASADEM / GEDI L4A
PNT-01240,Toluca,Estado de México,19.323062,-99.702454,2703.27,2703.21,15.58,5.03,8.76,Altiplano / Pie de Monte,SRTM 1 Arc-Sec (30m) / NASADEM / GEDI L4A
PNT-01241,Toluca,Estado de México,19.327811,-99.702716,2829.53,2829.69,9.78,18.57,23.05,Altiplano / Pie de Monte,SRTM 1 Arc-Sec (30m) / NASADEM / GEDI L4A
PNT-01242,Toluca,Estado de México,19.321636,-99.674161,2749.96,2750.34,7.11,8.01,10.1,Altiplano / Pie de Monte,SRTM 1 Arc-Sec (30m) / NASADEM / GEDI L4A
PNT-01243,Toluca,Estado de México,19.31484,-99.649359,2734.28,2733.93,14.44,23.96,37.2,Altiplano / Pie de Monte,SRTM 1 Arc-Sec (30m) / NASADEM / GEDI L4A
PNT-01244,Toluca,Estado de México,19.345225,-99.631808,2795.34,2795.1,10.63,2.62,4.16,Altiplano / Pie de Monte,SRTM 1 Arc-Sec (30m) / NASADEM / GEDI L4A
PNT-01245,Toluca,Estado de México,19.340678,-99.709976,2730.26,2730.28,15.33,20.06,24.46,Altiplano / Pie de Monte,SRTM 1 Arc-Sec (30m) / NASADEM / GEDI L4A
PNT-01246,Toluca,Estado de México,19.238039,-99.690424,3184.22,3184.46,14.16,19.16,26.47,Altiplano / Pie de Monte,SRTM 1 Arc-Sec (30m) / NASADEM / GEDI L4A
PNT-01247,Toluca,Estado de México,19.331926,-99.705316,2642.42,2642.58,11.26,10.3,17.27,Altiplano / Pie de Monte,SRTM 1 Arc-Sec (30m) / NASADEM / GEDI L4A
PNT-01248,Toluca,Estado de México,19.254677,-99.734101,2767.48,2767.38,5.14,13.21,22.15,Altiplano / Pie de Monte,SRTM 1 Arc-Sec (30m) / NASADEM / GEDI L4A
PNT-01249,Toluca,Estado de México,19.352998,-99.693444,3026.21,3026.57,4.95,23.97,24.82,Altiplano / Pie de Monte,SRTM 1 Arc-Sec (30m) / NASADEM / GEDI L4A
PNT-01250,Toluca,Estado de México,19.323317,-99.675515,2516.53,2516.15,0.0,16.74,18.31,Altiplano / Pie de Monte,SRTM 1 Arc-Sec (30m) / NASADEM / GEDI L4A
PNT-01251,Toluca,Estado de México,19.296583,-99.687853,2607.75,2607.54,7.32,13.21,13.19,Altiplano / Pie de Monte,SRTM 1 Arc-Sec (30m) / NASADEM / GEDI L4A
PNT-01252,Toluca,Estado de México,19.288345,-99.710819,2845.92,2845.61,15.13,11.65,10.15,Altiplano / Pie de Monte,SRTM 1 Arc-Sec (30m) / NASADEM / GEDI L4A
PNT-01253,Toluca,Estado de México,19.302709,-99.693695,2942.39,2942.73,23.17,13.54,18.73,Altiplano / Pie de Monte,SRTM 1 Arc-Sec (30m) / NASADEM / GEDI L4A
PNT-01254,Toluca,Estado de México,19.271265,-99.584147,2543.26,2543.54,15.77,10.83,17.64,Altiplano / Pie de Monte,SRTM 1 Arc-Sec (30m) / NASADEM / GEDI L4A
PNT-01255,Toluca,Estado de México,19.338662,-99.705781,2489.86,2489.7,16.09,7.68,11.72,Altiplano / Pie de Monte,SRTM 1 Arc-Sec (30m) / NASADEM / GEDI L4A
PNT-01256,Toluca,Estado de México,19.243772,-99.735855,2528.61,2528.29,14.15,6.31,7.45,Altiplano / Pie de Monte,SRTM 1 Arc-Sec (30m) / NASADEM / GEDI L4A
PNT-01257,Toluca,Estado de México,19.283145,-99.728869,2471.04,2471.0,7.39,15.33,14.51,Altiplano / Pie de Monte,SRTM 1 Arc-Sec (30m) / NASADEM / GEDI L4A
PNT-01258,Toluca,Estado de México,19.237229,-99.59849,2549.73,2550.03,6.39,16.19,18.48,Altiplano / Pie de Monte,SRTM 1 Arc-Sec (30m) / NASADEM / GEDI L4A
PNT-01259,Toluca,Estado de México,19.316392,-99.732851,2644.75,2645.0,18.92,22.95,39.61,Altiplano / Pie de Monte,SRTM 1 Arc-Sec (30m) / NASADEM / GEDI L4A
PNT-01260,Toluca,Estado de México,19.352482,-99.654053,2573.45,2573.6,3.34,21.31,21.46,Altiplano / Pie de Monte,SRTM 1 Arc-Sec (30m) / NASADEM / GEDI L4A
PNT-01261,Toluca,Estado de México,19.353911,-99.605571,2570.59,2570.28,10.75,7.56,10.69,Altiplano / Pie de Monte,SRTM 1 Arc-Sec (30m) / NASADEM / GEDI L4A
PNT-01262,Toluca,Estado de México,19.335691,-99.59212,2663.6,2663.23,2.89,8.88,8.7,Altiplano / Pie de Monte,SRTM 1 Arc-Sec (30m) / NASADEM / GEDI L4A
PNT-01263,Toluca,Estado de México,19.310531,-99.661716,2216.19,2216.55,11.28,5.78,7.61,Altiplano / Pie de Monte,SRTM 1 Arc-Sec (30m) / NASADEM / GEDI L4A
PNT-01264,Toluca,Estado de México,19.324763,-99.646905,2630.41,2630.38,14.6,2.85,4.02,Altiplano / Pie de Monte,SRTM 1 Arc-Sec (30m) / NASADEM / GEDI L4A
PNT-01265,Toluca,Estado de México,19.253114,-99.710351,2939.18,2938.84,21.62,17.0,24.2,Altiplano / Pie de Monte,SRTM 1 Arc-Sec (30m) / NASADEM / GEDI L4A
PNT-01266,Toluca,Estado de México,19.237243,-99.66089,2698.15,2698.07,19.14,8.28,11.68,Altiplano / Pie de Monte,SRTM 1 Arc-Sec (30m) / NASADEM / GEDI L4A
PNT-01267,Toluca,Estado de México,19.357257,-99.628521,2648.3,2648.61,8.84,2.99,5.35,Altiplano / Pie de Monte,SRTM 1 Arc-Sec (30m) / NASADEM / GEDI L4A
PNT-01268,Toluca,Estado de México,19.358851,-99.723476,2630.24,2630.52,14.36,10.51,13.04,Altiplano / Pie de Monte,SRTM 1 Arc-Sec (30m) / NASADEM / GEDI L4A
PNT-01269,Toluca,Estado de México,19.308479,-99.612084,2674.08,2673.83,10.24,8.83,10.14,Altiplano / Pie de Monte,SRTM 1 Arc-Sec (30m) / NASADEM / GEDI L4A
PNT-01270,Toluca,Estado de México,19.28205,-99.682538,2654.72,2655.08,9.93,3.48,6.08,Altiplano / Pie de Monte,SRTM 1 Arc-Sec (30m) / NASADEM / GEDI L4A
PNT-01271,Toluca,Estado de México,19.324338,-99.634,2829.31,2829.0,13.88,12.51,18.73,Altiplano / Pie de Monte,SRTM 1 Arc-Sec (30m) / NASADEM / GEDI L4A
PNT-01272,Toluca,Estado de México,19.300891,-99.602755,2693.34,2693.37,10.13,9.6,10.95,Altiplano / Pie de Monte,SRTM 1 Arc-Sec (30m) / NASADEM / GEDI L4A
PNT-01273,Toluca,Estado de México,19.306333,-99.593441,2870.21,2870.13,11.94,3.18,2.74,Altiplano / Pie de Monte,SRTM 1 Arc-Sec (30m) / NASADEM / GEDI L4A
PNT-01274,Toluca,Estado de México,19.215213,-99.675176,2860.05,2860.24,8.26,1.98,2.02,Altiplano / Pie de Monte,SRTM 1 Arc-Sec (30m) / NASADEM / GEDI L4A
PNT-01275,Toluca,Estado de México,19.250882,-99.648382,2602.66,2602.54,7.1,19.15,25.09,Altiplano / Pie de Monte,SRTM 1 Arc-Sec (30m) / NASADEM / GEDI L4A
PNT-01276,Toluca,Estado de México,19.227456,-99.617761,2421.67,2421.57,9.41,12.35,14.12,Altiplano / Pie de Monte,SRTM 1 Arc-Sec (30m) / NASADEM / GEDI L4A
PNT-01277,Toluca,Estado de México,19.245705,-99.67224,2850.28,2850.53,14.67,12.25,12.32,Altiplano / Pie de Monte,SRTM 1 Arc-Sec (30m) / NASADEM / GEDI L4A
PNT-01278,Toluca,Estado de México,19.324956,-99.624046,2719.35,2719.03,11.07,23.6,39.18,Altiplano / Pie de Monte,SRTM 1 Arc-Sec (30m) / NASADEM / GEDI L4A
PNT-01279,Toluca,Estado de México,19.317064,-99.5858,2524.56,2524.51,14.43,2.46,2.93,Altiplano / Pie de Monte,SRTM 1 Arc-Sec (30m) / NASADEM / GEDI L4A
PNT-01280,Toluca,Estado de México,19.325656,-99.674169,2812.25,2812.55,5.23,1.9,2.25,Altiplano / Pie de Monte,SRTM 1 Arc-Sec (30m) / NASADEM / GEDI L4A
PNT-01281,Toluca,Estado de México,19.232319,-99.624743,2708.91,2708.74,9.07,5.41,9.39,Altiplano / Pie de Monte,SRTM 1 Arc-Sec (30m) / NASADEM / GEDI L4A
PNT-01282,Toluca,Estado de México,19.209964,-99.665956,2657.71,2657.71,10.33,8.26,7.7,Altiplano / Pie de Monte,SRTM 1 Arc-Sec (30m) / NASADEM / GEDI L4A
PNT-01283,Toluca,Estado de México,19.267222,-99.628438,2686.05,2686.12,17.98,5.45,5.93,Altiplano / Pie de Monte,SRTM 1 Arc-Sec (30m) / NASADEM / GEDI L4A
PNT-01284,Toluca,Estado de México,19.232903,-99.696113,2677.41,2677.46,5.84,22.72,22.62,Altiplano / Pie de Monte,SRTM 1 Arc-Sec (30m) / NASADEM / GEDI L4A
PNT-01285,Toluca,Estado de México,19.309668,-99.605239,2403.0,2402.81,13.58,1.71,1.89,Altiplano / Pie de Monte,SRTM 1 Arc-Sec (30m) / NASADEM / GEDI L4A
PNT-01286,Toluca,Estado de México,19.326137,-99.728397,2773.91,2774.14,8.12,11.36,17.02,Altiplano / Pie de Monte,SRTM 1 Arc-Sec (30m) / NASADEM / GEDI L4A
PNT-01287,Toluca,Estado de México,19.269072,-99.710414,2889.69,2890.05,4.69,2.4,3.14,Altiplano / Pie de Monte,SRTM 1 Arc-Sec (30m) / NASADEM / GEDI L4A
PNT-01288,Toluca,Estado de México,19.259627,-99.65467,2695.0,2694.96,17.19,7.42,8.15,Altiplano / Pie de Monte,SRTM 1 Arc-Sec (30m) / NASADEM / GEDI L4A
PNT-01289,Toluca,Estado de México,19.268296,-99.602309,2649.86,2649.77,13.93,20.44,25.08,Altiplano / Pie de Monte,SRTM 1 Arc-Sec (30m) / NASADEM / GEDI L4A
PNT-01290,Toluca,Estado de México,19.295323,-99.699049,2695.14,2695.39,18.69,18.91,19.19,Altiplano / Pie de Monte,SRTM 1 Arc-Sec (30m) / NASADEM / GEDI L4A
PNT-01291,Toluca,Estado de México,19.321502,-99.607991,2495.25,2494.85,10.06,11.26,12.98,Altiplano / Pie de Monte,SRTM 1 Arc-Sec (30m) / NASADEM / GEDI L4A
PNT-01292,Toluca,Estado de México,19.295786,-99.705913,2592.54,2592.32,14.5,11.95,15.52,Altiplano / Pie de Monte,SRTM 1 Arc-Sec (30m) / NASADEM / GEDI L4A
PNT-01293,Toluca,Estado de México,19.241414,-99.692502,2745.25,2745.47,8.78,11.53,17.46,Altiplano / Pie de Monte,SRTM 1 Arc-Sec (30m) / NASADEM / GEDI L4A
PNT-01294,Toluca,Estado de México,19.32475,-99.713876,2570.27,2569.97,9.89,4.01,6.21,Altiplano / Pie de Monte,SRTM 1 Arc-Sec (30m) / NASADEM / GEDI L4A
PNT-01295,Toluca,Estado de México,19.282145,-99.610731,2758.94,2759.09,17.82,1.23,1.37,Altiplano / Pie de Monte,SRTM 1 Arc-Sec (30m) / NASADEM / GEDI L4A
PNT-01296,Toluca,Estado de México,19.309052,-99.734505,2478.98,2479.13,15.55,19.18,21.23,Altiplano / Pie de Monte,SRTM 1 Arc-Sec (30m) / NASADEM / GEDI L4A
PNT-01297,Toluca,Estado de México,19.212766,-99.586755,2538.12,2538.11,10.8,18.63,19.03,Altiplano / Pie de Monte,SRTM 1 Arc-Sec (30m) / NASADEM / GEDI L4A
PNT-01298,Toluca,Estado de México,19.250118,-99.697166,2780.54,2780.26,12.54,23.32,40.75,Altiplano / Pie de Monte,SRTM 1 Arc-Sec (30m) / NASADEM / GEDI L4A
PNT-01299,Toluca,Estado de México,19.348532,-99.701671,2867.86,2868.25,14.67,4.99,7.81,Altiplano / Pie de Monte,SRTM 1 Arc-Sec (30m) / NASADEM / GEDI L4A
PNT-01300,Toluca,Estado de México,19.261208,-99.7079,2877.93,2877.9,10.54,13.27,23.82,Altiplano / Pie de Monte,SRTM 1 Arc-Sec (30m) / NASADEM / GEDI L4A
PNT-01301,Toluca,Estado de México,19.270857,-99.637536,2454.3,2454.46,5.54,22.56,30.28,Altiplano / Pie de Monte,SRTM 1 Arc-Sec (30m) / NASADEM / GEDI L4A
PNT-01302,Toluca,Estado de México,19.329944,-99.721727,2661.75,2661.37,6.07,6.67,8.79,Altiplano / Pie de Monte,SRTM 1 Arc-Sec (30m) / NASADEM / GEDI L4A
PNT-01303,Toluca,Estado de México,19.209394,-99.693673,3093.65,3093.99,14.08,15.77,19.16,Altiplano / Pie de Monte,SRTM 1 Arc-Sec (30m) / NASADEM / GEDI L4A
PNT-01304,Toluca,Estado de México,19.355856,-99.610419,2604.55,2604.69,10.87,13.79,21.92,Altiplano / Pie de Monte,SRTM 1 Arc-Sec (30m) / NASADEM / GEDI L4A
PNT-01305,Toluca,Estado de México,19.325209,-99.635966,2663.5,2663.19,13.27,20.02,21.06,Altiplano / Pie de Monte,SRTM 1 Arc-Sec (30m) / NASADEM / GEDI L4A
PNT-01306,Toluca,Estado de México,19.331368,-99.582863,2787.51,2787.48,18.53,9.25,10.67,Altiplano / Pie de Monte,SRTM 1 Arc-Sec (30m) / NASADEM / GEDI L4A
PNT-01307,Toluca,Estado de México,19.30882,-99.615796,2495.85,2495.85,14.43,19.17,24.46,Altiplano / Pie de Monte,SRTM 1 Arc-Sec (30m) / NASADEM / GEDI L4A
PNT-01308,Toluca,Estado de México,19.29286,-99.612618,2503.64,2503.96,18.95,4.57,8.21,Altiplano / Pie de Monte,SRTM 1 Arc-Sec (30m) / NASADEM / GEDI L4A
PNT-01309,Toluca,Estado de México,19.226016,-99.733608,2613.53,2613.71,13.78,19.62,32.55,Altiplano / Pie de Monte,SRTM 1 Arc-Sec (30m) / NASADEM / GEDI L4A
PNT-01310,Toluca,Estado de México,19.365655,-99.688954,2558.11,2558.04,13.39,20.47,23.9,Altiplano / Pie de Monte,SRTM 1 Arc-Sec (30m) / NASADEM / GEDI L4A
PNT-01311,Toluca,Estado de México,19.301575,-99.655396,2690.95,2690.59,12.24,14.12,23.48,Altiplano / Pie de Monte,SRTM 1 Arc-Sec (30m) / NASADEM / GEDI L4A
PNT-01312,Toluca,Estado de México,19.284021,-99.723436,2354.48,2354.2,14.75,20.5,27.09,Altiplano / Pie de Monte,SRTM 1 Arc-Sec (30m) / NASADEM / GEDI L4A
PNT-01313,Toluca,Estado de México,19.356324,-99.607037,2445.52,2445.85,10.72,4.85,5.27,Altiplano / Pie de Monte,SRTM 1 Arc-Sec (30m) / NASADEM / GEDI L4A
PNT-01314,Toluca,Estado de México,19.289694,-99.693862,2732.34,2732.01,6.71,2.15,2.52,Altiplano / Pie de Monte,SRTM 1 Arc-Sec (30m) / NASADEM / GEDI L4A
PNT-01315,Toluca,Estado de México,19.322306,-99.647231,2922.28,2922.17,4.31,22.52,19.25,Altiplano / Pie de Monte,SRTM 1 Arc-Sec (30m) / NASADEM / GEDI L4A
PNT-01316,Toluca,Estado de México,19.314743,-99.593395,2576.36,2576.2,14.01,17.44,15.42,Altiplano / Pie de Monte,SRTM 1 Arc-Sec (30m) / NASADEM / GEDI L4A
PNT-01317,Toluca,Estado de México,19.336898,-99.620975,2580.93,2581.1,13.14,16.57,27.02,Altiplano / Pie de Monte,SRTM 1 Arc-Sec (30m) / NASADEM / GEDI L4A
PNT-01318,Toluca,Estado de México,19.213655,-99.732302,2497.45,2497.5,10.53,22.08,26.31,Altiplano / Pie de Monte,SRTM 1 Arc-Sec (30m) / NASADEM / GEDI L4A
PNT-01319,Toluca,Estado de México,19.342192,-99.735961,2762.71,2762.39,10.92,14.87,18.61,Altiplano / Pie de Monte,SRTM 1 Arc-Sec (30m) / NASADEM / GEDI L4A
PNT-01320,Toluca,Estado de México,19.357155,-99.716397,2391.06,2391.36,10.0,14.83,20.97,Altiplano / Pie de Monte,SRTM 1 Arc-Sec (30m) / NASADEM / GEDI L4A
PNT-01321,Toluca,Estado de México,19.292106,-99.721304,2555.89,2555.87,10.69,16.51,27.65,Altiplano / Pie de Monte,SRTM 1 Arc-Sec (30m) / NASADEM / GEDI L4A
PNT-01322,Toluca,Estado de México,19.326875,-99.585826,2457.78,2457.58,15.87,8.48,9.07,Altiplano / Pie de Monte,SRTM 1 Arc-Sec (30m) / NASADEM / GEDI L4A
PNT-01323,Toluca,Estado de México,19.28883,-99.665576,2988.67,2988.58,12.59,6.63,6.41,Altiplano / Pie de Monte,SRTM 1 Arc-Sec (30m) / NASADEM / GEDI L4A
PNT-01324,Toluca,Estado de México,19.262916,-99.617311,2782.15,2781.94,16.7,14.44,19.79,Altiplano / Pie de Monte,SRTM 1 Arc-Sec (30m) / NASADEM / GEDI L4A
PNT-01325,Toluca,Estado de México,19.284483,-99.648003,3111.88,3112.05,10.58,3.34,5.18,Altiplano / Pie de Monte,SRTM 1 Arc-Sec (30m) / NASADEM / GEDI L4A
PNT-01326,Toluca,Estado de México,19.228742,-99.72534,2645.77,2645.52,9.25,12.06,19.66,Altiplano / Pie de Monte,SRTM 1 Arc-Sec (30m) / NASADEM / GEDI L4A
PNT-01327,Toluca,Estado de México,19.359098,-99.63452,2847.31,2847.16,5.38,21.91,36.6,Altiplano / Pie de Monte,SRTM 1 Arc-Sec (30m) / NASADEM / GEDI L4A
PNT-01328,Toluca,Estado de México,19.296317,-99.684032,2626.79,2626.65,17.29,11.73,18.99,Altiplano / Pie de Monte,SRTM 1 Arc-Sec (30m) / NASADEM / GEDI L4A
PNT-01329,Toluca,Estado de México,19.226938,-99.598775,2445.58,2445.48,10.06,8.52,8.32,Altiplano / Pie de Monte,SRTM 1 Arc-Sec (30m) / NASADEM / GEDI L4A
PNT-01330,Toluca,Estado de México,19.304163,-99.65974,2860.82,2861.03,14.75,21.36,32.66,Altiplano / Pie de Monte,SRTM 1 Arc-Sec (30m) / NASADEM / GEDI L4A
PNT-01331,Toluca,Estado de México,19.35545,-99.682775,2605.94,2605.55,12.01,6.37,5.74,Altiplano / Pie de Monte,SRTM 1 Arc-Sec (30m) / NASADEM / GEDI L4A
PNT-01332,Toluca,Estado de México,19.248634,-99.707673,2708.12,2708.26,15.07,0.92,1.64,Altiplano / Pie de Monte,SRTM 1 Arc-Sec (30m) / NASADEM / GEDI L4A
PNT-01333,Toluca,Estado de México,19.347453,-99.592783,2458.95,2459.26,17.16,7.56,10.3,Altiplano / Pie de Monte,SRTM 1 Arc-Sec (30m) / NASADEM / GEDI L4A
PNT-01334,Toluca,Estado de México,19.222957,-99.588487,2598.51,2598.56,9.99,18.53,26.3,Altiplano / Pie de Monte,SRTM 1 Arc-Sec (30m) / NASADEM / GEDI L4A
PNT-01335,Toluca,Estado de México,19.244141,-99.735849,2632.06,2632.38,17.44,10.31,13.66,Altiplano / Pie de Monte,SRTM 1 Arc-Sec (30m) / NASADEM / GEDI L4A
PNT-01336,Toluca,Estado de México,19.283341,-99.66438,2683.85,2683.7,18.13,6.79,5.69,Altiplano / Pie de Monte,SRTM 1 Arc-Sec (30m) / NASADEM / GEDI L4A
PNT-01337,Toluca,Estado de México,19.300311,-99.699206,2725.85,2725.99,8.23,18.25,23.79,Altiplano / Pie de Monte,SRTM 1 Arc-Sec (30m) / NASADEM / GEDI L4A
PNT-01338,Toluca,Estado de México,19.350049,-99.586185,2741.44,2741.28,16.62,23.6,25.35,Altiplano / Pie de Monte,SRTM 1 Arc-Sec (30m) / NASADEM / GEDI L4A
PNT-01339,Toluca,Estado de México,19.239425,-99.665255,2876.33,2876.45,20.4,12.33,10.26,Altiplano / Pie de Monte,SRTM 1 Arc-Sec (30m) / NASADEM / GEDI L4A
PNT-01340,Toluca,Estado de México,19.30497,-99.621412,2898.69,2898.47,10.07,5.93,5.7,Altiplano / Pie de Monte,SRTM 1 Arc-Sec (30m) / NASADEM / GEDI L4A
PNT-01341,Toluca,Estado de México,19.266519,-99.600478,2595.23,2595.3,16.53,17.52,18.24,Altiplano / Pie de Monte,SRTM 1 Arc-Sec (30m) / NASADEM / GEDI L4A
PNT-01342,Toluca,Estado de México,19.233903,-99.580465,2689.36,2689.23,12.18,17.11,17.5,Altiplano / Pie de Monte,SRTM 1 Arc-Sec (30m) / NASADEM / GEDI L4A
PNT-01343,Toluca,Estado de México,19.248792,-99.654096,2511.37,2511.18,9.98,1.63,2.45,Altiplano / Pie de Monte,SRTM 1 Arc-Sec (30m) / NASADEM / GEDI L4A
PNT-01344,Toluca,Estado de México,19.285739,-99.720921,2532.23,2532.43,12.89,1.28,1.34,Altiplano / Pie de Monte,SRTM 1 Arc-Sec (30m) / NASADEM / GEDI L4A
PNT-01345,Toluca,Estado de México,19.349507,-99.621035,2853.48,2853.56,11.9,16.62,29.81,Altiplano / Pie de Monte,SRTM 1 Arc-Sec (30m) / NASADEM / GEDI L4A
PNT-01346,Toluca,Estado de México,19.244174,-99.636169,2570.68,2570.29,11.81,3.57,5.17,Altiplano / Pie de Monte,SRTM 1 Arc-Sec (30m) / NASADEM / GEDI L4A
PNT-01347,Toluca,Estado de México,19.297746,-99.647451,2654.72,2655.06,9.99,10.02,14.28,Altiplano / Pie de Monte,SRTM 1 Arc-Sec (30m) / NASADEM / GEDI L4A
PNT-01348,Toluca,Estado de México,19.331771,-99.610572,2844.33,2844.24,12.25,21.42,22.28,Altiplano / Pie de Monte,SRTM 1 Arc-Sec (30m) / NASADEM / GEDI L4A
PNT-01349,Toluca,Estado de México,19.251835,-99.727501,2599.62,2599.4,17.38,6.18,10.51,Altiplano / Pie de Monte,SRTM 1 Arc-Sec (30m) / NASADEM / GEDI L4A
PNT-01350,Toluca,Estado de México,19.340427,-99.647435,2577.2,2577.11,21.36,22.04,20.4,Altiplano / Pie de Monte,SRTM 1 Arc-Sec (30m) / NASADEM / GEDI L4A
PNT-01351,Toluca,Estado de México,19.273951,-99.68087,2157.84,2157.86,11.45,4.05,5.32,Altiplano / Pie de Monte,SRTM 1 Arc-Sec (30m) / NASADEM / GEDI L4A
PNT-01352,Toluca,Estado de México,19.245787,-99.706507,2968.1,2968.28,7.59,16.56,21.04,Altiplano / Pie de Monte,SRTM 1 Arc-Sec (30m) / NASADEM / GEDI L4A
PNT-01353,Toluca,Estado de México,19.269064,-99.675846,2646.59,2646.87,21.02,21.09,20.47,Altiplano / Pie de Monte,SRTM 1 Arc-Sec (30m) / NASADEM / GEDI L4A
PNT-01354,Toluca,Estado de México,19.228797,-99.635136,2618.33,2618.67,13.48,17.44,27.25,Altiplano / Pie de Monte,SRTM 1 Arc-Sec (30m) / NASADEM / GEDI L4A
PNT-01355,Toluca,Estado de México,19.239234,-99.698529,2453.1,2452.94,12.34,8.26,7.93,Altiplano / Pie de Monte,SRTM 1 Arc-Sec (30m) / NASADEM / GEDI L4A
PNT-01356,Toluca,Estado de México,19.239829,-99.609832,2696.01,2695.87,12.24,3.55,4.86,Altiplano / Pie de Monte,SRTM 1 Arc-Sec (30m) / NASADEM / GEDI L4A
PNT-01357,Toluca,Estado de México,19.352017,-99.61055,2419.51,2419.54,15.98,2.92,4.32,Altiplano / Pie de Monte,SRTM 1 Arc-Sec (30m) / NASADEM / GEDI L4A
PNT-01358,Toluca,Estado de México,19.323015,-99.581595,2949.65,2949.88,13.6,5.29,5.62,Altiplano / Pie de Monte,SRTM 1 Arc-Sec (30m) / NASADEM / GEDI L4A
PNT-01359,Toluca,Estado de México,19.289015,-99.683104,2646.77,2647.01,16.54,14.27,22.45,Altiplano / Pie de Monte,SRTM 1 Arc-Sec (30m) / NASADEM / GEDI L4A
PNT-01360,Toluca,Estado de México,19.260228,-99.602973,2716.48,2716.25,5.1,11.83,13.23,Altiplano / Pie de Monte,SRTM 1 Arc-Sec (30m) / NASADEM / GEDI L4A
PNT-01361,Toluca,Estado de México,19.249673,-99.581282,2730.46,2730.85,9.92,1.26,1.89,Altiplano / Pie de Monte,SRTM 1 Arc-Sec (30m) / NASADEM / GEDI L4A
PNT-01362,Toluca,Estado de México,19.247466,-99.729522,2765.67,2765.28,11.41,14.44,18.79,Altiplano / Pie de Monte,SRTM 1 Arc-Sec (30m) / NASADEM / GEDI L4A
PNT-01363,Toluca,Estado de México,19.346741,-99.72256,2844.56,2844.7,16.65,22.66,36.78,Altiplano / Pie de Monte,SRTM 1 Arc-Sec (30m) / NASADEM / GEDI L4A
PNT-01364,Toluca,Estado de México,19.213716,-99.660627,2401.44,2401.4,8.53,9.71,11.97,Altiplano / Pie de Monte,SRTM 1 Arc-Sec (30m) / NASADEM / GEDI L4A
PNT-01365,Toluca,Estado de México,19.363682,-99.721819,2653.87,2653.97,15.28,20.06,23.28,Altiplano / Pie de Monte,SRTM 1 Arc-Sec (30m) / NASADEM / GEDI L4A
PNT-01366,Toluca,Estado de México,19.275868,-99.670477,2766.21,2766.47,11.22,3.33,3.02,Altiplano / Pie de Monte,SRTM 1 Arc-Sec (30m) / NASADEM / GEDI L4A
PNT-01367,Toluca,Estado de México,19.275459,-99.720215,2497.73,2497.75,13.36,0.97,1.08,Altiplano / Pie de Monte,SRTM 1 Arc-Sec (30m) / NASADEM / GEDI L4A
PNT-01368,Toluca,Estado de México,19.315351,-99.658554,2592.01,2592.29,11.47,21.94,35.56,Altiplano / Pie de Monte,SRTM 1 Arc-Sec (30m) / NASADEM / GEDI L4A
PNT-01369,Toluca,Estado de México,19.227472,-99.576334,2800.64,2800.97,8.21,6.27,10.71,Altiplano / Pie de Monte,SRTM 1 Arc-Sec (30m) / NASADEM / GEDI L4A
PNT-01370,Toluca,Estado de México,19.256517,-99.579774,2676.05,2676.08,11.14,11.89,12.17,Altiplano / Pie de Monte,SRTM 1 Arc-Sec (30m) / NASADEM / GEDI L4A
PNT-01371,Toluca,Estado de México,19.319895,-99.70547,2401.25,2401.61,13.39,1.46,1.46,Altiplano / Pie de Monte,SRTM 1 Arc-Sec (30m) / NASADEM / GEDI L4A
PNT-01372,Toluca,Estado de México,19.24577,-99.669749,2651.81,2652.11,5.67,17.32,23.9,Altiplano / Pie de Monte,SRTM 1 Arc-Sec (30m) / NASADEM / GEDI L4A
PNT-01373,Toluca,Estado de México,19.221241,-99.624961,2734.76,2734.56,9.82,10.48,12.06,Altiplano / Pie de Monte,SRTM 1 Arc-Sec (30m) / NASADEM / GEDI L4A
PNT-01374,Toluca,Estado de México,19.34441,-99.715753,2482.59,2482.75,12.81,21.8,26.91,Altiplano / Pie de Monte,SRTM 1 Arc-Sec (30m) / NASADEM / GEDI L4A
PNT-01375,Toluca,Estado de México,19.285095,-99.587612,2377.1,2377.16,23.97,16.79,15.23,Altiplano / Pie de Monte,SRTM 1 Arc-Sec (30m) / NASADEM / GEDI L4A
PNT-01376,Toluca,Estado de México,19.338378,-99.666319,2530.69,2530.8,11.0,21.22,35.81,Altiplano / Pie de Monte,SRTM 1 Arc-Sec (30m) / NASADEM / GEDI L4A
PNT-01377,Toluca,Estado de México,19.360226,-99.597167,2584.68,2584.76,16.48,14.87,17.32,Altiplano / Pie de Monte,SRTM 1 Arc-Sec (30m) / NASADEM / GEDI L4A
PNT-01378,Toluca,Estado de México,19.351716,-99.655483,2675.92,2675.91,11.97,4.94,6.49,Altiplano / Pie de Monte,SRTM 1 Arc-Sec (30m) / NASADEM / GEDI L4A
PNT-01379,Toluca,Estado de México,19.337243,-99.611702,2769.17,2768.97,15.79,20.8,35.22,Altiplano / Pie de Monte,SRTM 1 Arc-Sec (30m) / NASADEM / GEDI L4A
PNT-01380,Toluca,Estado de México,19.238064,-99.715127,2995.63,2995.67,14.39,1.99,3.08,Altiplano / Pie de Monte,SRTM 1 Arc-Sec (30m) / NASADEM / GEDI L4A
PNT-01381,Toluca,Estado de México,19.287853,-99.632367,2046.14,2045.88,16.95,7.27,6.97,Altiplano / Pie de Monte,SRTM 1 Arc-Sec (30m) / NASADEM / GEDI L4A
PNT-01382,Toluca,Estado de México,19.238307,-99.580324,2584.3,2584.37,9.15,14.96,14.27,Altiplano / Pie de Monte,SRTM 1 Arc-Sec (30m) / NASADEM / GEDI L4A
PNT-01383,Toluca,Estado de México,19.333995,-99.610368,2534.07,2534.42,8.09,19.96,29.9,Altiplano / Pie de Monte,SRTM 1 Arc-Sec (30m) / NASADEM / GEDI L4A
PNT-01384,Toluca,Estado de México,19.220157,-99.669078,2448.62,2448.58,13.0,14.74,16.62,Altiplano / Pie de Monte,SRTM 1 Arc-Sec (30m) / NASADEM / GEDI L4A
PNT-01385,Toluca,Estado de México,19.331951,-99.601528,2807.36,2807.04,10.08,20.24,19.28,Altiplano / Pie de Monte,SRTM 1 Arc-Sec (30m) / NASADEM / GEDI L4A
PNT-01386,Toluca,Estado de México,19.220268,-99.633316,2803.22,2803.11,11.75,7.46,9.7,Altiplano / Pie de Monte,SRTM 1 Arc-Sec (30m) / NASADEM / GEDI L4A
PNT-01387,Toluca,Estado de México,19.279951,-99.680892,2828.98,2829.26,15.15,23.37,24.93,Altiplano / Pie de Monte,SRTM 1 Arc-Sec (30m) / NASADEM / GEDI L4A
PNT-01388,Toluca,Estado de México,19.321575,-99.672919,2616.37,2616.77,20.04,17.71,31.04,Altiplano / Pie de Monte,SRTM 1 Arc-Sec (30m) / NASADEM / GEDI L4A
PNT-01389,Toluca,Estado de México,19.340595,-99.591536,2632.18,2631.98,17.35,9.39,7.7,Altiplano / Pie de Monte,SRTM 1 Arc-Sec (30m) / NASADEM / GEDI L4A
PNT-01390,Toluca,Estado de México,19.290839,-99.655191,2732.81,2733.14,12.1,4.55,5.32,Altiplano / Pie de Monte,SRTM 1 Arc-Sec (30m) / NASADEM / GEDI L4A
PNT-01391,Toluca,Estado de México,19.274833,-99.678315,2678.39,2678.45,17.71,20.59,33.07,Altiplano / Pie de Monte,SRTM 1 Arc-Sec (30m) / NASADEM / GEDI L4A
PNT-01392,Toluca,Estado de México,19.228154,-99.621774,2379.76,2379.4,9.8,12.1,13.98,Altiplano / Pie de Monte,SRTM 1 Arc-Sec (30m) / NASADEM / GEDI L4A
PNT-01393,Toluca,Estado de México,19.247242,-99.624853,2539.88,2539.52,15.17,20.49,16.6,Altiplano / Pie de Monte,SRTM 1 Arc-Sec (30m) / NASADEM / GEDI L4A
PNT-01394,Toluca,Estado de México,19.356938,-99.635581,2478.89,2478.5,8.82,6.26,5.87,Altiplano / Pie de Monte,SRTM 1 Arc-Sec (30m) / NASADEM / GEDI L4A
PNT-01395,Toluca,Estado de México,19.304947,-99.709353,3053.58,3053.42,15.13,1.61,1.35,Altiplano / Pie de Monte,SRTM 1 Arc-Sec (30m) / NASADEM / GEDI L4A
PNT-01396,Toluca,Estado de México,19.211216,-99.61774,2824.33,2824.28,9.48,11.31,14.85,Altiplano / Pie de Monte,SRTM 1 Arc-Sec (30m) / NASADEM / GEDI L4A
PNT-01397,Toluca,Estado de México,19.321085,-99.69224,2684.27,2684.13,7.9,11.07,16.02,Altiplano / Pie de Monte,SRTM 1 Arc-Sec (30m) / NASADEM / GEDI L4A
PNT-01398,Toluca,Estado de México,19.28606,-99.636755,2926.68,2926.84,13.23,13.19,19.51,Altiplano / Pie de Monte,SRTM 1 Arc-Sec (30m) / NASADEM / GEDI L4A
PNT-01399,Toluca,Estado de México,19.34677,-99.666837,2892.61,2892.68,10.08,2.45,4.15,Altiplano / Pie de Monte,SRTM 1 Arc-Sec (30m) / NASADEM / GEDI L4A
PNT-01400,Toluca,Estado de México,19.211925,-99.616257,2680.55,2680.49,9.63,8.47,7.54,Altiplano / Pie de Monte,SRTM 1 Arc-Sec (30m) / NASADEM / GEDI L4A
PNT-01401,Toluca,Estado de México,19.297025,-99.659353,2698.73,2698.92,8.6,18.6,31.72,Altiplano / Pie de Monte,SRTM 1 Arc-Sec (30m) / NASADEM / GEDI L4A
PNT-01402,Toluca,Estado de México,19.272515,-99.583508,2594.23,2593.96,14.95,10.9,13.1,Altiplano / Pie de Monte,SRTM 1 Arc-Sec (30m) / NASADEM / GEDI L4A
PNT-01403,Toluca,Estado de México,19.299115,-99.642658,2670.53,2670.21,18.65,20.71,22.98,Altiplano / Pie de Monte,SRTM 1 Arc-Sec (30m) / NASADEM / GEDI L4A
PNT-01404,Toluca,Estado de México,19.362408,-99.717142,2786.07,2786.02,13.85,22.34,31.06,Altiplano / Pie de Monte,SRTM 1 Arc-Sec (30m) / NASADEM / GEDI L4A
PNT-01405,Toluca,Estado de México,19.307801,-99.600733,2504.76,2505.08,6.59,21.7,38.55,Altiplano / Pie de Monte,SRTM 1 Arc-Sec (30m) / NASADEM / GEDI L4A
PNT-01406,Toluca,Estado de México,19.351294,-99.71562,2605.88,2606.27,16.86,11.76,15.92,Altiplano / Pie de Monte,SRTM 1 Arc-Sec (30m) / NASADEM / GEDI L4A
PNT-01407,Toluca,Estado de México,19.291764,-99.684522,2599.77,2599.99,13.26,15.32,18.52,Altiplano / Pie de Monte,SRTM 1 Arc-Sec (30m) / NASADEM / GEDI L4A
PNT-01408,Toluca,Estado de México,19.247643,-99.598443,2729.94,2730.03,19.33,2.91,3.71,Altiplano / Pie de Monte,SRTM 1 Arc-Sec (30m) / NASADEM / GEDI L4A
PNT-01409,Toluca,Estado de México,19.237992,-99.702659,2764.84,2764.76,13.03,5.62,8.14,Altiplano / Pie de Monte,SRTM 1 Arc-Sec (30m) / NASADEM / GEDI L4A
PNT-01410,Toluca,Estado de México,19.34639,-99.616269,2677.28,2677.48,16.36,4.05,4.65,Altiplano / Pie de Monte,SRTM 1 Arc-Sec (30m) / NASADEM / GEDI L4A
PNT-01411,Toluca,Estado de México,19.269328,-99.654193,2630.51,2630.4,11.18,7.55,10.68,Altiplano / Pie de Monte,SRTM 1 Arc-Sec (30m) / NASADEM / GEDI L4A
PNT-01412,Toluca,Estado de México,19.351444,-99.582033,2818.86,2818.88,13.8,5.63,7.46,Altiplano / Pie de Monte,SRTM 1 Arc-Sec (30m) / NASADEM / GEDI L4A
PNT-01413,Toluca,Estado de México,19.295813,-99.617207,2565.72,2565.61,6.99,23.06,28.69,Altiplano / Pie de Monte,SRTM 1 Arc-Sec (30m) / NASADEM / GEDI L4A
PNT-01414,Toluca,Estado de México,19.327815,-99.61587,2739.16,2739.48,5.54,11.82,20.63,Altiplano / Pie de Monte,SRTM 1 Arc-Sec (30m) / NASADEM / GEDI L4A
PNT-01415,Toluca,Estado de México,19.241313,-99.724135,2697.42,2697.33,16.66,22.48,27.7,Altiplano / Pie de Monte,SRTM 1 Arc-Sec (30m) / NASADEM / GEDI L4A
PNT-01416,Toluca,Estado de México,19.293211,-99.664622,2474.97,2474.61,22.17,21.26,26.46,Altiplano / Pie de Monte,SRTM 1 Arc-Sec (30m) / NASADEM / GEDI L4A
PNT-01417,Toluca,Estado de México,19.301231,-99.71373,2567.49,2567.82,13.18,5.79,5.82,Altiplano / Pie de Monte,SRTM 1 Arc-Sec (30m) / NASADEM / GEDI L4A
PNT-01418,Toluca,Estado de México,19.236041,-99.733763,2731.67,2731.76,13.3,5.17,5.61,Altiplano / Pie de Monte,SRTM 1 Arc-Sec (30m) / NASADEM / GEDI L4A
PNT-01419,Toluca,Estado de México,19.283148,-99.583305,2792.88,2792.83,8.38,7.71,9.68,Altiplano / Pie de Monte,SRTM 1 Arc-Sec (30m) / NASADEM / GEDI L4A
PNT-01420,Toluca,Estado de México,19.218393,-99.60821,2790.31,2789.96,8.29,22.96,22.8,Altiplano / Pie de Monte,SRTM 1 Arc-Sec (30m) / NASADEM / GEDI L4A
PNT-01421,Toluca,Estado de México,19.348239,-99.606484,2656.14,2656.32,14.04,9.4,9.25,Altiplano / Pie de Monte,SRTM 1 Arc-Sec (30m) / NASADEM / GEDI L4A
PNT-01422,Toluca,Estado de México,19.277892,-99.70948,2943.17,2943.2,16.99,16.16,14.81,Altiplano / Pie de Monte,SRTM 1 Arc-Sec (30m) / NASADEM / GEDI L4A
PNT-01423,Toluca,Estado de México,19.295803,-99.690046,2518.29,2517.9,9.5,6.42,9.49,Altiplano / Pie de Monte,SRTM 1 Arc-Sec (30m) / NASADEM / GEDI L4A
PNT-01424,Toluca,Estado de México,19.243974,-99.654559,2714.02,2713.94,14.7,9.44,11.85,Altiplano / Pie de Monte,SRTM 1 Arc-Sec (30m) / NASADEM / GEDI L4A
PNT-01425,Toluca,Estado de México,19.235327,-99.63456,2818.18,2818.39,10.48,14.96,17.42,Altiplano / Pie de Monte,SRTM 1 Arc-Sec (30m) / NASADEM / GEDI L4A
PNT-01426,Toluca,Estado de México,19.240589,-99.611816,2413.32,2413.08,11.7,4.64,7.32,Altiplano / Pie de Monte,SRTM 1 Arc-Sec (30m) / NASADEM / GEDI L4A
PNT-01427,Toluca,Estado de México,19.243638,-99.651737,3014.29,3014.59,6.61,20.93,26.19,Altiplano / Pie de Monte,SRTM 1 Arc-Sec (30m) / NASADEM / GEDI L4A
PNT-01428,Toluca,Estado de México,19.209459,-99.667769,2842.19,2842.31,20.37,4.37,6.32,Altiplano / Pie de Monte,SRTM 1 Arc-Sec (30m) / NASADEM / GEDI L4A
PNT-01429,Toluca,Estado de México,19.236224,-99.615916,2862.67,2862.31,8.12,10.26,15.44,Altiplano / Pie de Monte,SRTM 1 Arc-Sec (30m) / NASADEM / GEDI L4A
PNT-01430,Toluca,Estado de México,19.243299,-99.608754,2851.41,2851.29,19.15,11.99,16.75,Altiplano / Pie de Monte,SRTM 1 Arc-Sec (30m) / NASADEM / GEDI L4A
PNT-01431,Toluca,Estado de México,19.282594,-99.62427,2440.41,2440.18,10.78,0.93,1.02,Altiplano / Pie de Monte,SRTM 1 Arc-Sec (30m) / NASADEM / GEDI L4A
PNT-01432,Toluca,Estado de México,19.326827,-99.608934,2796.35,2796.52,12.02,17.56,15.54,Altiplano / Pie de Monte,SRTM 1 Arc-Sec (30m) / NASADEM / GEDI L4A
PNT-01433,Toluca,Estado de México,19.242199,-99.73459,2511.62,2511.85,17.15,8.66,14.02,Altiplano / Pie de Monte,SRTM 1 Arc-Sec (30m) / NASADEM / GEDI L4A
PNT-01434,Toluca,Estado de México,19.227912,-99.70826,2500.3,2500.18,5.06,18.52,16.61,Altiplano / Pie de Monte,SRTM 1 Arc-Sec (30m) / NASADEM / GEDI L4A
PNT-01435,Toluca,Estado de México,19.263195,-99.602042,2518.89,2519.11,6.23,14.63,21.13,Altiplano / Pie de Monte,SRTM 1 Arc-Sec (30m) / NASADEM / GEDI L4A
PNT-01436,Toluca,Estado de México,19.328202,-99.717123,2743.1,2743.16,15.37,21.44,32.17,Altiplano / Pie de Monte,SRTM 1 Arc-Sec (30m) / NASADEM / GEDI L4A
PNT-01437,Toluca,Estado de México,19.239272,-99.667241,2550.58,2550.94,11.96,3.78,5.66,Altiplano / Pie de Monte,SRTM 1 Arc-Sec (30m) / NASADEM / GEDI L4A
PNT-01438,Toluca,Estado de México,19.287997,-99.731899,2411.42,2411.12,12.56,9.23,9.74,Altiplano / Pie de Monte,SRTM 1 Arc-Sec (30m) / NASADEM / GEDI L4A
PNT-01439,Toluca,Estado de México,19.288071,-99.581375,2810.87,2810.99,12.73,11.83,19.57,Altiplano / Pie de Monte,SRTM 1 Arc-Sec (30m) / NASADEM / GEDI L4A
PNT-01440,Toluca,Estado de México,19.282419,-99.597019,2548.09,2548.37,10.43,14.43,24.37,Altiplano / Pie de Monte,SRTM 1 Arc-Sec (30m) / NASADEM / GEDI L4A
PNT-01441,Toluca,Estado de México,19.357052,-99.727419,2283.28,2283.38,12.07,19.21,20.76,Altiplano / Pie de Monte,SRTM 1 Arc-Sec (30m) / NASADEM / GEDI L4A
PNT-01442,Toluca,Estado de México,19.296088,-99.622603,2699.98,2700.06,10.84,22.83,26.02,Altiplano / Pie de Monte,SRTM 1 Arc-Sec (30m) / NASADEM / GEDI L4A
PNT-01443,Toluca,Estado de México,19.224303,-99.65496,2299.07,2298.72,13.72,15.23,21.1,Altiplano / Pie de Monte,SRTM 1 Arc-Sec (30m) / NASADEM / GEDI L4A
PNT-01444,Toluca,Estado de México,19.251941,-99.590365,2584.32,2584.36,4.63,3.13,5.42,Altiplano / Pie de Monte,SRTM 1 Arc-Sec (30m) / NASADEM / GEDI L4A
PNT-01445,Toluca,Estado de México,19.266926,-99.723075,2892.77,2892.78,5.45,16.91,14.47,Altiplano / Pie de Monte,SRTM 1 Arc-Sec (30m) / NASADEM / GEDI L4A
PNT-01446,Toluca,Estado de México,19.252526,-99.604923,2863.64,2863.36,5.68,2.34,2.38,Altiplano / Pie de Monte,SRTM 1 Arc-Sec (30m) / NASADEM / GEDI L4A
PNT-01447,Toluca,Estado de México,19.227457,-99.686015,3073.76,3073.99,13.68,16.02,22.57,Altiplano / Pie de Monte,SRTM 1 Arc-Sec (30m) / NASADEM / GEDI L4A
PNT-01448,Toluca,Estado de México,19.272885,-99.660191,2843.42,2843.2,10.85,0.93,1.35,Altiplano / Pie de Monte,SRTM 1 Arc-Sec (30m) / NASADEM / GEDI L4A
PNT-01449,Toluca,Estado de México,19.239394,-99.593582,2658.08,2658.17,8.09,7.18,10.89,Altiplano / Pie de Monte,SRTM 1 Arc-Sec (30m) / NASADEM / GEDI L4A
PNT-01450,Toluca,Estado de México,19.302187,-99.684028,2747.37,2747.31,10.14,14.19,23.74,Altiplano / Pie de Monte,SRTM 1 Arc-Sec (30m) / NASADEM / GEDI L4A
PNT-01451,Toluca,Estado de México,19.34518,-99.676557,2763.5,2763.45,9.26,5.26,8.97,Altiplano / Pie de Monte,SRTM 1 Arc-Sec (30m) / NASADEM / GEDI L4A
PNT-01452,Toluca,Estado de México,19.238697,-99.731871,2667.87,2668.0,11.23,8.02,8.98,Altiplano / Pie de Monte,SRTM 1 Arc-Sec (30m) / NASADEM / GEDI L4A
PNT-01453,Toluca,Estado de México,19.261319,-99.627175,2741.49,2741.27,9.54,2.68,4.49,Altiplano / Pie de Monte,SRTM 1 Arc-Sec (30m) / NASADEM / GEDI L4A
PNT-01454,Toluca,Estado de México,19.3444,-99.671429,2740.82,2741.1,19.17,8.11,10.73,Altiplano / Pie de Monte,SRTM 1 Arc-Sec (30m) / NASADEM / GEDI L4A
PNT-01455,Toluca,Estado de México,19.28466,-99.679375,2699.5,2699.63,7.5,5.32,6.33,Altiplano / Pie de Monte,SRTM 1 Arc-Sec (30m) / NASADEM / GEDI L4A
PNT-01456,Toluca,Estado de México,19.35845,-99.696541,2851.38,2851.34,15.35,22.55,34.65,Altiplano / Pie de Monte,SRTM 1 Arc-Sec (30m) / NASADEM / GEDI L4A
PNT-01457,Toluca,Estado de México,19.280268,-99.644906,2787.43,2787.73,18.66,9.08,9.99,Altiplano / Pie de Monte,SRTM 1 Arc-Sec (30m) / NASADEM / GEDI L4A
PNT-01458,Toluca,Estado de México,19.241214,-99.729955,2843.39,2843.48,17.09,20.5,26.25,Altiplano / Pie de Monte,SRTM 1 Arc-Sec (30m) / NASADEM / GEDI L4A
PNT-01459,Toluca,Estado de México,19.346266,-99.678489,2693.2,2693.01,13.78,13.89,18.52,Altiplano / Pie de Monte,SRTM 1 Arc-Sec (30m) / NASADEM / GEDI L4A
PNT-01460,Toluca,Estado de México,19.229064,-99.641401,2607.45,2607.81,11.46,15.68,26.29,Altiplano / Pie de Monte,SRTM 1 Arc-Sec (30m) / NASADEM / GEDI L4A
PNT-01461,Toluca,Estado de México,19.315169,-99.678883,2985.95,2986.32,12.59,6.69,11.21,Altiplano / Pie de Monte,SRTM 1 Arc-Sec (30m) / NASADEM / GEDI L4A
PNT-01462,Toluca,Estado de México,19.354852,-99.628734,2634.39,2634.75,14.7,17.1,14.4,Altiplano / Pie de Monte,SRTM 1 Arc-Sec (30m) / NASADEM / GEDI L4A
PNT-01463,Toluca,Estado de México,19.3521,-99.658484,3035.3,3035.02,6.4,11.68,19.05,Altiplano / Pie de Monte,SRTM 1 Arc-Sec (30m) / NASADEM / GEDI L4A
PNT-01464,Toluca,Estado de México,19.209477,-99.692333,2795.73,2796.09,14.59,14.92,15.74,Altiplano / Pie de Monte,SRTM 1 Arc-Sec (30m) / NASADEM / GEDI L4A
PNT-01465,Toluca,Estado de México,19.354864,-99.611949,2939.09,2939.43,14.65,17.33,20.25,Altiplano / Pie de Monte,SRTM 1 Arc-Sec (30m) / NASADEM / GEDI L4A
PNT-01466,Toluca,Estado de México,19.321085,-99.729555,2434.87,2434.6,5.18,1.34,1.25,Altiplano / Pie de Monte,SRTM 1 Arc-Sec (30m) / NASADEM / GEDI L4A
PNT-01467,Toluca,Estado de México,19.311739,-99.607634,2763.09,2762.82,12.59,17.45,27.13,Altiplano / Pie de Monte,SRTM 1 Arc-Sec (30m) / NASADEM / GEDI L4A
PNT-01468,Toluca,Estado de México,19.221236,-99.5982,2678.88,2678.91,3.6,7.01,12.0,Altiplano / Pie de Monte,SRTM 1 Arc-Sec (30m) / NASADEM / GEDI L4A
PNT-01469,Toluca,Estado de México,19.265922,-99.728712,2706.85,2706.78,4.48,7.15,6.66,Altiplano / Pie de Monte,SRTM 1 Arc-Sec (30m) / NASADEM / GEDI L4A
PNT-01470,Toluca,Estado de México,19.338066,-99.576617,2488.84,2488.93,5.84,17.47,20.82,Altiplano / Pie de Monte,SRTM 1 Arc-Sec (30m) / NASADEM / GEDI L4A
PNT-01471,Toluca,Estado de México,19.351789,-99.646399,2988.2,2988.56,9.22,19.23,16.15,Altiplano / Pie de Monte,SRTM 1 Arc-Sec (30m) / NASADEM / GEDI L4A
PNT-01472,Toluca,Estado de México,19.26017,-99.660713,2842.65,2842.91,7.77,17.77,31.8,Altiplano / Pie de Monte,SRTM 1 Arc-Sec (30m) / NASADEM / GEDI L4A
PNT-01473,Toluca,Estado de México,19.250608,-99.596002,2555.02,2555.21,17.08,3.21,5.1,Altiplano / Pie de Monte,SRTM 1 Arc-Sec (30m) / NASADEM / GEDI L4A
PNT-01474,Toluca,Estado de México,19.292173,-99.689234,2860.2,2859.97,17.51,1.51,1.86,Altiplano / Pie de Monte,SRTM 1 Arc-Sec (30m) / NASADEM / GEDI L4A
PNT-01475,Toluca,Estado de México,19.298122,-99.595743,2668.39,2668.59,15.12,10.99,16.99,Altiplano / Pie de Monte,SRTM 1 Arc-Sec (30m) / NASADEM / GEDI L4A
PNT-01476,Toluca,Estado de México,19.239768,-99.67663,2784.16,2784.08,14.06,11.19,18.48,Altiplano / Pie de Monte,SRTM 1 Arc-Sec (30m) / NASADEM / GEDI L4A
PNT-01477,Toluca,Estado de México,19.331105,-99.689896,2849.37,2849.42,7.34,4.56,5.06,Altiplano / Pie de Monte,SRTM 1 Arc-Sec (30m) / NASADEM / GEDI L4A
PNT-01478,Toluca,Estado de México,19.350997,-99.625892,2601.71,2601.59,20.1,20.81,34.43,Altiplano / Pie de Monte,SRTM 1 Arc-Sec (30m) / NASADEM / GEDI L4A
PNT-01479,Toluca,Estado de México,19.210568,-99.638479,2474.62,2474.89,4.74,7.99,13.93,Altiplano / Pie de Monte,SRTM 1 Arc-Sec (30m) / NASADEM / GEDI L4A
PNT-01480,Toluca,Estado de México,19.235741,-99.629964,2473.2,2473.06,15.24,20.17,31.5,Altiplano / Pie de Monte,SRTM 1 Arc-Sec (30m) / NASADEM / GEDI L4A
PNT-01481,Toluca,Estado de México,19.259655,-99.650567,2521.3,2521.57,11.88,17.46,30.44,Altiplano / Pie de Monte,SRTM 1 Arc-Sec (30m) / NASADEM / GEDI L4A
PNT-01482,Toluca,Estado de México,19.317955,-99.585536,3001.71,3002.09,16.65,15.7,13.04,Altiplano / Pie de Monte,SRTM 1 Arc-Sec (30m) / NASADEM / GEDI L4A
PNT-01483,Toluca,Estado de México,19.322808,-99.591125,2720.93,2721.07,17.37,23.77,21.17,Altiplano / Pie de Monte,SRTM 1 Arc-Sec (30m) / NASADEM / GEDI L4A
PNT-01484,Toluca,Estado de México,19.313759,-99.690656,2858.85,2858.57,18.47,5.6,7.96,Altiplano / Pie de Monte,SRTM 1 Arc-Sec (30m) / NASADEM / GEDI L4A
PNT-01485,Toluca,Estado de México,19.227517,-99.693571,2582.13,2582.12,15.77,22.63,23.24,Altiplano / Pie de Monte,SRTM 1 Arc-Sec (30m) / NASADEM / GEDI L4A
PNT-01486,Toluca,Estado de México,19.26934,-99.638967,2719.96,2720.29,12.95,18.82,19.35,Altiplano / Pie de Monte,SRTM 1 Arc-Sec (30m) / NASADEM / GEDI L4A
PNT-01487,Toluca,Estado de México,19.210969,-99.674596,2729.63,2729.76,9.03,1.82,2.98,Altiplano / Pie de Monte,SRTM 1 Arc-Sec (30m) / NASADEM / GEDI L4A
PNT-01488,Toluca,Estado de México,19.246799,-99.666844,2535.41,2535.36,19.41,2.32,2.79,Altiplano / Pie de Monte,SRTM 1 Arc-Sec (30m) / NASADEM / GEDI L4A
PNT-01489,Toluca,Estado de México,19.329376,-99.589572,2403.49,2403.65,4.74,22.67,24.19,Altiplano / Pie de Monte,SRTM 1 Arc-Sec (30m) / NASADEM / GEDI L4A
PNT-01490,Toluca,Estado de México,19.277423,-99.608644,2518.25,2518.35,13.0,5.13,6.72,Altiplano / Pie de Monte,SRTM 1 Arc-Sec (30m) / NASADEM / GEDI L4A
PNT-01491,Toluca,Estado de México,19.291657,-99.595807,2377.09,2376.87,10.8,21.08,20.47,Altiplano / Pie de Monte,SRTM 1 Arc-Sec (30m) / NASADEM / GEDI L4A
PNT-01492,Toluca,Estado de México,19.275139,-99.706052,2636.87,2636.75,18.17,9.18,15.17,Altiplano / Pie de Monte,SRTM 1 Arc-Sec (30m) / NASADEM / GEDI L4A
PNT-01493,Toluca,Estado de México,19.295604,-99.621141,2714.2,2713.82,11.49,9.54,16.18,Altiplano / Pie de Monte,SRTM 1 Arc-Sec (30m) / NASADEM / GEDI L4A
PNT-01494,Toluca,Estado de México,19.250942,-99.692307,2800.6,2800.55,5.82,17.66,29.93,Altiplano / Pie de Monte,SRTM 1 Arc-Sec (30m) / NASADEM / GEDI L4A
PNT-01495,Toluca,Estado de México,19.314872,-99.703285,2641.35,2641.07,12.86,2.89,3.94,Altiplano / Pie de Monte,SRTM 1 Arc-Sec (30m) / NASADEM / GEDI L4A
PNT-01496,Toluca,Estado de México,19.225202,-99.713796,2489.18,2489.26,8.09,19.75,30.84,Altiplano / Pie de Monte,SRTM 1 Arc-Sec (30m) / NASADEM / GEDI L4A
PNT-01497,Toluca,Estado de México,19.248998,-99.69675,2624.32,2624.68,13.13,8.74,10.84,Altiplano / Pie de Monte,SRTM 1 Arc-Sec (30m) / NASADEM / GEDI L4A
PNT-01498,Toluca,Estado de México,19.320139,-99.641973,2749.29,2749.47,4.45,1.78,1.44,Altiplano / Pie de Monte,SRTM 1 Arc-Sec (30m) / NASADEM / GEDI L4A
PNT-01499,Toluca,Estado de México,19.280291,-99.714906,2481.04,2480.99,14.57,5.39,7.27,Altiplano / Pie de Monte,SRTM 1 Arc-Sec (30m) / NASADEM / GEDI L4A
PNT-01500,Toluca,Estado de México,19.225569,-99.732303,2729.99,2729.64,9.0,3.31,4.33,Altiplano / Pie de Monte,SRTM 1 Arc-Sec (30m) / NASADEM / GEDI L4A
PNT-01501,Toluca,Estado de México,19.281379,-99.583747,2501.84,2501.72,20.96,22.77,31.94,Altiplano / Pie de Monte,SRTM 1 Arc-Sec (30m) / NASADEM / GEDI L4A
PNT-01502,Toluca,Estado de México,19.299652,-99.698896,2568.52,2568.21,4.58,20.22,16.73,Altiplano / Pie de Monte,SRTM 1 Arc-Sec (30m) / NASADEM / GEDI L4A
PNT-01503,Toluca,Estado de México,19.340439,-99.713554,2713.24,2712.97,14.24,13.93,15.5,Altiplano / Pie de Monte,SRTM 1 Arc-Sec (30m) / NASADEM / GEDI L4A
PNT-01504,Toluca,Estado de México,19.235517,-99.598531,2398.37,2398.11,5.78,9.69,16.2,Altiplano / Pie de Monte,SRTM 1 Arc-Sec (30m) / NASADEM / GEDI L4A
PNT-01505,Toluca,Estado de México,19.265101,-99.583743,2701.09,2701.0,11.09,0.9,0.97,Altiplano / Pie de Monte,SRTM 1 Arc-Sec (30m) / NASADEM / GEDI L4A
PNT-01506,Toluca,Estado de México,19.302621,-99.608117,2681.85,2681.92,12.92,18.65,22.92,Altiplano / Pie de Monte,SRTM 1 Arc-Sec (30m) / NASADEM / GEDI L4A
PNT-01507,Toluca,Estado de México,19.328353,-99.676512,2790.79,2790.73,8.35,23.57,27.09,Altiplano / Pie de Monte,SRTM 1 Arc-Sec (30m) / NASADEM / GEDI L4A
PNT-01508,Toluca,Estado de México,19.354476,-99.586726,2777.83,2777.78,9.45,22.09,27.62,Altiplano / Pie de Monte,SRTM 1 Arc-Sec (30m) / NASADEM / GEDI L4A
PNT-01509,Toluca,Estado de México,19.326089,-99.661285,2551.47,2551.41,9.54,18.33,25.75,Altiplano / Pie de Monte,SRTM 1 Arc-Sec (30m) / NASADEM / GEDI L4A
PNT-01510,Toluca,Estado de México,19.317181,-99.690828,2562.94,2563.19,11.9,23.77,28.69,Altiplano / Pie de Monte,SRTM 1 Arc-Sec (30m) / NASADEM / GEDI L4A
PNT-01511,Toluca,Estado de México,19.208754,-99.708833,2846.75,2846.98,18.35,6.69,10.46,Altiplano / Pie de Monte,SRTM 1 Arc-Sec (30m) / NASADEM / GEDI L4A
PNT-01512,Toluca,Estado de México,19.317077,-99.68435,2474.76,2474.72,12.6,21.24,25.94,Altiplano / Pie de Monte,SRTM 1 Arc-Sec (30m) / NASADEM / GEDI L4A
PNT-01513,Toluca,Estado de México,19.341331,-99.641559,2714.68,2714.68,6.81,10.05,9.24,Altiplano / Pie de Monte,SRTM 1 Arc-Sec (30m) / NASADEM / GEDI L4A
PNT-01514,Toluca,Estado de México,19.273673,-99.724358,2630.75,2630.59,8.51,22.27,26.18,Altiplano / Pie de Monte,SRTM 1 Arc-Sec (30m) / NASADEM / GEDI L4A
PNT-01515,Toluca,Estado de México,19.328257,-99.65116,2494.3,2494.65,15.52,13.1,21.37,Altiplano / Pie de Monte,SRTM 1 Arc-Sec (30m) / NASADEM / GEDI L4A
PNT-01516,Toluca,Estado de México,19.265407,-99.719966,2438.12,2438.22,11.55,23.52,29.74,Altiplano / Pie de Monte,SRTM 1 Arc-Sec (30m) / NASADEM / GEDI L4A
PNT-01517,Toluca,Estado de México,19.3378,-99.654755,2783.84,2784.15,11.97,19.03,20.86,Altiplano / Pie de Monte,SRTM 1 Arc-Sec (30m) / NASADEM / GEDI L4A
PNT-01518,Toluca,Estado de México,19.294201,-99.700176,2532.87,2533.14,0.71,21.59,26.22,Altiplano / Pie de Monte,SRTM 1 Arc-Sec (30m) / NASADEM / GEDI L4A
PNT-01519,Toluca,Estado de México,19.209833,-99.598116,2727.57,2727.19,7.49,10.07,17.98,Altiplano / Pie de Monte,SRTM 1 Arc-Sec (30m) / NASADEM / GEDI L4A
PNT-01520,Toluca,Estado de México,19.223111,-99.668209,2755.11,2755.41,10.87,6.31,5.56,Altiplano / Pie de Monte,SRTM 1 Arc-Sec (30m) / NASADEM / GEDI L4A
PNT-01521,Toluca,Estado de México,19.307342,-99.682181,2643.66,2643.37,12.15,16.72,16.93,Altiplano / Pie de Monte,SRTM 1 Arc-Sec (30m) / NASADEM / GEDI L4A
PNT-01522,Toluca,Estado de México,19.344214,-99.726625,2940.18,2939.93,9.69,14.95,22.82,Altiplano / Pie de Monte,SRTM 1 Arc-Sec (30m) / NASADEM / GEDI L4A
PNT-01523,Toluca,Estado de México,19.257316,-99.603376,2404.38,2404.43,17.96,14.18,13.69,Altiplano / Pie de Monte,SRTM 1 Arc-Sec (30m) / NASADEM / GEDI L4A
PNT-01524,Toluca,Estado de México,19.271437,-99.681051,2888.31,2888.3,9.83,22.62,24.74,Altiplano / Pie de Monte,SRTM 1 Arc-Sec (30m) / NASADEM / GEDI L4A
PNT-01525,Toluca,Estado de México,19.273513,-99.610087,2985.69,2985.33,19.97,10.05,10.76,Altiplano / Pie de Monte,SRTM 1 Arc-Sec (30m) / NASADEM / GEDI L4A
PNT-01526,Toluca,Estado de México,19.366894,-99.686663,2714.54,2714.41,14.97,13.41,22.0,Altiplano / Pie de Monte,SRTM 1 Arc-Sec (30m) / NASADEM / GEDI L4A
PNT-01527,Toluca,Estado de México,19.348339,-99.710337,2457.94,2457.57,7.08,14.68,24.29,Altiplano / Pie de Monte,SRTM 1 Arc-Sec (30m) / NASADEM / GEDI L4A
PNT-01528,Toluca,Estado de México,19.268052,-99.617594,2433.27,2432.98,17.82,17.26,28.56,Altiplano / Pie de Monte,SRTM 1 Arc-Sec (30m) / NASADEM / GEDI L4A
PNT-01529,Toluca,Estado de México,19.316737,-99.733139,2905.18,2904.87,13.68,20.25,27.45,Altiplano / Pie de Monte,SRTM 1 Arc-Sec (30m) / NASADEM / GEDI L4A
PNT-01530,Toluca,Estado de México,19.317395,-99.580576,2615.85,2616.13,8.14,21.83,28.52,Altiplano / Pie de Monte,SRTM 1 Arc-Sec (30m) / NASADEM / GEDI L4A
PNT-01531,Toluca,Estado de México,19.302057,-99.622696,2646.69,2646.65,17.51,10.63,13.92,Altiplano / Pie de Monte,SRTM 1 Arc-Sec (30m) / NASADEM / GEDI L4A
PNT-01532,Toluca,Estado de México,19.358208,-99.648287,2793.32,2793.46,14.39,14.88,20.31,Altiplano / Pie de Monte,SRTM 1 Arc-Sec (30m) / NASADEM / GEDI L4A
PNT-01533,Toluca,Estado de México,19.344749,-99.604537,2416.29,2416.59,9.87,10.82,17.4,Altiplano / Pie de Monte,SRTM 1 Arc-Sec (30m) / NASADEM / GEDI L4A
PNT-01534,Toluca,Estado de México,19.249145,-99.735371,2508.68,2508.88,11.96,7.2,8.95,Altiplano / Pie de Monte,SRTM 1 Arc-Sec (30m) / NASADEM / GEDI L4A
PNT-01535,Toluca,Estado de México,19.220925,-99.690135,2577.44,2577.56,13.67,22.08,32.67,Altiplano / Pie de Monte,SRTM 1 Arc-Sec (30m) / NASADEM / GEDI L4A
PNT-01536,Toluca,Estado de México,19.336763,-99.718565,2731.04,2731.21,10.88,15.64,22.89,Altiplano / Pie de Monte,SRTM 1 Arc-Sec (30m) / NASADEM / GEDI L4A
PNT-01537,Toluca,Estado de México,19.273272,-99.728871,2767.36,2767.34,16.27,21.67,24.62,Altiplano / Pie de Monte,SRTM 1 Arc-Sec (30m) / NASADEM / GEDI L4A
PNT-01538,Toluca,Estado de México,19.254091,-99.596353,2671.62,2671.32,17.76,5.79,8.43,Altiplano / Pie de Monte,SRTM 1 Arc-Sec (30m) / NASADEM / GEDI L4A
PNT-01539,Toluca,Estado de México,19.268607,-99.602164,2861.22,2861.1,9.87,4.68,3.9,Altiplano / Pie de Monte,SRTM 1 Arc-Sec (30m) / NASADEM / GEDI L4A
PNT-01540,Toluca,Estado de México,19.268715,-99.591431,2542.52,2542.9,9.39,1.38,2.19,Altiplano / Pie de Monte,SRTM 1 Arc-Sec (30m) / NASADEM / GEDI L4A
PNT-01541,Toluca,Estado de México,19.258419,-99.730002,2386.52,2386.17,13.57,1.96,1.79,Altiplano / Pie de Monte,SRTM 1 Arc-Sec (30m) / NASADEM / GEDI L4A
PNT-01542,Toluca,Estado de México,19.218419,-99.614311,2317.76,2317.69,11.21,22.35,38.24,Altiplano / Pie de Monte,SRTM 1 Arc-Sec (30m) / NASADEM / GEDI L4A
PNT-01543,Toluca,Estado de México,19.321508,-99.594451,2498.65,2498.74,5.88,15.27,19.57,Altiplano / Pie de Monte,SRTM 1 Arc-Sec (30m) / NASADEM / GEDI L4A
PNT-01544,Toluca,Estado de México,19.271105,-99.578211,2618.71,2618.89,17.1,7.05,6.35,Altiplano / Pie de Monte,SRTM 1 Arc-Sec (30m) / NASADEM / GEDI L4A
PNT-01545,Toluca,Estado de México,19.263389,-99.671524,2828.41,2828.07,4.63,4.86,8.21,Altiplano / Pie de Monte,SRTM 1 Arc-Sec (30m) / NASADEM / GEDI L4A
PNT-01546,Toluca,Estado de México,19.30439,-99.583955,2783.56,2783.96,10.27,15.41,24.58,Altiplano / Pie de Monte,SRTM 1 Arc-Sec (30m) / NASADEM / GEDI L4A
PNT-01547,Toluca,Estado de México,19.332079,-99.679146,2853.05,2853.2,13.08,1.29,1.47,Altiplano / Pie de Monte,SRTM 1 Arc-Sec (30m) / NASADEM / GEDI L4A
PNT-01548,Toluca,Estado de México,19.230116,-99.698724,2547.78,2547.87,7.87,13.19,13.43,Altiplano / Pie de Monte,SRTM 1 Arc-Sec (30m) / NASADEM / GEDI L4A
PNT-01549,Toluca,Estado de México,19.233279,-99.698112,2377.11,2377.47,12.08,11.56,9.93,Altiplano / Pie de Monte,SRTM 1 Arc-Sec (30m) / NASADEM / GEDI L4A
PNT-01550,Toluca,Estado de México,19.323683,-99.683385,2452.99,2453.05,15.6,18.71,32.33,Altiplano / Pie de Monte,SRTM 1 Arc-Sec (30m) / NASADEM / GEDI L4A
PNT-01551,Toluca,Estado de México,19.24878,-99.682423,2785.11,2785.43,11.74,2.89,2.69,Altiplano / Pie de Monte,SRTM 1 Arc-Sec (30m) / NASADEM / GEDI L4A
PNT-01552,Toluca,Estado de México,19.286281,-99.718941,2509.49,2509.6,10.35,22.83,41.02,Altiplano / Pie de Monte,SRTM 1 Arc-Sec (30m) / NASADEM / GEDI L4A
PNT-01553,Toluca,Estado de México,19.267039,-99.640158,2530.96,2530.72,18.71,10.14,8.88,Altiplano / Pie de Monte,SRTM 1 Arc-Sec (30m) / NASADEM / GEDI L4A
PNT-01554,Toluca,Estado de México,19.318265,-99.695561,2543.06,2543.35,10.54,12.25,16.81,Altiplano / Pie de Monte,SRTM 1 Arc-Sec (30m) / NASADEM / GEDI L4A
PNT-01555,Toluca,Estado de México,19.298109,-99.670321,2757.77,2757.47,8.93,3.21,4.85,Altiplano / Pie de Monte,SRTM 1 Arc-Sec (30m) / NASADEM / GEDI L4A
PNT-01556,Toluca,Estado de México,19.240414,-99.686916,2235.33,2235.5,6.81,15.26,22.04,Altiplano / Pie de Monte,SRTM 1 Arc-Sec (30m) / NASADEM / GEDI L4A
PNT-01557,Toluca,Estado de México,19.321249,-99.689182,2555.77,2555.62,4.53,23.65,38.17,Altiplano / Pie de Monte,SRTM 1 Arc-Sec (30m) / NASADEM / GEDI L4A
PNT-01558,Toluca,Estado de México,19.233345,-99.735105,2673.94,2674.23,7.97,17.89,18.17,Altiplano / Pie de Monte,SRTM 1 Arc-Sec (30m) / NASADEM / GEDI L4A
PNT-01559,Toluca,Estado de México,19.270888,-99.654737,2728.54,2728.87,13.57,12.61,18.84,Altiplano / Pie de Monte,SRTM 1 Arc-Sec (30m) / NASADEM / GEDI L4A
PNT-01560,Toluca,Estado de México,19.224888,-99.645554,2592.23,2592.34,5.76,6.76,5.76,Altiplano / Pie de Monte,SRTM 1 Arc-Sec (30m) / NASADEM / GEDI L4A
PNT-01561,Toluca,Estado de México,19.208637,-99.732454,2538.43,2538.82,9.16,7.9,7.33,Altiplano / Pie de Monte,SRTM 1 Arc-Sec (30m) / NASADEM / GEDI L4A
PNT-01562,Toluca,Estado de México,19.29429,-99.598727,2471.2,2471.25,16.12,17.38,26.56,Altiplano / Pie de Monte,SRTM 1 Arc-Sec (30m) / NASADEM / GEDI L4A
PNT-01563,Toluca,Estado de México,19.313646,-99.59667,2695.23,2695.17,16.13,15.68,25.37,Altiplano / Pie de Monte,SRTM 1 Arc-Sec (30m) / NASADEM / GEDI L4A
PNT-01564,Toluca,Estado de México,19.207904,-99.57728,2639.93,2640.23,6.65,6.02,7.69,Altiplano / Pie de Monte,SRTM 1 Arc-Sec (30m) / NASADEM / GEDI L4A
PNT-01565,Toluca,Estado de México,19.228213,-99.672788,2585.78,2585.68,7.61,23.84,42.79,Altiplano / Pie de Monte,SRTM 1 Arc-Sec (30m) / NASADEM / GEDI L4A
PNT-01566,Toluca,Estado de México,19.225366,-99.619845,2582.27,2582.28,9.47,14.02,14.32,Altiplano / Pie de Monte,SRTM 1 Arc-Sec (30m) / NASADEM / GEDI L4A
PNT-01567,Toluca,Estado de México,19.32806,-99.686471,2696.04,2695.99,14.43,19.13,30.95,Altiplano / Pie de Monte,SRTM 1 Arc-Sec (30m) / NASADEM / GEDI L4A
PNT-01568,Toluca,Estado de México,19.253477,-99.681646,2650.79,2651.03,9.71,18.7,32.16,Altiplano / Pie de Monte,SRTM 1 Arc-Sec (30m) / NASADEM / GEDI L4A
PNT-01569,Toluca,Estado de México,19.292312,-99.71999,2883.48,2883.15,13.78,4.81,3.91,Altiplano / Pie de Monte,SRTM 1 Arc-Sec (30m) / NASADEM / GEDI L4A
PNT-01570,Toluca,Estado de México,19.301984,-99.594122,2568.57,2568.95,15.86,7.48,12.64,Altiplano / Pie de Monte,SRTM 1 Arc-Sec (30m) / NASADEM / GEDI L4A
PNT-01571,Toluca,Estado de México,19.34792,-99.614775,2498.85,2498.88,12.67,9.08,14.46,Altiplano / Pie de Monte,SRTM 1 Arc-Sec (30m) / NASADEM / GEDI L4A
PNT-01572,Toluca,Estado de México,19.328301,-99.590302,2667.3,2667.4,11.32,23.7,28.39,Altiplano / Pie de Monte,SRTM 1 Arc-Sec (30m) / NASADEM / GEDI L4A
PNT-01573,Toluca,Estado de México,19.260105,-99.636092,2608.31,2608.42,17.34,20.67,26.68,Altiplano / Pie de Monte,SRTM 1 Arc-Sec (30m) / NASADEM / GEDI L4A
PNT-01574,Toluca,Estado de México,19.24167,-99.708844,2613.07,2612.91,10.22,13.8,16.53,Altiplano / Pie de Monte,SRTM 1 Arc-Sec (30m) / NASADEM / GEDI L4A
PNT-01575,Toluca,Estado de México,19.314948,-99.727098,2659.64,2659.51,7.73,7.66,6.64,Altiplano / Pie de Monte,SRTM 1 Arc-Sec (30m) / NASADEM / GEDI L4A
PNT-01576,Toluca,Estado de México,19.350315,-99.625309,2929.86,2930.07,9.24,18.9,24.15,Altiplano / Pie de Monte,SRTM 1 Arc-Sec (30m) / NASADEM / GEDI L4A
PNT-01577,Toluca,Estado de México,19.275781,-99.734236,2687.2,2686.96,14.81,22.13,37.95,Altiplano / Pie de Monte,SRTM 1 Arc-Sec (30m) / NASADEM / GEDI L4A
PNT-01578,Toluca,Estado de México,19.365269,-99.596151,2714.05,2713.83,13.43,3.08,5.48,Altiplano / Pie de Monte,SRTM 1 Arc-Sec (30m) / NASADEM / GEDI L4A
PNT-01579,Toluca,Estado de México,19.254364,-99.596657,2406.05,2406.2,11.17,13.92,12.21,Altiplano / Pie de Monte,SRTM 1 Arc-Sec (30m) / NASADEM / GEDI L4A
PNT-01580,Toluca,Estado de México,19.233021,-99.673912,2745.11,2745.04,9.71,2.97,3.81,Altiplano / Pie de Monte,SRTM 1 Arc-Sec (30m) / NASADEM / GEDI L4A
PNT-01581,Toluca,Estado de México,19.221534,-99.71537,2749.39,2749.73,10.38,19.97,22.65,Altiplano / Pie de Monte,SRTM 1 Arc-Sec (30m) / NASADEM / GEDI L4A
PNT-01582,Toluca,Estado de México,19.250591,-99.648135,2801.28,2801.56,14.07,16.54,29.01,Altiplano / Pie de Monte,SRTM 1 Arc-Sec (30m) / NASADEM / GEDI L4A
PNT-01583,Toluca,Estado de México,19.288761,-99.58979,2503.53,2503.57,9.55,11.31,18.98,Altiplano / Pie de Monte,SRTM 1 Arc-Sec (30m) / NASADEM / GEDI L4A
PNT-01584,Toluca,Estado de México,19.223005,-99.694762,2600.9,2600.76,12.92,9.78,13.91,Altiplano / Pie de Monte,SRTM 1 Arc-Sec (30m) / NASADEM / GEDI L4A
PNT-01585,Toluca,Estado de México,19.232301,-99.598303,2792.29,2792.26,11.58,7.18,6.76,Altiplano / Pie de Monte,SRTM 1 Arc-Sec (30m) / NASADEM / GEDI L4A
PNT-01586,Toluca,Estado de México,19.207599,-99.650855,2621.54,2621.61,8.51,7.2,7.02,Altiplano / Pie de Monte,SRTM 1 Arc-Sec (30m) / NASADEM / GEDI L4A
PNT-01587,Toluca,Estado de México,19.330955,-99.584513,2598.94,2599.29,14.96,8.15,11.85,Altiplano / Pie de Monte,SRTM 1 Arc-Sec (30m) / NASADEM / GEDI L4A
PNT-01588,Toluca,Estado de México,19.219805,-99.697227,2685.78,2686.12,18.15,10.75,17.95,Altiplano / Pie de Monte,SRTM 1 Arc-Sec (30m) / NASADEM / GEDI L4A
PNT-01589,Toluca,Estado de México,19.278833,-99.57932,2644.61,2644.92,13.04,20.46,20.68,Altiplano / Pie de Monte,SRTM 1 Arc-Sec (30m) / NASADEM / GEDI L4A
PNT-01590,Toluca,Estado de México,19.306886,-99.724371,2603.07,2602.73,13.47,10.09,13.89,Altiplano / Pie de Monte,SRTM 1 Arc-Sec (30m) / NASADEM / GEDI L4A
PNT-01591,Toluca,Estado de México,19.343787,-99.580121,2550.43,2550.63,11.62,13.91,17.36,Altiplano / Pie de Monte,SRTM 1 Arc-Sec (30m) / NASADEM / GEDI L4A
PNT-01592,Toluca,Estado de México,19.256483,-99.655616,2851.54,2851.58,8.99,21.14,28.4,Altiplano / Pie de Monte,SRTM 1 Arc-Sec (30m) / NASADEM / GEDI L4A
PNT-01593,Toluca,Estado de México,19.245122,-99.599825,2434.57,2434.67,13.1,9.1,14.96,Altiplano / Pie de Monte,SRTM 1 Arc-Sec (30m) / NASADEM / GEDI L4A
PNT-01594,Toluca,Estado de México,19.279528,-99.619769,2626.19,2626.58,8.71,19.56,18.78,Altiplano / Pie de Monte,SRTM 1 Arc-Sec (30m) / NASADEM / GEDI L4A
PNT-01595,Toluca,Estado de México,19.251442,-99.683229,2858.85,2859.05,14.91,12.63,20.34,Altiplano / Pie de Monte,SRTM 1 Arc-Sec (30m) / NASADEM / GEDI L4A
PNT-01596,Toluca,Estado de México,19.276932,-99.716179,2755.15,2755.38,12.34,14.23,20.59,Altiplano / Pie de Monte,SRTM 1 Arc-Sec (30m) / NASADEM / GEDI L4A
PNT-01597,Toluca,Estado de México,19.35589,-99.667465,2595.41,2595.38,15.32,10.43,9.9,Altiplano / Pie de Monte,SRTM 1 Arc-Sec (30m) / NASADEM / GEDI L4A
PNT-01598,Toluca,Estado de México,19.360251,-99.67131,2627.15,2627.19,12.99,1.36,2.13,Altiplano / Pie de Monte,SRTM 1 Arc-Sec (30m) / NASADEM / GEDI L4A
PNT-01599,Toluca,Estado de México,19.299946,-99.635906,2627.89,2627.99,10.38,13.94,19.69,Altiplano / Pie de Monte,SRTM 1 Arc-Sec (30m) / NASADEM / GEDI L4A
PNT-01600,Toluca,Estado de México,19.29488,-99.692315,2569.69,2569.97,10.41,15.1,14.9,Altiplano / Pie de Monte,SRTM 1 Arc-Sec (30m) / NASADEM / GEDI L4A
PNT-01601,San Cristóbal de las Casas,Chiapas,16.685354,-92.577314,2328.04,2327.97,16.93,11.49,20.45,Valle Montañoso / Karst Alto,SRTM 1 Arc-Sec (30m) / NASADEM / GEDI L4A
PNT-01602,San Cristóbal de las Casas,Chiapas,16.784558,-92.668715,2249.38,2249.22,14.43,16.51,16.28,Valle Montañoso / Karst Alto,SRTM 1 Arc-Sec (30m) / NASADEM / GEDI L4A
PNT-01603,San Cristóbal de las Casas,Chiapas,16.674768,-92.601358,2322.29,2322.69,9.72,5.84,7.43,Valle Montañoso / Karst Alto,SRTM 1 Arc-Sec (30m) / NASADEM / GEDI L4A
PNT-01604,San Cristóbal de las Casas,Chiapas,16.78533,-92.590768,1992.4,1992.36,16.93,21.65,38.41,Valle Montañoso / Karst Alto,SRTM 1 Arc-Sec (30m) / NASADEM / GEDI L4A
PNT-01605,San Cristóbal de las Casas,Chiapas,16.709408,-92.569297,2055.31,2055.4,20.03,11.81,12.69,Valle Montañoso / Karst Alto,SRTM 1 Arc-Sec (30m) / NASADEM / GEDI L4A
PNT-01606,San Cristóbal de las Casas,Chiapas,16.675169,-92.698752,2418.71,2418.8,9.17,6.63,10.95,Valle Montañoso / Karst Alto,SRTM 1 Arc-Sec (30m) / NASADEM / GEDI L4A
PNT-01607,San Cristóbal de las Casas,Chiapas,16.753219,-92.563263,1932.98,1932.96,14.07,23.28,19.28,Valle Montañoso / Karst Alto,SRTM 1 Arc-Sec (30m) / NASADEM / GEDI L4A
PNT-01608,San Cristóbal de las Casas,Chiapas,16.659386,-92.696296,2052.36,2052.35,5.74,7.71,11.36,Valle Montañoso / Karst Alto,SRTM 1 Arc-Sec (30m) / NASADEM / GEDI L4A
PNT-01609,San Cristóbal de las Casas,Chiapas,16.752382,-92.669886,1911.96,1911.86,10.65,22.66,30.53,Valle Montañoso / Karst Alto,SRTM 1 Arc-Sec (30m) / NASADEM / GEDI L4A
PNT-01610,San Cristóbal de las Casas,Chiapas,16.693988,-92.661988,2371.43,2371.63,13.27,20.38,23.69,Valle Montañoso / Karst Alto,SRTM 1 Arc-Sec (30m) / NASADEM / GEDI L4A
PNT-01611,San Cristóbal de las Casas,Chiapas,16.715408,-92.576293,2425.52,2425.15,16.55,21.97,28.23,Valle Montañoso / Karst Alto,SRTM 1 Arc-Sec (30m) / NASADEM / GEDI L4A
PNT-01612,San Cristóbal de las Casas,Chiapas,16.673925,-92.672532,2177.36,2177.29,15.88,5.72,8.66,Valle Montañoso / Karst Alto,SRTM 1 Arc-Sec (30m) / NASADEM / GEDI L4A
PNT-01613,San Cristóbal de las Casas,Chiapas,16.769456,-92.618753,1533.58,1533.65,13.74,10.62,18.49,Valle Montañoso / Karst Alto,SRTM 1 Arc-Sec (30m) / NASADEM / GEDI L4A
PNT-01614,San Cristóbal de las Casas,Chiapas,16.751207,-92.667209,2450.38,2450.11,11.1,12.43,18.39,Valle Montañoso / Karst Alto,SRTM 1 Arc-Sec (30m) / NASADEM / GEDI L4A
PNT-01615,San Cristóbal de las Casas,Chiapas,16.707478,-92.5902,2229.74,2229.39,9.96,3.88,6.59,Valle Montañoso / Karst Alto,SRTM 1 Arc-Sec (30m) / NASADEM / GEDI L4A
PNT-01616,San Cristóbal de las Casas,Chiapas,16.750014,-92.660708,2279.31,2279.32,6.62,33.74,60.17,Valle Montañoso / Karst Alto,SRTM 1 Arc-Sec (30m) / NASADEM / GEDI L4A
PNT-01617,San Cristóbal de las Casas,Chiapas,16.758604,-92.646141,2590.97,2590.65,11.61,13.51,11.82,Valle Montañoso / Karst Alto,SRTM 1 Arc-Sec (30m) / NASADEM / GEDI L4A
PNT-01618,San Cristóbal de las Casas,Chiapas,16.668738,-92.685666,2479.29,2479.28,11.69,13.73,12.11,Valle Montañoso / Karst Alto,SRTM 1 Arc-Sec (30m) / NASADEM / GEDI L4A
PNT-01619,San Cristóbal de las Casas,Chiapas,16.745047,-92.673597,2208.19,2207.88,12.25,9.97,12.69,Valle Montañoso / Karst Alto,SRTM 1 Arc-Sec (30m) / NASADEM / GEDI L4A
PNT-01620,San Cristóbal de las Casas,Chiapas,16.811978,-92.59351,2084.95,2085.34,14.83,6.64,5.66,Valle Montañoso / Karst Alto,SRTM 1 Arc-Sec (30m) / NASADEM / GEDI L4A
PNT-01621,San Cristóbal de las Casas,Chiapas,16.793896,-92.568638,2397.15,2397.37,14.71,19.82,31.66,Valle Montañoso / Karst Alto,SRTM 1 Arc-Sec (30m) / NASADEM / GEDI L4A
PNT-01622,San Cristóbal de las Casas,Chiapas,16.752329,-92.666673,2446.96,2447.22,21.85,33.44,40.5,Valle Montañoso / Karst Alto,SRTM 1 Arc-Sec (30m) / NASADEM / GEDI L4A
PNT-01623,San Cristóbal de las Casas,Chiapas,16.779143,-92.701038,2019.79,2019.42,17.1,14.58,20.57,Valle Montañoso / Karst Alto,SRTM 1 Arc-Sec (30m) / NASADEM / GEDI L4A
PNT-01624,San Cristóbal de las Casas,Chiapas,16.67608,-92.569154,1929.44,1929.35,16.88,26.09,36.56,Valle Montañoso / Karst Alto,SRTM 1 Arc-Sec (30m) / NASADEM / GEDI L4A
PNT-01625,San Cristóbal de las Casas,Chiapas,16.764463,-92.654734,2212.46,2212.23,11.97,16.24,17.73,Valle Montañoso / Karst Alto,SRTM 1 Arc-Sec (30m) / NASADEM / GEDI L4A
PNT-01626,San Cristóbal de las Casas,Chiapas,16.779418,-92.594758,2047.38,2046.99,11.07,16.54,20.02,Valle Montañoso / Karst Alto,SRTM 1 Arc-Sec (30m) / NASADEM / GEDI L4A
PNT-01627,San Cristóbal de las Casas,Chiapas,16.815142,-92.641832,2256.64,2256.63,10.79,21.77,19.5,Valle Montañoso / Karst Alto,SRTM 1 Arc-Sec (30m) / NASADEM / GEDI L4A
PNT-01628,San Cristóbal de las Casas,Chiapas,16.718267,-92.565924,1763.94,1764.04,16.04,31.27,33.58,Valle Montañoso / Karst Alto,SRTM 1 Arc-Sec (30m) / NASADEM / GEDI L4A
PNT-01629,San Cristóbal de las Casas,Chiapas,16.737819,-92.563609,2269.33,2269.42,8.76,24.23,27.89,Valle Montañoso / Karst Alto,SRTM 1 Arc-Sec (30m) / NASADEM / GEDI L4A
PNT-01630,San Cristóbal de las Casas,Chiapas,16.707221,-92.607526,2063.29,2063.04,6.42,3.75,6.64,Valle Montañoso / Karst Alto,SRTM 1 Arc-Sec (30m) / NASADEM / GEDI L4A
PNT-01631,San Cristóbal de las Casas,Chiapas,16.726072,-92.561904,2206.96,2206.72,7.74,27.6,43.71,Valle Montañoso / Karst Alto,SRTM 1 Arc-Sec (30m) / NASADEM / GEDI L4A
PNT-01632,San Cristóbal de las Casas,Chiapas,16.675017,-92.57107,2249.99,2250.38,7.09,30.41,53.42,Valle Montañoso / Karst Alto,SRTM 1 Arc-Sec (30m) / NASADEM / GEDI L4A
PNT-01633,San Cristóbal de las Casas,Chiapas,16.711816,-92.700108,2150.48,2150.71,6.5,8.08,11.79,Valle Montañoso / Karst Alto,SRTM 1 Arc-Sec (30m) / NASADEM / GEDI L4A
PNT-01634,San Cristóbal de las Casas,Chiapas,16.708772,-92.662408,2057.54,2057.79,20.25,8.26,13.13,Valle Montañoso / Karst Alto,SRTM 1 Arc-Sec (30m) / NASADEM / GEDI L4A
PNT-01635,San Cristóbal de las Casas,Chiapas,16.667278,-92.685951,2353.07,2352.87,13.62,13.48,18.02,Valle Montañoso / Karst Alto,SRTM 1 Arc-Sec (30m) / NASADEM / GEDI L4A
PNT-01636,San Cristóbal de las Casas,Chiapas,16.690852,-92.587215,2034.54,2034.51,13.62,27.13,30.86,Valle Montañoso / Karst Alto,SRTM 1 Arc-Sec (30m) / NASADEM / GEDI L4A
PNT-01637,San Cristóbal de las Casas,Chiapas,16.758297,-92.708966,1913.36,1913.62,13.35,14.34,15.51,Valle Montañoso / Karst Alto,SRTM 1 Arc-Sec (30m) / NASADEM / GEDI L4A
PNT-01638,San Cristóbal de las Casas,Chiapas,16.791542,-92.708977,1788.5,1788.33,6.77,31.31,48.56,Valle Montañoso / Karst Alto,SRTM 1 Arc-Sec (30m) / NASADEM / GEDI L4A
PNT-01639,San Cristóbal de las Casas,Chiapas,16.667228,-92.60265,2355.27,2355.12,12.25,21.01,27.33,Valle Montañoso / Karst Alto,SRTM 1 Arc-Sec (30m) / NASADEM / GEDI L4A
PNT-01640,San Cristóbal de las Casas,Chiapas,16.73533,-92.644023,2293.89,2293.85,8.99,32.73,34.72,Valle Montañoso / Karst Alto,SRTM 1 Arc-Sec (30m) / NASADEM / GEDI L4A
PNT-01641,San Cristóbal de las Casas,Chiapas,16.766239,-92.566485,2334.14,2334.4,13.47,14.48,20.27,Valle Montañoso / Karst Alto,SRTM 1 Arc-Sec (30m) / NASADEM / GEDI L4A
PNT-01642,San Cristóbal de las Casas,Chiapas,16.682002,-92.631316,2316.67,2316.69,8.65,16.04,17.14,Valle Montañoso / Karst Alto,SRTM 1 Arc-Sec (30m) / NASADEM / GEDI L4A
PNT-01643,San Cristóbal de las Casas,Chiapas,16.816792,-92.705526,2330.99,2330.76,13.34,33.15,31.25,Valle Montañoso / Karst Alto,SRTM 1 Arc-Sec (30m) / NASADEM / GEDI L4A
PNT-01644,San Cristóbal de las Casas,Chiapas,16.67318,-92.699046,2463.94,2463.83,13.49,33.33,41.14,Valle Montañoso / Karst Alto,SRTM 1 Arc-Sec (30m) / NASADEM / GEDI L4A
PNT-01645,San Cristóbal de las Casas,Chiapas,16.681072,-92.642445,2355.44,2355.41,14.01,21.61,23.07,Valle Montañoso / Karst Alto,SRTM 1 Arc-Sec (30m) / NASADEM / GEDI L4A
PNT-01646,San Cristóbal de las Casas,Chiapas,16.760347,-92.559244,1800.45,1800.81,13.6,18.24,20.64,Valle Montañoso / Karst Alto,SRTM 1 Arc-Sec (30m) / NASADEM / GEDI L4A
PNT-01647,San Cristóbal de las Casas,Chiapas,16.68604,-92.677888,2234.75,2235.08,16.48,10.58,9.75,Valle Montañoso / Karst Alto,SRTM 1 Arc-Sec (30m) / NASADEM / GEDI L4A
PNT-01648,San Cristóbal de las Casas,Chiapas,16.657974,-92.635742,2310.65,2310.88,10.51,3.97,6.42,Valle Montañoso / Karst Alto,SRTM 1 Arc-Sec (30m) / NASADEM / GEDI L4A
PNT-01649,San Cristóbal de las Casas,Chiapas,16.705084,-92.693052,2111.25,2111.19,5.86,12.31,11.97,Valle Montañoso / Karst Alto,SRTM 1 Arc-Sec (30m) / NASADEM / GEDI L4A
PNT-01650,San Cristóbal de las Casas,Chiapas,16.778957,-92.558582,1991.13,1990.93,15.93,10.14,9.5,Valle Montañoso / Karst Alto,SRTM 1 Arc-Sec (30m) / NASADEM / GEDI L4A
PNT-01651,San Cristóbal de las Casas,Chiapas,16.745213,-92.620136,2375.45,2375.28,16.67,13.57,20.1,Valle Montañoso / Karst Alto,SRTM 1 Arc-Sec (30m) / NASADEM / GEDI L4A
PNT-01652,San Cristóbal de las Casas,Chiapas,16.712912,-92.68298,1838.65,1838.32,8.88,28.82,47.64,Valle Montañoso / Karst Alto,SRTM 1 Arc-Sec (30m) / NASADEM / GEDI L4A
PNT-01653,San Cristóbal de las Casas,Chiapas,16.69216,-92.706636,1967.8,1967.71,14.74,5.46,5.6,Valle Montañoso / Karst Alto,SRTM 1 Arc-Sec (30m) / NASADEM / GEDI L4A
PNT-01654,San Cristóbal de las Casas,Chiapas,16.783864,-92.588297,2014.29,2014.0,7.6,5.76,10.32,Valle Montañoso / Karst Alto,SRTM 1 Arc-Sec (30m) / NASADEM / GEDI L4A
PNT-01655,San Cristóbal de las Casas,Chiapas,16.761895,-92.630265,2283.19,2283.44,13.89,4.0,3.95,Valle Montañoso / Karst Alto,SRTM 1 Arc-Sec (30m) / NASADEM / GEDI L4A
PNT-01656,San Cristóbal de las Casas,Chiapas,16.761785,-92.656879,2061.23,2061.62,15.29,8.31,10.94,Valle Montañoso / Karst Alto,SRTM 1 Arc-Sec (30m) / NASADEM / GEDI L4A
PNT-01657,San Cristóbal de las Casas,Chiapas,16.783855,-92.647777,2220.14,2220.08,11.92,21.92,18.73,Valle Montañoso / Karst Alto,SRTM 1 Arc-Sec (30m) / NASADEM / GEDI L4A
PNT-01658,San Cristóbal de las Casas,Chiapas,16.791754,-92.613293,2099.72,2099.79,11.82,3.89,3.12,Valle Montañoso / Karst Alto,SRTM 1 Arc-Sec (30m) / NASADEM / GEDI L4A
PNT-01659,San Cristóbal de las Casas,Chiapas,16.755576,-92.686757,2269.78,2269.42,7.62,13.06,12.4,Valle Montañoso / Karst Alto,SRTM 1 Arc-Sec (30m) / NASADEM / GEDI L4A
PNT-01660,San Cristóbal de las Casas,Chiapas,16.749828,-92.611118,1939.44,1939.11,15.46,5.9,7.23,Valle Montañoso / Karst Alto,SRTM 1 Arc-Sec (30m) / NASADEM / GEDI L4A
PNT-01661,San Cristóbal de las Casas,Chiapas,16.808335,-92.682163,2052.45,2052.53,10.92,24.24,34.98,Valle Montañoso / Karst Alto,SRTM 1 Arc-Sec (30m) / NASADEM / GEDI L4A
PNT-01662,San Cristóbal de las Casas,Chiapas,16.794781,-92.639172,2059.46,2059.59,9.14,22.2,29.55,Valle Montañoso / Karst Alto,SRTM 1 Arc-Sec (30m) / NASADEM / GEDI L4A
PNT-01663,San Cristóbal de las Casas,Chiapas,16.766274,-92.615017,2198.03,2198.25,15.87,11.09,16.39,Valle Montañoso / Karst Alto,SRTM 1 Arc-Sec (30m) / NASADEM / GEDI L4A
PNT-01664,San Cristóbal de las Casas,Chiapas,16.801351,-92.655283,2309.27,2308.92,15.6,21.24,19.76,Valle Montañoso / Karst Alto,SRTM 1 Arc-Sec (30m) / NASADEM / GEDI L4A
PNT-01665,San Cristóbal de las Casas,Chiapas,16.811771,-92.587175,1771.84,1771.47,16.19,20.02,23.78,Valle Montañoso / Karst Alto,SRTM 1 Arc-Sec (30m) / NASADEM / GEDI L4A
PNT-01666,San Cristóbal de las Casas,Chiapas,16.673172,-92.588693,2186.08,2186.34,13.06,10.1,10.74,Valle Montañoso / Karst Alto,SRTM 1 Arc-Sec (30m) / NASADEM / GEDI L4A
PNT-01667,San Cristóbal de las Casas,Chiapas,16.690364,-92.59459,2163.18,2163.49,12.5,22.98,27.29,Valle Montañoso / Karst Alto,SRTM 1 Arc-Sec (30m) / NASADEM / GEDI L4A
PNT-01668,San Cristóbal de las Casas,Chiapas,16.725122,-92.704949,2534.29,2534.34,3.76,11.96,15.26,Valle Montañoso / Karst Alto,SRTM 1 Arc-Sec (30m) / NASADEM / GEDI L4A
PNT-01669,San Cristóbal de las Casas,Chiapas,16.732322,-92.654852,2106.42,2106.5,17.2,30.81,51.34,Valle Montañoso / Karst Alto,SRTM 1 Arc-Sec (30m) / NASADEM / GEDI L4A
PNT-01670,San Cristóbal de las Casas,Chiapas,16.799468,-92.673799,2253.74,2253.86,10.98,5.99,5.6,Valle Montañoso / Karst Alto,SRTM 1 Arc-Sec (30m) / NASADEM / GEDI L4A
PNT-01671,San Cristóbal de las Casas,Chiapas,16.681908,-92.616133,2293.15,2293.5,13.7,9.65,10.71,Valle Montañoso / Karst Alto,SRTM 1 Arc-Sec (30m) / NASADEM / GEDI L4A
PNT-01672,San Cristóbal de las Casas,Chiapas,16.695452,-92.659598,2182.43,2182.62,15.26,18.45,15.29,Valle Montañoso / Karst Alto,SRTM 1 Arc-Sec (30m) / NASADEM / GEDI L4A
PNT-01673,San Cristóbal de las Casas,Chiapas,16.667271,-92.630932,1949.23,1949.41,14.81,28.23,34.21,Valle Montañoso / Karst Alto,SRTM 1 Arc-Sec (30m) / NASADEM / GEDI L4A
PNT-01674,San Cristóbal de las Casas,Chiapas,16.776427,-92.652355,2394.76,2395.15,15.01,14.03,16.99,Valle Montañoso / Karst Alto,SRTM 1 Arc-Sec (30m) / NASADEM / GEDI L4A
PNT-01675,San Cristóbal de las Casas,Chiapas,16.683499,-92.684348,2265.71,2265.63,12.98,8.99,9.76,Valle Montañoso / Karst Alto,SRTM 1 Arc-Sec (30m) / NASADEM / GEDI L4A
PNT-01676,San Cristóbal de las Casas,Chiapas,16.729808,-92.670496,2320.1,2319.71,8.51,19.95,31.8,Valle Montañoso / Karst Alto,SRTM 1 Arc-Sec (30m) / NASADEM / GEDI L4A
PNT-01677,San Cristóbal de las Casas,Chiapas,16.699597,-92.620473,2412.73,2412.69,17.2,14.07,23.02,Valle Montañoso / Karst Alto,SRTM 1 Arc-Sec (30m) / NASADEM / GEDI L4A
PNT-01678,San Cristóbal de las Casas,Chiapas,16.778351,-92.665599,2188.23,2187.87,8.6,13.78,21.4,Valle Montañoso / Karst Alto,SRTM 1 Arc-Sec (30m) / NASADEM / GEDI L4A
PNT-01679,San Cristóbal de las Casas,Chiapas,16.704096,-92.594871,1963.52,1963.7,15.27,26.31,31.51,Valle Montañoso / Karst Alto,SRTM 1 Arc-Sec (30m) / NASADEM / GEDI L4A
PNT-01680,San Cristóbal de las Casas,Chiapas,16.690667,-92.633597,2197.73,2197.47,14.62,24.32,29.85,Valle Montañoso / Karst Alto,SRTM 1 Arc-Sec (30m) / NASADEM / GEDI L4A
PNT-01681,San Cristóbal de las Casas,Chiapas,16.751645,-92.59955,2449.42,2449.6,12.26,22.26,21.16,Valle Montañoso / Karst Alto,SRTM 1 Arc-Sec (30m) / NASADEM / GEDI L4A
PNT-01682,San Cristóbal de las Casas,Chiapas,16.790752,-92.567255,2141.95,2141.76,7.48,26.51,40.34,Valle Montañoso / Karst Alto,SRTM 1 Arc-Sec (30m) / NASADEM / GEDI L4A
PNT-01683,San Cristóbal de las Casas,Chiapas,16.679542,-92.576676,2260.96,2260.93,9.83,13.51,12.95,Valle Montañoso / Karst Alto,SRTM 1 Arc-Sec (30m) / NASADEM / GEDI L4A
PNT-01684,San Cristóbal de las Casas,Chiapas,16.683818,-92.611098,1922.91,1922.6,12.55,5.71,8.81,Valle Montañoso / Karst Alto,SRTM 1 Arc-Sec (30m) / NASADEM / GEDI L4A
PNT-01685,San Cristóbal de las Casas,Chiapas,16.770901,-92.707651,1967.78,1968.1,12.48,31.17,46.7,Valle Montañoso / Karst Alto,SRTM 1 Arc-Sec (30m) / NASADEM / GEDI L4A
PNT-01686,San Cristóbal de las Casas,Chiapas,16.80519,-92.587168,2207.61,2207.45,16.94,10.14,11.43,Valle Montañoso / Karst Alto,SRTM 1 Arc-Sec (30m) / NASADEM / GEDI L4A
PNT-01687,San Cristóbal de las Casas,Chiapas,16.757559,-92.689375,2101.03,2100.82,5.27,21.45,36.96,Valle Montañoso / Karst Alto,SRTM 1 Arc-Sec (30m) / NASADEM / GEDI L4A
PNT-01688,San Cristóbal de las Casas,Chiapas,16.776694,-92.610372,2065.16,2064.91,22.59,30.79,32.28,Valle Montañoso / Karst Alto,SRTM 1 Arc-Sec (30m) / NASADEM / GEDI L4A
PNT-01689,San Cristóbal de las Casas,Chiapas,16.671609,-92.596998,2053.0,2052.62,7.53,7.68,7.47,Valle Montañoso / Karst Alto,SRTM 1 Arc-Sec (30m) / NASADEM / GEDI L4A
PNT-01690,San Cristóbal de las Casas,Chiapas,16.665706,-92.611935,2061.27,2061.57,16.29,10.01,11.27,Valle Montañoso / Karst Alto,SRTM 1 Arc-Sec (30m) / NASADEM / GEDI L4A
PNT-01691,San Cristóbal de las Casas,Chiapas,16.681118,-92.617711,2556.71,2556.92,6.77,20.14,28.75,Valle Montañoso / Karst Alto,SRTM 1 Arc-Sec (30m) / NASADEM / GEDI L4A
PNT-01692,San Cristóbal de las Casas,Chiapas,16.80664,-92.66915,2449.37,2449.46,8.48,8.95,10.53,Valle Montañoso / Karst Alto,SRTM 1 Arc-Sec (30m) / NASADEM / GEDI L4A
PNT-01693,San Cristóbal de las Casas,Chiapas,16.731854,-92.649898,2125.0,2125.14,18.4,30.87,28.9,Valle Montañoso / Karst Alto,SRTM 1 Arc-Sec (30m) / NASADEM / GEDI L4A
PNT-01694,San Cristóbal de las Casas,Chiapas,16.69706,-92.630168,2143.15,2143.04,13.34,12.43,12.11,Valle Montañoso / Karst Alto,SRTM 1 Arc-Sec (30m) / NASADEM / GEDI L4A
PNT-01695,San Cristóbal de las Casas,Chiapas,16.783652,-92.564134,2273.84,2274.1,11.57,18.17,26.78,Valle Montañoso / Karst Alto,SRTM 1 Arc-Sec (30m) / NASADEM / GEDI L4A
PNT-01696,San Cristóbal de las Casas,Chiapas,16.726597,-92.627604,2182.64,2182.28,10.66,28.42,46.18,Valle Montañoso / Karst Alto,SRTM 1 Arc-Sec (30m) / NASADEM / GEDI L4A
PNT-01697,San Cristóbal de las Casas,Chiapas,16.694932,-92.665214,2700.7,2700.53,10.06,21.57,23.68,Valle Montañoso / Karst Alto,SRTM 1 Arc-Sec (30m) / NASADEM / GEDI L4A
PNT-01698,San Cristóbal de las Casas,Chiapas,16.665879,-92.716596,2177.45,2177.82,11.32,16.52,21.69,Valle Montañoso / Karst Alto,SRTM 1 Arc-Sec (30m) / NASADEM / GEDI L4A
PNT-01699,San Cristóbal de las Casas,Chiapas,16.680496,-92.628835,2221.36,2221.71,7.85,9.47,14.82,Valle Montañoso / Karst Alto,SRTM 1 Arc-Sec (30m) / NASADEM / GEDI L4A
PNT-01700,San Cristóbal de las Casas,Chiapas,16.66076,-92.65692,2083.24,2082.98,8.8,14.89,18.13,Valle Montañoso / Karst Alto,SRTM 1 Arc-Sec (30m) / NASADEM / GEDI L4A
PNT-01701,San Cristóbal de las Casas,Chiapas,16.705095,-92.61194,2110.69,2110.44,15.01,11.76,19.45,Valle Montañoso / Karst Alto,SRTM 1 Arc-Sec (30m) / NASADEM / GEDI L4A
PNT-01702,San Cristóbal de las Casas,Chiapas,16.748462,-92.644198,2113.27,2113.09,7.35,32.27,54.34,Valle Montañoso / Karst Alto,SRTM 1 Arc-Sec (30m) / NASADEM / GEDI L4A
PNT-01703,San Cristóbal de las Casas,Chiapas,16.670424,-92.634335,2049.46,2049.76,6.37,19.59,22.22,Valle Montañoso / Karst Alto,SRTM 1 Arc-Sec (30m) / NASADEM / GEDI L4A
PNT-01704,San Cristóbal de las Casas,Chiapas,16.690262,-92.588948,2022.61,2022.38,21.03,13.69,24.09,Valle Montañoso / Karst Alto,SRTM 1 Arc-Sec (30m) / NASADEM / GEDI L4A
PNT-01705,San Cristóbal de las Casas,Chiapas,16.740214,-92.652888,2484.25,2484.12,12.47,8.95,12.4,Valle Montañoso / Karst Alto,SRTM 1 Arc-Sec (30m) / NASADEM / GEDI L4A
PNT-01706,San Cristóbal de las Casas,Chiapas,16.763433,-92.602965,2084.75,2084.41,15.52,32.73,40.42,Valle Montañoso / Karst Alto,SRTM 1 Arc-Sec (30m) / NASADEM / GEDI L4A
PNT-01707,San Cristóbal de las Casas,Chiapas,16.756721,-92.610391,1837.74,1837.94,12.9,28.01,37.9,Valle Montañoso / Karst Alto,SRTM 1 Arc-Sec (30m) / NASADEM / GEDI L4A
PNT-01708,San Cristóbal de las Casas,Chiapas,16.73517,-92.69877,2096.43,2096.28,9.47,32.59,51.61,Valle Montañoso / Karst Alto,SRTM 1 Arc-Sec (30m) / NASADEM / GEDI L4A
PNT-01709,San Cristóbal de las Casas,Chiapas,16.762588,-92.634176,1966.04,1966.04,10.94,30.16,50.89,Valle Montañoso / Karst Alto,SRTM 1 Arc-Sec (30m) / NASADEM / GEDI L4A
PNT-01710,San Cristóbal de las Casas,Chiapas,16.658755,-92.575193,2470.04,2470.29,19.52,27.48,46.44,Valle Montañoso / Karst Alto,SRTM 1 Arc-Sec (30m) / NASADEM / GEDI L4A
PNT-01711,San Cristóbal de las Casas,Chiapas,16.74544,-92.562176,2149.87,2149.78,16.79,22.2,19.0,Valle Montañoso / Karst Alto,SRTM 1 Arc-Sec (30m) / NASADEM / GEDI L4A
PNT-01712,San Cristóbal de las Casas,Chiapas,16.738034,-92.577658,2070.69,2071.04,6.39,16.57,19.19,Valle Montañoso / Karst Alto,SRTM 1 Arc-Sec (30m) / NASADEM / GEDI L4A
PNT-01713,San Cristóbal de las Casas,Chiapas,16.727486,-92.633888,2411.23,2411.19,14.08,28.43,37.92,Valle Montañoso / Karst Alto,SRTM 1 Arc-Sec (30m) / NASADEM / GEDI L4A
PNT-01714,San Cristóbal de las Casas,Chiapas,16.711157,-92.611728,2251.2,2250.85,18.9,8.68,9.42,Valle Montañoso / Karst Alto,SRTM 1 Arc-Sec (30m) / NASADEM / GEDI L4A
PNT-01715,San Cristóbal de las Casas,Chiapas,16.70222,-92.609253,1953.36,1953.38,7.58,10.09,17.0,Valle Montañoso / Karst Alto,SRTM 1 Arc-Sec (30m) / NASADEM / GEDI L4A
PNT-01716,San Cristóbal de las Casas,Chiapas,16.670659,-92.645899,2226.62,2226.45,16.2,16.33,24.6,Valle Montañoso / Karst Alto,SRTM 1 Arc-Sec (30m) / NASADEM / GEDI L4A
PNT-01717,San Cristóbal de las Casas,Chiapas,16.812722,-92.574098,2044.72,2044.37,14.06,10.73,13.16,Valle Montañoso / Karst Alto,SRTM 1 Arc-Sec (30m) / NASADEM / GEDI L4A
PNT-01718,San Cristóbal de las Casas,Chiapas,16.773891,-92.617106,2154.4,2154.74,5.58,28.36,31.85,Valle Montañoso / Karst Alto,SRTM 1 Arc-Sec (30m) / NASADEM / GEDI L4A
PNT-01719,San Cristóbal de las Casas,Chiapas,16.814162,-92.603621,2266.17,2265.92,8.93,19.1,17.06,Valle Montañoso / Karst Alto,SRTM 1 Arc-Sec (30m) / NASADEM / GEDI L4A
PNT-01720,San Cristóbal de las Casas,Chiapas,16.804342,-92.661966,2146.86,2146.48,11.21,31.22,41.16,Valle Montañoso / Karst Alto,SRTM 1 Arc-Sec (30m) / NASADEM / GEDI L4A
PNT-01721,San Cristóbal de las Casas,Chiapas,16.668991,-92.699356,2280.04,2280.19,11.37,29.96,34.95,Valle Montañoso / Karst Alto,SRTM 1 Arc-Sec (30m) / NASADEM / GEDI L4A
PNT-01722,San Cristóbal de las Casas,Chiapas,16.663914,-92.561109,2208.07,2208.18,6.86,26.05,25.56,Valle Montañoso / Karst Alto,SRTM 1 Arc-Sec (30m) / NASADEM / GEDI L4A
PNT-01723,San Cristóbal de las Casas,Chiapas,16.810441,-92.614802,2180.22,2180.15,16.76,33.3,46.02,Valle Montañoso / Karst Alto,SRTM 1 Arc-Sec (30m) / NASADEM / GEDI L4A
PNT-01724,San Cristóbal de las Casas,Chiapas,16.7957,-92.564473,2268.88,2268.48,19.75,4.72,4.72,Valle Montañoso / Karst Alto,SRTM 1 Arc-Sec (30m) / NASADEM / GEDI L4A
PNT-01725,San Cristóbal de las Casas,Chiapas,16.686761,-92.676239,1930.31,1930.25,6.43,6.52,5.49,Valle Montañoso / Karst Alto,SRTM 1 Arc-Sec (30m) / NASADEM / GEDI L4A
PNT-01726,San Cristóbal de las Casas,Chiapas,16.764831,-92.631026,2601.35,2601.61,8.59,16.54,23.84,Valle Montañoso / Karst Alto,SRTM 1 Arc-Sec (30m) / NASADEM / GEDI L4A
PNT-01727,San Cristóbal de las Casas,Chiapas,16.809572,-92.58266,2565.28,2565.02,8.14,20.6,36.7,Valle Montañoso / Karst Alto,SRTM 1 Arc-Sec (30m) / NASADEM / GEDI L4A
PNT-01728,San Cristóbal de las Casas,Chiapas,16.73993,-92.568578,2032.4,2032.47,12.37,11.87,9.88,Valle Montañoso / Karst Alto,SRTM 1 Arc-Sec (30m) / NASADEM / GEDI L4A
PNT-01729,San Cristóbal de las Casas,Chiapas,16.788337,-92.672883,2006.18,2005.94,15.66,33.21,38.58,Valle Montañoso / Karst Alto,SRTM 1 Arc-Sec (30m) / NASADEM / GEDI L4A
PNT-01730,San Cristóbal de las Casas,Chiapas,16.75322,-92.619403,2332.94,2333.08,12.49,15.81,26.28,Valle Montañoso / Karst Alto,SRTM 1 Arc-Sec (30m) / NASADEM / GEDI L4A
PNT-01731,San Cristóbal de las Casas,Chiapas,16.68597,-92.629922,2180.5,2180.75,13.99,23.43,38.41,Valle Montañoso / Karst Alto,SRTM 1 Arc-Sec (30m) / NASADEM / GEDI L4A
PNT-01732,San Cristóbal de las Casas,Chiapas,16.808118,-92.673333,2136.31,2136.47,6.86,10.43,8.39,Valle Montañoso / Karst Alto,SRTM 1 Arc-Sec (30m) / NASADEM / GEDI L4A
PNT-01733,San Cristóbal de las Casas,Chiapas,16.71187,-92.561983,1969.23,1968.98,18.49,14.36,13.93,Valle Montañoso / Karst Alto,SRTM 1 Arc-Sec (30m) / NASADEM / GEDI L4A
PNT-01734,San Cristóbal de las Casas,Chiapas,16.674009,-92.571921,2115.84,2115.81,10.38,9.75,10.74,Valle Montañoso / Karst Alto,SRTM 1 Arc-Sec (30m) / NASADEM / GEDI L4A
PNT-01735,San Cristóbal de las Casas,Chiapas,16.689139,-92.593118,2345.32,2345.23,17.59,31.23,55.26,Valle Montañoso / Karst Alto,SRTM 1 Arc-Sec (30m) / NASADEM / GEDI L4A
PNT-01736,San Cristóbal de las Casas,Chiapas,16.684782,-92.681318,1953.84,1953.79,12.22,21.24,28.08,Valle Montañoso / Karst Alto,SRTM 1 Arc-Sec (30m) / NASADEM / GEDI L4A
PNT-01737,San Cristóbal de las Casas,Chiapas,16.709945,-92.630209,2070.53,2070.18,12.49,20.33,18.4,Valle Montañoso / Karst Alto,SRTM 1 Arc-Sec (30m) / NASADEM / GEDI L4A
PNT-01738,San Cristóbal de las Casas,Chiapas,16.660575,-92.689558,2536.78,2536.54,14.24,23.88,23.46,Valle Montañoso / Karst Alto,SRTM 1 Arc-Sec (30m) / NASADEM / GEDI L4A
PNT-01739,San Cristóbal de las Casas,Chiapas,16.755153,-92.651086,1979.66,1979.35,11.11,25.67,44.78,Valle Montañoso / Karst Alto,SRTM 1 Arc-Sec (30m) / NASADEM / GEDI L4A
PNT-01740,San Cristóbal de las Casas,Chiapas,16.75472,-92.602464,1976.03,1975.67,15.49,3.56,4.1,Valle Montañoso / Karst Alto,SRTM 1 Arc-Sec (30m) / NASADEM / GEDI L4A
PNT-01741,San Cristóbal de las Casas,Chiapas,16.695634,-92.707029,2112.2,2112.53,11.41,7.78,10.41,Valle Montañoso / Karst Alto,SRTM 1 Arc-Sec (30m) / NASADEM / GEDI L4A
PNT-01742,San Cristóbal de las Casas,Chiapas,16.751897,-92.630042,2085.21,2084.85,9.39,15.57,15.39,Valle Montañoso / Karst Alto,SRTM 1 Arc-Sec (30m) / NASADEM / GEDI L4A
PNT-01743,San Cristóbal de las Casas,Chiapas,16.746861,-92.606151,1601.94,1601.85,16.87,29.17,29.73,Valle Montañoso / Karst Alto,SRTM 1 Arc-Sec (30m) / NASADEM / GEDI L4A
PNT-01744,San Cristóbal de las Casas,Chiapas,16.774475,-92.595803,1777.83,1777.81,9.3,6.34,5.36,Valle Montañoso / Karst Alto,SRTM 1 Arc-Sec (30m) / NASADEM / GEDI L4A
PNT-01745,San Cristóbal de las Casas,Chiapas,16.674857,-92.687057,2413.64,2413.43,12.06,32.02,56.19,Valle Montañoso / Karst Alto,SRTM 1 Arc-Sec (30m) / NASADEM / GEDI L4A
PNT-01746,San Cristóbal de las Casas,Chiapas,16.810425,-92.58299,2011.77,2011.83,11.2,20.54,33.89,Valle Montañoso / Karst Alto,SRTM 1 Arc-Sec (30m) / NASADEM / GEDI L4A
PNT-01747,San Cristóbal de las Casas,Chiapas,16.816359,-92.635695,1914.45,1914.05,9.89,19.03,25.8,Valle Montañoso / Karst Alto,SRTM 1 Arc-Sec (30m) / NASADEM / GEDI L4A
PNT-01748,San Cristóbal de las Casas,Chiapas,16.78899,-92.636268,2197.98,2198.25,14.84,8.02,13.28,Valle Montañoso / Karst Alto,SRTM 1 Arc-Sec (30m) / NASADEM / GEDI L4A
PNT-01749,San Cristóbal de las Casas,Chiapas,16.765023,-92.689763,2141.15,2141.0,9.99,23.78,38.99,Valle Montañoso / Karst Alto,SRTM 1 Arc-Sec (30m) / NASADEM / GEDI L4A
PNT-01750,San Cristóbal de las Casas,Chiapas,16.71466,-92.648696,2118.67,2118.46,15.7,16.06,24.35,Valle Montañoso / Karst Alto,SRTM 1 Arc-Sec (30m) / NASADEM / GEDI L4A
PNT-01751,San Cristóbal de las Casas,Chiapas,16.674509,-92.673725,2130.86,2131.12,9.67,4.25,6.27,Valle Montañoso / Karst Alto,SRTM 1 Arc-Sec (30m) / NASADEM / GEDI L4A
PNT-01752,San Cristóbal de las Casas,Chiapas,16.806199,-92.679092,2382.08,2382.22,15.78,13.75,13.33,Valle Montañoso / Karst Alto,SRTM 1 Arc-Sec (30m) / NASADEM / GEDI L4A
PNT-01753,San Cristóbal de las Casas,Chiapas,16.749922,-92.639611,2055.42,2055.29,18.71,12.45,12.59,Valle Montañoso / Karst Alto,SRTM 1 Arc-Sec (30m) / NASADEM / GEDI L4A
PNT-01754,San Cristóbal de las Casas,Chiapas,16.699519,-92.701827,2085.1,2084.85,11.61,26.28,29.58,Valle Montañoso / Karst Alto,SRTM 1 Arc-Sec (30m) / NASADEM / GEDI L4A
PNT-01755,San Cristóbal de las Casas,Chiapas,16.763918,-92.602299,2265.28,2264.9,12.37,26.03,45.78,Valle Montañoso / Karst Alto,SRTM 1 Arc-Sec (30m) / NASADEM / GEDI L4A
PNT-01756,San Cristóbal de las Casas,Chiapas,16.794963,-92.690137,1937.05,1937.13,9.95,25.22,28.17,Valle Montañoso / Karst Alto,SRTM 1 Arc-Sec (30m) / NASADEM / GEDI L4A
PNT-01757,San Cristóbal de las Casas,Chiapas,16.743321,-92.606453,2393.42,2393.64,11.02,5.47,7.77,Valle Montañoso / Karst Alto,SRTM 1 Arc-Sec (30m) / NASADEM / GEDI L4A
PNT-01758,San Cristóbal de las Casas,Chiapas,16.694652,-92.627797,1796.8,1796.59,9.06,19.74,18.05,Valle Montañoso / Karst Alto,SRTM 1 Arc-Sec (30m) / NASADEM / GEDI L4A
PNT-01759,San Cristóbal de las Casas,Chiapas,16.744884,-92.716787,1910.66,1911.04,9.26,25.68,29.52,Valle Montañoso / Karst Alto,SRTM 1 Arc-Sec (30m) / NASADEM / GEDI L4A
PNT-01760,San Cristóbal de las Casas,Chiapas,16.671855,-92.634312,2191.1,2191.37,6.12,22.28,31.94,Valle Montañoso / Karst Alto,SRTM 1 Arc-Sec (30m) / NASADEM / GEDI L4A
PNT-01761,San Cristóbal de las Casas,Chiapas,16.743565,-92.568637,2154.95,2154.79,15.06,17.52,17.28,Valle Montañoso / Karst Alto,SRTM 1 Arc-Sec (30m) / NASADEM / GEDI L4A
PNT-01762,San Cristóbal de las Casas,Chiapas,16.758815,-92.636985,2136.85,2136.83,11.69,30.57,41.77,Valle Montañoso / Karst Alto,SRTM 1 Arc-Sec (30m) / NASADEM / GEDI L4A
PNT-01763,San Cristóbal de las Casas,Chiapas,16.766046,-92.662755,1806.76,1806.89,20.47,5.04,6.52,Valle Montañoso / Karst Alto,SRTM 1 Arc-Sec (30m) / NASADEM / GEDI L4A
PNT-01764,San Cristóbal de las Casas,Chiapas,16.704359,-92.66481,2172.71,2173.0,4.12,16.21,25.03,Valle Montañoso / Karst Alto,SRTM 1 Arc-Sec (30m) / NASADEM / GEDI L4A
PNT-01765,San Cristóbal de las Casas,Chiapas,16.79402,-92.667397,1792.95,1793.22,7.15,4.85,5.38,Valle Montañoso / Karst Alto,SRTM 1 Arc-Sec (30m) / NASADEM / GEDI L4A
PNT-01766,San Cristóbal de las Casas,Chiapas,16.765705,-92.626529,2471.72,2471.48,2.67,16.64,21.66,Valle Montañoso / Karst Alto,SRTM 1 Arc-Sec (30m) / NASADEM / GEDI L4A
PNT-01767,San Cristóbal de las Casas,Chiapas,16.80119,-92.675266,2227.95,2227.57,15.61,25.6,21.39,Valle Montañoso / Karst Alto,SRTM 1 Arc-Sec (30m) / NASADEM / GEDI L4A
PNT-01768,San Cristóbal de las Casas,Chiapas,16.816581,-92.577378,1921.34,1921.25,8.53,14.36,16.83,Valle Montañoso / Karst Alto,SRTM 1 Arc-Sec (30m) / NASADEM / GEDI L4A
PNT-01769,San Cristóbal de las Casas,Chiapas,16.707924,-92.617619,2210.29,2210.54,10.94,18.03,29.8,Valle Montañoso / Karst Alto,SRTM 1 Arc-Sec (30m) / NASADEM / GEDI L4A
PNT-01770,San Cristóbal de las Casas,Chiapas,16.696543,-92.71419,1978.22,1978.27,20.85,30.93,54.74,Valle Montañoso / Karst Alto,SRTM 1 Arc-Sec (30m) / NASADEM / GEDI L4A
PNT-01771,San Cristóbal de las Casas,Chiapas,16.758513,-92.594751,2044.5,2044.46,18.52,12.91,18.17,Valle Montañoso / Karst Alto,SRTM 1 Arc-Sec (30m) / NASADEM / GEDI L4A
PNT-01772,San Cristóbal de las Casas,Chiapas,16.686626,-92.616693,1899.59,1899.9,9.13,5.18,5.06,Valle Montañoso / Karst Alto,SRTM 1 Arc-Sec (30m) / NASADEM / GEDI L4A
PNT-01773,San Cristóbal de las Casas,Chiapas,16.744795,-92.640029,2042.82,2042.63,3.13,14.02,20.32,Valle Montañoso / Karst Alto,SRTM 1 Arc-Sec (30m) / NASADEM / GEDI L4A
PNT-01774,San Cristóbal de las Casas,Chiapas,16.79825,-92.687539,1972.51,1972.88,11.69,30.31,47.12,Valle Montañoso / Karst Alto,SRTM 1 Arc-Sec (30m) / NASADEM / GEDI L4A
PNT-01775,San Cristóbal de las Casas,Chiapas,16.806356,-92.681779,2259.9,2260.2,15.54,27.81,31.88,Valle Montañoso / Karst Alto,SRTM 1 Arc-Sec (30m) / NASADEM / GEDI L4A
PNT-01776,San Cristóbal de las Casas,Chiapas,16.780904,-92.675007,1990.94,1991.29,10.74,12.38,16.35,Valle Montañoso / Karst Alto,SRTM 1 Arc-Sec (30m) / NASADEM / GEDI L4A
PNT-01777,San Cristóbal de las Casas,Chiapas,16.719613,-92.563412,2399.62,2399.9,9.31,16.79,19.78,Valle Montañoso / Karst Alto,SRTM 1 Arc-Sec (30m) / NASADEM / GEDI L4A
PNT-01778,San Cristóbal de las Casas,Chiapas,16.776639,-92.570937,1976.3,1976.61,14.95,15.32,21.08,Valle Montañoso / Karst Alto,SRTM 1 Arc-Sec (30m) / NASADEM / GEDI L4A
PNT-01779,San Cristóbal de las Casas,Chiapas,16.79003,-92.686857,2250.59,2250.9,17.41,8.75,10.68,Valle Montañoso / Karst Alto,SRTM 1 Arc-Sec (30m) / NASADEM / GEDI L4A
PNT-01780,San Cristóbal de las Casas,Chiapas,16.790255,-92.713923,2043.2,2043.4,7.56,23.56,32.54,Valle Montañoso / Karst Alto,SRTM 1 Arc-Sec (30m) / NASADEM / GEDI L4A
PNT-01781,San Cristóbal de las Casas,Chiapas,16.741784,-92.58205,2077.01,2076.73,5.89,21.68,22.78,Valle Montañoso / Karst Alto,SRTM 1 Arc-Sec (30m) / NASADEM / GEDI L4A
PNT-01782,San Cristóbal de las Casas,Chiapas,16.710415,-92.6416,1999.3,1999.59,19.17,24.69,19.95,Valle Montañoso / Karst Alto,SRTM 1 Arc-Sec (30m) / NASADEM / GEDI L4A
PNT-01783,San Cristóbal de las Casas,Chiapas,16.755674,-92.702004,2581.98,2581.77,13.34,16.85,27.91,Valle Montañoso / Karst Alto,SRTM 1 Arc-Sec (30m) / NASADEM / GEDI L4A
PNT-01784,San Cristóbal de las Casas,Chiapas,16.683788,-92.674514,2537.03,2536.93,10.19,31.8,28.44,Valle Montañoso / Karst Alto,SRTM 1 Arc-Sec (30m) / NASADEM / GEDI L4A
PNT-01785,San Cristóbal de las Casas,Chiapas,16.716329,-92.603567,2298.01,2297.74,7.29,5.21,4.8,Valle Montañoso / Karst Alto,SRTM 1 Arc-Sec (30m) / NASADEM / GEDI L4A
PNT-01786,San Cristóbal de las Casas,Chiapas,16.805798,-92.62872,2015.81,2015.88,16.32,18.6,32.47,Valle Montañoso / Karst Alto,SRTM 1 Arc-Sec (30m) / NASADEM / GEDI L4A
PNT-01787,San Cristóbal de las Casas,Chiapas,16.776612,-92.600113,2164.47,2164.44,9.6,31.8,33.62,Valle Montañoso / Karst Alto,SRTM 1 Arc-Sec (30m) / NASADEM / GEDI L4A
PNT-01788,San Cristóbal de las Casas,Chiapas,16.700173,-92.651185,2033.75,2034.04,10.54,20.53,34.11,Valle Montañoso / Karst Alto,SRTM 1 Arc-Sec (30m) / NASADEM / GEDI L4A
PNT-01789,San Cristóbal de las Casas,Chiapas,16.789982,-92.671873,1966.86,1967.19,12.38,15.83,18.9,Valle Montañoso / Karst Alto,SRTM 1 Arc-Sec (30m) / NASADEM / GEDI L4A
PNT-01790,San Cristóbal de las Casas,Chiapas,16.705441,-92.643294,1998.25,1998.49,6.53,28.94,31.96,Valle Montañoso / Karst Alto,SRTM 1 Arc-Sec (30m) / NASADEM / GEDI L4A
PNT-01791,San Cristóbal de las Casas,Chiapas,16.732042,-92.577189,2300.64,2300.71,7.69,20.36,33.78,Valle Montañoso / Karst Alto,SRTM 1 Arc-Sec (30m) / NASADEM / GEDI L4A
PNT-01792,San Cristóbal de las Casas,Chiapas,16.673252,-92.661476,2448.25,2448.02,12.67,27.99,33.58,Valle Montañoso / Karst Alto,SRTM 1 Arc-Sec (30m) / NASADEM / GEDI L4A
PNT-01793,San Cristóbal de las Casas,Chiapas,16.687226,-92.595562,2157.1,2156.75,8.42,14.37,20.13,Valle Montañoso / Karst Alto,SRTM 1 Arc-Sec (30m) / NASADEM / GEDI L4A
PNT-01794,San Cristóbal de las Casas,Chiapas,16.745978,-92.652255,1828.0,1827.96,10.48,32.57,53.76,Valle Montañoso / Karst Alto,SRTM 1 Arc-Sec (30m) / NASADEM / GEDI L4A
PNT-01795,San Cristóbal de las Casas,Chiapas,16.680237,-92.712235,2160.17,2160.2,15.0,27.31,30.44,Valle Montañoso / Karst Alto,SRTM 1 Arc-Sec (30m) / NASADEM / GEDI L4A
PNT-01796,San Cristóbal de las Casas,Chiapas,16.734105,-92.562014,1950.27,1949.98,13.81,9.73,15.24,Valle Montañoso / Karst Alto,SRTM 1 Arc-Sec (30m) / NASADEM / GEDI L4A
PNT-01797,San Cristóbal de las Casas,Chiapas,16.70426,-92.713578,2054.29,2054.63,6.09,30.32,38.11,Valle Montañoso / Karst Alto,SRTM 1 Arc-Sec (30m) / NASADEM / GEDI L4A
PNT-01798,San Cristóbal de las Casas,Chiapas,16.722744,-92.628199,2121.67,2121.66,6.36,4.06,3.85,Valle Montañoso / Karst Alto,SRTM 1 Arc-Sec (30m) / NASADEM / GEDI L4A
PNT-01799,San Cristóbal de las Casas,Chiapas,16.717505,-92.607603,2059.27,2059.32,6.18,30.6,34.46,Valle Montañoso / Karst Alto,SRTM 1 Arc-Sec (30m) / NASADEM / GEDI L4A
PNT-01800,San Cristóbal de las Casas,Chiapas,16.678369,-92.638716,2044.89,2044.83,13.21,4.04,3.37,Valle Montañoso / Karst Alto,SRTM 1 Arc-Sec (30m) / NASADEM / GEDI L4A
PNT-01801,San Cristóbal de las Casas,Chiapas,16.734273,-92.669288,2221.61,2221.57,16.4,15.94,20.68,Valle Montañoso / Karst Alto,SRTM 1 Arc-Sec (30m) / NASADEM / GEDI L4A
PNT-01802,San Cristóbal de las Casas,Chiapas,16.66347,-92.574153,2426.04,2426.32,17.01,26.43,33.03,Valle Montañoso / Karst Alto,SRTM 1 Arc-Sec (30m) / NASADEM / GEDI L4A
PNT-01803,San Cristóbal de las Casas,Chiapas,16.755057,-92.606874,1485.92,1486.04,18.32,20.5,29.6,Valle Montañoso / Karst Alto,SRTM 1 Arc-Sec (30m) / NASADEM / GEDI L4A
PNT-01804,San Cristóbal de las Casas,Chiapas,16.755057,-92.601929,2217.2,2217.35,20.84,17.21,17.93,Valle Montañoso / Karst Alto,SRTM 1 Arc-Sec (30m) / NASADEM / GEDI L4A
PNT-01805,San Cristóbal de las Casas,Chiapas,16.657227,-92.627406,2235.79,2235.68,12.3,15.52,15.55,Valle Montañoso / Karst Alto,SRTM 1 Arc-Sec (30m) / NASADEM / GEDI L4A
PNT-01806,San Cristóbal de las Casas,Chiapas,16.668285,-92.593351,2286.56,2286.71,6.29,17.87,29.96,Valle Montañoso / Karst Alto,SRTM 1 Arc-Sec (30m) / NASADEM / GEDI L4A
PNT-01807,San Cristóbal de las Casas,Chiapas,16.728007,-92.671415,2093.07,2093.45,10.01,20.53,24.09,Valle Montañoso / Karst Alto,SRTM 1 Arc-Sec (30m) / NASADEM / GEDI L4A
PNT-01808,San Cristóbal de las Casas,Chiapas,16.799195,-92.644498,2235.4,2235.68,11.35,29.23,38.36,Valle Montañoso / Karst Alto,SRTM 1 Arc-Sec (30m) / NASADEM / GEDI L4A
PNT-01809,San Cristóbal de las Casas,Chiapas,16.78331,-92.688303,2213.82,2213.65,12.18,27.73,35.78,Valle Montañoso / Karst Alto,SRTM 1 Arc-Sec (30m) / NASADEM / GEDI L4A
PNT-01810,San Cristóbal de las Casas,Chiapas,16.663369,-92.594917,2244.34,2244.01,7.68,32.38,35.35,Valle Montañoso / Karst Alto,SRTM 1 Arc-Sec (30m) / NASADEM / GEDI L4A
PNT-01811,San Cristóbal de las Casas,Chiapas,16.693234,-92.696338,2171.12,2171.31,12.81,18.73,23.88,Valle Montañoso / Karst Alto,SRTM 1 Arc-Sec (30m) / NASADEM / GEDI L4A
PNT-01812,San Cristóbal de las Casas,Chiapas,16.674603,-92.627425,2064.1,2063.82,17.32,27.45,25.31,Valle Montañoso / Karst Alto,SRTM 1 Arc-Sec (30m) / NASADEM / GEDI L4A
PNT-01813,San Cristóbal de las Casas,Chiapas,16.687293,-92.683157,2465.89,2465.74,13.14,6.08,7.69,Valle Montañoso / Karst Alto,SRTM 1 Arc-Sec (30m) / NASADEM / GEDI L4A
PNT-01814,San Cristóbal de las Casas,Chiapas,16.776698,-92.681534,2036.08,2035.85,14.04,13.88,15.52,Valle Montañoso / Karst Alto,SRTM 1 Arc-Sec (30m) / NASADEM / GEDI L4A
PNT-01815,San Cristóbal de las Casas,Chiapas,16.810044,-92.590748,1967.55,1967.88,14.37,28.75,27.7,Valle Montañoso / Karst Alto,SRTM 1 Arc-Sec (30m) / NASADEM / GEDI L4A
PNT-01816,San Cristóbal de las Casas,Chiapas,16.796387,-92.67344,2201.35,2201.47,9.5,6.4,7.16,Valle Montañoso / Karst Alto,SRTM 1 Arc-Sec (30m) / NASADEM / GEDI L4A
PNT-01817,San Cristóbal de las Casas,Chiapas,16.81585,-92.608452,1959.83,1959.49,14.77,11.95,12.53,Valle Montañoso / Karst Alto,SRTM 1 Arc-Sec (30m) / NASADEM / GEDI L4A
PNT-01818,San Cristóbal de las Casas,Chiapas,16.694527,-92.686159,1750.33,1750.59,15.16,9.11,11.52,Valle Montañoso / Karst Alto,SRTM 1 Arc-Sec (30m) / NASADEM / GEDI L4A
PNT-01819,San Cristóbal de las Casas,Chiapas,16.659185,-92.639931,2138.98,2138.65,17.89,21.57,33.62,Valle Montañoso / Karst Alto,SRTM 1 Arc-Sec (30m) / NASADEM / GEDI L4A
PNT-01820,San Cristóbal de las Casas,Chiapas,16.687515,-92.626087,2274.8,2275.04,14.66,30.32,52.69,Valle Montañoso / Karst Alto,SRTM 1 Arc-Sec (30m) / NASADEM / GEDI L4A
PNT-01821,San Cristóbal de las Casas,Chiapas,16.721883,-92.625997,2296.79,2297.19,15.93,3.92,4.53,Valle Montañoso / Karst Alto,SRTM 1 Arc-Sec (30m) / NASADEM / GEDI L4A
PNT-01822,San Cristóbal de las Casas,Chiapas,16.701964,-92.675029,2309.77,2309.44,8.15,26.12,39.01,Valle Montañoso / Karst Alto,SRTM 1 Arc-Sec (30m) / NASADEM / GEDI L4A
PNT-01823,San Cristóbal de las Casas,Chiapas,16.697129,-92.676547,2439.48,2439.78,14.59,29.49,52.05,Valle Montañoso / Karst Alto,SRTM 1 Arc-Sec (30m) / NASADEM / GEDI L4A
PNT-01824,San Cristóbal de las Casas,Chiapas,16.750022,-92.571615,2463.9,2463.6,11.49,15.58,16.69,Valle Montañoso / Karst Alto,SRTM 1 Arc-Sec (30m) / NASADEM / GEDI L4A
PNT-01825,San Cristóbal de las Casas,Chiapas,16.703665,-92.697279,1946.17,1946.24,9.87,11.25,11.91,Valle Montañoso / Karst Alto,SRTM 1 Arc-Sec (30m) / NASADEM / GEDI L4A
PNT-01826,San Cristóbal de las Casas,Chiapas,16.735134,-92.61257,2135.4,2135.2,11.69,33.2,39.75,Valle Montañoso / Karst Alto,SRTM 1 Arc-Sec (30m) / NASADEM / GEDI L4A
PNT-01827,San Cristóbal de las Casas,Chiapas,16.752838,-92.678353,1973.94,1973.57,11.93,17.8,21.34,Valle Montañoso / Karst Alto,SRTM 1 Arc-Sec (30m) / NASADEM / GEDI L4A
PNT-01828,San Cristóbal de las Casas,Chiapas,16.678901,-92.606984,2237.07,2237.34,12.43,17.64,27.12,Valle Montañoso / Karst Alto,SRTM 1 Arc-Sec (30m) / NASADEM / GEDI L4A
PNT-01829,San Cristóbal de las Casas,Chiapas,16.677502,-92.635063,1980.32,1980.26,9.99,7.5,11.24,Valle Montañoso / Karst Alto,SRTM 1 Arc-Sec (30m) / NASADEM / GEDI L4A
PNT-01830,San Cristóbal de las Casas,Chiapas,16.729998,-92.632017,2204.62,2204.3,12.17,12.21,20.38,Valle Montañoso / Karst Alto,SRTM 1 Arc-Sec (30m) / NASADEM / GEDI L4A
PNT-01831,San Cristóbal de las Casas,Chiapas,16.668564,-92.576858,1601.67,1601.52,14.64,12.56,13.89,Valle Montañoso / Karst Alto,SRTM 1 Arc-Sec (30m) / NASADEM / GEDI L4A
PNT-01832,San Cristóbal de las Casas,Chiapas,16.798568,-92.601193,2384.32,2384.13,14.42,22.35,28.16,Valle Montañoso / Karst Alto,SRTM 1 Arc-Sec (30m) / NASADEM / GEDI L4A
PNT-01833,San Cristóbal de las Casas,Chiapas,16.782191,-92.667519,2335.63,2335.55,13.26,5.53,7.28,Valle Montañoso / Karst Alto,SRTM 1 Arc-Sec (30m) / NASADEM / GEDI L4A
PNT-01834,San Cristóbal de las Casas,Chiapas,16.712356,-92.609444,2145.51,2145.48,14.56,23.46,21.2,Valle Montañoso / Karst Alto,SRTM 1 Arc-Sec (30m) / NASADEM / GEDI L4A
PNT-01835,San Cristóbal de las Casas,Chiapas,16.697561,-92.569963,2289.75,2289.96,7.9,29.12,31.8,Valle Montañoso / Karst Alto,SRTM 1 Arc-Sec (30m) / NASADEM / GEDI L4A
PNT-01836,San Cristóbal de las Casas,Chiapas,16.805965,-92.628528,2326.52,2326.22,18.52,32.87,30.33,Valle Montañoso / Karst Alto,SRTM 1 Arc-Sec (30m) / NASADEM / GEDI L4A
PNT-01837,San Cristóbal de las Casas,Chiapas,16.697781,-92.58682,2389.64,2389.65,13.53,15.0,25.83,Valle Montañoso / Karst Alto,SRTM 1 Arc-Sec (30m) / NASADEM / GEDI L4A
PNT-01838,San Cristóbal de las Casas,Chiapas,16.6628,-92.580019,2273.93,2273.64,10.26,21.2,35.79,Valle Montañoso / Karst Alto,SRTM 1 Arc-Sec (30m) / NASADEM / GEDI L4A
PNT-01839,San Cristóbal de las Casas,Chiapas,16.732766,-92.597549,2287.46,2287.8,15.22,17.13,16.67,Valle Montañoso / Karst Alto,SRTM 1 Arc-Sec (30m) / NASADEM / GEDI L4A
PNT-01840,San Cristóbal de las Casas,Chiapas,16.66465,-92.677566,2190.18,2189.93,7.5,4.69,3.92,Valle Montañoso / Karst Alto,SRTM 1 Arc-Sec (30m) / NASADEM / GEDI L4A
PNT-01841,San Cristóbal de las Casas,Chiapas,16.790051,-92.622368,2324.05,2323.71,10.86,33.4,47.3,Valle Montañoso / Karst Alto,SRTM 1 Arc-Sec (30m) / NASADEM / GEDI L4A
PNT-01842,San Cristóbal de las Casas,Chiapas,16.686354,-92.608349,2061.23,2061.52,18.02,8.1,8.74,Valle Montañoso / Karst Alto,SRTM 1 Arc-Sec (30m) / NASADEM / GEDI L4A
PNT-01843,San Cristóbal de las Casas,Chiapas,16.671959,-92.68326,2195.47,2195.13,11.48,16.54,22.04,Valle Montañoso / Karst Alto,SRTM 1 Arc-Sec (30m) / NASADEM / GEDI L4A
PNT-01844,San Cristóbal de las Casas,Chiapas,16.800791,-92.557369,2049.46,2049.38,12.9,23.22,26.72,Valle Montañoso / Karst Alto,SRTM 1 Arc-Sec (30m) / NASADEM / GEDI L4A
PNT-01845,San Cristóbal de las Casas,Chiapas,16.700741,-92.624616,2317.89,2318.26,15.69,31.89,49.82,Valle Montañoso / Karst Alto,SRTM 1 Arc-Sec (30m) / NASADEM / GEDI L4A
PNT-01846,San Cristóbal de las Casas,Chiapas,16.740265,-92.684317,2491.32,2491.64,13.06,27.59,27.46,Valle Montañoso / Karst Alto,SRTM 1 Arc-Sec (30m) / NASADEM / GEDI L4A
PNT-01847,San Cristóbal de las Casas,Chiapas,16.75295,-92.663852,1956.81,1957.18,8.06,15.06,12.19,Valle Montañoso / Karst Alto,SRTM 1 Arc-Sec (30m) / NASADEM / GEDI L4A
PNT-01848,San Cristóbal de las Casas,Chiapas,16.702415,-92.697912,1872.76,1872.65,13.51,29.79,36.47,Valle Montañoso / Karst Alto,SRTM 1 Arc-Sec (30m) / NASADEM / GEDI L4A
PNT-01849,San Cristóbal de las Casas,Chiapas,16.803511,-92.63733,2470.19,2469.85,9.65,6.23,9.05,Valle Montañoso / Karst Alto,SRTM 1 Arc-Sec (30m) / NASADEM / GEDI L4A
PNT-01850,San Cristóbal de las Casas,Chiapas,16.734911,-92.590534,2106.07,2106.15,14.98,18.77,33.44,Valle Montañoso / Karst Alto,SRTM 1 Arc-Sec (30m) / NASADEM / GEDI L4A
PNT-01851,San Cristóbal de las Casas,Chiapas,16.789974,-92.571122,2331.82,2331.63,9.02,9.87,17.22,Valle Montañoso / Karst Alto,SRTM 1 Arc-Sec (30m) / NASADEM / GEDI L4A
PNT-01852,San Cristóbal de las Casas,Chiapas,16.660089,-92.562538,2217.92,2217.74,10.64,14.2,14.44,Valle Montañoso / Karst Alto,SRTM 1 Arc-Sec (30m) / NASADEM / GEDI L4A
PNT-01853,San Cristóbal de las Casas,Chiapas,16.750682,-92.661305,2429.63,2429.94,10.69,10.97,15.08,Valle Montañoso / Karst Alto,SRTM 1 Arc-Sec (30m) / NASADEM / GEDI L4A
PNT-01854,San Cristóbal de las Casas,Chiapas,16.779938,-92.670787,2294.88,2294.59,2.0,4.29,4.09,Valle Montañoso / Karst Alto,SRTM 1 Arc-Sec (30m) / NASADEM / GEDI L4A
PNT-01855,San Cristóbal de las Casas,Chiapas,16.757297,-92.705221,2028.36,2028.02,7.77,9.35,16.0,Valle Montañoso / Karst Alto,SRTM 1 Arc-Sec (30m) / NASADEM / GEDI L4A
PNT-01856,San Cristóbal de las Casas,Chiapas,16.660088,-92.612451,2492.63,2492.7,7.83,10.32,17.0,Valle Montañoso / Karst Alto,SRTM 1 Arc-Sec (30m) / NASADEM / GEDI L4A
PNT-01857,San Cristóbal de las Casas,Chiapas,16.73571,-92.585394,2198.59,2198.81,11.83,32.96,43.32,Valle Montañoso / Karst Alto,SRTM 1 Arc-Sec (30m) / NASADEM / GEDI L4A
PNT-01858,San Cristóbal de las Casas,Chiapas,16.732791,-92.596127,2379.83,2379.6,9.55,20.14,19.73,Valle Montañoso / Karst Alto,SRTM 1 Arc-Sec (30m) / NASADEM / GEDI L4A
PNT-01859,San Cristóbal de las Casas,Chiapas,16.712584,-92.567983,2231.59,2231.66,8.03,7.18,8.08,Valle Montañoso / Karst Alto,SRTM 1 Arc-Sec (30m) / NASADEM / GEDI L4A
PNT-01860,San Cristóbal de las Casas,Chiapas,16.747077,-92.687051,2017.5,2017.46,9.81,26.31,28.46,Valle Montañoso / Karst Alto,SRTM 1 Arc-Sec (30m) / NASADEM / GEDI L4A
PNT-01861,San Cristóbal de las Casas,Chiapas,16.660181,-92.630405,2124.37,2124.31,13.96,33.05,49.4,Valle Montañoso / Karst Alto,SRTM 1 Arc-Sec (30m) / NASADEM / GEDI L4A
PNT-01862,San Cristóbal de las Casas,Chiapas,16.772068,-92.626968,2219.3,2219.49,14.5,12.36,13.64,Valle Montañoso / Karst Alto,SRTM 1 Arc-Sec (30m) / NASADEM / GEDI L4A
PNT-01863,San Cristóbal de las Casas,Chiapas,16.782278,-92.669527,1803.21,1803.46,13.58,6.87,11.19,Valle Montañoso / Karst Alto,SRTM 1 Arc-Sec (30m) / NASADEM / GEDI L4A
PNT-01864,San Cristóbal de las Casas,Chiapas,16.753437,-92.687094,1760.22,1760.08,13.37,14.22,12.28,Valle Montañoso / Karst Alto,SRTM 1 Arc-Sec (30m) / NASADEM / GEDI L4A
PNT-01865,San Cristóbal de las Casas,Chiapas,16.814754,-92.711954,1893.6,1893.72,17.88,14.37,21.18,Valle Montañoso / Karst Alto,SRTM 1 Arc-Sec (30m) / NASADEM / GEDI L4A
PNT-01866,San Cristóbal de las Casas,Chiapas,16.773678,-92.606512,2220.72,2220.54,8.84,4.38,5.32,Valle Montañoso / Karst Alto,SRTM 1 Arc-Sec (30m) / NASADEM / GEDI L4A
PNT-01867,San Cristóbal de las Casas,Chiapas,16.726367,-92.642252,1921.52,1921.37,16.45,5.35,7.95,Valle Montañoso / Karst Alto,SRTM 1 Arc-Sec (30m) / NASADEM / GEDI L4A
PNT-01868,San Cristóbal de las Casas,Chiapas,16.747852,-92.661092,2223.7,2223.68,19.36,19.1,27.43,Valle Montañoso / Karst Alto,SRTM 1 Arc-Sec (30m) / NASADEM / GEDI L4A
PNT-01869,San Cristóbal de las Casas,Chiapas,16.7626,-92.670767,2126.24,2126.35,11.55,30.12,36.43,Valle Montañoso / Karst Alto,SRTM 1 Arc-Sec (30m) / NASADEM / GEDI L4A
PNT-01870,San Cristóbal de las Casas,Chiapas,16.684123,-92.595944,2375.01,2374.62,13.21,6.77,6.04,Valle Montañoso / Karst Alto,SRTM 1 Arc-Sec (30m) / NASADEM / GEDI L4A
PNT-01871,San Cristóbal de las Casas,Chiapas,16.771017,-92.705867,1407.37,1407.22,10.2,30.05,29.16,Valle Montañoso / Karst Alto,SRTM 1 Arc-Sec (30m) / NASADEM / GEDI L4A
PNT-01872,San Cristóbal de las Casas,Chiapas,16.713394,-92.593133,2069.09,2069.16,15.06,5.86,6.2,Valle Montañoso / Karst Alto,SRTM 1 Arc-Sec (30m) / NASADEM / GEDI L4A
PNT-01873,San Cristóbal de las Casas,Chiapas,16.672076,-92.66657,2073.86,2073.91,15.4,16.72,21.05,Valle Montañoso / Karst Alto,SRTM 1 Arc-Sec (30m) / NASADEM / GEDI L4A
PNT-01874,San Cristóbal de las Casas,Chiapas,16.812132,-92.669615,1893.53,1893.18,19.43,18.42,29.72,Valle Montañoso / Karst Alto,SRTM 1 Arc-Sec (30m) / NASADEM / GEDI L4A
PNT-01875,San Cristóbal de las Casas,Chiapas,16.6728,-92.705865,2249.01,2249.19,9.64,20.73,26.29,Valle Montañoso / Karst Alto,SRTM 1 Arc-Sec (30m) / NASADEM / GEDI L4A
PNT-01876,San Cristóbal de las Casas,Chiapas,16.799132,-92.594328,2259.39,2259.5,13.98,17.47,29.08,Valle Montañoso / Karst Alto,SRTM 1 Arc-Sec (30m) / NASADEM / GEDI L4A
PNT-01877,San Cristóbal de las Casas,Chiapas,16.805161,-92.713191,2291.21,2291.12,10.47,7.13,6.28,Valle Montañoso / Karst Alto,SRTM 1 Arc-Sec (30m) / NASADEM / GEDI L4A
PNT-01878,San Cristóbal de las Casas,Chiapas,16.682041,-92.677017,2568.41,2568.8,11.57,16.97,22.37,Valle Montañoso / Karst Alto,SRTM 1 Arc-Sec (30m) / NASADEM / GEDI L4A
PNT-01879,San Cristóbal de las Casas,Chiapas,16.740491,-92.630691,2092.58,2092.18,12.04,6.48,5.84,Valle Montañoso / Karst Alto,SRTM 1 Arc-Sec (30m) / NASADEM / GEDI L4A
PNT-01880,San Cristóbal de las Casas,Chiapas,16.769784,-92.684213,2166.68,2166.42,4.92,28.09,47.43,Valle Montañoso / Karst Alto,SRTM 1 Arc-Sec (30m) / NASADEM / GEDI L4A
PNT-01881,San Cristóbal de las Casas,Chiapas,16.793206,-92.647661,2072.2,2071.83,12.91,26.47,32.44,Valle Montañoso / Karst Alto,SRTM 1 Arc-Sec (30m) / NASADEM / GEDI L4A
PNT-01882,San Cristóbal de las Casas,Chiapas,16.816288,-92.701439,2135.6,2135.86,16.65,28.42,48.77,Valle Montañoso / Karst Alto,SRTM 1 Arc-Sec (30m) / NASADEM / GEDI L4A
PNT-01883,San Cristóbal de las Casas,Chiapas,16.704656,-92.565032,2422.22,2422.2,10.97,28.79,44.04,Valle Montañoso / Karst Alto,SRTM 1 Arc-Sec (30m) / NASADEM / GEDI L4A
PNT-01884,San Cristóbal de las Casas,Chiapas,16.690509,-92.565179,2150.32,2150.26,4.25,8.74,10.12,Valle Montañoso / Karst Alto,SRTM 1 Arc-Sec (30m) / NASADEM / GEDI L4A
PNT-01885,San Cristóbal de las Casas,Chiapas,16.68787,-92.684378,2139.44,2139.68,6.53,20.85,35.3,Valle Montañoso / Karst Alto,SRTM 1 Arc-Sec (30m) / NASADEM / GEDI L4A
PNT-01886,San Cristóbal de las Casas,Chiapas,16.758847,-92.606706,2019.87,2020.02,19.85,5.63,9.34,Valle Montañoso / Karst Alto,SRTM 1 Arc-Sec (30m) / NASADEM / GEDI L4A
PNT-01887,San Cristóbal de las Casas,Chiapas,16.78145,-92.677763,2305.82,2306.07,15.1,3.64,4.74,Valle Montañoso / Karst Alto,SRTM 1 Arc-Sec (30m) / NASADEM / GEDI L4A
PNT-01888,San Cristóbal de las Casas,Chiapas,16.769774,-92.692136,2004.7,2004.45,12.95,18.01,26.18,Valle Montañoso / Karst Alto,SRTM 1 Arc-Sec (30m) / NASADEM / GEDI L4A
PNT-01889,San Cristóbal de las Casas,Chiapas,16.680339,-92.687364,2008.12,2007.9,9.08,15.55,22.61,Valle Montañoso / Karst Alto,SRTM 1 Arc-Sec (30m) / NASADEM / GEDI L4A
PNT-01890,San Cristóbal de las Casas,Chiapas,16.727085,-92.592844,2006.17,2005.81,13.54,30.28,26.64,Valle Montañoso / Karst Alto,SRTM 1 Arc-Sec (30m) / NASADEM / GEDI L4A
PNT-01891,San Cristóbal de las Casas,Chiapas,16.680734,-92.713459,2408.99,2409.38,19.34,30.55,36.99,Valle Montañoso / Karst Alto,SRTM 1 Arc-Sec (30m) / NASADEM / GEDI L4A
PNT-01892,San Cristóbal de las Casas,Chiapas,16.716454,-92.669504,1976.59,1976.96,7.77,21.14,37.79,Valle Montañoso / Karst Alto,SRTM 1 Arc-Sec (30m) / NASADEM / GEDI L4A
PNT-01893,San Cristóbal de las Casas,Chiapas,16.716595,-92.64378,1931.57,1931.28,9.8,32.32,57.75,Valle Montañoso / Karst Alto,SRTM 1 Arc-Sec (30m) / NASADEM / GEDI L4A
PNT-01894,San Cristóbal de las Casas,Chiapas,16.664186,-92.692945,1867.28,1867.17,10.75,7.44,9.35,Valle Montañoso / Karst Alto,SRTM 1 Arc-Sec (30m) / NASADEM / GEDI L4A
PNT-01895,San Cristóbal de las Casas,Chiapas,16.700471,-92.660695,2116.23,2116.62,8.53,13.53,22.68,Valle Montañoso / Karst Alto,SRTM 1 Arc-Sec (30m) / NASADEM / GEDI L4A
PNT-01896,San Cristóbal de las Casas,Chiapas,16.791912,-92.564671,2286.15,2286.44,16.5,5.81,7.34,Valle Montañoso / Karst Alto,SRTM 1 Arc-Sec (30m) / NASADEM / GEDI L4A
PNT-01897,San Cristóbal de las Casas,Chiapas,16.815281,-92.593864,2233.71,2233.92,14.76,19.46,33.55,Valle Montañoso / Karst Alto,SRTM 1 Arc-Sec (30m) / NASADEM / GEDI L4A
PNT-01898,San Cristóbal de las Casas,Chiapas,16.789006,-92.581978,1884.38,1884.01,16.28,32.04,44.41,Valle Montañoso / Karst Alto,SRTM 1 Arc-Sec (30m) / NASADEM / GEDI L4A
PNT-01899,San Cristóbal de las Casas,Chiapas,16.704703,-92.693138,2226.86,2227.11,13.37,23.18,27.03,Valle Montañoso / Karst Alto,SRTM 1 Arc-Sec (30m) / NASADEM / GEDI L4A
PNT-01900,San Cristóbal de las Casas,Chiapas,16.705651,-92.715631,2165.87,2165.89,21.26,31.76,26.41,Valle Montañoso / Karst Alto,SRTM 1 Arc-Sec (30m) / NASADEM / GEDI L4A
PNT-01901,San Cristóbal de las Casas,Chiapas,16.780743,-92.708672,2132.77,2132.42,9.94,27.57,36.66,Valle Montañoso / Karst Alto,SRTM 1 Arc-Sec (30m) / NASADEM / GEDI L4A
PNT-01902,San Cristóbal de las Casas,Chiapas,16.661646,-92.71052,2419.87,2419.82,13.81,20.41,32.65,Valle Montañoso / Karst Alto,SRTM 1 Arc-Sec (30m) / NASADEM / GEDI L4A
PNT-01903,San Cristóbal de las Casas,Chiapas,16.754681,-92.681038,2491.94,2492.13,17.48,22.44,39.7,Valle Montañoso / Karst Alto,SRTM 1 Arc-Sec (30m) / NASADEM / GEDI L4A
PNT-01904,San Cristóbal de las Casas,Chiapas,16.688566,-92.564825,2588.61,2588.29,13.78,15.11,23.71,Valle Montañoso / Karst Alto,SRTM 1 Arc-Sec (30m) / NASADEM / GEDI L4A
PNT-01905,San Cristóbal de las Casas,Chiapas,16.770106,-92.710578,1960.48,1960.88,12.39,30.87,25.35,Valle Montañoso / Karst Alto,SRTM 1 Arc-Sec (30m) / NASADEM / GEDI L4A
PNT-01906,San Cristóbal de las Casas,Chiapas,16.794384,-92.569891,2442.61,2442.56,8.45,23.48,26.77,Valle Montañoso / Karst Alto,SRTM 1 Arc-Sec (30m) / NASADEM / GEDI L4A
PNT-01907,San Cristóbal de las Casas,Chiapas,16.708609,-92.649091,2202.33,2202.21,10.98,15.7,26.6,Valle Montañoso / Karst Alto,SRTM 1 Arc-Sec (30m) / NASADEM / GEDI L4A
PNT-01908,San Cristóbal de las Casas,Chiapas,16.73646,-92.629919,2127.23,2127.61,6.89,14.86,17.41,Valle Montañoso / Karst Alto,SRTM 1 Arc-Sec (30m) / NASADEM / GEDI L4A
PNT-01909,San Cristóbal de las Casas,Chiapas,16.688205,-92.698708,2337.22,2337.6,15.03,27.09,28.26,Valle Montañoso / Karst Alto,SRTM 1 Arc-Sec (30m) / NASADEM / GEDI L4A
PNT-01910,San Cristóbal de las Casas,Chiapas,16.663419,-92.55933,1867.93,1868.25,7.65,21.35,21.67,Valle Montañoso / Karst Alto,SRTM 1 Arc-Sec (30m) / NASADEM / GEDI L4A
PNT-01911,San Cristóbal de las Casas,Chiapas,16.799255,-92.558062,2265.54,2265.87,2.45,33.19,35.25,Valle Montañoso / Karst Alto,SRTM 1 Arc-Sec (30m) / NASADEM / GEDI L4A
PNT-01912,San Cristóbal de las Casas,Chiapas,16.691056,-92.704117,2088.92,2088.85,12.14,5.74,6.92,Valle Montañoso / Karst Alto,SRTM 1 Arc-Sec (30m) / NASADEM / GEDI L4A
PNT-01913,San Cristóbal de las Casas,Chiapas,16.663389,-92.583365,2009.42,2009.72,7.68,26.26,26.76,Valle Montañoso / Karst Alto,SRTM 1 Arc-Sec (30m) / NASADEM / GEDI L4A
PNT-01914,San Cristóbal de las Casas,Chiapas,16.668504,-92.602492,2452.62,2452.58,9.74,14.05,17.58,Valle Montañoso / Karst Alto,SRTM 1 Arc-Sec (30m) / NASADEM / GEDI L4A
PNT-01915,San Cristóbal de las Casas,Chiapas,16.776769,-92.572645,2157.57,2157.2,9.43,17.79,29.98,Valle Montañoso / Karst Alto,SRTM 1 Arc-Sec (30m) / NASADEM / GEDI L4A
PNT-01916,San Cristóbal de las Casas,Chiapas,16.714854,-92.567808,2281.83,2282.04,12.72,6.65,6.86,Valle Montañoso / Karst Alto,SRTM 1 Arc-Sec (30m) / NASADEM / GEDI L4A
PNT-01917,San Cristóbal de las Casas,Chiapas,16.720067,-92.689783,1419.35,1419.72,9.64,16.73,26.53,Valle Montañoso / Karst Alto,SRTM 1 Arc-Sec (30m) / NASADEM / GEDI L4A
PNT-01918,San Cristóbal de las Casas,Chiapas,16.807706,-92.576682,2145.59,2145.47,6.12,15.7,18.22,Valle Montañoso / Karst Alto,SRTM 1 Arc-Sec (30m) / NASADEM / GEDI L4A
PNT-01919,San Cristóbal de las Casas,Chiapas,16.789217,-92.644658,2231.67,2231.32,12.07,18.38,28.93,Valle Montañoso / Karst Alto,SRTM 1 Arc-Sec (30m) / NASADEM / GEDI L4A
PNT-01920,San Cristóbal de las Casas,Chiapas,16.681186,-92.619155,2266.0,2265.86,10.5,13.54,18.93,Valle Montañoso / Karst Alto,SRTM 1 Arc-Sec (30m) / NASADEM / GEDI L4A
PNT-01921,San Cristóbal de las Casas,Chiapas,16.68637,-92.671418,1751.2,1751.22,7.87,21.79,29.78,Valle Montañoso / Karst Alto,SRTM 1 Arc-Sec (30m) / NASADEM / GEDI L4A
PNT-01922,San Cristóbal de las Casas,Chiapas,16.761667,-92.66776,2226.8,2227.08,10.0,11.34,13.69,Valle Montañoso / Karst Alto,SRTM 1 Arc-Sec (30m) / NASADEM / GEDI L4A
PNT-01923,San Cristóbal de las Casas,Chiapas,16.736771,-92.631668,2078.34,2078.52,12.45,5.39,6.84,Valle Montañoso / Karst Alto,SRTM 1 Arc-Sec (30m) / NASADEM / GEDI L4A
PNT-01924,San Cristóbal de las Casas,Chiapas,16.789427,-92.644806,2207.56,2207.49,13.5,9.11,15.86,Valle Montañoso / Karst Alto,SRTM 1 Arc-Sec (30m) / NASADEM / GEDI L4A
PNT-01925,San Cristóbal de las Casas,Chiapas,16.742176,-92.580623,1868.68,1869.07,7.1,19.42,18.27,Valle Montañoso / Karst Alto,SRTM 1 Arc-Sec (30m) / NASADEM / GEDI L4A
PNT-01926,San Cristóbal de las Casas,Chiapas,16.692148,-92.639889,2139.5,2139.44,9.67,27.27,31.5,Valle Montañoso / Karst Alto,SRTM 1 Arc-Sec (30m) / NASADEM / GEDI L4A
PNT-01927,San Cristóbal de las Casas,Chiapas,16.814208,-92.688077,1970.96,1971.15,12.72,33.84,54.79,Valle Montañoso / Karst Alto,SRTM 1 Arc-Sec (30m) / NASADEM / GEDI L4A
PNT-01928,San Cristóbal de las Casas,Chiapas,16.745913,-92.639441,2072.24,2072.06,11.15,26.92,44.5,Valle Montañoso / Karst Alto,SRTM 1 Arc-Sec (30m) / NASADEM / GEDI L4A
PNT-01929,San Cristóbal de las Casas,Chiapas,16.781623,-92.616029,2559.83,2559.74,12.5,29.16,43.07,Valle Montañoso / Karst Alto,SRTM 1 Arc-Sec (30m) / NASADEM / GEDI L4A
PNT-01930,San Cristóbal de las Casas,Chiapas,16.768649,-92.63125,2079.58,2079.48,13.99,27.22,35.19,Valle Montañoso / Karst Alto,SRTM 1 Arc-Sec (30m) / NASADEM / GEDI L4A
PNT-01931,San Cristóbal de las Casas,Chiapas,16.799274,-92.661576,2335.67,2335.64,10.87,19.24,21.79,Valle Montañoso / Karst Alto,SRTM 1 Arc-Sec (30m) / NASADEM / GEDI L4A
PNT-01932,San Cristóbal de las Casas,Chiapas,16.701267,-92.612048,2010.53,2010.69,14.29,21.88,21.54,Valle Montañoso / Karst Alto,SRTM 1 Arc-Sec (30m) / NASADEM / GEDI L4A
PNT-01933,San Cristóbal de las Casas,Chiapas,16.700713,-92.651562,2363.7,2363.73,17.58,26.94,41.97,Valle Montañoso / Karst Alto,SRTM 1 Arc-Sec (30m) / NASADEM / GEDI L4A
PNT-01934,San Cristóbal de las Casas,Chiapas,16.755857,-92.591082,2323.38,2323.47,10.63,28.58,38.48,Valle Montañoso / Karst Alto,SRTM 1 Arc-Sec (30m) / NASADEM / GEDI L4A
PNT-01935,San Cristóbal de las Casas,Chiapas,16.69195,-92.630214,2469.42,2469.4,8.21,29.0,42.86,Valle Montañoso / Karst Alto,SRTM 1 Arc-Sec (30m) / NASADEM / GEDI L4A
PNT-01936,San Cristóbal de las Casas,Chiapas,16.766527,-92.682255,2009.06,2009.09,16.36,7.68,10.28,Valle Montañoso / Karst Alto,SRTM 1 Arc-Sec (30m) / NASADEM / GEDI L4A
PNT-01937,San Cristóbal de las Casas,Chiapas,16.680342,-92.628514,1889.31,1889.31,18.42,30.21,27.45,Valle Montañoso / Karst Alto,SRTM 1 Arc-Sec (30m) / NASADEM / GEDI L4A
PNT-01938,San Cristóbal de las Casas,Chiapas,16.783677,-92.689679,2037.61,2037.91,17.71,19.5,16.03,Valle Montañoso / Karst Alto,SRTM 1 Arc-Sec (30m) / NASADEM / GEDI L4A
PNT-01939,San Cristóbal de las Casas,Chiapas,16.771674,-92.699363,2031.78,2031.66,13.87,26.72,46.87,Valle Montañoso / Karst Alto,SRTM 1 Arc-Sec (30m) / NASADEM / GEDI L4A
PNT-01940,San Cristóbal de las Casas,Chiapas,16.716429,-92.584296,2264.91,2265.04,9.9,9.38,10.34,Valle Montañoso / Karst Alto,SRTM 1 Arc-Sec (30m) / NASADEM / GEDI L4A
PNT-01941,San Cristóbal de las Casas,Chiapas,16.678083,-92.655725,2274.19,2274.59,7.35,3.87,5.19,Valle Montañoso / Karst Alto,SRTM 1 Arc-Sec (30m) / NASADEM / GEDI L4A
PNT-01942,San Cristóbal de las Casas,Chiapas,16.748787,-92.570727,2829.21,2829.19,13.7,11.7,10.02,Valle Montañoso / Karst Alto,SRTM 1 Arc-Sec (30m) / NASADEM / GEDI L4A
PNT-01943,San Cristóbal de las Casas,Chiapas,16.722385,-92.708585,1741.69,1741.72,13.95,7.6,13.17,Valle Montañoso / Karst Alto,SRTM 1 Arc-Sec (30m) / NASADEM / GEDI L4A
PNT-01944,San Cristóbal de las Casas,Chiapas,16.800123,-92.686601,2401.71,2401.39,5.69,14.31,15.04,Valle Montañoso / Karst Alto,SRTM 1 Arc-Sec (30m) / NASADEM / GEDI L4A
PNT-01945,San Cristóbal de las Casas,Chiapas,16.803483,-92.580598,2295.92,2296.26,22.41,31.94,56.51,Valle Montañoso / Karst Alto,SRTM 1 Arc-Sec (30m) / NASADEM / GEDI L4A
PNT-01946,San Cristóbal de las Casas,Chiapas,16.677061,-92.691311,2251.09,2250.7,19.84,5.39,9.1,Valle Montañoso / Karst Alto,SRTM 1 Arc-Sec (30m) / NASADEM / GEDI L4A
PNT-01947,San Cristóbal de las Casas,Chiapas,16.796019,-92.659837,2197.84,2198.08,15.63,16.54,15.11,Valle Montañoso / Karst Alto,SRTM 1 Arc-Sec (30m) / NASADEM / GEDI L4A
PNT-01948,San Cristóbal de las Casas,Chiapas,16.726396,-92.643832,1941.21,1941.6,12.49,10.95,10.93,Valle Montañoso / Karst Alto,SRTM 1 Arc-Sec (30m) / NASADEM / GEDI L4A
PNT-01949,San Cristóbal de las Casas,Chiapas,16.741288,-92.631047,2478.66,2478.67,10.68,22.1,33.67,Valle Montañoso / Karst Alto,SRTM 1 Arc-Sec (30m) / NASADEM / GEDI L4A
PNT-01950,San Cristóbal de las Casas,Chiapas,16.661004,-92.625697,2308.09,2307.97,11.36,17.49,31.16,Valle Montañoso / Karst Alto,SRTM 1 Arc-Sec (30m) / NASADEM / GEDI L4A
PNT-01951,San Cristóbal de las Casas,Chiapas,16.688892,-92.706559,2482.1,2482.37,0.13,26.03,27.73,Valle Montañoso / Karst Alto,SRTM 1 Arc-Sec (30m) / NASADEM / GEDI L4A
PNT-01952,San Cristóbal de las Casas,Chiapas,16.659703,-92.640248,1829.7,1829.92,20.42,26.06,34.87,Valle Montañoso / Karst Alto,SRTM 1 Arc-Sec (30m) / NASADEM / GEDI L4A
PNT-01953,San Cristóbal de las Casas,Chiapas,16.670972,-92.568827,1682.71,1682.81,9.24,24.05,24.31,Valle Montañoso / Karst Alto,SRTM 1 Arc-Sec (30m) / NASADEM / GEDI L4A
PNT-01954,San Cristóbal de las Casas,Chiapas,16.79091,-92.67061,2067.93,2068.11,7.0,32.95,53.03,Valle Montañoso / Karst Alto,SRTM 1 Arc-Sec (30m) / NASADEM / GEDI L4A
PNT-01955,San Cristóbal de las Casas,Chiapas,16.807456,-92.694503,2172.31,2172.14,8.99,28.76,42.33,Valle Montañoso / Karst Alto,SRTM 1 Arc-Sec (30m) / NASADEM / GEDI L4A
PNT-01956,San Cristóbal de las Casas,Chiapas,16.812317,-92.676233,2222.13,2221.92,0.0,21.5,26.73,Valle Montañoso / Karst Alto,SRTM 1 Arc-Sec (30m) / NASADEM / GEDI L4A
PNT-01957,San Cristóbal de las Casas,Chiapas,16.728475,-92.658962,2153.67,2153.54,10.54,3.54,3.92,Valle Montañoso / Karst Alto,SRTM 1 Arc-Sec (30m) / NASADEM / GEDI L4A
PNT-01958,San Cristóbal de las Casas,Chiapas,16.701581,-92.654048,2155.08,2155.23,7.58,22.72,36.44,Valle Montañoso / Karst Alto,SRTM 1 Arc-Sec (30m) / NASADEM / GEDI L4A
PNT-01959,San Cristóbal de las Casas,Chiapas,16.729321,-92.633945,2083.02,2083.18,17.23,16.76,20.41,Valle Montañoso / Karst Alto,SRTM 1 Arc-Sec (30m) / NASADEM / GEDI L4A
PNT-01960,San Cristóbal de las Casas,Chiapas,16.778633,-92.689026,1895.94,1895.83,9.3,10.53,14.53,Valle Montañoso / Karst Alto,SRTM 1 Arc-Sec (30m) / NASADEM / GEDI L4A
PNT-01961,San Cristóbal de las Casas,Chiapas,16.784707,-92.591142,1784.54,1784.81,18.2,25.76,39.91,Valle Montañoso / Karst Alto,SRTM 1 Arc-Sec (30m) / NASADEM / GEDI L4A
PNT-01962,San Cristóbal de las Casas,Chiapas,16.688382,-92.642068,2152.79,2152.94,16.55,21.43,35.2,Valle Montañoso / Karst Alto,SRTM 1 Arc-Sec (30m) / NASADEM / GEDI L4A
PNT-01963,San Cristóbal de las Casas,Chiapas,16.70253,-92.624924,2231.63,2231.82,9.06,4.81,7.1,Valle Montañoso / Karst Alto,SRTM 1 Arc-Sec (30m) / NASADEM / GEDI L4A
PNT-01964,San Cristóbal de las Casas,Chiapas,16.72335,-92.697144,1861.76,1861.69,10.63,15.22,23.41,Valle Montañoso / Karst Alto,SRTM 1 Arc-Sec (30m) / NASADEM / GEDI L4A
PNT-01965,San Cristóbal de las Casas,Chiapas,16.780874,-92.619875,2039.97,2040.03,14.13,17.73,21.63,Valle Montañoso / Karst Alto,SRTM 1 Arc-Sec (30m) / NASADEM / GEDI L4A
PNT-01966,San Cristóbal de las Casas,Chiapas,16.799354,-92.647022,2201.56,2201.53,14.14,6.33,10.07,Valle Montañoso / Karst Alto,SRTM 1 Arc-Sec (30m) / NASADEM / GEDI L4A
PNT-01967,San Cristóbal de las Casas,Chiapas,16.669076,-92.706024,1880.38,1879.99,12.54,16.4,15.37,Valle Montañoso / Karst Alto,SRTM 1 Arc-Sec (30m) / NASADEM / GEDI L4A
PNT-01968,San Cristóbal de las Casas,Chiapas,16.682682,-92.704694,2295.47,2295.72,8.38,17.3,22.6,Valle Montañoso / Karst Alto,SRTM 1 Arc-Sec (30m) / NASADEM / GEDI L4A
PNT-01969,San Cristóbal de las Casas,Chiapas,16.662225,-92.705909,2215.95,2216.14,5.38,21.95,26.17,Valle Montañoso / Karst Alto,SRTM 1 Arc-Sec (30m) / NASADEM / GEDI L4A
PNT-01970,San Cristóbal de las Casas,Chiapas,16.675932,-92.592076,2446.88,2446.89,8.89,26.03,44.44,Valle Montañoso / Karst Alto,SRTM 1 Arc-Sec (30m) / NASADEM / GEDI L4A
PNT-01971,San Cristóbal de las Casas,Chiapas,16.804365,-92.631383,1767.71,1768.06,12.34,17.47,16.21,Valle Montañoso / Karst Alto,SRTM 1 Arc-Sec (30m) / NASADEM / GEDI L4A
PNT-01972,San Cristóbal de las Casas,Chiapas,16.726233,-92.696671,2786.83,2786.7,12.48,5.69,9.92,Valle Montañoso / Karst Alto,SRTM 1 Arc-Sec (30m) / NASADEM / GEDI L4A
PNT-01973,San Cristóbal de las Casas,Chiapas,16.780736,-92.582779,2436.64,2436.63,9.34,9.63,8.9,Valle Montañoso / Karst Alto,SRTM 1 Arc-Sec (30m) / NASADEM / GEDI L4A
PNT-01974,San Cristóbal de las Casas,Chiapas,16.712208,-92.694992,1768.61,1768.45,3.48,20.93,19.88,Valle Montañoso / Karst Alto,SRTM 1 Arc-Sec (30m) / NASADEM / GEDI L4A
PNT-01975,San Cristóbal de las Casas,Chiapas,16.782426,-92.663808,2502.85,2503.16,14.72,28.99,40.83,Valle Montañoso / Karst Alto,SRTM 1 Arc-Sec (30m) / NASADEM / GEDI L4A
PNT-01976,San Cristóbal de las Casas,Chiapas,16.719143,-92.636487,2248.8,2248.48,13.28,15.24,24.02,Valle Montañoso / Karst Alto,SRTM 1 Arc-Sec (30m) / NASADEM / GEDI L4A
PNT-01977,San Cristóbal de las Casas,Chiapas,16.726064,-92.663844,2530.45,2530.85,6.04,18.54,18.7,Valle Montañoso / Karst Alto,SRTM 1 Arc-Sec (30m) / NASADEM / GEDI L4A
PNT-01978,San Cristóbal de las Casas,Chiapas,16.683055,-92.710224,2517.59,2517.35,20.82,24.71,38.08,Valle Montañoso / Karst Alto,SRTM 1 Arc-Sec (30m) / NASADEM / GEDI L4A
PNT-01979,San Cristóbal de las Casas,Chiapas,16.698456,-92.661944,2087.48,2087.71,18.27,26.96,39.57,Valle Montañoso / Karst Alto,SRTM 1 Arc-Sec (30m) / NASADEM / GEDI L4A
PNT-01980,San Cristóbal de las Casas,Chiapas,16.793765,-92.566725,1824.01,1823.93,13.81,26.63,38.64,Valle Montañoso / Karst Alto,SRTM 1 Arc-Sec (30m) / NASADEM / GEDI L4A
PNT-01981,San Cristóbal de las Casas,Chiapas,16.685448,-92.708802,1903.99,1903.99,15.29,26.28,35.81,Valle Montañoso / Karst Alto,SRTM 1 Arc-Sec (30m) / NASADEM / GEDI L4A
PNT-01982,San Cristóbal de las Casas,Chiapas,16.670328,-92.687307,1992.77,1992.82,8.69,18.87,18.93,Valle Montañoso / Karst Alto,SRTM 1 Arc-Sec (30m) / NASADEM / GEDI L4A
PNT-01983,San Cristóbal de las Casas,Chiapas,16.667809,-92.689571,2145.09,2145.38,13.37,29.39,38.55,Valle Montañoso / Karst Alto,SRTM 1 Arc-Sec (30m) / NASADEM / GEDI L4A
PNT-01984,San Cristóbal de las Casas,Chiapas,16.77007,-92.68616,1904.16,1904.43,15.7,6.05,9.52,Valle Montañoso / Karst Alto,SRTM 1 Arc-Sec (30m) / NASADEM / GEDI L4A
PNT-01985,San Cristóbal de las Casas,Chiapas,16.67299,-92.57601,2377.25,2377.24,6.76,14.67,21.2,Valle Montañoso / Karst Alto,SRTM 1 Arc-Sec (30m) / NASADEM / GEDI L4A
PNT-01986,San Cristóbal de las Casas,Chiapas,16.808604,-92.710397,2192.12,2192.37,14.94,15.21,19.34,Valle Montañoso / Karst Alto,SRTM 1 Arc-Sec (30m) / NASADEM / GEDI L4A
PNT-01987,San Cristóbal de las Casas,Chiapas,16.796016,-92.650624,2063.75,2063.48,12.11,23.07,35.0,Valle Montañoso / Karst Alto,SRTM 1 Arc-Sec (30m) / NASADEM / GEDI L4A
PNT-01988,San Cristóbal de las Casas,Chiapas,16.750216,-92.69407,1704.22,1704.22,8.95,30.05,47.35,Valle Montañoso / Karst Alto,SRTM 1 Arc-Sec (30m) / NASADEM / GEDI L4A
PNT-01989,San Cristóbal de las Casas,Chiapas,16.670438,-92.574551,2518.64,2518.35,11.22,23.96,24.83,Valle Montañoso / Karst Alto,SRTM 1 Arc-Sec (30m) / NASADEM / GEDI L4A
PNT-01990,San Cristóbal de las Casas,Chiapas,16.727141,-92.714302,2070.32,2070.47,11.06,4.39,6.22,Valle Montañoso / Karst Alto,SRTM 1 Arc-Sec (30m) / NASADEM / GEDI L4A
PNT-01991,San Cristóbal de las Casas,Chiapas,16.679513,-92.565774,2077.07,2077.42,12.32,19.45,16.4,Valle Montañoso / Karst Alto,SRTM 1 Arc-Sec (30m) / NASADEM / GEDI L4A
PNT-01992,San Cristóbal de las Casas,Chiapas,16.7118,-92.704704,2505.54,2505.52,7.93,15.2,13.97,Valle Montañoso / Karst Alto,SRTM 1 Arc-Sec (30m) / NASADEM / GEDI L4A
PNT-01993,San Cristóbal de las Casas,Chiapas,16.69619,-92.700977,2077.13,2077.21,13.12,13.95,14.31,Valle Montañoso / Karst Alto,SRTM 1 Arc-Sec (30m) / NASADEM / GEDI L4A
PNT-01994,San Cristóbal de las Casas,Chiapas,16.759315,-92.64388,2491.54,2491.53,5.32,12.76,17.34,Valle Montañoso / Karst Alto,SRTM 1 Arc-Sec (30m) / NASADEM / GEDI L4A
PNT-01995,San Cristóbal de las Casas,Chiapas,16.76412,-92.712729,1998.28,1998.03,11.79,20.6,34.32,Valle Montañoso / Karst Alto,SRTM 1 Arc-Sec (30m) / NASADEM / GEDI L4A
PNT-01996,San Cristóbal de las Casas,Chiapas,16.798249,-92.705809,2530.99,2530.71,5.25,26.85,41.46,Valle Montañoso / Karst Alto,SRTM 1 Arc-Sec (30m) / NASADEM / GEDI L4A
PNT-01997,San Cristóbal de las Casas,Chiapas,16.801535,-92.715642,2276.36,2276.5,10.01,30.78,26.38,Valle Montañoso / Karst Alto,SRTM 1 Arc-Sec (30m) / NASADEM / GEDI L4A
PNT-01998,San Cristóbal de las Casas,Chiapas,16.752514,-92.625953,2153.47,2153.56,9.83,9.33,10.01,Valle Montañoso / Karst Alto,SRTM 1 Arc-Sec (30m) / NASADEM / GEDI L4A
PNT-01999,San Cristóbal de las Casas,Chiapas,16.759456,-92.642072,2062.16,2061.97,15.63,33.54,57.39,Valle Montañoso / Karst Alto,SRTM 1 Arc-Sec (30m) / NASADEM / GEDI L4A
PNT-02000,San Cristóbal de las Casas,Chiapas,16.661639,-92.593683,1942.49,1942.75,8.3,25.18,44.86,Valle Montañoso / Karst Alto,SRTM 1 Arc-Sec (30m) / NASADEM / GEDI L4A
PNT-02001,Guanajuato,Guanajuato,21.052842,-101.270079,2207.0,2207.35,15.16,7.07,10.64,Cañada / Sierra Escarpada,SRTM 1 Arc-Sec (30m) / NASADEM / GEDI L4A
PNT-02002,Guanajuato,Guanajuato,21.075129,-101.184299,2018.92,2019.06,6.08,10.68,14.96,Cañada / Sierra Escarpada,SRTM 1 Arc-Sec (30m) / NASADEM / GEDI L4A
PNT-02003,Guanajuato,Guanajuato,20.980213,-101.283647,2263.44,2263.4,1.79,17.32,19.03,Cañada / Sierra Escarpada,SRTM 1 Arc-Sec (30m) / NASADEM / GEDI L4A
PNT-02004,Guanajuato,Guanajuato,20.964434,-101.329424,2084.02,2084.25,6.75,8.57,7.79,Cañada / Sierra Escarpada,SRTM 1 Arc-Sec (30m) / NASADEM / GEDI L4A
PNT-02005,Guanajuato,Guanajuato,21.058886,-101.288175,2018.48,2018.34,12.15,11.82,15.65,Cañada / Sierra Escarpada,SRTM 1 Arc-Sec (30m) / NASADEM / GEDI L4A
PNT-02006,Guanajuato,Guanajuato,20.951663,-101.318172,2116.73,2116.74,9.54,4.29,6.32,Cañada / Sierra Escarpada,SRTM 1 Arc-Sec (30m) / NASADEM / GEDI L4A
PNT-02007,Guanajuato,Guanajuato,21.00679,-101.255264,2066.22,2066.6,6.2,5.98,6.48,Cañada / Sierra Escarpada,SRTM 1 Arc-Sec (30m) / NASADEM / GEDI L4A
PNT-02008,Guanajuato,Guanajuato,20.97788,-101.297232,2240.92,2241.25,10.23,9.46,12.7,Cañada / Sierra Escarpada,SRTM 1 Arc-Sec (30m) / NASADEM / GEDI L4A
PNT-02009,Guanajuato,Guanajuato,21.040904,-101.253508,1755.77,1755.76,10.86,14.83,23.66,Cañada / Sierra Escarpada,SRTM 1 Arc-Sec (30m) / NASADEM / GEDI L4A
PNT-02010,Guanajuato,Guanajuato,21.061177,-101.31556,2237.85,2237.5,12.45,18.22,24.4,Cañada / Sierra Escarpada,SRTM 1 Arc-Sec (30m) / NASADEM / GEDI L4A
PNT-02011,Guanajuato,Guanajuato,21.076712,-101.321382,1913.11,1913.4,6.2,29.35,52.62,Cañada / Sierra Escarpada,SRTM 1 Arc-Sec (30m) / NASADEM / GEDI L4A
PNT-02012,Guanajuato,Guanajuato,21.092471,-101.336049,2215.73,2216.04,10.11,9.04,12.83,Cañada / Sierra Escarpada,SRTM 1 Arc-Sec (30m) / NASADEM / GEDI L4A
PNT-02013,Guanajuato,Guanajuato,21.085778,-101.262803,1995.36,1995.26,8.21,19.6,24.28,Cañada / Sierra Escarpada,SRTM 1 Arc-Sec (30m) / NASADEM / GEDI L4A
PNT-02014,Guanajuato,Guanajuato,20.941775,-101.17796,1709.62,1709.98,22.34,8.21,8.12,Cañada / Sierra Escarpada,SRTM 1 Arc-Sec (30m) / NASADEM / GEDI L4A
PNT-02015,Guanajuato,Guanajuato,21.068282,-101.295267,1888.93,1888.56,15.39,17.96,17.9,Cañada / Sierra Escarpada,SRTM 1 Arc-Sec (30m) / NASADEM / GEDI L4A
PNT-02016,Guanajuato,Guanajuato,21.060255,-101.234408,2112.06,2112.17,9.88,22.06,36.01,Cañada / Sierra Escarpada,SRTM 1 Arc-Sec (30m) / NASADEM / GEDI L4A
PNT-02017,Guanajuato,Guanajuato,21.030812,-101.262439,1741.29,1741.04,15.8,20.65,21.35,Cañada / Sierra Escarpada,SRTM 1 Arc-Sec (30m) / NASADEM / GEDI L4A
PNT-02018,Guanajuato,Guanajuato,20.951786,-101.336911,1701.07,1701.27,17.06,14.13,18.17,Cañada / Sierra Escarpada,SRTM 1 Arc-Sec (30m) / NASADEM / GEDI L4A
PNT-02019,Guanajuato,Guanajuato,21.004134,-101.232908,2078.75,2079.1,11.59,26.9,46.28,Cañada / Sierra Escarpada,SRTM 1 Arc-Sec (30m) / NASADEM / GEDI L4A
PNT-02020,Guanajuato,Guanajuato,21.010862,-101.251171,2183.84,2184.15,16.27,23.34,41.96,Cañada / Sierra Escarpada,SRTM 1 Arc-Sec (30m) / NASADEM / GEDI L4A
PNT-02021,Guanajuato,Guanajuato,20.994761,-101.20372,2224.7,2224.56,16.44,25.21,42.87,Cañada / Sierra Escarpada,SRTM 1 Arc-Sec (30m) / NASADEM / GEDI L4A
PNT-02022,Guanajuato,Guanajuato,20.973968,-101.236921,1712.08,1711.99,11.52,21.65,18.97,Cañada / Sierra Escarpada,SRTM 1 Arc-Sec (30m) / NASADEM / GEDI L4A
PNT-02023,Guanajuato,Guanajuato,21.035576,-101.188004,2082.61,2082.23,10.65,10.29,16.02,Cañada / Sierra Escarpada,SRTM 1 Arc-Sec (30m) / NASADEM / GEDI L4A
PNT-02024,Guanajuato,Guanajuato,21.032778,-101.211762,1967.87,1967.91,13.39,21.4,20.73,Cañada / Sierra Escarpada,SRTM 1 Arc-Sec (30m) / NASADEM / GEDI L4A
PNT-02025,Guanajuato,Guanajuato,21.095197,-101.258895,2341.9,2341.92,14.9,26.54,22.11,Cañada / Sierra Escarpada,SRTM 1 Arc-Sec (30m) / NASADEM / GEDI L4A
PNT-02026,Guanajuato,Guanajuato,20.981941,-101.261856,2056.83,2056.74,10.24,11.36,9.13,Cañada / Sierra Escarpada,SRTM 1 Arc-Sec (30m) / NASADEM / GEDI L4A
PNT-02027,Guanajuato,Guanajuato,21.054173,-101.203591,2256.01,2255.79,3.92,20.8,16.89,Cañada / Sierra Escarpada,SRTM 1 Arc-Sec (30m) / NASADEM / GEDI L4A
PNT-02028,Guanajuato,Guanajuato,21.017183,-101.233927,1975.17,1975.38,14.88,20.14,34.78,Cañada / Sierra Escarpada,SRTM 1 Arc-Sec (30m) / NASADEM / GEDI L4A
PNT-02029,Guanajuato,Guanajuato,21.00274,-101.285945,1985.77,1985.37,16.45,14.84,14.64,Cañada / Sierra Escarpada,SRTM 1 Arc-Sec (30m) / NASADEM / GEDI L4A
PNT-02030,Guanajuato,Guanajuato,21.038904,-101.228303,1901.91,1902.03,11.94,26.74,40.65,Cañada / Sierra Escarpada,SRTM 1 Arc-Sec (30m) / NASADEM / GEDI L4A
PNT-02031,Guanajuato,Guanajuato,21.071793,-101.304918,1950.87,1950.48,14.88,26.77,46.63,Cañada / Sierra Escarpada,SRTM 1 Arc-Sec (30m) / NASADEM / GEDI L4A
PNT-02032,Guanajuato,Guanajuato,21.043889,-101.29997,1971.76,1972.08,5.41,8.04,13.07,Cañada / Sierra Escarpada,SRTM 1 Arc-Sec (30m) / NASADEM / GEDI L4A
PNT-02033,Guanajuato,Guanajuato,20.985608,-101.207626,1988.56,1988.45,15.14,25.66,34.11,Cañada / Sierra Escarpada,SRTM 1 Arc-Sec (30m) / NASADEM / GEDI L4A
PNT-02034,Guanajuato,Guanajuato,21.048512,-101.237347,2055.52,2055.28,11.16,29.17,30.65,Cañada / Sierra Escarpada,SRTM 1 Arc-Sec (30m) / NASADEM / GEDI L4A
PNT-02035,Guanajuato,Guanajuato,21.056421,-101.291455,1789.56,1789.76,7.56,19.03,32.03,Cañada / Sierra Escarpada,SRTM 1 Arc-Sec (30m) / NASADEM / GEDI L4A
PNT-02036,Guanajuato,Guanajuato,20.98818,-101.226281,1893.02,1892.94,13.82,17.04,19.69,Cañada / Sierra Escarpada,SRTM 1 Arc-Sec (30m) / NASADEM / GEDI L4A
PNT-02037,Guanajuato,Guanajuato,20.990538,-101.227173,2151.54,2151.89,8.2,19.26,27.18,Cañada / Sierra Escarpada,SRTM 1 Arc-Sec (30m) / NASADEM / GEDI L4A
PNT-02038,Guanajuato,Guanajuato,20.950029,-101.198684,2171.35,2171.73,6.02,20.08,30.62,Cañada / Sierra Escarpada,SRTM 1 Arc-Sec (30m) / NASADEM / GEDI L4A
PNT-02039,Guanajuato,Guanajuato,21.010251,-101.327341,2000.2,2000.21,12.32,20.12,25.3,Cañada / Sierra Escarpada,SRTM 1 Arc-Sec (30m) / NASADEM / GEDI L4A
PNT-02040,Guanajuato,Guanajuato,20.993522,-101.26215,1898.13,1898.02,4.69,19.29,20.02,Cañada / Sierra Escarpada,SRTM 1 Arc-Sec (30m) / NASADEM / GEDI L4A
PNT-02041,Guanajuato,Guanajuato,21.097185,-101.256861,1994.61,1994.9,6.42,4.59,6.79,Cañada / Sierra Escarpada,SRTM 1 Arc-Sec (30m) / NASADEM / GEDI L4A
PNT-02042,Guanajuato,Guanajuato,21.026675,-101.309871,1923.78,1923.62,16.53,26.36,37.92,Cañada / Sierra Escarpada,SRTM 1 Arc-Sec (30m) / NASADEM / GEDI L4A
PNT-02043,Guanajuato,Guanajuato,21.082721,-101.236219,2153.0,2152.64,14.03,24.95,35.27,Cañada / Sierra Escarpada,SRTM 1 Arc-Sec (30m) / NASADEM / GEDI L4A
PNT-02044,Guanajuato,Guanajuato,20.950121,-101.255628,2054.16,2054.2,10.58,29.75,29.25,Cañada / Sierra Escarpada,SRTM 1 Arc-Sec (30m) / NASADEM / GEDI L4A
PNT-02045,Guanajuato,Guanajuato,21.035965,-101.303147,2303.84,2304.02,15.04,26.01,43.01,Cañada / Sierra Escarpada,SRTM 1 Arc-Sec (30m) / NASADEM / GEDI L4A
PNT-02046,Guanajuato,Guanajuato,20.951363,-101.282077,2012.08,2011.83,19.93,18.92,22.84,Cañada / Sierra Escarpada,SRTM 1 Arc-Sec (30m) / NASADEM / GEDI L4A
PNT-02047,Guanajuato,Guanajuato,21.001406,-101.207439,1942.7,1942.35,11.71,27.12,47.75,Cañada / Sierra Escarpada,SRTM 1 Arc-Sec (30m) / NASADEM / GEDI L4A
PNT-02048,Guanajuato,Guanajuato,21.049145,-101.278701,2049.99,2050.27,13.93,24.68,29.1,Cañada / Sierra Escarpada,SRTM 1 Arc-Sec (30m) / NASADEM / GEDI L4A
PNT-02049,Guanajuato,Guanajuato,21.015592,-101.307219,2203.55,2203.87,9.11,23.56,29.81,Cañada / Sierra Escarpada,SRTM 1 Arc-Sec (30m) / NASADEM / GEDI L4A
PNT-02050,Guanajuato,Guanajuato,20.952841,-101.327888,1890.06,1890.15,3.1,4.18,7.48,Cañada / Sierra Escarpada,SRTM 1 Arc-Sec (30m) / NASADEM / GEDI L4A
PNT-02051,Guanajuato,Guanajuato,20.99723,-101.201305,1803.11,1803.35,12.41,23.17,30.76,Cañada / Sierra Escarpada,SRTM 1 Arc-Sec (30m) / NASADEM / GEDI L4A
PNT-02052,Guanajuato,Guanajuato,21.021328,-101.323003,2145.64,2145.31,13.02,11.11,18.91,Cañada / Sierra Escarpada,SRTM 1 Arc-Sec (30m) / NASADEM / GEDI L4A
PNT-02053,Guanajuato,Guanajuato,20.984495,-101.232369,2476.83,2476.76,15.42,12.1,10.27,Cañada / Sierra Escarpada,SRTM 1 Arc-Sec (30m) / NASADEM / GEDI L4A
PNT-02054,Guanajuato,Guanajuato,21.058085,-101.217625,2240.54,2240.33,17.5,4.6,7.4,Cañada / Sierra Escarpada,SRTM 1 Arc-Sec (30m) / NASADEM / GEDI L4A
PNT-02055,Guanajuato,Guanajuato,21.017582,-101.287906,2231.85,2232.18,9.79,28.21,48.52,Cañada / Sierra Escarpada,SRTM 1 Arc-Sec (30m) / NASADEM / GEDI L4A
PNT-02056,Guanajuato,Guanajuato,21.084236,-101.252644,2142.01,2141.78,9.55,11.21,11.58,Cañada / Sierra Escarpada,SRTM 1 Arc-Sec (30m) / NASADEM / GEDI L4A
PNT-02057,Guanajuato,Guanajuato,21.021397,-101.285508,1983.62,1983.92,7.25,19.4,32.56,Cañada / Sierra Escarpada,SRTM 1 Arc-Sec (30m) / NASADEM / GEDI L4A
PNT-02058,Guanajuato,Guanajuato,20.97034,-101.310284,1787.62,1787.75,21.61,25.45,39.48,Cañada / Sierra Escarpada,SRTM 1 Arc-Sec (30m) / NASADEM / GEDI L4A
PNT-02059,Guanajuato,Guanajuato,21.089762,-101.273279,2062.93,2062.62,6.33,11.8,11.89,Cañada / Sierra Escarpada,SRTM 1 Arc-Sec (30m) / NASADEM / GEDI L4A
PNT-02060,Guanajuato,Guanajuato,21.00245,-101.319205,2028.93,2029.02,11.15,23.13,33.78,Cañada / Sierra Escarpada,SRTM 1 Arc-Sec (30m) / NASADEM / GEDI L4A
PNT-02061,Guanajuato,Guanajuato,20.957287,-101.290427,1863.18,1863.05,14.58,30.1,41.96,Cañada / Sierra Escarpada,SRTM 1 Arc-Sec (30m) / NASADEM / GEDI L4A
PNT-02062,Guanajuato,Guanajuato,21.067185,-101.294665,2139.66,2139.81,9.39,22.39,30.29,Cañada / Sierra Escarpada,SRTM 1 Arc-Sec (30m) / NASADEM / GEDI L4A
PNT-02063,Guanajuato,Guanajuato,21.029173,-101.219288,1851.48,1851.78,6.76,12.34,16.61,Cañada / Sierra Escarpada,SRTM 1 Arc-Sec (30m) / NASADEM / GEDI L4A
PNT-02064,Guanajuato,Guanajuato,21.051422,-101.177012,1643.45,1643.72,5.14,25.75,39.43,Cañada / Sierra Escarpada,SRTM 1 Arc-Sec (30m) / NASADEM / GEDI L4A
PNT-02065,Guanajuato,Guanajuato,21.013117,-101.28517,2200.19,2200.5,13.1,6.93,8.51,Cañada / Sierra Escarpada,SRTM 1 Arc-Sec (30m) / NASADEM / GEDI L4A
PNT-02066,Guanajuato,Guanajuato,21.013356,-101.180582,1842.82,1842.44,18.78,19.27,17.27,Cañada / Sierra Escarpada,SRTM 1 Arc-Sec (30m) / NASADEM / GEDI L4A
PNT-02067,Guanajuato,Guanajuato,21.072512,-101.216597,1555.6,1555.92,6.74,11.79,12.37,Cañada / Sierra Escarpada,SRTM 1 Arc-Sec (30m) / NASADEM / GEDI L4A
PNT-02068,Guanajuato,Guanajuato,21.089272,-101.207521,1920.98,1920.69,14.03,4.7,4.87,Cañada / Sierra Escarpada,SRTM 1 Arc-Sec (30m) / NASADEM / GEDI L4A
PNT-02069,Guanajuato,Guanajuato,21.06287,-101.298594,1835.5,1835.42,15.4,30.55,31.92,Cañada / Sierra Escarpada,SRTM 1 Arc-Sec (30m) / NASADEM / GEDI L4A
PNT-02070,Guanajuato,Guanajuato,20.999219,-101.288826,2009.98,2009.88,8.02,22.76,36.82,Cañada / Sierra Escarpada,SRTM 1 Arc-Sec (30m) / NASADEM / GEDI L4A
PNT-02071,Guanajuato,Guanajuato,21.02608,-101.331849,1906.55,1906.64,12.6,22.5,22.45,Cañada / Sierra Escarpada,SRTM 1 Arc-Sec (30m) / NASADEM / GEDI L4A
PNT-02072,Guanajuato,Guanajuato,21.070095,-101.191226,1901.29,1901.36,15.75,28.7,32.16,Cañada / Sierra Escarpada,SRTM 1 Arc-Sec (30m) / NASADEM / GEDI L4A
PNT-02073,Guanajuato,Guanajuato,21.070204,-101.335484,2159.38,2159.72,14.68,7.18,7.41,Cañada / Sierra Escarpada,SRTM 1 Arc-Sec (30m) / NASADEM / GEDI L4A
PNT-02074,Guanajuato,Guanajuato,21.083596,-101.308642,2079.16,2078.83,19.87,11.7,15.45,Cañada / Sierra Escarpada,SRTM 1 Arc-Sec (30m) / NASADEM / GEDI L4A
PNT-02075,Guanajuato,Guanajuato,21.075376,-101.223794,1999.93,1999.77,21.5,7.22,8.73,Cañada / Sierra Escarpada,SRTM 1 Arc-Sec (30m) / NASADEM / GEDI L4A
PNT-02076,Guanajuato,Guanajuato,20.943563,-101.303231,1640.87,1640.51,5.63,19.9,26.86,Cañada / Sierra Escarpada,SRTM 1 Arc-Sec (30m) / NASADEM / GEDI L4A
PNT-02077,Guanajuato,Guanajuato,20.951497,-101.186094,2275.42,2275.34,8.9,5.91,9.26,Cañada / Sierra Escarpada,SRTM 1 Arc-Sec (30m) / NASADEM / GEDI L4A
PNT-02078,Guanajuato,Guanajuato,20.9504,-101.189461,2009.15,2009.33,9.39,14.62,14.87,Cañada / Sierra Escarpada,SRTM 1 Arc-Sec (30m) / NASADEM / GEDI L4A
PNT-02079,Guanajuato,Guanajuato,21.060455,-101.211513,1975.96,1975.97,14.73,13.8,14.59,Cañada / Sierra Escarpada,SRTM 1 Arc-Sec (30m) / NASADEM / GEDI L4A
PNT-02080,Guanajuato,Guanajuato,21.059165,-101.282656,1641.73,1641.9,6.29,28.78,42.21,Cañada / Sierra Escarpada,SRTM 1 Arc-Sec (30m) / NASADEM / GEDI L4A
PNT-02081,Guanajuato,Guanajuato,21.014453,-101.212327,1909.81,1909.49,12.69,5.02,6.31,Cañada / Sierra Escarpada,SRTM 1 Arc-Sec (30m) / NASADEM / GEDI L4A
PNT-02082,Guanajuato,Guanajuato,21.071137,-101.286907,2165.69,2165.96,11.13,21.96,23.43,Cañada / Sierra Escarpada,SRTM 1 Arc-Sec (30m) / NASADEM / GEDI L4A
PNT-02083,Guanajuato,Guanajuato,20.957727,-101.334431,1952.48,1952.52,9.57,5.73,5.36,Cañada / Sierra Escarpada,SRTM 1 Arc-Sec (30m) / NASADEM / GEDI L4A
PNT-02084,Guanajuato,Guanajuato,20.967973,-101.235883,2198.62,2198.42,20.59,14.02,12.57,Cañada / Sierra Escarpada,SRTM 1 Arc-Sec (30m) / NASADEM / GEDI L4A
PNT-02085,Guanajuato,Guanajuato,20.975234,-101.193367,2059.94,2059.57,14.69,30.91,27.79,Cañada / Sierra Escarpada,SRTM 1 Arc-Sec (30m) / NASADEM / GEDI L4A
PNT-02086,Guanajuato,Guanajuato,21.048223,-101.296546,2330.5,2330.45,7.21,10.76,12.21,Cañada / Sierra Escarpada,SRTM 1 Arc-Sec (30m) / NASADEM / GEDI L4A
PNT-02087,Guanajuato,Guanajuato,20.993648,-101.183508,1976.86,1976.62,17.64,25.9,24.79,Cañada / Sierra Escarpada,SRTM 1 Arc-Sec (30m) / NASADEM / GEDI L4A
PNT-02088,Guanajuato,Guanajuato,20.972674,-101.278438,2011.71,2011.53,7.77,19.36,24.23,Cañada / Sierra Escarpada,SRTM 1 Arc-Sec (30m) / NASADEM / GEDI L4A
PNT-02089,Guanajuato,Guanajuato,21.008593,-101.319084,2065.35,2065.66,10.85,10.34,9.45,Cañada / Sierra Escarpada,SRTM 1 Arc-Sec (30m) / NASADEM / GEDI L4A
PNT-02090,Guanajuato,Guanajuato,20.947547,-101.239672,1849.93,1850.07,17.73,23.25,40.35,Cañada / Sierra Escarpada,SRTM 1 Arc-Sec (30m) / NASADEM / GEDI L4A
PNT-02091,Guanajuato,Guanajuato,20.94938,-101.306233,2083.46,2083.13,17.5,11.38,12.49,Cañada / Sierra Escarpada,SRTM 1 Arc-Sec (30m) / NASADEM / GEDI L4A
PNT-02092,Guanajuato,Guanajuato,21.028719,-101.295713,2046.92,2046.76,10.79,16.21,15.04,Cañada / Sierra Escarpada,SRTM 1 Arc-Sec (30m) / NASADEM / GEDI L4A
PNT-02093,Guanajuato,Guanajuato,21.067408,-101.246515,2012.94,2013.29,15.74,28.08,38.65,Cañada / Sierra Escarpada,SRTM 1 Arc-Sec (30m) / NASADEM / GEDI L4A
PNT-02094,Guanajuato,Guanajuato,21.088423,-101.285306,1928.51,1928.58,11.48,23.49,36.96,Cañada / Sierra Escarpada,SRTM 1 Arc-Sec (30m) / NASADEM / GEDI L4A
PNT-02095,Guanajuato,Guanajuato,20.962971,-101.265935,2114.59,2114.32,7.93,28.41,29.28,Cañada / Sierra Escarpada,SRTM 1 Arc-Sec (30m) / NASADEM / GEDI L4A
PNT-02096,Guanajuato,Guanajuato,20.985624,-101.200855,1932.23,1932.23,11.85,6.28,11.21,Cañada / Sierra Escarpada,SRTM 1 Arc-Sec (30m) / NASADEM / GEDI L4A
PNT-02097,Guanajuato,Guanajuato,21.033098,-101.295955,1862.82,1863.06,12.47,28.98,48.53,Cañada / Sierra Escarpada,SRTM 1 Arc-Sec (30m) / NASADEM / GEDI L4A
PNT-02098,Guanajuato,Guanajuato,20.993681,-101.284877,2033.06,2033.09,10.86,16.4,28.01,Cañada / Sierra Escarpada,SRTM 1 Arc-Sec (30m) / NASADEM / GEDI L4A
PNT-02099,Guanajuato,Guanajuato,20.965861,-101.335453,2015.62,2015.47,9.9,8.87,13.75,Cañada / Sierra Escarpada,SRTM 1 Arc-Sec (30m) / NASADEM / GEDI L4A
PNT-02100,Guanajuato,Guanajuato,20.971712,-101.226983,2048.36,2048.71,3.28,5.01,6.51,Cañada / Sierra Escarpada,SRTM 1 Arc-Sec (30m) / NASADEM / GEDI L4A
PNT-02101,Guanajuato,Guanajuato,21.075708,-101.242924,1877.88,1878.02,5.87,28.05,23.59,Cañada / Sierra Escarpada,SRTM 1 Arc-Sec (30m) / NASADEM / GEDI L4A
PNT-02102,Guanajuato,Guanajuato,20.950446,-101.284992,1864.81,1864.59,8.5,9.29,8.65,Cañada / Sierra Escarpada,SRTM 1 Arc-Sec (30m) / NASADEM / GEDI L4A
PNT-02103,Guanajuato,Guanajuato,21.088433,-101.31393,1888.1,1888.45,8.97,24.4,38.79,Cañada / Sierra Escarpada,SRTM 1 Arc-Sec (30m) / NASADEM / GEDI L4A
PNT-02104,Guanajuato,Guanajuato,20.955761,-101.20319,1715.97,1716.03,9.63,26.2,41.36,Cañada / Sierra Escarpada,SRTM 1 Arc-Sec (30m) / NASADEM / GEDI L4A
PNT-02105,Guanajuato,Guanajuato,21.0814,-101.188499,1930.23,1929.84,6.02,27.74,26.48,Cañada / Sierra Escarpada,SRTM 1 Arc-Sec (30m) / NASADEM / GEDI L4A
PNT-02106,Guanajuato,Guanajuato,21.076836,-101.284298,1938.02,1937.88,11.55,27.99,23.11,Cañada / Sierra Escarpada,SRTM 1 Arc-Sec (30m) / NASADEM / GEDI L4A
PNT-02107,Guanajuato,Guanajuato,21.004012,-101.331976,1799.96,1799.76,10.26,27.7,34.24,Cañada / Sierra Escarpada,SRTM 1 Arc-Sec (30m) / NASADEM / GEDI L4A
PNT-02108,Guanajuato,Guanajuato,20.982808,-101.242706,1931.32,1931.36,9.45,10.41,15.4,Cañada / Sierra Escarpada,SRTM 1 Arc-Sec (30m) / NASADEM / GEDI L4A
PNT-02109,Guanajuato,Guanajuato,21.017639,-101.213482,1771.95,1771.67,7.43,25.88,40.37,Cañada / Sierra Escarpada,SRTM 1 Arc-Sec (30m) / NASADEM / GEDI L4A
PNT-02110,Guanajuato,Guanajuato,21.016508,-101.250957,2031.82,2032.05,9.26,19.49,20.76,Cañada / Sierra Escarpada,SRTM 1 Arc-Sec (30m) / NASADEM / GEDI L4A
PNT-02111,Guanajuato,Guanajuato,21.045808,-101.279162,1854.54,1854.44,23.88,23.41,39.42,Cañada / Sierra Escarpada,SRTM 1 Arc-Sec (30m) / NASADEM / GEDI L4A
PNT-02112,Guanajuato,Guanajuato,20.939834,-101.187621,2386.63,2386.91,12.44,16.61,27.16,Cañada / Sierra Escarpada,SRTM 1 Arc-Sec (30m) / NASADEM / GEDI L4A
PNT-02113,Guanajuato,Guanajuato,20.967419,-101.311533,2182.38,2182.69,13.46,21.38,28.34,Cañada / Sierra Escarpada,SRTM 1 Arc-Sec (30m) / NASADEM / GEDI L4A
PNT-02114,Guanajuato,Guanajuato,20.992023,-101.1802,2236.65,2236.68,8.64,20.43,24.38,Cañada / Sierra Escarpada,SRTM 1 Arc-Sec (30m) / NASADEM / GEDI L4A
PNT-02115,Guanajuato,Guanajuato,21.093372,-101.245531,2341.8,2342.0,14.24,28.43,22.87,Cañada / Sierra Escarpada,SRTM 1 Arc-Sec (30m) / NASADEM / GEDI L4A
PNT-02116,Guanajuato,Guanajuato,20.939053,-101.261438,1985.87,1985.52,5.92,18.1,21.36,Cañada / Sierra Escarpada,SRTM 1 Arc-Sec (30m) / NASADEM / GEDI L4A
PNT-02117,Guanajuato,Guanajuato,20.946146,-101.28338,2057.85,2058.24,6.27,25.38,45.52,Cañada / Sierra Escarpada,SRTM 1 Arc-Sec (30m) / NASADEM / GEDI L4A
PNT-02118,Guanajuato,Guanajuato,21.093928,-101.258674,1886.39,1886.34,13.33,25.84,33.73,Cañada / Sierra Escarpada,SRTM 1 Arc-Sec (30m) / NASADEM / GEDI L4A
PNT-02119,Guanajuato,Guanajuato,21.051432,-101.21768,2121.55,2121.52,10.57,9.67,16.1,Cañada / Sierra Escarpada,SRTM 1 Arc-Sec (30m) / NASADEM / GEDI L4A
PNT-02120,Guanajuato,Guanajuato,21.005851,-101.21695,1592.7,1592.95,15.52,19.78,23.55,Cañada / Sierra Escarpada,SRTM 1 Arc-Sec (30m) / NASADEM / GEDI L4A
PNT-02121,Guanajuato,Guanajuato,20.956536,-101.193729,2280.08,2280.42,6.54,8.1,11.07,Cañada / Sierra Escarpada,SRTM 1 Arc-Sec (30m) / NASADEM / GEDI L4A
PNT-02122,Guanajuato,Guanajuato,21.061309,-101.215787,2461.77,2461.98,13.88,26.71,41.72,Cañada / Sierra Escarpada,SRTM 1 Arc-Sec (30m) / NASADEM / GEDI L4A
PNT-02123,Guanajuato,Guanajuato,20.995641,-101.177524,1936.99,1936.88,11.78,7.45,6.86,Cañada / Sierra Escarpada,SRTM 1 Arc-Sec (30m) / NASADEM / GEDI L4A
PNT-02124,Guanajuato,Guanajuato,20.984046,-101.32846,1920.15,1919.91,12.86,6.51,5.62,Cañada / Sierra Escarpada,SRTM 1 Arc-Sec (30m) / NASADEM / GEDI L4A
PNT-02125,Guanajuato,Guanajuato,20.98184,-101.245496,1992.9,1992.71,12.53,6.06,9.57,Cañada / Sierra Escarpada,SRTM 1 Arc-Sec (30m) / NASADEM / GEDI L4A
PNT-02126,Guanajuato,Guanajuato,20.950171,-101.247929,1855.37,1855.76,8.78,24.43,39.99,Cañada / Sierra Escarpada,SRTM 1 Arc-Sec (30m) / NASADEM / GEDI L4A
PNT-02127,Guanajuato,Guanajuato,21.030517,-101.197638,2108.34,2108.17,12.62,20.07,29.91,Cañada / Sierra Escarpada,SRTM 1 Arc-Sec (30m) / NASADEM / GEDI L4A
PNT-02128,Guanajuato,Guanajuato,21.00187,-101.196247,2013.97,2013.88,13.62,16.74,27.67,Cañada / Sierra Escarpada,SRTM 1 Arc-Sec (30m) / NASADEM / GEDI L4A
PNT-02129,Guanajuato,Guanajuato,21.042275,-101.329836,1946.14,1946.36,12.12,12.86,16.36,Cañada / Sierra Escarpada,SRTM 1 Arc-Sec (30m) / NASADEM / GEDI L4A
PNT-02130,Guanajuato,Guanajuato,21.066788,-101.329568,1950.02,1949.8,7.54,13.12,23.59,Cañada / Sierra Escarpada,SRTM 1 Arc-Sec (30m) / NASADEM / GEDI L4A
PNT-02131,Guanajuato,Guanajuato,21.071066,-101.195576,1979.12,1978.96,14.02,10.32,16.82,Cañada / Sierra Escarpada,SRTM 1 Arc-Sec (30m) / NASADEM / GEDI L4A
PNT-02132,Guanajuato,Guanajuato,21.047728,-101.299212,2040.15,2040.17,2.55,28.0,33.06,Cañada / Sierra Escarpada,SRTM 1 Arc-Sec (30m) / NASADEM / GEDI L4A
PNT-02133,Guanajuato,Guanajuato,21.084364,-101.266381,2046.08,2046.41,12.37,5.54,5.57,Cañada / Sierra Escarpada,SRTM 1 Arc-Sec (30m) / NASADEM / GEDI L4A
PNT-02134,Guanajuato,Guanajuato,21.015305,-101.267951,2112.92,2112.61,12.64,16.2,16.08,Cañada / Sierra Escarpada,SRTM 1 Arc-Sec (30m) / NASADEM / GEDI L4A
PNT-02135,Guanajuato,Guanajuato,21.082057,-101.182667,1827.51,1827.74,11.79,22.82,26.35,Cañada / Sierra Escarpada,SRTM 1 Arc-Sec (30m) / NASADEM / GEDI L4A
PNT-02136,Guanajuato,Guanajuato,21.080985,-101.180867,2401.41,2401.25,18.98,19.78,24.52,Cañada / Sierra Escarpada,SRTM 1 Arc-Sec (30m) / NASADEM / GEDI L4A
PNT-02137,Guanajuato,Guanajuato,20.987351,-101.32625,1864.91,1864.94,9.48,20.25,28.52,Cañada / Sierra Escarpada,SRTM 1 Arc-Sec (30m) / NASADEM / GEDI L4A
PNT-02138,Guanajuato,Guanajuato,21.001109,-101.269603,1997.5,1997.89,17.05,15.87,23.0,Cañada / Sierra Escarpada,SRTM 1 Arc-Sec (30m) / NASADEM / GEDI L4A
PNT-02139,Guanajuato,Guanajuato,20.947058,-101.232466,1735.56,1735.61,20.77,8.25,13.66,Cañada / Sierra Escarpada,SRTM 1 Arc-Sec (30m) / NASADEM / GEDI L4A
PNT-02140,Guanajuato,Guanajuato,21.084531,-101.265054,1876.98,1877.13,10.27,12.43,21.25,Cañada / Sierra Escarpada,SRTM 1 Arc-Sec (30m) / NASADEM / GEDI L4A
PNT-02141,Guanajuato,Guanajuato,21.046362,-101.23369,1900.58,1900.93,12.31,20.95,37.59,Cañada / Sierra Escarpada,SRTM 1 Arc-Sec (30m) / NASADEM / GEDI L4A
PNT-02142,Guanajuato,Guanajuato,21.024977,-101.223382,2045.8,2046.01,9.87,25.02,39.28,Cañada / Sierra Escarpada,SRTM 1 Arc-Sec (30m) / NASADEM / GEDI L4A
PNT-02143,Guanajuato,Guanajuato,20.975205,-101.180936,1985.01,1985.16,13.28,13.13,23.21,Cañada / Sierra Escarpada,SRTM 1 Arc-Sec (30m) / NASADEM / GEDI L4A
PNT-02144,Guanajuato,Guanajuato,20.955241,-101.257361,1658.82,1658.94,8.98,7.54,11.44,Cañada / Sierra Escarpada,SRTM 1 Arc-Sec (30m) / NASADEM / GEDI L4A
PNT-02145,Guanajuato,Guanajuato,21.095895,-101.208271,1943.08,1942.94,15.78,17.96,15.19,Cañada / Sierra Escarpada,SRTM 1 Arc-Sec (30m) / NASADEM / GEDI L4A
PNT-02146,Guanajuato,Guanajuato,21.090257,-101.313994,1949.65,1949.28,13.24,23.43,25.31,Cañada / Sierra Escarpada,SRTM 1 Arc-Sec (30m) / NASADEM / GEDI L4A
PNT-02147,Guanajuato,Guanajuato,21.053319,-101.248186,2343.12,2343.12,10.63,20.32,22.41,Cañada / Sierra Escarpada,SRTM 1 Arc-Sec (30m) / NASADEM / GEDI L4A
PNT-02148,Guanajuato,Guanajuato,20.971058,-101.250189,1611.75,1611.89,7.5,22.64,19.15,Cañada / Sierra Escarpada,SRTM 1 Arc-Sec (30m) / NASADEM / GEDI L4A
PNT-02149,Guanajuato,Guanajuato,20.993199,-101.271118,1973.98,1973.62,10.72,30.9,47.48,Cañada / Sierra Escarpada,SRTM 1 Arc-Sec (30m) / NASADEM / GEDI L4A
PNT-02150,Guanajuato,Guanajuato,20.952992,-101.33376,1922.54,1922.77,18.84,28.93,40.48,Cañada / Sierra Escarpada,SRTM 1 Arc-Sec (30m) / NASADEM / GEDI L4A
PNT-02151,Guanajuato,Guanajuato,20.968937,-101.211849,2033.79,2033.94,14.19,13.11,15.49,Cañada / Sierra Escarpada,SRTM 1 Arc-Sec (30m) / NASADEM / GEDI L4A
PNT-02152,Guanajuato,Guanajuato,21.056545,-101.188557,2255.32,2255.06,14.19,9.72,12.95,Cañada / Sierra Escarpada,SRTM 1 Arc-Sec (30m) / NASADEM / GEDI L4A
PNT-02153,Guanajuato,Guanajuato,20.967249,-101.235401,2198.14,2198.39,9.32,16.52,16.2,Cañada / Sierra Escarpada,SRTM 1 Arc-Sec (30m) / NASADEM / GEDI L4A
PNT-02154,Guanajuato,Guanajuato,21.042484,-101.178154,1939.09,1938.7,12.41,12.65,12.6,Cañada / Sierra Escarpada,SRTM 1 Arc-Sec (30m) / NASADEM / GEDI L4A
PNT-02155,Guanajuato,Guanajuato,21.069088,-101.201831,1850.6,1850.39,7.33,28.53,37.16,Cañada / Sierra Escarpada,SRTM 1 Arc-Sec (30m) / NASADEM / GEDI L4A
PNT-02156,Guanajuato,Guanajuato,21.043982,-101.270523,1751.62,1751.49,18.2,21.13,29.39,Cañada / Sierra Escarpada,SRTM 1 Arc-Sec (30m) / NASADEM / GEDI L4A
PNT-02157,Guanajuato,Guanajuato,20.985964,-101.313104,1787.05,1787.15,4.75,28.69,23.99,Cañada / Sierra Escarpada,SRTM 1 Arc-Sec (30m) / NASADEM / GEDI L4A
PNT-02158,Guanajuato,Guanajuato,20.977986,-101.306005,1469.11,1469.29,12.37,10.55,14.71,Cañada / Sierra Escarpada,SRTM 1 Arc-Sec (30m) / NASADEM / GEDI L4A
PNT-02159,Guanajuato,Guanajuato,21.080417,-101.191292,1977.85,1977.61,13.17,4.18,6.3,Cañada / Sierra Escarpada,SRTM 1 Arc-Sec (30m) / NASADEM / GEDI L4A
PNT-02160,Guanajuato,Guanajuato,21.088995,-101.30709,2273.03,2273.37,14.94,21.47,38.01,Cañada / Sierra Escarpada,SRTM 1 Arc-Sec (30m) / NASADEM / GEDI L4A
PNT-02161,Guanajuato,Guanajuato,20.994148,-101.281011,1583.22,1582.82,15.27,23.76,36.87,Cañada / Sierra Escarpada,SRTM 1 Arc-Sec (30m) / NASADEM / GEDI L4A
PNT-02162,Guanajuato,Guanajuato,21.058516,-101.281797,1582.62,1582.23,13.41,19.19,17.73,Cañada / Sierra Escarpada,SRTM 1 Arc-Sec (30m) / NASADEM / GEDI L4A
PNT-02163,Guanajuato,Guanajuato,20.951807,-101.21612,2086.94,2086.59,12.05,19.76,22.71,Cañada / Sierra Escarpada,SRTM 1 Arc-Sec (30m) / NASADEM / GEDI L4A
PNT-02164,Guanajuato,Guanajuato,21.073957,-101.279204,2140.49,2140.39,10.28,4.45,5.3,Cañada / Sierra Escarpada,SRTM 1 Arc-Sec (30m) / NASADEM / GEDI L4A
PNT-02165,Guanajuato,Guanajuato,21.043724,-101.296302,1887.87,1887.94,11.6,24.42,29.63,Cañada / Sierra Escarpada,SRTM 1 Arc-Sec (30m) / NASADEM / GEDI L4A
PNT-02166,Guanajuato,Guanajuato,21.006237,-101.322875,1925.57,1925.56,10.42,18.29,31.99,Cañada / Sierra Escarpada,SRTM 1 Arc-Sec (30m) / NASADEM / GEDI L4A
PNT-02167,Guanajuato,Guanajuato,20.950717,-101.241021,2354.57,2354.87,23.37,9.55,8.03,Cañada / Sierra Escarpada,SRTM 1 Arc-Sec (30m) / NASADEM / GEDI L4A
PNT-02168,Guanajuato,Guanajuato,21.046563,-101.281775,2197.78,2197.52,5.88,15.15,19.43,Cañada / Sierra Escarpada,SRTM 1 Arc-Sec (30m) / NASADEM / GEDI L4A
PNT-02169,Guanajuato,Guanajuato,21.012478,-101.181169,2277.6,2277.54,13.49,16.25,27.29,Cañada / Sierra Escarpada,SRTM 1 Arc-Sec (30m) / NASADEM / GEDI L4A
PNT-02170,Guanajuato,Guanajuato,21.08235,-101.29881,2011.52,2011.84,6.3,12.7,18.44,Cañada / Sierra Escarpada,SRTM 1 Arc-Sec (30m) / NASADEM / GEDI L4A
PNT-02171,Guanajuato,Guanajuato,21.052304,-101.212412,1621.44,1621.81,17.29,20.51,31.35,Cañada / Sierra Escarpada,SRTM 1 Arc-Sec (30m) / NASADEM / GEDI L4A
PNT-02172,Guanajuato,Guanajuato,20.994197,-101.229808,1847.25,1847.42,8.73,18.08,26.82,Cañada / Sierra Escarpada,SRTM 1 Arc-Sec (30m) / NASADEM / GEDI L4A
PNT-02173,Guanajuato,Guanajuato,20.98211,-101.241204,2427.96,2427.79,7.1,23.32,37.45,Cañada / Sierra Escarpada,SRTM 1 Arc-Sec (30m) / NASADEM / GEDI L4A
PNT-02174,Guanajuato,Guanajuato,20.980587,-101.288901,2263.12,2263.28,16.19,22.43,26.75,Cañada / Sierra Escarpada,SRTM 1 Arc-Sec (30m) / NASADEM / GEDI L4A
PNT-02175,Guanajuato,Guanajuato,21.002177,-101.296229,2108.41,2108.08,8.59,29.32,47.69,Cañada / Sierra Escarpada,SRTM 1 Arc-Sec (30m) / NASADEM / GEDI L4A
PNT-02176,Guanajuato,Guanajuato,21.076201,-101.191933,2232.47,2232.2,10.82,4.58,7.26,Cañada / Sierra Escarpada,SRTM 1 Arc-Sec (30m) / NASADEM / GEDI L4A
PNT-02177,Guanajuato,Guanajuato,20.950967,-101.178836,2238.56,2238.36,15.16,22.19,18.71,Cañada / Sierra Escarpada,SRTM 1 Arc-Sec (30m) / NASADEM / GEDI L4A
PNT-02178,Guanajuato,Guanajuato,21.073052,-101.30986,1817.29,1816.94,14.91,17.0,16.48,Cañada / Sierra Escarpada,SRTM 1 Arc-Sec (30m) / NASADEM / GEDI L4A
PNT-02179,Guanajuato,Guanajuato,21.055711,-101.298989,2173.83,2173.66,4.39,14.21,22.96,Cañada / Sierra Escarpada,SRTM 1 Arc-Sec (30m) / NASADEM / GEDI L4A
PNT-02180,Guanajuato,Guanajuato,20.967674,-101.323848,1859.3,1859.33,4.75,14.06,22.35,Cañada / Sierra Escarpada,SRTM 1 Arc-Sec (30m) / NASADEM / GEDI L4A
PNT-02181,Guanajuato,Guanajuato,20.945291,-101.267917,2315.86,2316.23,7.08,17.78,31.77,Cañada / Sierra Escarpada,SRTM 1 Arc-Sec (30m) / NASADEM / GEDI L4A
PNT-02182,Guanajuato,Guanajuato,20.98736,-101.332061,1945.4,1945.25,7.45,6.62,8.16,Cañada / Sierra Escarpada,SRTM 1 Arc-Sec (30m) / NASADEM / GEDI L4A
PNT-02183,Guanajuato,Guanajuato,20.993099,-101.317381,2141.67,2141.51,10.63,23.28,32.87,Cañada / Sierra Escarpada,SRTM 1 Arc-Sec (30m) / NASADEM / GEDI L4A
PNT-02184,Guanajuato,Guanajuato,21.007349,-101.298756,2254.38,2254.26,5.02,9.8,8.98,Cañada / Sierra Escarpada,SRTM 1 Arc-Sec (30m) / NASADEM / GEDI L4A
PNT-02185,Guanajuato,Guanajuato,21.079763,-101.26655,1979.99,1980.29,21.38,18.77,24.04,Cañada / Sierra Escarpada,SRTM 1 Arc-Sec (30m) / NASADEM / GEDI L4A
PNT-02186,Guanajuato,Guanajuato,21.086936,-101.22185,2119.23,2119.27,13.83,18.97,27.16,Cañada / Sierra Escarpada,SRTM 1 Arc-Sec (30m) / NASADEM / GEDI L4A
PNT-02187,Guanajuato,Guanajuato,21.009259,-101.228168,2151.87,2151.72,17.35,8.35,10.1,Cañada / Sierra Escarpada,SRTM 1 Arc-Sec (30m) / NASADEM / GEDI L4A
PNT-02188,Guanajuato,Guanajuato,21.044852,-101.235606,2301.67,2301.92,5.91,4.71,5.89,Cañada / Sierra Escarpada,SRTM 1 Arc-Sec (30m) / NASADEM / GEDI L4A
PNT-02189,Guanajuato,Guanajuato,21.060369,-101.249617,2061.52,2061.91,20.67,5.47,7.06,Cañada / Sierra Escarpada,SRTM 1 Arc-Sec (30m) / NASADEM / GEDI L4A
PNT-02190,Guanajuato,Guanajuato,20.953627,-101.311434,1806.73,1807.1,10.55,29.56,33.58,Cañada / Sierra Escarpada,SRTM 1 Arc-Sec (30m) / NASADEM / GEDI L4A
PNT-02191,Guanajuato,Guanajuato,21.04136,-101.251599,2105.57,2105.17,16.6,24.61,38.07,Cañada / Sierra Escarpada,SRTM 1 Arc-Sec (30m) / NASADEM / GEDI L4A
PNT-02192,Guanajuato,Guanajuato,21.020556,-101.192533,2025.21,2025.3,15.58,30.91,33.96,Cañada / Sierra Escarpada,SRTM 1 Arc-Sec (30m) / NASADEM / GEDI L4A
PNT-02193,Guanajuato,Guanajuato,20.990939,-101.307756,2069.98,2069.66,13.83,30.51,46.71,Cañada / Sierra Escarpada,SRTM 1 Arc-Sec (30m) / NASADEM / GEDI L4A
PNT-02194,Guanajuato,Guanajuato,21.075084,-101.329296,2389.57,2389.6,12.19,22.0,35.59,Cañada / Sierra Escarpada,SRTM 1 Arc-Sec (30m) / NASADEM / GEDI L4A
PNT-02195,Guanajuato,Guanajuato,20.998894,-101.201213,1915.89,1915.52,9.01,13.84,16.33,Cañada / Sierra Escarpada,SRTM 1 Arc-Sec (30m) / NASADEM / GEDI L4A
PNT-02196,Guanajuato,Guanajuato,21.067843,-101.232499,2394.41,2394.05,8.76,8.87,12.66,Cañada / Sierra Escarpada,SRTM 1 Arc-Sec (30m) / NASADEM / GEDI L4A
PNT-02197,Guanajuato,Guanajuato,21.041619,-101.213138,2318.88,2319.03,9.28,30.01,30.46,Cañada / Sierra Escarpada,SRTM 1 Arc-Sec (30m) / NASADEM / GEDI L4A
PNT-02198,Guanajuato,Guanajuato,21.027269,-101.240718,1598.3,1598.32,13.29,10.27,8.7,Cañada / Sierra Escarpada,SRTM 1 Arc-Sec (30m) / NASADEM / GEDI L4A
PNT-02199,Guanajuato,Guanajuato,21.03061,-101.283263,1908.37,1908.01,8.05,29.66,40.96,Cañada / Sierra Escarpada,SRTM 1 Arc-Sec (30m) / NASADEM / GEDI L4A
PNT-02200,Guanajuato,Guanajuato,21.069363,-101.269301,2007.54,2007.6,15.7,17.28,26.5,Cañada / Sierra Escarpada,SRTM 1 Arc-Sec (30m) / NASADEM / GEDI L4A
PNT-02201,Guanajuato,Guanajuato,21.029665,-101.293544,2076.38,2076.37,7.79,6.59,7.88,Cañada / Sierra Escarpada,SRTM 1 Arc-Sec (30m) / NASADEM / GEDI L4A
PNT-02202,Guanajuato,Guanajuato,21.021364,-101.204697,1972.47,1972.73,9.56,21.51,23.45,Cañada / Sierra Escarpada,SRTM 1 Arc-Sec (30m) / NASADEM / GEDI L4A
PNT-02203,Guanajuato,Guanajuato,21.074254,-101.258073,2100.4,2100.76,11.99,13.68,12.87,Cañada / Sierra Escarpada,SRTM 1 Arc-Sec (30m) / NASADEM / GEDI L4A
PNT-02204,Guanajuato,Guanajuato,20.991107,-101.332123,2003.49,2003.84,10.92,27.53,36.1,Cañada / Sierra Escarpada,SRTM 1 Arc-Sec (30m) / NASADEM / GEDI L4A
PNT-02205,Guanajuato,Guanajuato,21.029436,-101.336051,1898.07,1898.37,13.72,21.37,22.0,Cañada / Sierra Escarpada,SRTM 1 Arc-Sec (30m) / NASADEM / GEDI L4A
PNT-02206,Guanajuato,Guanajuato,20.964235,-101.23658,2071.32,2071.2,14.12,19.86,22.06,Cañada / Sierra Escarpada,SRTM 1 Arc-Sec (30m) / NASADEM / GEDI L4A
PNT-02207,Guanajuato,Guanajuato,21.098864,-101.217186,1768.28,1768.37,19.54,13.22,10.96,Cañada / Sierra Escarpada,SRTM 1 Arc-Sec (30m) / NASADEM / GEDI L4A
PNT-02208,Guanajuato,Guanajuato,21.002214,-101.188123,1875.5,1875.81,12.87,11.26,11.75,Cañada / Sierra Escarpada,SRTM 1 Arc-Sec (30m) / NASADEM / GEDI L4A
PNT-02209,Guanajuato,Guanajuato,20.986535,-101.244648,1901.08,1901.25,24.16,12.55,19.85,Cañada / Sierra Escarpada,SRTM 1 Arc-Sec (30m) / NASADEM / GEDI L4A
PNT-02210,Guanajuato,Guanajuato,20.967051,-101.211781,2260.02,2260.01,16.49,22.01,19.36,Cañada / Sierra Escarpada,SRTM 1 Arc-Sec (30m) / NASADEM / GEDI L4A
PNT-02211,Guanajuato,Guanajuato,21.075248,-101.328112,2062.83,2063.02,7.51,6.06,10.43,Cañada / Sierra Escarpada,SRTM 1 Arc-Sec (30m) / NASADEM / GEDI L4A
PNT-02212,Guanajuato,Guanajuato,21.094777,-101.240048,2346.11,2345.97,11.47,17.32,29.72,Cañada / Sierra Escarpada,SRTM 1 Arc-Sec (30m) / NASADEM / GEDI L4A
PNT-02213,Guanajuato,Guanajuato,21.091905,-101.188669,1846.28,1846.12,8.93,15.92,17.74,Cañada / Sierra Escarpada,SRTM 1 Arc-Sec (30m) / NASADEM / GEDI L4A
PNT-02214,Guanajuato,Guanajuato,20.998874,-101.237698,2168.86,2169.11,15.52,4.87,4.13,Cañada / Sierra Escarpada,SRTM 1 Arc-Sec (30m) / NASADEM / GEDI L4A
PNT-02215,Guanajuato,Guanajuato,21.065301,-101.251707,1895.9,1895.7,12.43,21.24,35.24,Cañada / Sierra Escarpada,SRTM 1 Arc-Sec (30m) / NASADEM / GEDI L4A
PNT-02216,Guanajuato,Guanajuato,21.085717,-101.256933,2258.5,2258.53,12.68,17.96,30.62,Cañada / Sierra Escarpada,SRTM 1 Arc-Sec (30m) / NASADEM / GEDI L4A
PNT-02217,Guanajuato,Guanajuato,21.065389,-101.191548,2040.38,2040.65,5.98,7.0,11.16,Cañada / Sierra Escarpada,SRTM 1 Arc-Sec (30m) / NASADEM / GEDI L4A
PNT-02218,Guanajuato,Guanajuato,20.968276,-101.207701,1775.9,1775.88,13.79,22.41,32.13,Cañada / Sierra Escarpada,SRTM 1 Arc-Sec (30m) / NASADEM / GEDI L4A
PNT-02219,Guanajuato,Guanajuato,21.00736,-101.193101,2218.66,2218.31,25.72,28.9,28.24,Cañada / Sierra Escarpada,SRTM 1 Arc-Sec (30m) / NASADEM / GEDI L4A
PNT-02220,Guanajuato,Guanajuato,21.023535,-101.208429,2042.92,2042.71,6.05,24.51,33.44,Cañada / Sierra Escarpada,SRTM 1 Arc-Sec (30m) / NASADEM / GEDI L4A
PNT-02221,Guanajuato,Guanajuato,21.075956,-101.193871,2270.49,2270.53,15.46,14.38,20.82,Cañada / Sierra Escarpada,SRTM 1 Arc-Sec (30m) / NASADEM / GEDI L4A
PNT-02222,Guanajuato,Guanajuato,21.084326,-101.270331,1831.19,1831.14,5.73,5.99,7.78,Cañada / Sierra Escarpada,SRTM 1 Arc-Sec (30m) / NASADEM / GEDI L4A
PNT-02223,Guanajuato,Guanajuato,21.01809,-101.242849,2267.28,2267.58,5.72,29.8,41.23,Cañada / Sierra Escarpada,SRTM 1 Arc-Sec (30m) / NASADEM / GEDI L4A
PNT-02224,Guanajuato,Guanajuato,20.945815,-101.181922,1820.32,1820.04,17.01,7.87,7.62,Cañada / Sierra Escarpada,SRTM 1 Arc-Sec (30m) / NASADEM / GEDI L4A
PNT-02225,Guanajuato,Guanajuato,20.946292,-101.192655,2376.75,2377.01,13.51,25.37,42.69,Cañada / Sierra Escarpada,SRTM 1 Arc-Sec (30m) / NASADEM / GEDI L4A
PNT-02226,Guanajuato,Guanajuato,21.093761,-101.266749,2055.21,2055.36,10.05,28.46,33.38,Cañada / Sierra Escarpada,SRTM 1 Arc-Sec (30m) / NASADEM / GEDI L4A
PNT-02227,Guanajuato,Guanajuato,21.032586,-101.33505,1922.66,1922.68,11.27,26.07,26.24,Cañada / Sierra Escarpada,SRTM 1 Arc-Sec (30m) / NASADEM / GEDI L4A
PNT-02228,Guanajuato,Guanajuato,21.023391,-101.304359,2020.94,2020.6,7.8,19.86,16.51,Cañada / Sierra Escarpada,SRTM 1 Arc-Sec (30m) / NASADEM / GEDI L4A
PNT-02229,Guanajuato,Guanajuato,20.956074,-101.249,1937.25,1937.31,12.31,26.64,40.55,Cañada / Sierra Escarpada,SRTM 1 Arc-Sec (30m) / NASADEM / GEDI L4A
PNT-02230,Guanajuato,Guanajuato,20.95999,-101.242204,1974.13,1974.41,12.31,28.47,46.99,Cañada / Sierra Escarpada,SRTM 1 Arc-Sec (30m) / NASADEM / GEDI L4A
PNT-02231,Guanajuato,Guanajuato,21.070941,-101.217806,2295.79,2296.04,16.3,21.89,24.69,Cañada / Sierra Escarpada,SRTM 1 Arc-Sec (30m) / NASADEM / GEDI L4A
PNT-02232,Guanajuato,Guanajuato,20.999154,-101.193471,2020.8,2021.2,12.26,22.56,18.82,Cañada / Sierra Escarpada,SRTM 1 Arc-Sec (30m) / NASADEM / GEDI L4A
PNT-02233,Guanajuato,Guanajuato,21.071322,-101.291459,1651.74,1651.55,9.86,15.65,18.45,Cañada / Sierra Escarpada,SRTM 1 Arc-Sec (30m) / NASADEM / GEDI L4A
PNT-02234,Guanajuato,Guanajuato,21.040334,-101.206896,1825.66,1825.79,9.25,22.1,37.6,Cañada / Sierra Escarpada,SRTM 1 Arc-Sec (30m) / NASADEM / GEDI L4A
PNT-02235,Guanajuato,Guanajuato,20.941551,-101.200513,2469.94,2469.61,13.62,15.68,16.11,Cañada / Sierra Escarpada,SRTM 1 Arc-Sec (30m) / NASADEM / GEDI L4A
PNT-02236,Guanajuato,Guanajuato,20.979676,-101.256345,2130.66,2130.73,15.04,18.56,22.78,Cañada / Sierra Escarpada,SRTM 1 Arc-Sec (30m) / NASADEM / GEDI L4A
PNT-02237,Guanajuato,Guanajuato,21.094634,-101.247369,1853.46,1853.55,8.98,18.12,14.64,Cañada / Sierra Escarpada,SRTM 1 Arc-Sec (30m) / NASADEM / GEDI L4A
PNT-02238,Guanajuato,Guanajuato,21.07181,-101.22434,1910.37,1910.26,12.81,29.26,48.65,Cañada / Sierra Escarpada,SRTM 1 Arc-Sec (30m) / NASADEM / GEDI L4A
PNT-02239,Guanajuato,Guanajuato,20.984687,-101.311871,1614.71,1614.86,9.1,30.09,34.99,Cañada / Sierra Escarpada,SRTM 1 Arc-Sec (30m) / NASADEM / GEDI L4A
PNT-02240,Guanajuato,Guanajuato,20.948956,-101.193382,2103.77,2103.53,12.68,5.1,6.57,Cañada / Sierra Escarpada,SRTM 1 Arc-Sec (30m) / NASADEM / GEDI L4A
PNT-02241,Guanajuato,Guanajuato,21.0111,-101.283961,1825.37,1825.56,13.86,23.63,28.95,Cañada / Sierra Escarpada,SRTM 1 Arc-Sec (30m) / NASADEM / GEDI L4A
PNT-02242,Guanajuato,Guanajuato,21.086966,-101.310284,1980.07,1980.31,11.62,20.79,23.18,Cañada / Sierra Escarpada,SRTM 1 Arc-Sec (30m) / NASADEM / GEDI L4A
PNT-02243,Guanajuato,Guanajuato,20.96521,-101.330576,1980.93,1980.73,7.01,10.99,18.41,Cañada / Sierra Escarpada,SRTM 1 Arc-Sec (30m) / NASADEM / GEDI L4A
PNT-02244,Guanajuato,Guanajuato,21.021422,-101.22032,1995.06,1995.04,10.59,9.03,8.31,Cañada / Sierra Escarpada,SRTM 1 Arc-Sec (30m) / NASADEM / GEDI L4A
PNT-02245,Guanajuato,Guanajuato,21.078249,-101.186691,1971.14,1971.51,9.49,6.25,9.02,Cañada / Sierra Escarpada,SRTM 1 Arc-Sec (30m) / NASADEM / GEDI L4A
PNT-02246,Guanajuato,Guanajuato,21.094555,-101.180484,1772.28,1772.04,11.58,28.02,47.96,Cañada / Sierra Escarpada,SRTM 1 Arc-Sec (30m) / NASADEM / GEDI L4A
PNT-02247,Guanajuato,Guanajuato,21.036261,-101.214412,2176.25,2176.51,16.9,22.51,30.03,Cañada / Sierra Escarpada,SRTM 1 Arc-Sec (30m) / NASADEM / GEDI L4A
PNT-02248,Guanajuato,Guanajuato,20.976913,-101.217978,1651.71,1651.95,11.04,22.81,39.63,Cañada / Sierra Escarpada,SRTM 1 Arc-Sec (30m) / NASADEM / GEDI L4A
PNT-02249,Guanajuato,Guanajuato,20.965471,-101.23313,2085.2,2084.88,11.09,21.72,34.56,Cañada / Sierra Escarpada,SRTM 1 Arc-Sec (30m) / NASADEM / GEDI L4A
PNT-02250,Guanajuato,Guanajuato,20.995787,-101.184338,1925.3,1924.91,15.14,12.01,12.99,Cañada / Sierra Escarpada,SRTM 1 Arc-Sec (30m) / NASADEM / GEDI L4A
PNT-02251,Guanajuato,Guanajuato,21.081394,-101.182261,2004.94,2004.98,8.91,6.51,7.67,Cañada / Sierra Escarpada,SRTM 1 Arc-Sec (30m) / NASADEM / GEDI L4A
PNT-02252,Guanajuato,Guanajuato,20.989733,-101.251231,2262.51,2262.22,16.02,25.95,38.37,Cañada / Sierra Escarpada,SRTM 1 Arc-Sec (30m) / NASADEM / GEDI L4A
PNT-02253,Guanajuato,Guanajuato,21.081252,-101.265106,1617.5,1617.85,7.77,23.31,40.29,Cañada / Sierra Escarpada,SRTM 1 Arc-Sec (30m) / NASADEM / GEDI L4A
PNT-02254,Guanajuato,Guanajuato,21.066516,-101.239512,1946.78,1947.16,9.42,12.62,11.27,Cañada / Sierra Escarpada,SRTM 1 Arc-Sec (30m) / NASADEM / GEDI L4A
PNT-02255,Guanajuato,Guanajuato,21.052209,-101.219559,1820.57,1820.55,7.77,4.59,7.29,Cañada / Sierra Escarpada,SRTM 1 Arc-Sec (30m) / NASADEM / GEDI L4A
PNT-02256,Guanajuato,Guanajuato,20.989734,-101.200398,2127.68,2127.54,16.33,17.94,22.33,Cañada / Sierra Escarpada,SRTM 1 Arc-Sec (30m) / NASADEM / GEDI L4A
PNT-02257,Guanajuato,Guanajuato,20.993221,-101.201298,2263.22,2262.9,11.75,7.81,13.88,Cañada / Sierra Escarpada,SRTM 1 Arc-Sec (30m) / NASADEM / GEDI L4A
PNT-02258,Guanajuato,Guanajuato,21.033043,-101.255437,1724.17,1724.34,12.49,6.29,8.64,Cañada / Sierra Escarpada,SRTM 1 Arc-Sec (30m) / NASADEM / GEDI L4A
PNT-02259,Guanajuato,Guanajuato,21.030323,-101.19073,1795.72,1795.78,12.32,6.47,6.49,Cañada / Sierra Escarpada,SRTM 1 Arc-Sec (30m) / NASADEM / GEDI L4A
PNT-02260,Guanajuato,Guanajuato,20.943977,-101.254873,2002.76,2003.11,8.59,23.43,20.56,Cañada / Sierra Escarpada,SRTM 1 Arc-Sec (30m) / NASADEM / GEDI L4A
PNT-02261,Guanajuato,Guanajuato,20.974874,-101.229214,2065.83,2065.87,17.27,29.86,46.21,Cañada / Sierra Escarpada,SRTM 1 Arc-Sec (30m) / NASADEM / GEDI L4A
PNT-02262,Guanajuato,Guanajuato,21.075019,-101.280361,2427.35,2427.21,15.98,19.4,20.11,Cañada / Sierra Escarpada,SRTM 1 Arc-Sec (30m) / NASADEM / GEDI L4A
PNT-02263,Guanajuato,Guanajuato,20.96194,-101.277165,2083.18,2083.15,12.8,21.36,19.29,Cañada / Sierra Escarpada,SRTM 1 Arc-Sec (30m) / NASADEM / GEDI L4A
PNT-02264,Guanajuato,Guanajuato,21.083714,-101.246023,2143.48,2143.29,14.51,18.29,32.2,Cañada / Sierra Escarpada,SRTM 1 Arc-Sec (30m) / NASADEM / GEDI L4A
PNT-02265,Guanajuato,Guanajuato,20.953342,-101.227712,1853.97,1853.84,15.04,4.97,8.11,Cañada / Sierra Escarpada,SRTM 1 Arc-Sec (30m) / NASADEM / GEDI L4A
PNT-02266,Guanajuato,Guanajuato,21.074938,-101.235766,1893.14,1893.34,11.13,23.62,40.45,Cañada / Sierra Escarpada,SRTM 1 Arc-Sec (30m) / NASADEM / GEDI L4A
PNT-02267,Guanajuato,Guanajuato,21.055885,-101.204409,2154.98,2154.92,17.4,28.36,41.15,Cañada / Sierra Escarpada,SRTM 1 Arc-Sec (30m) / NASADEM / GEDI L4A
PNT-02268,Guanajuato,Guanajuato,21.002737,-101.323645,2088.51,2088.33,4.78,9.97,13.23,Cañada / Sierra Escarpada,SRTM 1 Arc-Sec (30m) / NASADEM / GEDI L4A
PNT-02269,Guanajuato,Guanajuato,20.966171,-101.208934,2539.61,2539.33,9.72,12.76,15.44,Cañada / Sierra Escarpada,SRTM 1 Arc-Sec (30m) / NASADEM / GEDI L4A
PNT-02270,Guanajuato,Guanajuato,21.068314,-101.213774,2122.66,2122.45,6.73,30.68,53.76,Cañada / Sierra Escarpada,SRTM 1 Arc-Sec (30m) / NASADEM / GEDI L4A
PNT-02271,Guanajuato,Guanajuato,21.029122,-101.225176,2139.39,2139.55,15.48,29.88,41.73,Cañada / Sierra Escarpada,SRTM 1 Arc-Sec (30m) / NASADEM / GEDI L4A
PNT-02272,Guanajuato,Guanajuato,21.040808,-101.201117,2248.8,2248.59,15.5,14.02,13.28,Cañada / Sierra Escarpada,SRTM 1 Arc-Sec (30m) / NASADEM / GEDI L4A
PNT-02273,Guanajuato,Guanajuato,21.019922,-101.264084,1889.44,1889.71,16.44,20.61,30.85,Cañada / Sierra Escarpada,SRTM 1 Arc-Sec (30m) / NASADEM / GEDI L4A
PNT-02274,Guanajuato,Guanajuato,20.986109,-101.249218,2244.85,2245.18,19.09,28.25,50.03,Cañada / Sierra Escarpada,SRTM 1 Arc-Sec (30m) / NASADEM / GEDI L4A
PNT-02275,Guanajuato,Guanajuato,21.045788,-101.181494,1912.69,1912.63,15.04,10.44,8.4,Cañada / Sierra Escarpada,SRTM 1 Arc-Sec (30m) / NASADEM / GEDI L4A
PNT-02276,Guanajuato,Guanajuato,20.969088,-101.33635,1905.39,1905.24,18.64,24.57,40.11,Cañada / Sierra Escarpada,SRTM 1 Arc-Sec (30m) / NASADEM / GEDI L4A
PNT-02277,Guanajuato,Guanajuato,21.095048,-101.234278,1647.26,1647.04,10.51,9.75,11.79,Cañada / Sierra Escarpada,SRTM 1 Arc-Sec (30m) / NASADEM / GEDI L4A
PNT-02278,Guanajuato,Guanajuato,21.097686,-101.336863,1910.19,1910.36,9.91,13.52,17.0,Cañada / Sierra Escarpada,SRTM 1 Arc-Sec (30m) / NASADEM / GEDI L4A
PNT-02279,Guanajuato,Guanajuato,20.96278,-101.2722,2030.44,2030.12,8.2,25.34,34.63,Cañada / Sierra Escarpada,SRTM 1 Arc-Sec (30m) / NASADEM / GEDI L4A
PNT-02280,Guanajuato,Guanajuato,21.054835,-101.270037,1857.64,1857.66,11.05,17.89,22.69,Cañada / Sierra Escarpada,SRTM 1 Arc-Sec (30m) / NASADEM / GEDI L4A
PNT-02281,Guanajuato,Guanajuato,21.057483,-101.203799,1896.57,1896.67,13.71,6.17,9.22,Cañada / Sierra Escarpada,SRTM 1 Arc-Sec (30m) / NASADEM / GEDI L4A
PNT-02282,Guanajuato,Guanajuato,21.000094,-101.3158,2076.49,2076.37,16.01,4.83,6.46,Cañada / Sierra Escarpada,SRTM 1 Arc-Sec (30m) / NASADEM / GEDI L4A
PNT-02283,Guanajuato,Guanajuato,21.086716,-101.241579,2281.52,2281.54,13.25,6.46,8.93,Cañada / Sierra Escarpada,SRTM 1 Arc-Sec (30m) / NASADEM / GEDI L4A
PNT-02284,Guanajuato,Guanajuato,21.036878,-101.220407,2164.69,2164.82,14.96,9.83,11.84,Cañada / Sierra Escarpada,SRTM 1 Arc-Sec (30m) / NASADEM / GEDI L4A
PNT-02285,Guanajuato,Guanajuato,21.063181,-101.184452,2028.46,2028.31,8.73,10.09,13.18,Cañada / Sierra Escarpada,SRTM 1 Arc-Sec (30m) / NASADEM / GEDI L4A
PNT-02286,Guanajuato,Guanajuato,21.035974,-101.335436,2133.05,2133.42,14.12,8.88,12.38,Cañada / Sierra Escarpada,SRTM 1 Arc-Sec (30m) / NASADEM / GEDI L4A
PNT-02287,Guanajuato,Guanajuato,21.00726,-101.283428,2295.45,2295.07,13.34,30.17,48.57,Cañada / Sierra Escarpada,SRTM 1 Arc-Sec (30m) / NASADEM / GEDI L4A
PNT-02288,Guanajuato,Guanajuato,21.059185,-101.215338,2290.93,2290.84,9.5,28.27,27.63,Cañada / Sierra Escarpada,SRTM 1 Arc-Sec (30m) / NASADEM / GEDI L4A
PNT-02289,Guanajuato,Guanajuato,20.985776,-101.248786,1869.14,1869.13,4.86,27.12,35.88,Cañada / Sierra Escarpada,SRTM 1 Arc-Sec (30m) / NASADEM / GEDI L4A
PNT-02290,Guanajuato,Guanajuato,20.996994,-101.297362,2100.98,2101.18,1.76,7.27,7.43,Cañada / Sierra Escarpada,SRTM 1 Arc-Sec (30m) / NASADEM / GEDI L4A
PNT-02291,Guanajuato,Guanajuato,20.999745,-101.279336,2265.56,2265.42,10.1,17.55,24.99,Cañada / Sierra Escarpada,SRTM 1 Arc-Sec (30m) / NASADEM / GEDI L4A
PNT-02292,Guanajuato,Guanajuato,20.976149,-101.222009,1607.13,1607.38,19.41,10.57,17.79,Cañada / Sierra Escarpada,SRTM 1 Arc-Sec (30m) / NASADEM / GEDI L4A
PNT-02293,Guanajuato,Guanajuato,21.028768,-101.239532,2048.09,2048.17,12.8,24.34,30.02,Cañada / Sierra Escarpada,SRTM 1 Arc-Sec (30m) / NASADEM / GEDI L4A
PNT-02294,Guanajuato,Guanajuato,21.02658,-101.327069,2137.69,2137.77,5.48,24.98,32.62,Cañada / Sierra Escarpada,SRTM 1 Arc-Sec (30m) / NASADEM / GEDI L4A
PNT-02295,Guanajuato,Guanajuato,21.020504,-101.22095,2497.03,2497.35,11.87,14.84,17.59,Cañada / Sierra Escarpada,SRTM 1 Arc-Sec (30m) / NASADEM / GEDI L4A
PNT-02296,Guanajuato,Guanajuato,20.939568,-101.238852,2015.85,2016.09,10.02,18.85,20.16,Cañada / Sierra Escarpada,SRTM 1 Arc-Sec (30m) / NASADEM / GEDI L4A
PNT-02297,Guanajuato,Guanajuato,21.064787,-101.293845,2150.76,2150.5,17.89,28.44,28.46,Cañada / Sierra Escarpada,SRTM 1 Arc-Sec (30m) / NASADEM / GEDI L4A
PNT-02298,Guanajuato,Guanajuato,21.097334,-101.33583,1856.17,1855.78,9.43,23.77,35.5,Cañada / Sierra Escarpada,SRTM 1 Arc-Sec (30m) / NASADEM / GEDI L4A
PNT-02299,Guanajuato,Guanajuato,21.065776,-101.295928,2398.85,2398.8,9.25,22.83,32.74,Cañada / Sierra Escarpada,SRTM 1 Arc-Sec (30m) / NASADEM / GEDI L4A
PNT-02300,Guanajuato,Guanajuato,20.957344,-101.212033,2191.51,2191.23,17.13,11.24,13.41,Cañada / Sierra Escarpada,SRTM 1 Arc-Sec (30m) / NASADEM / GEDI L4A
PNT-02301,Guanajuato,Guanajuato,20.983789,-101.30055,2116.71,2116.76,16.61,10.1,17.35,Cañada / Sierra Escarpada,SRTM 1 Arc-Sec (30m) / NASADEM / GEDI L4A
PNT-02302,Guanajuato,Guanajuato,20.969589,-101.209808,1888.77,1888.63,9.53,4.19,6.21,Cañada / Sierra Escarpada,SRTM 1 Arc-Sec (30m) / NASADEM / GEDI L4A
PNT-02303,Guanajuato,Guanajuato,20.981987,-101.206571,1953.39,1953.76,3.12,10.54,16.03,Cañada / Sierra Escarpada,SRTM 1 Arc-Sec (30m) / NASADEM / GEDI L4A
PNT-02304,Guanajuato,Guanajuato,21.059819,-101.30164,1586.84,1587.06,12.06,20.81,26.55,Cañada / Sierra Escarpada,SRTM 1 Arc-Sec (30m) / NASADEM / GEDI L4A
PNT-02305,Guanajuato,Guanajuato,21.063698,-101.299375,2124.61,2124.91,13.56,25.16,30.39,Cañada / Sierra Escarpada,SRTM 1 Arc-Sec (30m) / NASADEM / GEDI L4A
PNT-02306,Guanajuato,Guanajuato,21.096089,-101.276265,1813.54,1813.92,13.69,23.01,35.74,Cañada / Sierra Escarpada,SRTM 1 Arc-Sec (30m) / NASADEM / GEDI L4A
PNT-02307,Guanajuato,Guanajuato,20.949524,-101.214853,2151.19,2151.02,16.47,17.22,15.68,Cañada / Sierra Escarpada,SRTM 1 Arc-Sec (30m) / NASADEM / GEDI L4A
PNT-02308,Guanajuato,Guanajuato,21.014454,-101.297988,1819.3,1819.08,10.2,6.07,10.44,Cañada / Sierra Escarpada,SRTM 1 Arc-Sec (30m) / NASADEM / GEDI L4A
PNT-02309,Guanajuato,Guanajuato,21.023866,-101.273521,2447.96,2448.3,14.42,8.82,9.66,Cañada / Sierra Escarpada,SRTM 1 Arc-Sec (30m) / NASADEM / GEDI L4A
PNT-02310,Guanajuato,Guanajuato,21.095126,-101.277609,2088.69,2089.09,11.21,20.2,16.83,Cañada / Sierra Escarpada,SRTM 1 Arc-Sec (30m) / NASADEM / GEDI L4A
PNT-02311,Guanajuato,Guanajuato,20.952055,-101.259946,2343.16,2343.11,6.05,29.22,39.0,Cañada / Sierra Escarpada,SRTM 1 Arc-Sec (30m) / NASADEM / GEDI L4A
PNT-02312,Guanajuato,Guanajuato,21.049996,-101.193562,1933.84,1933.53,9.82,7.77,10.2,Cañada / Sierra Escarpada,SRTM 1 Arc-Sec (30m) / NASADEM / GEDI L4A
PNT-02313,Guanajuato,Guanajuato,20.990389,-101.269292,1835.02,1834.87,12.38,18.24,31.86,Cañada / Sierra Escarpada,SRTM 1 Arc-Sec (30m) / NASADEM / GEDI L4A
PNT-02314,Guanajuato,Guanajuato,21.001597,-101.326615,1812.29,1812.07,10.69,20.69,17.95,Cañada / Sierra Escarpada,SRTM 1 Arc-Sec (30m) / NASADEM / GEDI L4A
PNT-02315,Guanajuato,Guanajuato,21.013356,-101.239486,1952.96,1953.35,11.79,13.91,21.96,Cañada / Sierra Escarpada,SRTM 1 Arc-Sec (30m) / NASADEM / GEDI L4A
PNT-02316,Guanajuato,Guanajuato,20.991103,-101.260997,1704.46,1704.08,7.49,13.72,23.18,Cañada / Sierra Escarpada,SRTM 1 Arc-Sec (30m) / NASADEM / GEDI L4A
PNT-02317,Guanajuato,Guanajuato,21.049463,-101.313732,2191.74,2191.9,12.84,8.01,13.36,Cañada / Sierra Escarpada,SRTM 1 Arc-Sec (30m) / NASADEM / GEDI L4A
PNT-02318,Guanajuato,Guanajuato,20.987247,-101.264348,2245.89,2246.24,12.35,29.1,23.51,Cañada / Sierra Escarpada,SRTM 1 Arc-Sec (30m) / NASADEM / GEDI L4A
PNT-02319,Guanajuato,Guanajuato,21.086502,-101.328298,2036.66,2036.64,5.06,20.33,26.01,Cañada / Sierra Escarpada,SRTM 1 Arc-Sec (30m) / NASADEM / GEDI L4A
PNT-02320,Guanajuato,Guanajuato,21.0885,-101.298512,2088.59,2088.25,11.19,20.46,30.32,Cañada / Sierra Escarpada,SRTM 1 Arc-Sec (30m) / NASADEM / GEDI L4A
PNT-02321,Guanajuato,Guanajuato,21.019887,-101.225923,2071.14,2070.85,10.93,14.82,12.97,Cañada / Sierra Escarpada,SRTM 1 Arc-Sec (30m) / NASADEM / GEDI L4A
PNT-02322,Guanajuato,Guanajuato,21.026234,-101.229841,2160.41,2160.39,12.28,19.15,26.74,Cañada / Sierra Escarpada,SRTM 1 Arc-Sec (30m) / NASADEM / GEDI L4A
PNT-02323,Guanajuato,Guanajuato,21.004597,-101.202843,2059.78,2059.96,6.73,28.41,47.84,Cañada / Sierra Escarpada,SRTM 1 Arc-Sec (30m) / NASADEM / GEDI L4A
PNT-02324,Guanajuato,Guanajuato,21.020398,-101.234094,1876.92,1877.25,2.59,29.13,49.39,Cañada / Sierra Escarpada,SRTM 1 Arc-Sec (30m) / NASADEM / GEDI L4A
PNT-02325,Guanajuato,Guanajuato,20.961139,-101.200987,1986.0,1986.01,13.92,25.04,34.11,Cañada / Sierra Escarpada,SRTM 1 Arc-Sec (30m) / NASADEM / GEDI L4A
PNT-02326,Guanajuato,Guanajuato,21.097957,-101.264086,2193.55,2193.55,14.68,27.14,36.53,Cañada / Sierra Escarpada,SRTM 1 Arc-Sec (30m) / NASADEM / GEDI L4A
PNT-02327,Guanajuato,Guanajuato,21.004864,-101.319748,2304.46,2304.8,9.29,10.8,12.48,Cañada / Sierra Escarpada,SRTM 1 Arc-Sec (30m) / NASADEM / GEDI L4A
PNT-02328,Guanajuato,Guanajuato,20.963634,-101.226484,2037.3,2037.39,13.49,18.94,16.83,Cañada / Sierra Escarpada,SRTM 1 Arc-Sec (30m) / NASADEM / GEDI L4A
PNT-02329,Guanajuato,Guanajuato,21.055721,-101.240672,2155.11,2155.34,13.16,25.08,43.32,Cañada / Sierra Escarpada,SRTM 1 Arc-Sec (30m) / NASADEM / GEDI L4A
PNT-02330,Guanajuato,Guanajuato,21.09739,-101.243995,1995.14,1995.37,8.1,4.75,4.07,Cañada / Sierra Escarpada,SRTM 1 Arc-Sec (30m) / NASADEM / GEDI L4A
PNT-02331,Guanajuato,Guanajuato,20.949745,-101.220034,1563.8,1563.48,12.08,23.77,26.65,Cañada / Sierra Escarpada,SRTM 1 Arc-Sec (30m) / NASADEM / GEDI L4A
PNT-02332,Guanajuato,Guanajuato,20.981452,-101.232629,1621.4,1621.51,15.46,11.32,18.05,Cañada / Sierra Escarpada,SRTM 1 Arc-Sec (30m) / NASADEM / GEDI L4A
PNT-02333,Guanajuato,Guanajuato,20.975691,-101.311586,2152.68,2152.43,15.84,7.14,11.7,Cañada / Sierra Escarpada,SRTM 1 Arc-Sec (30m) / NASADEM / GEDI L4A
PNT-02334,Guanajuato,Guanajuato,21.063256,-101.284639,1852.69,1852.7,13.4,4.51,5.37,Cañada / Sierra Escarpada,SRTM 1 Arc-Sec (30m) / NASADEM / GEDI L4A
PNT-02335,Guanajuato,Guanajuato,20.950975,-101.260976,1724.98,1724.62,3.62,13.76,21.42,Cañada / Sierra Escarpada,SRTM 1 Arc-Sec (30m) / NASADEM / GEDI L4A
PNT-02336,Guanajuato,Guanajuato,20.998026,-101.222572,1798.92,1798.97,4.46,29.67,26.97,Cañada / Sierra Escarpada,SRTM 1 Arc-Sec (30m) / NASADEM / GEDI L4A
PNT-02337,Guanajuato,Guanajuato,20.944266,-101.239727,1447.2,1447.32,6.22,19.0,27.25,Cañada / Sierra Escarpada,SRTM 1 Arc-Sec (30m) / NASADEM / GEDI L4A
PNT-02338,Guanajuato,Guanajuato,21.07884,-101.217591,1391.85,1391.96,10.95,16.3,20.5,Cañada / Sierra Escarpada,SRTM 1 Arc-Sec (30m) / NASADEM / GEDI L4A
PNT-02339,Guanajuato,Guanajuato,20.941609,-101.30915,2272.77,2272.59,11.81,18.11,20.74,Cañada / Sierra Escarpada,SRTM 1 Arc-Sec (30m) / NASADEM / GEDI L4A
PNT-02340,Guanajuato,Guanajuato,20.955769,-101.183672,1839.21,1839.61,17.2,12.16,12.63,Cañada / Sierra Escarpada,SRTM 1 Arc-Sec (30m) / NASADEM / GEDI L4A
PNT-02341,Guanajuato,Guanajuato,21.029862,-101.20338,2134.37,2134.02,8.4,28.81,25.38,Cañada / Sierra Escarpada,SRTM 1 Arc-Sec (30m) / NASADEM / GEDI L4A
PNT-02342,Guanajuato,Guanajuato,21.085277,-101.258471,2100.72,2101.11,11.81,21.55,19.98,Cañada / Sierra Escarpada,SRTM 1 Arc-Sec (30m) / NASADEM / GEDI L4A
PNT-02343,Guanajuato,Guanajuato,21.019987,-101.252334,2548.51,2548.12,14.28,23.2,35.09,Cañada / Sierra Escarpada,SRTM 1 Arc-Sec (30m) / NASADEM / GEDI L4A
PNT-02344,Guanajuato,Guanajuato,20.957475,-101.245762,2369.54,2369.21,14.72,20.92,22.61,Cañada / Sierra Escarpada,SRTM 1 Arc-Sec (30m) / NASADEM / GEDI L4A
PNT-02345,Guanajuato,Guanajuato,21.02012,-101.213268,1884.86,1884.93,13.44,30.17,28.87,Cañada / Sierra Escarpada,SRTM 1 Arc-Sec (30m) / NASADEM / GEDI L4A
PNT-02346,Guanajuato,Guanajuato,21.075465,-101.224592,1870.07,1869.9,15.74,28.46,33.01,Cañada / Sierra Escarpada,SRTM 1 Arc-Sec (30m) / NASADEM / GEDI L4A
PNT-02347,Guanajuato,Guanajuato,20.949082,-101.240905,2066.0,2066.11,10.68,27.62,43.77,Cañada / Sierra Escarpada,SRTM 1 Arc-Sec (30m) / NASADEM / GEDI L4A
PNT-02348,Guanajuato,Guanajuato,20.956938,-101.276029,1931.16,1931.54,17.71,23.86,19.46,Cañada / Sierra Escarpada,SRTM 1 Arc-Sec (30m) / NASADEM / GEDI L4A
PNT-02349,Guanajuato,Guanajuato,21.079798,-101.320871,2098.26,2098.55,9.38,18.48,20.13,Cañada / Sierra Escarpada,SRTM 1 Arc-Sec (30m) / NASADEM / GEDI L4A
PNT-02350,Guanajuato,Guanajuato,20.99521,-101.282138,1791.46,1791.55,8.91,28.31,31.34,Cañada / Sierra Escarpada,SRTM 1 Arc-Sec (30m) / NASADEM / GEDI L4A
PNT-02351,Guanajuato,Guanajuato,20.968871,-101.202828,2052.23,2051.96,12.43,7.89,10.58,Cañada / Sierra Escarpada,SRTM 1 Arc-Sec (30m) / NASADEM / GEDI L4A
PNT-02352,Guanajuato,Guanajuato,21.037309,-101.260172,1778.88,1778.86,13.5,21.77,26.84,Cañada / Sierra Escarpada,SRTM 1 Arc-Sec (30m) / NASADEM / GEDI L4A
PNT-02353,Guanajuato,Guanajuato,21.047712,-101.264809,1772.54,1772.47,7.79,4.62,6.78,Cañada / Sierra Escarpada,SRTM 1 Arc-Sec (30m) / NASADEM / GEDI L4A
PNT-02354,Guanajuato,Guanajuato,21.074217,-101.28026,1899.15,1899.05,10.5,23.94,26.19,Cañada / Sierra Escarpada,SRTM 1 Arc-Sec (30m) / NASADEM / GEDI L4A
PNT-02355,Guanajuato,Guanajuato,21.030953,-101.27051,1948.12,1948.3,8.91,20.52,18.87,Cañada / Sierra Escarpada,SRTM 1 Arc-Sec (30m) / NASADEM / GEDI L4A
PNT-02356,Guanajuato,Guanajuato,20.965132,-101.234483,1913.23,1913.31,16.35,8.61,9.57,Cañada / Sierra Escarpada,SRTM 1 Arc-Sec (30m) / NASADEM / GEDI L4A
PNT-02357,Guanajuato,Guanajuato,20.942243,-101.214076,2253.8,2253.97,10.47,26.38,28.64,Cañada / Sierra Escarpada,SRTM 1 Arc-Sec (30m) / NASADEM / GEDI L4A
PNT-02358,Guanajuato,Guanajuato,20.968617,-101.181495,2170.7,2170.31,14.08,13.57,20.94,Cañada / Sierra Escarpada,SRTM 1 Arc-Sec (30m) / NASADEM / GEDI L4A
PNT-02359,Guanajuato,Guanajuato,20.951477,-101.246226,1953.78,1953.57,11.82,11.69,10.66,Cañada / Sierra Escarpada,SRTM 1 Arc-Sec (30m) / NASADEM / GEDI L4A
PNT-02360,Guanajuato,Guanajuato,21.040046,-101.298216,2118.2,2118.17,10.82,14.59,22.23,Cañada / Sierra Escarpada,SRTM 1 Arc-Sec (30m) / NASADEM / GEDI L4A
PNT-02361,Guanajuato,Guanajuato,21.084538,-101.332994,2434.31,2434.16,7.98,24.86,44.04,Cañada / Sierra Escarpada,SRTM 1 Arc-Sec (30m) / NASADEM / GEDI L4A
PNT-02362,Guanajuato,Guanajuato,21.089948,-101.294443,1734.18,1734.35,11.18,11.68,12.47,Cañada / Sierra Escarpada,SRTM 1 Arc-Sec (30m) / NASADEM / GEDI L4A
PNT-02363,Guanajuato,Guanajuato,21.07968,-101.311003,1993.29,1993.38,11.16,7.32,9.31,Cañada / Sierra Escarpada,SRTM 1 Arc-Sec (30m) / NASADEM / GEDI L4A
PNT-02364,Guanajuato,Guanajuato,21.039374,-101.201202,2141.74,2141.53,9.79,22.27,27.41,Cañada / Sierra Escarpada,SRTM 1 Arc-Sec (30m) / NASADEM / GEDI L4A
PNT-02365,Guanajuato,Guanajuato,20.957349,-101.222718,1900.21,1900.1,9.94,21.64,22.38,Cañada / Sierra Escarpada,SRTM 1 Arc-Sec (30m) / NASADEM / GEDI L4A
PNT-02366,Guanajuato,Guanajuato,20.968386,-101.335407,1518.91,1518.7,7.96,5.45,6.7,Cañada / Sierra Escarpada,SRTM 1 Arc-Sec (30m) / NASADEM / GEDI L4A
PNT-02367,Guanajuato,Guanajuato,21.065113,-101.222555,1999.71,2000.1,12.92,10.82,13.76,Cañada / Sierra Escarpada,SRTM 1 Arc-Sec (30m) / NASADEM / GEDI L4A
PNT-02368,Guanajuato,Guanajuato,20.995628,-101.280078,2109.0,2109.39,14.68,20.56,25.97,Cañada / Sierra Escarpada,SRTM 1 Arc-Sec (30m) / NASADEM / GEDI L4A
PNT-02369,Guanajuato,Guanajuato,20.953412,-101.17755,2369.72,2369.65,13.87,18.79,32.74,Cañada / Sierra Escarpada,SRTM 1 Arc-Sec (30m) / NASADEM / GEDI L4A
PNT-02370,Guanajuato,Guanajuato,20.965627,-101.29022,2092.59,2092.24,10.1,6.2,6.81,Cañada / Sierra Escarpada,SRTM 1 Arc-Sec (30m) / NASADEM / GEDI L4A
PNT-02371,Guanajuato,Guanajuato,21.02127,-101.271996,2121.01,2120.8,18.41,11.08,14.31,Cañada / Sierra Escarpada,SRTM 1 Arc-Sec (30m) / NASADEM / GEDI L4A
PNT-02372,Guanajuato,Guanajuato,21.006078,-101.290403,1998.67,1998.79,17.56,9.11,12.15,Cañada / Sierra Escarpada,SRTM 1 Arc-Sec (30m) / NASADEM / GEDI L4A
PNT-02373,Guanajuato,Guanajuato,20.989876,-101.252774,2150.27,2150.15,14.9,22.75,39.61,Cañada / Sierra Escarpada,SRTM 1 Arc-Sec (30m) / NASADEM / GEDI L4A
PNT-02374,Guanajuato,Guanajuato,21.039107,-101.313254,1881.48,1881.78,13.25,17.95,21.27,Cañada / Sierra Escarpada,SRTM 1 Arc-Sec (30m) / NASADEM / GEDI L4A
PNT-02375,Guanajuato,Guanajuato,20.948121,-101.276075,2163.97,2163.89,11.82,15.56,21.45,Cañada / Sierra Escarpada,SRTM 1 Arc-Sec (30m) / NASADEM / GEDI L4A
PNT-02376,Guanajuato,Guanajuato,21.01307,-101.310024,2024.68,2025.02,11.13,6.87,6.95,Cañada / Sierra Escarpada,SRTM 1 Arc-Sec (30m) / NASADEM / GEDI L4A
PNT-02377,Guanajuato,Guanajuato,20.998237,-101.207601,2127.5,2127.14,10.61,29.41,40.02,Cañada / Sierra Escarpada,SRTM 1 Arc-Sec (30m) / NASADEM / GEDI L4A
PNT-02378,Guanajuato,Guanajuato,21.044404,-101.27817,1905.43,1905.07,13.9,14.68,24.28,Cañada / Sierra Escarpada,SRTM 1 Arc-Sec (30m) / NASADEM / GEDI L4A
PNT-02379,Guanajuato,Guanajuato,21.059788,-101.254255,1811.66,1811.93,12.81,25.25,36.78,Cañada / Sierra Escarpada,SRTM 1 Arc-Sec (30m) / NASADEM / GEDI L4A
PNT-02380,Guanajuato,Guanajuato,21.013591,-101.182687,2078.52,2078.42,15.42,20.69,28.46,Cañada / Sierra Escarpada,SRTM 1 Arc-Sec (30m) / NASADEM / GEDI L4A
PNT-02381,Guanajuato,Guanajuato,21.002079,-101.287932,2305.93,2305.87,4.49,11.12,17.36,Cañada / Sierra Escarpada,SRTM 1 Arc-Sec (30m) / NASADEM / GEDI L4A
PNT-02382,Guanajuato,Guanajuato,21.024035,-101.326172,2182.58,2182.78,10.82,12.73,22.13,Cañada / Sierra Escarpada,SRTM 1 Arc-Sec (30m) / NASADEM / GEDI L4A
PNT-02383,Guanajuato,Guanajuato,20.951256,-101.183202,1633.76,1633.79,8.33,25.51,41.9,Cañada / Sierra Escarpada,SRTM 1 Arc-Sec (30m) / NASADEM / GEDI L4A
PNT-02384,Guanajuato,Guanajuato,21.003197,-101.268225,1904.95,1905.14,12.73,18.56,18.53,Cañada / Sierra Escarpada,SRTM 1 Arc-Sec (30m) / NASADEM / GEDI L4A
PNT-02385,Guanajuato,Guanajuato,21.025324,-101.30772,2282.96,2282.93,10.88,8.01,12.21,Cañada / Sierra Escarpada,SRTM 1 Arc-Sec (30m) / NASADEM / GEDI L4A
PNT-02386,Guanajuato,Guanajuato,20.968883,-101.218832,1476.13,1476.41,7.07,23.13,19.27,Cañada / Sierra Escarpada,SRTM 1 Arc-Sec (30m) / NASADEM / GEDI L4A
PNT-02387,Guanajuato,Guanajuato,20.986388,-101.197653,2021.62,2021.8,10.55,20.79,32.44,Cañada / Sierra Escarpada,SRTM 1 Arc-Sec (30m) / NASADEM / GEDI L4A
PNT-02388,Guanajuato,Guanajuato,21.055111,-101.226275,2109.97,2109.89,16.3,16.74,25.39,Cañada / Sierra Escarpada,SRTM 1 Arc-Sec (30m) / NASADEM / GEDI L4A
PNT-02389,Guanajuato,Guanajuato,21.079209,-101.293445,2122.41,2122.47,11.19,8.83,12.92,Cañada / Sierra Escarpada,SRTM 1 Arc-Sec (30m) / NASADEM / GEDI L4A
PNT-02390,Guanajuato,Guanajuato,21.097522,-101.205247,1859.9,1860.2,14.68,18.2,30.75,Cañada / Sierra Escarpada,SRTM 1 Arc-Sec (30m) / NASADEM / GEDI L4A
PNT-02391,Guanajuato,Guanajuato,20.991772,-101.327072,1674.54,1674.71,11.27,29.84,44.49,Cañada / Sierra Escarpada,SRTM 1 Arc-Sec (30m) / NASADEM / GEDI L4A
PNT-02392,Guanajuato,Guanajuato,21.080909,-101.264516,2126.66,2126.83,13.81,17.71,25.25,Cañada / Sierra Escarpada,SRTM 1 Arc-Sec (30m) / NASADEM / GEDI L4A
PNT-02393,Guanajuato,Guanajuato,21.051081,-101.296506,2378.82,2379.01,10.71,21.88,29.47,Cañada / Sierra Escarpada,SRTM 1 Arc-Sec (30m) / NASADEM / GEDI L4A
PNT-02394,Guanajuato,Guanajuato,21.080064,-101.265172,2188.83,2188.54,13.78,4.83,8.38,Cañada / Sierra Escarpada,SRTM 1 Arc-Sec (30m) / NASADEM / GEDI L4A
PNT-02395,Guanajuato,Guanajuato,20.962637,-101.207456,2123.3,2123.01,15.44,22.02,37.19,Cañada / Sierra Escarpada,SRTM 1 Arc-Sec (30m) / NASADEM / GEDI L4A
PNT-02396,Guanajuato,Guanajuato,21.007085,-101.270837,1855.44,1855.75,11.55,27.47,49.39,Cañada / Sierra Escarpada,SRTM 1 Arc-Sec (30m) / NASADEM / GEDI L4A
PNT-02397,Guanajuato,Guanajuato,21.032629,-101.216809,2133.31,2133.43,7.69,28.33,46.2,Cañada / Sierra Escarpada,SRTM 1 Arc-Sec (30m) / NASADEM / GEDI L4A
PNT-02398,Guanajuato,Guanajuato,21.089155,-101.197987,2080.68,2080.58,16.34,5.53,8.17,Cañada / Sierra Escarpada,SRTM 1 Arc-Sec (30m) / NASADEM / GEDI L4A
PNT-02399,Guanajuato,Guanajuato,20.991512,-101.262156,2130.7,2130.96,13.05,16.17,19.21,Cañada / Sierra Escarpada,SRTM 1 Arc-Sec (30m) / NASADEM / GEDI L4A
PNT-02400,Guanajuato,Guanajuato,20.977365,-101.277412,1814.09,1813.97,12.82,18.77,25.02,Cañada / Sierra Escarpada,SRTM 1 Arc-Sec (30m) / NASADEM / GEDI L4A
