ID_Ticket,Ciudad,Supermercado,Cantidad_Articulos,Costo_Articulos_Fisico,Costo_Articulos_AppDirecta,Costo_Articulos_AppTerceros,Gastos_Transporte_Fisico,Costo_Envio_AppDirecta,Costo_Envio_AppTerceros,Tarifa_Servicio_AppTerceros,Propina_AppDirecta,Propina_AppTerceros,Total_Tienda_Fisica,Total_App_Directa,Total_App_Terceros,Sobreprecio_AppDirecta_vs_Fisico_pct,Sobreprecio_AppTerceros_vs_Fisico_pct
TKT-00001,Querétaro,Super Aki,21,1540.61,1540.61,1933.16,44.58,39.0,88.09,69.54,21.61,46.27,1585.19,1601.22,2137.06,1.01,34.81
TKT-00002,Monterrey,Dunosusa,37,759.38,759.38,904.66,24.48,0.0,76.96,42.84,22.1,73.44,783.86,781.48,1097.9,-0.3,40.06
TKT-00003,Puebla,Bodega Aurrera,20,1173.22,1173.22,1493.04,46.16,0.0,54.22,76.12,31.72,42.07,1219.38,1204.94,1665.45,-1.18,36.58
TKT-00004,Monterrey,Chedraui,11,716.65,716.65,827.87,15.95,49.0,39.07,76.63,21.8,50.81,732.6,787.45,994.38,7.49,35.73
TKT-00005,CDMX,Bodega Aurrera,10,583.11,583.11,725.52,28.72,39.0,91.31,51.0,24.66,57.94,611.83,646.77,925.77,5.71,51.31
TKT-00006,Guadalajara,Walmart,24,694.95,694.95,839.41,28.87,39.0,76.63,63.44,53.83,33.21,723.82,787.78,1012.69,8.84,39.91
TKT-00007,CDMX,Walmart,31,907.93,907.93,1062.5,26.31,0.0,39.46,36.66,36.75,52.99,934.24,944.68,1191.61,1.12,27.55
TKT-00008,Monterrey,Soriana,31,1020.1,1020.1,1284.53,29.69,49.0,44.83,63.44,20.09,60.67,1049.79,1089.19,1453.47,3.75,38.45
TKT-00009,CDMX,Walmart,12,579.66,579.66,715.8,68.85,39.0,72.1,43.85,44.26,62.07,648.51,662.92,893.82,2.22,37.83
TKT-00010,Guadalajara,Walmart,27,1601.19,1601.19,1958.27,37.24,49.0,37.91,25.69,50.33,51.56,1638.43,1700.52,2073.43,3.79,26.55
TKT-00011,Puebla,Super Aki,30,1533.26,1533.26,1879.19,47.22,39.0,52.34,67.41,27.51,50.67,1580.48,1599.77,2049.61,1.22,29.68
TKT-00012,CDMX,La Comer,16,1564.51,1564.51,1873.54,15.83,39.0,82.55,29.48,21.39,33.87,1580.34,1624.9,2019.44,2.82,27.79
TKT-00013,Puebla,La Comer,11,1563.92,1563.92,1870.05,60.82,0.0,37.6,63.39,42.3,71.47,1624.74,1606.22,2042.51,-1.14,25.71
TKT-00014,Querétaro,La Comer,43,430.42,430.42,522.34,25.27,39.0,79.33,27.95,37.43,34.82,455.69,506.85,664.44,11.23,45.81
TKT-00015,Monterrey,Chedraui,34,627.02,627.02,738.08,58.43,49.0,86.48,41.3,37.58,51.18,685.45,713.6,917.04,4.11,33.79
TKT-00016,CDMX,Dunosusa,38,688.47,688.47,813.67,24.68,0.0,59.64,50.4,34.36,76.27,713.15,722.83,999.98,1.36,40.22
TKT-00017,Mérida,La Comer,13,1081.98,1081.98,1404.27,63.91,39.0,63.05,32.09,40.39,73.37,1145.89,1161.37,1572.78,1.35,37.25
TKT-00018,Guadalajara,La Comer,45,1483.93,1483.93,1815.69,16.75,49.0,62.97,29.16,48.81,62.93,1500.68,1581.74,1970.75,5.4,31.32
TKT-00019,Monterrey,Dunosusa,34,510.15,510.15,598.78,30.49,0.0,61.58,25.9,42.74,38.37,540.64,552.89,724.63,2.27,34.03
TKT-00020,Querétaro,Chedraui,35,1433.92,1433.92,1768.6,15.68,49.0,76.23,59.35,49.98,70.47,1449.6,1532.9,1974.65,5.75,36.22
TKT-00021,CDMX,Super Aki,40,1770.96,1770.96,2278.81,69.3,39.0,47.99,61.65,21.54,44.93,1840.26,1831.5,2433.38,-0.48,32.23
TKT-00022,Guadalajara,Walmart,21,1626.27,1626.27,1876.14,21.11,49.0,69.05,49.06,20.38,54.21,1647.38,1695.65,2048.46,2.93,24.35
TKT-00023,CDMX,Dunosusa,19,782.77,782.77,905.99,25.3,49.0,39.88,29.62,52.21,51.36,808.07,883.98,1026.85,9.39,27.07
TKT-00024,Puebla,Soriana,27,997.99,997.99,1208.7,60.62,0.0,54.56,46.31,45.29,32.97,1058.61,1043.28,1342.54,-1.45,26.82
TKT-00025,Querétaro,Bodega Aurrera,23,1719.39,1719.39,2094.02,60.2,49.0,35.38,34.81,22.2,38.38,1779.59,1790.59,2202.59,0.62,23.77
TKT-00026,Guadalajara,Walmart,26,1659.29,1659.29,1989.75,41.57,49.0,54.77,66.9,21.28,33.77,1700.86,1729.57,2145.19,1.69,26.12
TKT-00027,Guadalajara,Dunosusa,35,1110.65,1110.65,1432.9,28.77,39.0,81.05,58.98,20.28,64.46,1139.42,1169.93,1637.39,2.68,43.7
TKT-00028,Querétaro,La Comer,25,709.04,709.04,846.82,44.18,0.0,79.94,29.0,49.06,74.33,753.22,758.1,1030.09,0.65,36.76
TKT-00029,Guadalajara,Walmart,26,912.78,912.78,1135.68,40.47,49.0,82.02,58.4,48.69,64.85,953.25,1010.47,1340.95,6.0,40.67
TKT-00030,CDMX,Chedraui,20,473.88,473.88,575.86,69.45,0.0,66.09,77.42,20.81,59.76,543.33,494.69,779.13,-8.95,43.4
TKT-00031,Puebla,Bodega Aurrera,43,861.4,861.4,1026.73,29.8,49.0,93.49,69.78,53.55,39.45,891.2,963.95,1229.45,8.16,37.95
TKT-00032,Guadalajara,Bodega Aurrera,15,1588.68,1588.68,1858.33,53.27,39.0,77.02,66.6,51.55,57.09,1641.95,1679.23,2059.04,2.27,25.4
TKT-00033,Mérida,Chedraui,37,577.12,577.12,725.7,38.61,0.0,72.38,44.09,50.8,57.56,615.73,627.92,899.73,1.98,46.12
TKT-00034,CDMX,Soriana,25,1571.54,1571.54,2041.9,34.41,39.0,65.46,54.95,29.48,65.33,1605.95,1640.02,2227.64,2.12,38.71
TKT-00035,Puebla,Bodega Aurrera,30,1146.72,1146.72,1361.45,20.93,39.0,65.8,68.15,36.91,40.19,1167.65,1222.63,1535.59,4.71,31.51
TKT-00036,Monterrey,Super Aki,36,1008.92,1008.92,1260.06,41.2,0.0,88.64,77.83,37.28,72.83,1050.12,1046.2,1499.36,-0.37,42.78
TKT-00037,Mérida,Walmart,11,835.03,835.03,974.28,16.92,39.0,40.92,27.35,28.78,70.2,851.95,902.81,1112.75,5.97,30.61
TKT-00038,Querétaro,Bodega Aurrera,10,460.73,460.73,593.47,36.86,39.0,56.59,51.15,57.49,77.2,497.59,557.22,778.41,11.98,56.44
TKT-00039,CDMX,Bodega Aurrera,35,1702.15,1702.15,2000.37,39.49,39.0,54.39,46.29,50.83,65.98,1741.64,1791.98,2167.03,2.89,24.42
TKT-00040,Monterrey,Soriana,20,1398.65,1398.65,1694.71,23.29,49.0,87.97,27.31,53.22,78.29,1421.94,1500.87,1888.28,5.55,32.8
TKT-00041,Querétaro,La Comer,35,1341.39,1341.39,1595.54,29.36,39.0,74.88,26.07,22.72,39.06,1370.75,1403.11,1735.55,2.36,26.61
TKT-00042,Querétaro,Super Aki,28,1512.09,1512.09,1943.22,20.25,49.0,72.99,26.2,25.99,32.78,1532.34,1587.08,2075.19,3.57,35.43
TKT-00043,Mérida,Bodega Aurrera,25,1153.03,1153.03,1343.7,39.78,49.0,42.13,79.08,57.27,43.03,1192.81,1259.3,1507.94,5.57,26.42
TKT-00044,Guadalajara,Soriana,35,800.34,800.34,997.21,22.56,0.0,74.67,77.12,32.07,54.74,822.9,832.41,1203.74,1.16,46.28
TKT-00045,Querétaro,Bodega Aurrera,14,1515.2,1515.2,1861.95,37.19,39.0,44.15,77.02,51.78,56.46,1552.39,1605.98,2039.58,3.45,31.38
TKT-00046,Monterrey,La Comer,35,725.41,725.41,879.4,61.01,0.0,86.1,52.64,29.21,31.12,786.42,754.62,1049.26,-4.04,33.42
TKT-00047,Mérida,Super Aki,40,1559.91,1559.91,1868.48,59.17,49.0,58.1,75.91,26.89,56.6,1619.08,1635.8,2059.09,1.03,27.18
TKT-00048,CDMX,Chedraui,43,1365.96,1365.96,1744.51,47.52,39.0,74.03,77.7,47.33,37.65,1413.48,1452.29,1933.89,2.75,36.82
TKT-00049,Monterrey,Chedraui,17,661.65,661.65,805.61,65.29,0.0,47.72,75.36,57.99,76.82,726.94,719.64,1005.51,-1.0,38.32
TKT-00050,CDMX,Chedraui,29,1742.32,1742.32,2240.89,48.52,0.0,73.42,60.39,20.9,75.06,1790.84,1763.22,2449.76,-1.54,36.79
TKT-00051,Querétaro,Chedraui,24,1297.83,1297.83,1652.28,55.17,0.0,46.28,27.4,37.07,68.62,1353.0,1334.9,1794.58,-1.34,32.64
TKT-00052,Monterrey,Super Aki,35,1627.44,1627.44,1905.38,57.3,39.0,77.12,46.41,43.19,56.91,1684.74,1709.63,2085.82,1.48,23.81
TKT-00053,Puebla,Super Aki,34,1690.42,1690.42,2092.19,45.98,39.0,94.83,63.9,59.11,52.11,1736.4,1788.53,2303.03,3.0,32.63
TKT-00054,Querétaro,Super Aki,24,1706.34,1706.34,2186.32,60.98,0.0,36.43,62.46,24.1,30.67,1767.32,1730.44,2315.88,-2.09,31.04
TKT-00055,Querétaro,La Comer,24,1392.15,1392.15,1603.05,64.69,49.0,69.61,36.29,32.86,41.48,1456.84,1474.01,1750.43,1.18,20.15
TKT-00056,Querétaro,Super Aki,25,743.58,743.58,956.38,26.2,39.0,48.99,57.87,52.58,47.36,769.78,835.16,1110.6,8.49,44.27
TKT-00057,Puebla,Bodega Aurrera,36,1703.0,1703.0,2016.49,57.61,39.0,53.79,53.73,31.69,34.96,1760.61,1773.69,2158.97,0.74,22.63
TKT-00058,Monterrey,Dunosusa,30,514.73,514.73,662.72,40.87,39.0,44.66,39.71,48.7,60.92,555.6,602.43,808.01,8.43,45.43
TKT-00059,Querétaro,Chedraui,19,604.83,604.83,699.22,28.48,0.0,78.93,53.54,28.87,46.12,633.31,633.7,877.81,0.06,38.61
TKT-00060,Mérida,Super Aki,21,579.46,579.46,740.4,58.71,39.0,72.23,51.27,47.78,48.49,638.17,666.24,912.39,4.4,42.97
TKT-00061,Querétaro,Chedraui,14,1089.5,1089.5,1334.93,60.49,39.0,52.85,36.93,36.11,53.57,1149.99,1164.61,1478.28,1.27,28.55
TKT-00062,Monterrey,Walmart,16,1266.81,1266.81,1483.01,44.95,0.0,82.11,48.87,26.37,38.45,1311.76,1293.18,1652.44,-1.42,25.97
TKT-00063,Puebla,Bodega Aurrera,19,954.96,954.96,1108.86,56.23,0.0,92.87,44.78,25.28,39.44,1011.19,980.24,1285.95,-3.06,27.17
TKT-00064,Monterrey,Dunosusa,22,736.95,736.95,926.96,46.22,39.0,42.59,58.11,56.59,56.05,783.17,832.54,1083.71,6.3,38.37
TKT-00065,Puebla,Walmart,19,1504.46,1504.46,1760.9,64.69,49.0,92.53,72.62,36.84,32.65,1569.15,1590.3,1958.7,1.35,24.83
TKT-00066,Monterrey,Bodega Aurrera,21,661.94,661.94,822.98,34.37,39.0,46.35,64.66,35.74,72.44,696.31,736.68,1006.43,5.8,44.54
TKT-00067,Puebla,La Comer,22,1588.97,1588.97,1889.55,38.08,0.0,50.4,50.56,30.34,52.92,1627.05,1619.31,2043.43,-0.48,25.59
TKT-00068,Guadalajara,Dunosusa,39,604.44,604.44,697.14,30.91,39.0,56.05,33.71,43.13,58.68,635.35,686.57,845.58,8.06,33.09
TKT-00069,Mérida,Soriana,25,1606.56,1606.56,1877.84,63.12,39.0,43.83,58.1,47.27,41.12,1669.68,1692.83,2020.89,1.39,21.03
TKT-00070,Guadalajara,Walmart,20,1448.73,1448.73,1787.57,41.98,0.0,74.1,37.85,49.48,67.28,1490.71,1498.21,1966.8,0.5,31.94
TKT-00071,Puebla,Dunosusa,14,1256.96,1256.96,1536.0,53.63,39.0,64.21,53.81,35.75,69.74,1310.59,1331.71,1723.76,1.61,31.53
TKT-00072,Monterrey,Bodega Aurrera,19,1456.74,1456.74,1807.44,43.44,49.0,91.12,48.64,58.64,49.92,1500.18,1564.38,1997.12,4.28,33.13
TKT-00073,Mérida,La Comer,23,1317.66,1317.66,1667.07,49.14,39.0,42.17,38.64,24.63,76.66,1366.8,1381.29,1824.54,1.06,33.49
TKT-00074,Puebla,Dunosusa,28,588.43,588.43,739.62,39.56,39.0,72.44,42.05,27.45,48.94,627.99,654.88,903.05,4.28,43.8
TKT-00075,Guadalajara,Bodega Aurrera,18,1214.78,1214.78,1529.61,53.65,0.0,35.28,42.51,55.96,75.72,1268.43,1270.74,1683.12,0.18,32.69
TKT-00076,Mérida,Dunosusa,12,1371.05,1371.05,1638.51,24.89,0.0,38.47,34.51,55.99,47.61,1395.94,1427.04,1759.1,2.23,26.02
TKT-00077,Puebla,Bodega Aurrera,33,1185.12,1185.12,1403.6,64.65,49.0,61.02,52.72,30.89,49.77,1249.77,1265.01,1567.11,1.22,25.39
TKT-00078,Mérida,La Comer,21,1450.11,1450.11,1818.56,24.13,39.0,35.92,71.39,31.9,64.24,1474.24,1521.01,1990.11,3.17,34.99
TKT-00079,Querétaro,Bodega Aurrera,24,1198.69,1198.69,1501.24,68.06,0.0,51.32,67.56,20.74,39.03,1266.75,1219.43,1659.15,-3.74,30.98
TKT-00080,CDMX,Chedraui,29,657.51,657.51,842.25,69.84,0.0,78.83,55.63,21.39,36.26,727.35,678.9,1012.97,-6.66,39.27
TKT-00081,Querétaro,Super Aki,16,1187.51,1187.51,1472.45,56.37,49.0,90.59,77.67,52.38,53.61,1243.88,1288.89,1694.32,3.62,36.21
TKT-00082,Querétaro,Chedraui,28,831.46,831.46,1025.38,32.88,49.0,35.35,54.11,52.34,55.87,864.34,932.8,1170.71,7.92,35.45
TKT-00083,Monterrey,La Comer,20,691.23,691.23,812.14,51.03,0.0,60.47,74.44,29.05,67.49,742.26,720.28,1014.54,-2.96,36.68
TKT-00084,Querétaro,Bodega Aurrera,38,589.28,589.28,708.91,66.78,49.0,81.17,43.95,57.66,48.36,656.06,695.94,882.39,6.08,34.5
TKT-00085,Mérida,Chedraui,25,1395.81,1395.81,1703.45,24.05,0.0,61.01,33.8,24.07,75.96,1419.86,1419.88,1874.22,0.0,32.0
TKT-00086,Mérida,Dunosusa,31,914.22,914.22,1113.79,34.26,39.0,85.15,60.42,28.99,40.4,948.48,982.21,1299.76,3.56,37.04
TKT-00087,Mérida,Chedraui,25,1026.03,1026.03,1320.52,67.59,49.0,46.4,42.02,28.67,33.09,1093.62,1103.7,1442.03,0.92,31.86
TKT-00088,Puebla,La Comer,18,787.51,787.51,970.48,37.49,49.0,63.94,67.65,51.48,30.21,825.0,887.99,1132.28,7.64,37.25
TKT-00089,Monterrey,Chedraui,14,1102.36,1102.36,1404.76,45.2,39.0,53.58,57.08,49.03,47.36,1147.56,1190.39,1562.78,3.73,36.18
TKT-00090,Querétaro,Dunosusa,24,1452.19,1452.19,1738.53,62.32,39.0,86.52,29.78,29.19,55.49,1514.51,1520.38,1910.32,0.39,26.13
TKT-00091,Guadalajara,Super Aki,20,1279.85,1279.85,1620.69,47.14,49.0,85.48,34.67,20.03,44.17,1326.99,1348.88,1785.01,1.65,34.52
TKT-00092,Puebla,Dunosusa,19,1190.52,1190.52,1474.58,25.66,49.0,53.71,36.04,27.94,32.56,1216.18,1267.46,1596.89,4.22,31.3
TKT-00093,Guadalajara,Soriana,12,1135.02,1135.02,1445.15,59.87,39.0,71.54,48.11,56.24,45.3,1194.89,1230.26,1610.1,2.96,34.75
TKT-00094,Mérida,Super Aki,12,1151.14,1151.14,1443.7,46.04,0.0,43.73,77.98,46.55,51.15,1197.18,1197.69,1616.56,0.04,35.03
TKT-00095,Guadalajara,Dunosusa,39,444.65,444.65,523.9,44.13,0.0,54.93,63.75,58.61,50.65,488.78,503.26,693.23,2.96,41.83
TKT-00096,Querétaro,Soriana,40,1309.76,1309.76,1586.54,20.84,49.0,51.98,56.71,51.69,78.84,1330.6,1410.45,1774.07,6.0,33.33
TKT-00097,CDMX,Soriana,19,855.14,855.14,1082.8,51.11,49.0,56.9,57.91,20.48,73.25,906.25,924.62,1270.86,2.03,40.23
TKT-00098,Guadalajara,Walmart,14,1377.11,1377.11,1603.57,67.22,49.0,89.43,78.01,24.8,49.51,1444.33,1450.91,1820.52,0.46,26.05
TKT-00099,CDMX,Super Aki,12,808.73,808.73,940.78,25.58,39.0,46.9,41.84,25.06,66.86,834.31,872.79,1096.38,4.61,31.41
TKT-00100,CDMX,Soriana,18,1204.18,1204.18,1433.14,43.0,39.0,77.97,55.22,32.07,67.26,1247.18,1275.25,1633.59,2.25,30.98
TKT-00101,Puebla,Chedraui,36,509.52,509.52,643.16,42.77,49.0,41.77,53.38,30.07,64.79,552.29,588.59,803.1,6.57,45.41
TKT-00102,Guadalajara,Soriana,25,1256.23,1256.23,1588.76,52.54,49.0,73.63,56.0,36.04,66.34,1308.77,1341.27,1784.73,2.48,36.37
TKT-00103,Puebla,Dunosusa,11,446.16,446.16,522.12,37.59,0.0,48.47,40.95,48.81,31.98,483.75,494.97,643.52,2.32,33.03
TKT-00104,Mérida,Soriana,37,556.67,556.67,679.39,66.48,49.0,48.12,64.79,27.64,34.37,623.15,633.31,826.67,1.63,32.66
TKT-00105,Guadalajara,Soriana,42,732.27,732.27,936.96,62.56,49.0,81.34,45.74,51.68,30.46,794.83,832.95,1094.5,4.8,37.7
TKT-00106,CDMX,Super Aki,28,1056.16,1056.16,1286.42,38.63,39.0,57.62,31.52,57.39,48.09,1094.79,1152.55,1423.65,5.28,30.04
TKT-00107,Mérida,Chedraui,13,1217.66,1217.66,1440.78,62.55,0.0,68.86,51.03,30.38,49.0,1280.21,1248.04,1609.67,-2.51,25.73
TKT-00108,Guadalajara,Chedraui,27,517.15,517.15,619.6,36.5,39.0,63.42,75.05,54.86,64.36,553.65,611.01,822.43,10.36,48.55
TKT-00109,Guadalajara,Bodega Aurrera,23,676.39,676.39,873.15,26.18,0.0,88.96,62.04,46.15,60.77,702.57,722.54,1084.92,2.84,54.42
TKT-00110,Monterrey,Super Aki,24,574.12,574.12,677.59,46.53,0.0,62.49,55.33,55.98,75.87,620.65,630.1,871.28,1.52,40.38
TKT-00111,CDMX,Bodega Aurrera,23,1239.92,1239.92,1451.95,19.25,39.0,70.47,40.87,23.11,68.58,1259.17,1302.03,1631.87,3.4,29.6
TKT-00112,Guadalajara,Dunosusa,33,1414.67,1414.67,1702.07,33.48,0.0,54.06,37.35,28.99,72.71,1448.15,1443.66,1866.19,-0.31,28.87
TKT-00113,Querétaro,La Comer,36,1462.65,1462.65,1739.04,28.57,49.0,57.73,77.53,34.62,57.38,1491.22,1546.27,1931.68,3.69,29.54
TKT-00114,Querétaro,Super Aki,41,1077.63,1077.63,1370.12,63.42,49.0,69.47,37.47,20.16,41.37,1141.05,1146.79,1518.43,0.5,33.07
TKT-00115,Guadalajara,Bodega Aurrera,11,588.72,588.72,681.01,24.96,49.0,40.05,68.66,36.48,64.56,613.68,674.2,854.28,9.86,39.21
TKT-00116,Mérida,Chedraui,15,682.87,682.87,788.57,24.35,39.0,93.35,25.24,26.25,60.85,707.22,748.12,968.01,5.78,36.88
TKT-00117,CDMX,La Comer,29,1513.49,1513.49,1847.17,31.82,39.0,42.08,67.43,22.76,53.87,1545.31,1575.25,2010.55,1.94,30.11
TKT-00118,Monterrey,Dunosusa,39,1369.69,1369.69,1719.49,68.99,0.0,52.22,50.15,31.34,33.73,1438.68,1401.03,1855.59,-2.62,28.98
TKT-00119,Mérida,Walmart,36,597.93,597.93,697.08,24.46,39.0,48.54,29.82,31.46,71.09,622.39,668.39,846.53,7.39,36.01
TKT-00120,CDMX,Super Aki,24,413.82,413.82,514.79,62.97,0.0,88.35,69.52,54.76,75.77,476.79,468.58,748.43,-1.72,56.97
TKT-00121,CDMX,Bodega Aurrera,25,882.06,882.06,1018.66,31.17,39.0,37.94,67.85,52.4,40.89,913.23,973.46,1165.34,6.6,27.61
TKT-00122,Querétaro,Super Aki,30,972.04,972.04,1257.05,41.62,39.0,61.28,31.2,56.74,64.58,1013.66,1067.78,1414.11,5.34,39.51
TKT-00123,Mérida,La Comer,31,1744.68,1744.68,2242.69,21.77,49.0,78.1,77.51,21.39,76.88,1766.45,1815.07,2475.18,2.75,40.12
TKT-00124,Querétaro,Bodega Aurrera,34,1416.29,1416.29,1720.93,26.6,49.0,38.78,79.29,27.72,76.98,1442.89,1493.01,1915.98,3.47,32.79
TKT-00125,Querétaro,Super Aki,18,1179.83,1179.83,1394.09,23.64,0.0,46.09,70.43,34.7,42.83,1203.47,1214.53,1553.44,0.92,29.08
TKT-00126,Mérida,Chedraui,26,901.17,901.17,1103.08,65.04,0.0,45.17,55.42,26.2,65.6,966.21,927.37,1269.27,-4.02,31.37
TKT-00127,Guadalajara,Walmart,15,1705.89,1705.89,2137.97,22.26,0.0,53.67,45.84,44.02,54.55,1728.15,1749.91,2292.03,1.26,32.63
TKT-00128,Mérida,Walmart,19,1338.51,1338.51,1571.42,41.25,49.0,61.51,27.25,35.98,78.96,1379.76,1423.49,1739.14,3.17,26.05
TKT-00129,Monterrey,Chedraui,40,1293.02,1293.02,1512.67,53.15,49.0,52.23,44.44,54.35,36.11,1346.17,1396.37,1645.45,3.73,22.23
TKT-00130,CDMX,La Comer,14,1268.2,1268.2,1530.11,38.58,39.0,92.79,70.88,21.68,67.4,1306.78,1328.88,1761.18,1.69,34.77
TKT-00131,Puebla,La Comer,44,964.83,964.83,1201.0,48.22,39.0,78.36,64.97,26.07,47.02,1013.05,1029.9,1391.35,1.66,37.34
TKT-00132,Monterrey,Dunosusa,23,960.52,960.52,1128.35,19.33,0.0,92.97,27.75,20.08,72.87,979.85,980.6,1321.94,0.08,34.91
TKT-00133,Guadalajara,Bodega Aurrera,29,734.03,734.03,863.09,18.49,49.0,80.77,54.48,20.5,59.65,752.52,803.53,1057.99,6.78,40.59
TKT-00134,CDMX,La Comer,41,1196.56,1196.56,1493.17,30.88,49.0,82.27,35.94,46.03,51.28,1227.44,1291.59,1662.66,5.23,35.46
TKT-00135,Monterrey,Soriana,18,1321.46,1321.46,1520.58,61.04,0.0,73.0,25.84,56.65,67.25,1382.5,1378.11,1686.67,-0.32,22.0
TKT-00136,CDMX,Walmart,45,406.11,406.11,526.36,23.28,39.0,40.14,39.13,56.12,46.57,429.39,501.23,652.2,16.73,51.89
TKT-00137,CDMX,Bodega Aurrera,22,1161.07,1161.07,1379.21,52.77,49.0,77.98,40.18,24.48,72.27,1213.84,1234.55,1569.64,1.71,29.31
TKT-00138,Mérida,Chedraui,31,1353.5,1353.5,1625.49,36.09,49.0,79.6,29.73,36.67,39.25,1389.59,1439.17,1774.07,3.57,27.67
TKT-00139,Puebla,Dunosusa,14,1156.3,1156.3,1500.61,48.79,0.0,79.11,35.9,55.69,62.1,1205.09,1211.99,1677.72,0.57,39.22
TKT-00140,Guadalajara,Walmart,15,991.87,991.87,1212.4,16.66,0.0,47.73,65.3,55.03,50.74,1008.53,1046.9,1376.17,3.8,36.45
TKT-00141,Mérida,Walmart,28,923.25,923.25,1092.57,19.85,49.0,75.7,51.06,53.91,75.03,943.1,1026.16,1294.36,8.81,37.25
TKT-00142,Querétaro,Dunosusa,40,831.18,831.18,1032.81,52.01,0.0,56.76,64.68,32.83,52.0,883.19,864.01,1206.25,-2.17,36.58
TKT-00143,CDMX,Walmart,44,1324.22,1324.22,1638.03,69.49,49.0,67.31,66.83,42.28,69.7,1393.71,1415.5,1841.87,1.56,32.16
TKT-00144,Mérida,Bodega Aurrera,13,1728.54,1728.54,2083.27,16.37,39.0,93.9,67.14,20.06,37.89,1744.91,1787.6,2282.2,2.45,30.79
TKT-00145,Monterrey,Chedraui,11,1562.49,1562.49,1848.01,37.93,0.0,76.95,66.78,24.49,32.56,1600.42,1586.98,2024.3,-0.84,26.49
TKT-00146,Monterrey,La Comer,19,1051.27,1051.27,1225.12,24.77,0.0,37.18,43.78,20.28,54.11,1076.04,1071.55,1360.19,-0.42,26.41
TKT-00147,Mérida,Walmart,35,1359.53,1359.53,1602.09,54.46,39.0,93.63,34.61,39.12,56.56,1413.99,1437.65,1786.89,1.67,26.37
TKT-00148,Guadalajara,La Comer,36,1019.86,1019.86,1313.25,52.76,49.0,77.68,44.96,38.18,51.29,1072.62,1107.04,1487.18,3.21,38.65
TKT-00149,Puebla,Chedraui,19,457.27,457.27,542.46,16.7,0.0,51.28,69.42,46.93,48.63,473.97,504.2,711.79,6.38,50.18
TKT-00150,Querétaro,Bodega Aurrera,45,1379.48,1379.48,1626.9,40.02,49.0,39.36,38.06,59.95,48.21,1419.5,1488.43,1752.53,4.86,23.46
TKT-00151,Puebla,Soriana,23,1023.42,1023.42,1213.8,45.82,39.0,85.54,74.48,33.35,57.07,1069.24,1095.77,1430.89,2.48,33.82
TKT-00152,Querétaro,Bodega Aurrera,40,1747.94,1747.94,2269.04,23.74,39.0,42.64,34.25,41.37,62.01,1771.68,1828.31,2407.94,3.2,35.91
TKT-00153,Monterrey,Dunosusa,39,1150.69,1150.69,1359.16,58.43,49.0,80.75,72.22,56.37,43.95,1209.12,1256.06,1556.08,3.88,28.7
TKT-00154,CDMX,Soriana,30,655.62,655.62,775.75,52.88,0.0,44.87,59.29,22.88,42.12,708.5,678.5,922.03,-4.23,30.14
TKT-00155,Mérida,La Comer,40,837.86,837.86,1020.62,40.68,39.0,86.27,48.09,39.79,65.33,878.54,916.65,1220.31,4.34,38.9
TKT-00156,CDMX,Bodega Aurrera,14,1499.57,1499.57,1924.19,24.72,39.0,66.73,69.81,39.55,60.17,1524.29,1578.12,2120.9,3.53,39.14
TKT-00157,Mérida,Chedraui,22,590.89,590.89,746.0,56.17,0.0,87.47,28.27,57.2,42.94,647.06,648.09,904.68,0.16,39.81
TKT-00158,Puebla,Bodega Aurrera,25,821.5,821.5,1013.48,20.37,49.0,48.37,51.1,33.7,71.08,841.87,904.2,1184.03,7.4,40.64
TKT-00159,Guadalajara,La Comer,40,1151.18,1151.18,1400.69,67.25,0.0,73.95,72.38,39.55,59.89,1218.43,1190.73,1606.91,-2.27,31.88
TKT-00160,Puebla,Walmart,21,1008.36,1008.36,1210.67,20.97,39.0,77.51,71.31,52.53,44.35,1029.33,1099.89,1403.84,6.85,36.38
TKT-00161,Monterrey,La Comer,17,1500.77,1500.77,1861.19,57.92,0.0,79.96,56.26,39.07,75.06,1558.69,1539.84,2072.47,-1.21,32.96
TKT-00162,Puebla,Bodega Aurrera,29,606.81,606.81,739.7,26.44,0.0,48.98,55.4,58.93,79.91,633.25,665.74,923.99,5.13,45.91
TKT-00163,Puebla,Chedraui,25,485.36,485.36,605.09,44.56,0.0,45.78,60.19,53.03,36.63,529.92,538.39,747.69,1.6,41.09
TKT-00164,Mérida,Super Aki,20,404.98,404.98,526.13,33.35,49.0,47.0,71.63,44.02,38.55,438.33,498.0,683.31,13.61,55.89
TKT-00165,Puebla,Chedraui,17,1685.95,1685.95,1979.15,62.56,39.0,81.46,38.07,56.31,49.36,1748.51,1781.26,2148.04,1.87,22.85
TKT-00166,Mérida,Soriana,14,640.89,640.89,789.8,15.53,39.0,61.3,45.29,22.1,53.29,656.42,701.99,949.68,6.94,44.68
TKT-00167,Puebla,Super Aki,18,1063.4,1063.4,1293.58,25.96,39.0,83.86,29.24,45.17,70.52,1089.36,1147.57,1477.2,5.34,35.6
TKT-00168,CDMX,Chedraui,26,725.12,725.12,911.55,25.11,0.0,66.17,79.76,31.92,43.51,750.23,757.04,1100.99,0.91,46.75
TKT-00169,Monterrey,Bodega Aurrera,26,951.91,951.91,1130.82,63.51,49.0,55.05,28.19,28.55,78.2,1015.42,1029.46,1292.26,1.38,27.26
TKT-00170,Mérida,Chedraui,16,1304.59,1304.59,1655.67,41.87,49.0,91.33,57.92,32.76,33.97,1346.46,1386.35,1838.89,2.96,36.57
TKT-00171,Querétaro,La Comer,15,830.28,830.28,1053.52,60.98,0.0,53.36,78.29,29.21,36.07,891.26,859.49,1221.24,-3.56,37.02
TKT-00172,Guadalajara,Bodega Aurrera,36,468.09,468.09,594.33,36.8,49.0,88.87,69.17,46.71,65.22,504.89,563.8,817.59,11.67,61.93
TKT-00173,Monterrey,Soriana,40,635.25,635.25,819.15,55.9,39.0,79.51,79.93,35.04,76.88,691.15,709.29,1055.47,2.62,52.71
TKT-00174,Guadalajara,Dunosusa,45,1336.45,1336.45,1581.33,15.79,39.0,91.49,37.34,47.55,33.52,1352.24,1423.0,1743.68,5.23,28.95
TKT-00175,Puebla,Bodega Aurrera,38,1657.07,1657.07,1954.72,63.73,0.0,41.32,50.75,26.54,57.09,1720.8,1683.61,2103.88,-2.16,22.26
TKT-00176,Monterrey,Soriana,33,1038.1,1038.1,1211.87,30.48,0.0,40.41,61.07,46.77,64.29,1068.58,1084.87,1377.64,1.52,28.92
TKT-00177,Puebla,Bodega Aurrera,29,1597.39,1597.39,1936.17,62.77,0.0,38.62,32.8,20.49,66.87,1660.16,1617.88,2074.46,-2.55,24.96
TKT-00178,CDMX,Chedraui,29,1543.62,1543.62,1911.58,34.42,0.0,75.53,69.29,25.23,32.34,1578.04,1568.85,2088.74,-0.58,32.36
TKT-00179,Monterrey,Soriana,32,960.81,960.81,1152.71,67.23,39.0,68.87,39.29,43.52,38.99,1028.04,1043.33,1299.86,1.49,26.44
TKT-00180,Querétaro,Walmart,20,569.66,569.66,673.85,40.5,0.0,87.04,72.04,52.88,70.01,610.16,622.54,902.94,2.03,47.98
TKT-00181,Querétaro,La Comer,12,688.92,688.92,848.67,43.87,49.0,73.03,64.64,53.8,39.41,732.79,791.72,1025.75,8.04,39.98
TKT-00182,Guadalajara,La Comer,37,780.35,780.35,994.97,20.26,39.0,62.98,73.1,34.12,55.97,800.61,853.47,1187.02,6.6,48.26
TKT-00183,Mérida,Soriana,25,809.56,809.56,1003.54,15.32,49.0,67.97,71.17,50.75,46.61,824.88,909.31,1189.29,10.24,44.18
TKT-00184,Monterrey,Walmart,19,884.43,884.43,1106.25,52.79,49.0,39.37,46.45,54.38,37.99,937.22,987.81,1230.06,5.4,31.25
TKT-00185,CDMX,Soriana,35,1772.24,1772.24,2182.67,17.96,0.0,59.15,33.01,47.77,79.3,1790.2,1820.01,2354.13,1.67,31.5
TKT-00186,Querétaro,Dunosusa,10,1208.2,1208.2,1491.34,42.39,0.0,41.24,29.35,45.36,75.54,1250.59,1253.56,1637.47,0.24,30.94
TKT-00187,Puebla,Chedraui,38,1095.07,1095.07,1403.05,25.29,0.0,80.98,54.89,40.64,75.45,1120.36,1135.71,1614.37,1.37,44.09
TKT-00188,Guadalajara,Super Aki,36,844.98,844.98,1025.51,29.19,39.0,66.46,55.9,34.61,45.28,874.17,918.59,1193.15,5.08,36.49
TKT-00189,Puebla,Chedraui,28,1400.3,1400.3,1774.41,56.41,39.0,49.58,75.14,44.08,46.32,1456.71,1483.38,1945.45,1.83,33.55
TKT-00190,CDMX,Walmart,20,1308.7,1308.7,1517.71,52.9,39.0,45.11,67.68,53.88,59.32,1361.6,1401.58,1689.82,2.94,24.11
TKT-00191,Querétaro,Soriana,19,972.76,972.76,1127.21,50.81,49.0,88.9,51.46,56.85,55.75,1023.57,1078.61,1323.32,5.38,29.28
TKT-00192,Guadalajara,Bodega Aurrera,38,498.97,498.97,613.83,38.02,0.0,45.26,67.81,54.03,74.87,536.99,553.0,801.77,2.98,49.31
TKT-00193,Mérida,La Comer,45,468.38,468.38,608.73,45.81,0.0,90.7,55.62,37.09,62.43,514.19,505.47,817.48,-1.7,58.98
TKT-00194,Guadalajara,Bodega Aurrera,29,1731.84,1731.84,2114.21,15.61,0.0,88.44,60.72,36.91,54.31,1747.45,1768.75,2317.68,1.22,32.63
TKT-00195,Querétaro,Walmart,28,1778.07,1778.07,2100.29,43.3,0.0,58.94,58.12,43.19,79.43,1821.37,1821.26,2296.78,-0.01,26.1
TKT-00196,Puebla,Dunosusa,39,1256.03,1256.03,1606.47,68.01,49.0,89.48,42.46,42.71,76.46,1324.04,1347.74,1814.87,1.79,37.07
TKT-00197,Monterrey,Super Aki,39,1487.8,1487.8,1740.79,24.0,0.0,88.39,46.12,21.72,52.88,1511.8,1509.52,1928.18,-0.15,27.54
TKT-00198,Guadalajara,Dunosusa,18,723.1,723.1,925.82,55.64,39.0,48.96,41.23,22.2,59.36,778.74,784.3,1075.37,0.71,38.09
TKT-00199,CDMX,Soriana,21,1721.58,1721.58,2212.44,61.52,0.0,55.81,25.45,34.94,68.43,1783.1,1756.52,2362.13,-1.49,32.47
TKT-00200,Puebla,Super Aki,44,1611.69,1611.69,1929.46,31.01,0.0,42.94,38.5,23.49,54.66,1642.7,1635.18,2065.56,-0.46,25.74
TKT-00201,Monterrey,Soriana,40,1054.3,1054.3,1277.6,27.08,49.0,48.38,62.79,54.84,52.0,1081.38,1158.14,1440.77,7.1,33.23
TKT-00202,Mérida,Chedraui,23,1003.97,1003.97,1278.34,43.35,49.0,77.47,31.34,37.51,45.78,1047.32,1090.48,1432.93,4.12,36.82
TKT-00203,Puebla,Walmart,24,1428.19,1428.19,1655.21,29.87,39.0,86.6,62.25,27.45,75.76,1458.06,1494.64,1879.82,2.51,28.93
TKT-00204,Mérida,Walmart,10,613.67,613.67,719.75,18.0,49.0,35.64,54.05,28.23,59.38,631.67,690.9,868.82,9.38,37.54
TKT-00205,Monterrey,La Comer,43,1147.26,1147.26,1327.74,60.62,39.0,45.77,39.12,30.1,40.61,1207.88,1216.36,1453.24,0.7,20.31
TKT-00206,Puebla,Soriana,23,985.96,985.96,1186.17,60.86,0.0,70.94,36.44,53.32,39.11,1046.82,1039.28,1332.66,-0.72,27.31
TKT-00207,Guadalajara,Dunosusa,19,447.17,447.17,529.29,59.45,0.0,63.09,36.66,40.71,54.15,506.62,487.88,683.19,-3.7,34.85
TKT-00208,Querétaro,La Comer,31,456.42,456.42,558.68,42.23,49.0,67.6,36.06,48.01,76.96,498.65,553.43,739.3,10.99,48.26
TKT-00209,CDMX,Super Aki,15,690.64,690.64,831.68,16.71,39.0,47.51,33.26,43.95,50.34,707.35,773.59,962.79,9.36,36.11
TKT-00210,CDMX,Bodega Aurrera,32,1788.92,1788.92,2317.36,64.63,0.0,49.46,79.38,29.77,54.02,1853.55,1818.69,2500.22,-1.88,34.89
TKT-00211,Puebla,Dunosusa,32,802.59,802.59,997.29,66.4,39.0,41.41,39.42,30.94,52.87,868.99,872.53,1130.99,0.41,30.15
TKT-00212,Guadalajara,Soriana,18,551.77,551.77,667.65,45.67,49.0,65.73,64.79,33.33,58.65,597.44,634.1,856.82,6.14,43.42
TKT-00213,Guadalajara,Soriana,10,1471.95,1471.95,1745.44,33.89,0.0,47.92,33.2,45.33,31.11,1505.84,1517.28,1857.67,0.76,23.36
TKT-00214,Guadalajara,Bodega Aurrera,41,1797.51,1797.51,2105.0,67.28,39.0,36.86,48.45,41.1,55.52,1864.79,1877.61,2245.83,0.69,20.43
TKT-00215,Puebla,Super Aki,41,613.63,613.63,780.19,24.41,49.0,44.91,53.42,34.33,62.86,638.04,696.96,941.38,9.23,47.54
TKT-00216,Guadalajara,Super Aki,20,811.55,811.55,958.7,45.12,0.0,71.44,25.49,59.52,60.4,856.67,871.07,1116.03,1.68,30.28
TKT-00217,CDMX,Walmart,10,521.4,521.4,654.94,64.84,0.0,73.33,37.02,24.6,49.15,586.24,546.0,814.44,-6.86,38.93
TKT-00218,Mérida,Soriana,25,1723.96,1723.96,2239.24,23.54,0.0,89.38,60.38,52.94,51.03,1747.5,1776.9,2440.03,1.68,39.63
TKT-00219,CDMX,Chedraui,29,1676.02,1676.02,2019.19,51.78,39.0,47.72,46.02,52.28,68.3,1727.8,1767.3,2181.23,2.29,26.24
TKT-00220,Puebla,La Comer,39,1180.06,1180.06,1439.68,53.38,39.0,93.39,28.91,36.95,53.26,1233.44,1256.01,1615.24,1.83,30.95
TKT-00221,CDMX,Super Aki,20,1553.33,1553.33,1888.79,19.26,0.0,43.72,71.7,21.93,60.92,1572.59,1575.26,2065.13,0.17,31.32
TKT-00222,Guadalajara,Bodega Aurrera,16,468.14,468.14,593.46,32.73,39.0,79.55,48.71,22.77,42.63,500.87,529.91,764.35,5.8,52.6
TKT-00223,Querétaro,Soriana,37,803.16,803.16,988.06,51.84,39.0,48.71,46.41,40.44,53.51,855.0,882.6,1136.69,3.23,32.95
TKT-00224,CDMX,Chedraui,21,1020.19,1020.19,1191.03,33.51,39.0,44.54,45.74,37.12,54.95,1053.7,1096.31,1336.26,4.04,26.82
TKT-00225,Querétaro,Walmart,41,1399.23,1399.23,1747.64,38.76,49.0,72.29,57.43,40.01,48.13,1437.99,1488.24,1925.49,3.49,33.9
TKT-00226,CDMX,Chedraui,44,745.75,745.75,871.72,62.07,49.0,45.13,38.91,29.75,66.35,807.82,824.5,1022.11,2.06,26.53
TKT-00227,Mérida,Soriana,18,1753.92,1753.92,2155.9,60.84,0.0,84.05,54.74,21.85,59.99,1814.76,1775.77,2354.68,-2.15,29.75
TKT-00228,CDMX,Super Aki,11,1354.8,1354.8,1730.77,69.5,0.0,39.44,55.04,54.62,41.59,1424.3,1409.42,1866.84,-1.04,31.07
TKT-00229,Guadalajara,Walmart,21,1705.55,1705.55,2196.34,38.31,49.0,79.05,79.26,50.39,61.31,1743.86,1804.94,2415.96,3.5,38.54
TKT-00230,Puebla,Chedraui,45,563.85,563.85,730.74,54.34,49.0,84.9,64.03,55.04,74.62,618.19,667.89,954.29,8.04,54.37
TKT-00231,Puebla,Super Aki,25,1341.3,1341.3,1543.51,25.15,0.0,43.01,48.52,54.48,51.63,1366.45,1395.78,1686.67,2.15,23.43
TKT-00232,Puebla,Bodega Aurrera,17,1088.46,1088.46,1401.15,56.94,49.0,89.73,36.27,43.14,49.75,1145.4,1180.6,1576.9,3.07,37.67
TKT-00233,CDMX,Chedraui,41,1216.29,1216.29,1534.66,67.89,39.0,90.62,47.68,35.48,35.84,1284.18,1290.77,1708.8,0.51,33.07
TKT-00234,CDMX,Dunosusa,21,903.65,903.65,1166.08,60.73,39.0,89.56,65.51,22.45,72.18,964.38,965.1,1393.33,0.07,44.48
TKT-00235,Puebla,Dunosusa,45,524.9,524.9,623.96,49.66,49.0,39.69,79.74,34.56,30.27,574.56,608.46,773.66,5.9,34.65
TKT-00236,Puebla,Walmart,24,1236.03,1236.03,1600.0,38.86,0.0,70.32,56.25,24.31,48.86,1274.89,1260.34,1775.43,-1.14,39.26
TKT-00237,Querétaro,Super Aki,24,782.77,782.77,919.18,63.24,49.0,70.72,38.01,58.35,73.13,846.01,890.12,1101.04,5.21,30.15
TKT-00238,CDMX,Super Aki,39,797.09,797.09,926.69,62.45,0.0,85.97,67.4,49.57,35.62,859.54,846.66,1115.68,-1.5,29.8
TKT-00239,Puebla,Super Aki,14,1749.58,1749.58,2179.91,40.35,39.0,46.56,40.12,33.61,79.19,1789.93,1822.19,2345.78,1.8,31.05
TKT-00240,Guadalajara,La Comer,39,587.12,587.12,740.31,39.77,39.0,60.43,78.35,28.68,66.05,626.89,654.8,945.14,4.45,50.77
TKT-00241,Querétaro,Walmart,34,1594.81,1594.81,1835.4,23.33,0.0,90.37,56.55,27.58,40.74,1618.14,1622.39,2023.06,0.26,25.02
TKT-00242,Monterrey,Bodega Aurrera,22,938.35,938.35,1207.03,40.8,49.0,84.3,67.27,35.52,73.85,979.15,1022.87,1432.45,4.47,46.3
TKT-00243,Querétaro,Dunosusa,17,447.47,447.47,569.33,51.69,49.0,80.34,47.54,28.05,34.1,499.16,524.52,731.31,5.08,46.51
TKT-00244,Monterrey,La Comer,18,724.92,724.92,886.99,41.75,0.0,71.1,61.72,54.96,69.93,766.67,779.88,1089.74,1.72,42.14
TKT-00245,Querétaro,La Comer,38,1539.81,1539.81,1822.9,16.63,0.0,39.87,78.42,39.27,62.28,1556.44,1579.08,2003.47,1.45,28.72
TKT-00246,Querétaro,Soriana,26,586.2,586.2,691.28,69.04,39.0,71.03,70.38,43.54,54.57,655.24,668.74,887.26,2.06,35.41
TKT-00247,CDMX,Chedraui,15,1068.8,1068.8,1347.85,47.9,39.0,36.86,35.94,46.36,33.69,1116.7,1154.16,1454.34,3.35,30.24
TKT-00248,Querétaro,Soriana,19,771.95,771.95,892.21,22.05,39.0,49.23,40.44,45.96,72.91,794.0,856.91,1054.79,7.92,32.85
TKT-00249,Mérida,Soriana,44,1553.48,1553.48,1933.57,41.15,39.0,74.32,54.59,40.69,60.53,1594.63,1633.17,2123.01,2.42,33.13
TKT-00250,Querétaro,Chedraui,16,1620.75,1620.75,2007.87,54.13,39.0,63.13,51.65,41.75,43.66,1674.88,1701.5,2166.31,1.59,29.34
TKT-00251,Guadalajara,Walmart,43,1565.6,1565.6,1818.6,15.95,39.0,49.73,36.16,34.04,31.81,1581.55,1638.64,1936.3,3.61,22.43
TKT-00252,CDMX,Soriana,21,1750.93,1750.93,2124.89,61.57,39.0,72.54,49.4,46.28,31.98,1812.5,1836.21,2278.81,1.31,25.73
TKT-00253,Mérida,La Comer,10,775.93,775.93,972.09,45.88,39.0,40.58,55.13,53.06,57.8,821.81,867.99,1125.6,5.62,36.97
TKT-00254,Mérida,Super Aki,11,427.47,427.47,533.38,17.23,0.0,66.72,30.67,29.57,35.41,444.7,457.04,666.18,2.77,49.8
TKT-00255,Querétaro,Super Aki,26,1362.73,1362.73,1662.13,24.35,0.0,70.27,75.64,35.3,70.31,1387.08,1398.03,1878.35,0.79,35.42
TKT-00256,Monterrey,Chedraui,21,481.83,481.83,573.95,36.4,49.0,39.87,25.94,24.31,76.65,518.23,555.14,716.41,7.12,38.24
TKT-00257,Puebla,Dunosusa,28,903.33,903.33,1088.31,51.96,0.0,40.38,54.44,27.6,46.28,955.29,930.93,1229.41,-2.55,28.69
TKT-00258,Mérida,Chedraui,22,934.42,934.42,1081.84,49.33,49.0,80.04,25.56,35.16,62.83,983.75,1018.58,1250.27,3.54,27.09
TKT-00259,Puebla,Soriana,32,1253.6,1253.6,1503.5,40.85,49.0,66.03,58.06,30.24,41.64,1294.45,1332.84,1669.23,2.97,28.95
TKT-00260,Puebla,Super Aki,27,1344.55,1344.55,1695.58,51.59,0.0,42.09,40.91,55.49,38.49,1396.14,1400.04,1817.07,0.28,30.15
TKT-00261,CDMX,Dunosusa,38,585.5,585.5,679.61,51.06,49.0,40.2,40.2,30.58,53.29,636.56,665.08,813.3,4.48,27.76
TKT-00262,Mérida,Chedraui,18,432.86,432.86,504.88,16.03,49.0,79.01,41.69,29.61,49.77,448.89,511.47,675.35,13.94,50.45
TKT-00263,CDMX,Chedraui,23,786.85,786.85,967.75,56.43,0.0,72.79,63.77,23.14,57.93,843.28,809.99,1162.24,-3.95,37.82
TKT-00264,CDMX,La Comer,26,1444.15,1444.15,1741.12,31.9,39.0,66.71,29.37,56.23,47.6,1476.05,1539.38,1884.8,4.29,27.69
TKT-00265,Guadalajara,Super Aki,15,1294.9,1294.9,1618.37,29.97,0.0,80.1,41.64,38.96,74.4,1324.87,1333.86,1814.51,0.68,36.96
TKT-00266,Guadalajara,Dunosusa,12,1673.86,1673.86,2003.22,55.82,49.0,76.71,62.18,46.74,74.28,1729.68,1769.6,2216.39,2.31,28.14
TKT-00267,Mérida,Bodega Aurrera,32,681.11,681.11,825.91,57.94,39.0,39.99,64.99,37.08,50.91,739.05,757.19,981.8,2.45,32.85
TKT-00268,Monterrey,Super Aki,16,932.26,932.26,1148.94,68.52,39.0,68.83,66.9,46.4,37.87,1000.78,1017.66,1322.54,1.69,32.15
TKT-00269,Guadalajara,La Comer,41,956.02,956.02,1166.45,26.26,0.0,94.84,59.13,26.09,69.38,982.28,982.11,1389.8,-0.02,41.49
TKT-00270,Monterrey,La Comer,42,488.78,488.78,626.39,19.24,49.0,89.82,28.08,23.02,39.81,508.02,560.8,784.1,10.39,54.34
TKT-00271,Guadalajara,Soriana,38,904.39,904.39,1151.9,40.0,49.0,61.55,66.15,45.14,64.84,944.39,998.53,1344.44,5.73,42.36
TKT-00272,Querétaro,Bodega Aurrera,35,492.65,492.65,585.54,65.97,49.0,40.69,53.41,50.88,48.85,558.62,592.53,728.49,6.07,30.41
TKT-00273,Mérida,Super Aki,43,1651.21,1651.21,1975.85,48.36,39.0,65.07,41.63,55.72,75.61,1699.57,1745.93,2158.16,2.73,26.98
TKT-00274,Querétaro,La Comer,28,521.4,521.4,665.6,24.71,0.0,86.27,58.89,29.17,45.37,546.11,550.57,856.13,0.82,56.77
TKT-00275,Mérida,Soriana,17,1363.75,1363.75,1669.29,31.36,39.0,92.18,69.5,43.08,52.1,1395.11,1445.83,1883.07,3.64,34.98
TKT-00276,Mérida,Dunosusa,38,962.42,962.42,1201.4,48.25,49.0,70.17,61.61,35.15,69.25,1010.67,1046.57,1402.43,3.55,38.76
TKT-00277,Guadalajara,Dunosusa,37,895.97,895.97,1148.78,44.08,0.0,67.68,62.2,41.26,54.06,940.05,937.23,1332.72,-0.3,41.77
TKT-00278,Mérida,La Comer,38,1223.57,1223.57,1445.41,19.26,0.0,55.0,78.85,42.97,56.25,1242.83,1266.54,1635.51,1.91,31.6
TKT-00279,Querétaro,La Comer,27,675.47,675.47,843.77,47.97,49.0,67.8,39.26,34.56,30.58,723.44,759.03,981.41,4.92,35.66
TKT-00280,Querétaro,Dunosusa,16,1724.37,1724.37,2098.76,50.02,0.0,69.03,45.01,24.82,41.94,1774.39,1749.19,2254.74,-1.42,27.07
TKT-00281,Puebla,Bodega Aurrera,31,1562.48,1562.48,1800.4,40.77,39.0,49.94,42.1,57.83,71.55,1603.25,1659.31,1963.99,3.5,22.5
TKT-00282,Puebla,Super Aki,29,1513.15,1513.15,1797.98,17.99,39.0,55.67,32.4,55.99,53.04,1531.14,1608.14,1939.09,5.03,26.64
TKT-00283,Guadalajara,Dunosusa,41,423.19,423.19,517.5,48.07,49.0,63.36,26.78,28.57,77.82,471.26,500.76,685.46,6.26,45.45
TKT-00284,Monterrey,Dunosusa,39,938.27,938.27,1143.22,65.02,39.0,44.18,67.26,41.49,76.37,1003.29,1018.76,1331.03,1.54,32.67
TKT-00285,Guadalajara,Bodega Aurrera,42,1177.85,1177.85,1383.16,48.06,39.0,73.68,63.1,33.74,73.03,1225.91,1250.59,1592.97,2.01,29.94
TKT-00286,Monterrey,Dunosusa,17,1176.34,1176.34,1357.85,25.7,49.0,84.52,57.67,35.56,59.71,1202.04,1260.9,1559.75,4.9,29.76
TKT-00287,Mérida,Walmart,27,1425.17,1425.17,1769.21,24.32,39.0,70.55,70.53,54.66,30.24,1449.49,1518.83,1940.53,4.78,33.88
TKT-00288,CDMX,Dunosusa,26,483.73,483.73,591.04,18.92,39.0,51.16,55.05,51.96,73.03,502.65,574.69,770.28,14.33,53.24
TKT-00289,Monterrey,Dunosusa,40,1046.81,1046.81,1244.72,44.15,49.0,79.05,59.75,56.59,40.72,1090.96,1152.4,1424.24,5.63,30.55
TKT-00290,Guadalajara,Walmart,14,643.46,643.46,762.11,57.72,0.0,76.18,79.33,28.87,36.76,701.18,672.33,954.38,-4.11,36.11
TKT-00291,CDMX,Dunosusa,28,1744.19,1744.19,2070.69,63.87,39.0,35.83,29.28,27.79,44.91,1808.06,1810.98,2180.71,0.16,20.61
TKT-00292,CDMX,Soriana,44,1251.43,1251.43,1535.45,45.99,39.0,86.35,72.36,48.08,44.51,1297.42,1338.51,1738.67,3.17,34.01
TKT-00293,Querétaro,La Comer,16,1239.08,1239.08,1474.87,35.4,49.0,54.21,48.49,44.6,30.95,1274.48,1332.68,1608.52,4.57,26.21
TKT-00294,CDMX,Soriana,40,1465.84,1465.84,1856.36,47.53,49.0,45.98,57.24,39.59,55.88,1513.37,1554.43,2015.46,2.71,33.18
TKT-00295,Puebla,Dunosusa,37,1525.14,1525.14,1896.57,53.23,0.0,62.9,58.22,25.85,51.48,1578.37,1550.99,2069.17,-1.73,31.1
TKT-00296,Mérida,Bodega Aurrera,22,1212.17,1212.17,1405.04,61.74,49.0,93.91,58.3,50.03,44.48,1273.91,1311.2,1601.73,2.93,25.73
TKT-00297,Puebla,Bodega Aurrera,25,1612.55,1612.55,2057.2,24.0,0.0,71.58,79.41,30.67,62.07,1636.55,1643.22,2270.26,0.41,38.72
TKT-00298,Mérida,Walmart,23,579.33,579.33,692.03,15.37,0.0,78.76,75.03,52.96,31.51,594.7,632.29,877.33,6.32,47.52
TKT-00299,Mérida,Chedraui,29,1335.64,1335.64,1689.93,63.76,49.0,82.63,69.37,31.53,65.31,1399.4,1416.17,1907.24,1.2,36.29
TKT-00300,Guadalajara,Bodega Aurrera,32,566.44,566.44,699.63,53.92,0.0,48.59,73.9,57.06,43.76,620.36,623.5,865.88,0.51,39.58
TKT-00301,Querétaro,Super Aki,21,1579.89,1579.89,1839.38,27.07,39.0,71.83,60.09,57.17,60.42,1606.96,1676.06,2031.72,4.3,26.43
TKT-00302,Querétaro,La Comer,30,501.97,501.97,605.43,23.16,49.0,50.33,54.44,29.17,35.04,525.13,580.14,745.24,10.48,41.92
TKT-00303,Guadalajara,Walmart,12,1507.17,1507.17,1959.3,24.07,0.0,74.87,33.44,21.85,71.55,1531.24,1529.02,2139.16,-0.14,39.7
TKT-00304,Mérida,Dunosusa,27,564.4,564.4,718.57,31.1,0.0,45.55,39.5,37.65,40.85,595.5,602.05,844.47,1.1,41.81
TKT-00305,Querétaro,Super Aki,40,884.54,884.54,1062.47,23.88,0.0,86.6,62.97,49.57,78.61,908.42,934.11,1290.65,2.83,42.08
TKT-00306,Monterrey,Walmart,21,1460.32,1460.32,1704.09,54.97,39.0,58.37,71.03,39.36,56.72,1515.29,1538.68,1890.21,1.54,24.74
TKT-00307,Monterrey,Super Aki,19,526.33,526.33,677.39,65.08,0.0,41.46,67.49,50.96,78.34,591.41,577.29,864.68,-2.39,46.21
TKT-00308,Monterrey,Dunosusa,21,1023.64,1023.64,1284.46,62.76,39.0,47.93,77.08,43.56,71.44,1086.4,1106.2,1480.91,1.82,36.31
TKT-00309,Puebla,Super Aki,35,1023.17,1023.17,1217.95,42.61,49.0,36.23,63.15,56.21,62.87,1065.78,1128.38,1380.2,5.87,29.5
TKT-00310,CDMX,Chedraui,43,1405.0,1405.0,1719.08,44.7,0.0,44.17,38.44,53.71,52.36,1449.7,1458.71,1854.05,0.62,27.89
TKT-00311,Puebla,La Comer,34,1420.91,1420.91,1813.45,21.81,39.0,75.07,46.87,31.28,71.51,1442.72,1491.19,2006.9,3.36,39.11
TKT-00312,CDMX,Chedraui,28,1740.55,1740.55,2228.65,50.96,0.0,64.86,57.66,40.68,49.93,1791.51,1781.23,2401.1,-0.57,34.03
TKT-00313,Guadalajara,Walmart,24,1308.24,1308.24,1512.91,20.13,39.0,78.0,76.92,20.92,59.89,1328.37,1368.16,1727.72,3.0,30.06
TKT-00314,Guadalajara,Super Aki,30,1285.48,1285.48,1498.21,46.3,39.0,63.23,39.45,39.07,43.92,1331.78,1363.55,1644.81,2.39,23.5
TKT-00315,Mérida,Chedraui,32,1125.55,1125.55,1308.55,33.44,39.0,41.05,78.25,50.18,63.4,1158.99,1214.73,1491.25,4.81,28.67
TKT-00316,Guadalajara,Walmart,12,1297.58,1297.58,1679.41,28.65,0.0,41.65,61.81,47.95,77.09,1326.23,1345.53,1859.96,1.46,40.24
TKT-00317,Monterrey,Super Aki,23,1311.45,1311.45,1630.91,52.52,0.0,93.51,76.04,38.34,51.64,1363.97,1349.79,1852.1,-1.04,35.79
TKT-00318,Mérida,Walmart,43,513.02,513.02,594.99,24.4,49.0,46.11,56.71,37.75,31.69,537.42,599.77,729.5,11.6,35.74
TKT-00319,Mérida,Chedraui,37,476.34,476.34,602.82,65.38,0.0,72.18,76.78,50.15,51.26,541.72,526.49,803.04,-2.81,48.24
TKT-00320,Guadalajara,Chedraui,42,807.57,807.57,952.32,55.51,0.0,69.4,34.55,23.09,39.14,863.08,830.66,1095.41,-3.76,26.92
TKT-00321,Puebla,Walmart,45,1089.58,1089.58,1255.01,49.62,0.0,92.13,71.18,35.77,76.69,1139.2,1125.35,1495.01,-1.22,31.23
TKT-00322,CDMX,Bodega Aurrera,23,403.31,403.31,509.46,60.15,49.0,35.42,73.37,35.96,66.35,463.46,488.27,684.6,5.35,47.72
TKT-00323,Monterrey,Dunosusa,31,1034.92,1034.92,1226.28,47.45,49.0,88.66,75.23,49.65,64.24,1082.37,1133.57,1454.41,4.73,34.37
TKT-00324,Mérida,Super Aki,22,404.18,404.18,475.81,23.19,39.0,93.05,30.31,21.27,31.67,427.37,464.45,630.84,8.68,47.61
TKT-00325,Guadalajara,La Comer,37,592.25,592.25,715.22,46.03,49.0,83.7,28.12,38.4,67.32,638.28,679.65,894.36,6.48,40.12
TKT-00326,Querétaro,Soriana,31,1182.71,1182.71,1398.86,68.0,49.0,54.66,40.96,20.63,68.79,1250.71,1252.34,1563.27,0.13,24.99
TKT-00327,Mérida,Soriana,15,499.14,499.14,616.4,23.25,39.0,36.28,69.82,37.66,48.54,522.39,575.8,771.04,10.22,47.6
TKT-00328,Guadalajara,Dunosusa,15,423.59,423.59,511.53,53.94,39.0,37.85,58.09,59.85,38.39,477.53,522.44,645.86,9.4,35.25
TKT-00329,Puebla,Chedraui,30,717.89,717.89,876.66,54.89,0.0,76.81,60.02,45.04,76.59,772.78,762.93,1090.08,-1.27,41.06
TKT-00330,Monterrey,Dunosusa,12,1775.79,1775.79,2117.0,43.6,39.0,89.32,61.12,49.55,67.02,1819.39,1864.34,2334.46,2.47,28.31
TKT-00331,Mérida,Super Aki,23,1207.99,1207.99,1540.25,40.86,0.0,36.52,25.65,56.5,39.77,1248.85,1264.49,1642.19,1.25,31.5
TKT-00332,CDMX,Soriana,10,756.04,756.04,964.28,45.92,39.0,64.68,58.93,54.43,69.94,801.96,849.47,1157.83,5.92,44.38
TKT-00333,Guadalajara,Soriana,38,1491.2,1491.2,1874.83,21.21,39.0,73.2,79.64,51.94,40.48,1512.41,1582.14,2068.15,4.61,36.75
TKT-00334,Querétaro,La Comer,39,531.57,531.57,652.49,50.86,39.0,52.02,55.74,52.84,62.19,582.43,623.41,822.44,7.04,41.21
TKT-00335,Monterrey,Chedraui,41,1290.88,1290.88,1677.88,34.26,0.0,39.53,31.52,58.71,68.4,1325.14,1349.59,1817.33,1.85,37.14
TKT-00336,Guadalajara,Chedraui,20,1616.62,1616.62,2088.23,45.06,39.0,67.94,27.46,46.62,37.63,1661.68,1702.24,2221.26,2.44,33.68
TKT-00337,Guadalajara,Walmart,32,697.57,697.57,895.22,28.85,39.0,38.35,32.72,36.05,43.88,726.42,772.62,1010.17,6.36,39.06
TKT-00338,Mérida,Dunosusa,31,1374.96,1374.96,1714.51,33.57,49.0,44.9,50.72,30.91,64.69,1408.53,1454.87,1874.82,3.29,33.1
TKT-00339,Puebla,Bodega Aurrera,36,1346.59,1346.59,1709.33,27.41,0.0,48.91,67.12,34.42,76.67,1374.0,1381.01,1902.03,0.51,38.43
TKT-00340,Guadalajara,Soriana,43,1488.06,1488.06,1867.14,20.15,49.0,92.83,78.34,24.73,32.64,1508.21,1561.79,2070.95,3.55,37.31
TKT-00341,Mérida,Dunosusa,37,1091.01,1091.01,1349.44,30.07,49.0,40.75,29.66,45.49,54.19,1121.08,1185.5,1474.04,5.75,31.48
TKT-00342,Mérida,Bodega Aurrera,21,941.15,941.15,1149.35,59.04,0.0,47.35,68.97,29.4,50.9,1000.19,970.55,1316.57,-2.96,31.63
TKT-00343,CDMX,Super Aki,20,582.06,582.06,701.04,48.95,0.0,40.11,66.81,24.46,46.33,631.01,606.52,854.29,-3.88,35.38
TKT-00344,Querétaro,Walmart,23,838.08,838.08,986.07,21.42,39.0,93.92,50.9,39.78,57.71,859.5,916.86,1188.6,6.67,38.29
TKT-00345,Puebla,Chedraui,16,1441.55,1441.55,1863.67,26.88,49.0,86.88,68.14,55.62,61.35,1468.43,1546.17,2080.04,5.29,41.65
TKT-00346,Mérida,Bodega Aurrera,37,810.07,810.07,1047.27,25.35,39.0,79.56,26.0,32.18,75.01,835.42,881.25,1227.84,5.49,46.97
TKT-00347,CDMX,Bodega Aurrera,15,915.22,915.22,1100.03,24.15,0.0,89.78,62.07,45.45,78.57,939.37,960.67,1330.45,2.27,41.63
TKT-00348,CDMX,Chedraui,23,892.51,892.51,1041.2,62.71,39.0,70.32,34.73,56.72,62.57,955.22,988.23,1208.82,3.46,26.55
TKT-00349,Guadalajara,Bodega Aurrera,12,964.02,964.02,1220.36,67.65,39.0,39.82,28.35,27.9,65.24,1031.67,1030.92,1353.77,-0.07,31.22
TKT-00350,Mérida,Super Aki,14,959.78,959.78,1201.85,50.82,0.0,89.81,44.51,26.9,43.5,1010.6,986.68,1379.67,-2.37,36.52
TKT-00351,CDMX,Dunosusa,32,1146.39,1146.39,1421.31,25.56,49.0,73.29,41.76,59.52,66.28,1171.95,1254.91,1602.64,7.08,36.75
TKT-00352,CDMX,Chedraui,35,960.12,960.12,1173.99,20.3,0.0,75.99,59.84,23.79,41.46,980.42,983.91,1351.28,0.36,37.83
TKT-00353,Puebla,Chedraui,40,912.54,912.54,1146.95,50.13,39.0,48.34,69.86,24.61,35.58,962.67,976.15,1300.73,1.4,35.12
TKT-00354,Mérida,Soriana,31,1764.53,1764.53,2236.95,34.27,39.0,46.34,56.89,23.52,43.51,1798.8,1827.05,2383.69,1.57,32.52
TKT-00355,Querétaro,Walmart,11,1516.37,1516.37,1937.92,15.37,49.0,84.58,53.43,23.9,71.82,1531.74,1589.27,2147.75,3.76,40.22
TKT-00356,Guadalajara,Bodega Aurrera,32,1708.79,1708.79,2180.28,63.93,49.0,83.05,30.47,56.22,40.91,1772.72,1814.01,2334.71,2.33,31.7
TKT-00357,Guadalajara,Super Aki,29,925.94,925.94,1091.81,18.81,39.0,75.73,28.34,51.42,36.68,944.75,1016.36,1232.56,7.58,30.46
TKT-00358,Monterrey,Chedraui,31,1622.98,1622.98,1879.07,42.98,49.0,38.39,66.96,20.02,58.88,1665.96,1692.0,2043.3,1.56,22.65
TKT-00359,Guadalajara,Chedraui,14,666.85,666.85,768.8,64.89,0.0,61.86,73.86,37.43,67.61,731.74,704.28,972.13,-3.75,32.85
TKT-00360,Guadalajara,Dunosusa,38,1168.48,1168.48,1399.52,51.9,39.0,58.91,39.02,46.09,36.83,1220.38,1253.57,1534.28,2.72,25.72
TKT-00361,Querétaro,Super Aki,30,425.78,425.78,518.86,40.53,49.0,51.4,36.45,57.54,79.98,466.31,532.32,686.69,14.16,47.26
TKT-00362,Puebla,Dunosusa,35,1354.91,1354.91,1648.24,61.16,49.0,86.01,67.66,38.26,64.99,1416.07,1442.17,1866.9,1.84,31.84
TKT-00363,Monterrey,Chedraui,22,1464.6,1464.6,1841.76,63.04,39.0,46.61,59.32,43.75,66.32,1527.64,1547.35,2014.01,1.29,31.84
TKT-00364,Guadalajara,Chedraui,19,1089.65,1089.65,1347.29,58.47,39.0,50.46,48.4,59.03,74.23,1148.12,1187.68,1520.38,3.45,32.42
TKT-00365,Guadalajara,Soriana,13,1072.68,1072.68,1326.22,36.87,49.0,74.27,71.16,31.4,34.73,1109.55,1153.08,1506.38,3.92,35.76
TKT-00366,Mérida,Super Aki,40,416.68,416.68,492.09,55.03,0.0,50.47,67.54,39.07,33.37,471.71,455.75,643.47,-3.38,36.41
TKT-00367,Monterrey,Super Aki,16,1270.0,1270.0,1599.58,28.53,39.0,46.58,36.3,51.34,46.52,1298.53,1360.34,1728.98,4.76,33.15
TKT-00368,Monterrey,Chedraui,44,1096.57,1096.57,1275.98,52.65,39.0,68.62,71.58,49.91,57.42,1149.22,1185.48,1473.6,3.16,28.23
TKT-00369,Mérida,Dunosusa,32,1150.92,1150.92,1400.79,69.52,39.0,38.9,41.78,25.01,68.91,1220.44,1214.93,1550.38,-0.45,27.03
TKT-00370,CDMX,Walmart,10,1582.24,1582.24,1977.6,17.38,39.0,57.67,46.49,31.74,38.55,1599.62,1652.98,2120.31,3.34,32.55
TKT-00371,Guadalajara,Walmart,40,1392.64,1392.64,1714.88,21.26,49.0,52.57,73.56,45.31,49.63,1413.9,1486.95,1890.64,5.17,33.72
TKT-00372,Mérida,Super Aki,38,1513.4,1513.4,1832.15,55.31,49.0,76.18,45.96,22.99,45.14,1568.71,1585.39,1999.43,1.06,27.46
TKT-00373,Mérida,La Comer,31,1181.93,1181.93,1434.57,54.3,39.0,77.83,69.0,42.21,71.66,1236.23,1263.14,1653.06,2.18,33.72
TKT-00374,CDMX,Soriana,43,428.68,428.68,533.99,20.44,49.0,54.73,52.33,58.68,73.49,449.12,536.36,714.54,19.42,59.1
TKT-00375,CDMX,Dunosusa,21,1242.92,1242.92,1608.05,61.86,0.0,80.65,26.13,40.03,37.87,1304.78,1282.95,1752.7,-1.67,34.33
TKT-00376,Guadalajara,Soriana,32,645.94,645.94,825.53,49.16,49.0,82.61,58.76,35.97,45.82,695.1,730.91,1012.72,5.15,45.69
TKT-00377,Querétaro,Super Aki,16,918.35,918.35,1150.98,55.35,39.0,44.03,63.73,23.33,74.92,973.7,980.68,1333.66,0.72,36.97
TKT-00378,Mérida,Chedraui,43,738.55,738.55,956.38,42.32,39.0,55.41,26.89,59.44,78.49,780.87,836.99,1117.17,7.19,43.07
TKT-00379,CDMX,Walmart,38,563.86,563.86,707.02,17.31,39.0,54.26,28.52,42.33,59.33,581.17,645.19,849.13,11.02,46.11
TKT-00380,CDMX,Super Aki,12,1334.98,1334.98,1545.19,66.84,0.0,90.08,49.88,39.18,78.11,1401.82,1374.16,1763.26,-1.97,25.78
TKT-00381,Guadalajara,Soriana,40,1272.11,1272.11,1527.37,44.53,49.0,93.2,30.53,25.24,51.6,1316.64,1346.35,1702.7,2.26,29.32
TKT-00382,Monterrey,Chedraui,29,794.79,794.79,926.25,59.21,39.0,51.24,33.41,43.83,78.94,854.0,877.62,1089.84,2.77,27.62
TKT-00383,Mérida,Dunosusa,11,589.16,589.16,762.88,29.15,49.0,82.66,36.63,36.19,78.17,618.31,674.35,960.34,9.06,55.32
TKT-00384,CDMX,Dunosusa,10,1674.89,1674.89,2045.29,33.6,39.0,54.05,72.68,27.84,69.75,1708.49,1741.73,2241.77,1.95,31.21
TKT-00385,Puebla,Soriana,40,1678.04,1678.04,1976.95,24.89,49.0,43.5,32.8,38.16,46.37,1702.93,1765.2,2099.62,3.66,23.29
TKT-00386,CDMX,La Comer,31,1266.99,1266.99,1547.03,69.75,39.0,90.47,69.55,45.8,72.27,1336.74,1351.79,1779.32,1.13,33.11
TKT-00387,Querétaro,La Comer,42,1188.89,1188.89,1516.35,41.5,0.0,59.92,67.72,29.22,37.41,1230.39,1218.11,1681.4,-1.0,36.66
TKT-00388,Puebla,Soriana,18,1108.04,1108.04,1415.82,67.73,0.0,43.39,62.46,20.89,53.43,1175.77,1128.93,1575.1,-3.98,33.96
TKT-00389,Querétaro,Soriana,25,1237.34,1237.34,1579.24,68.41,0.0,44.52,38.22,36.69,32.56,1305.75,1274.03,1694.54,-2.43,29.78
TKT-00390,Monterrey,Soriana,21,1156.14,1156.14,1470.56,68.46,39.0,60.48,69.54,24.74,54.3,1224.6,1219.88,1654.88,-0.39,35.14
TKT-00391,CDMX,Dunosusa,10,1654.17,1654.17,2131.34,45.54,0.0,82.15,41.33,23.56,43.94,1699.71,1677.73,2298.76,-1.29,35.24
TKT-00392,Puebla,Walmart,32,1491.84,1491.84,1809.59,57.93,49.0,38.22,62.0,44.25,58.3,1549.77,1585.09,1968.11,2.28,26.99
TKT-00393,Querétaro,Soriana,34,686.56,686.56,845.93,39.62,0.0,45.71,58.4,55.33,75.32,726.18,741.89,1025.36,2.16,41.2
TKT-00394,CDMX,Dunosusa,12,703.45,703.45,862.12,35.44,39.0,75.63,34.26,41.29,32.33,738.89,783.74,1004.34,6.07,35.93
TKT-00395,CDMX,Chedraui,45,881.44,881.44,1015.11,29.44,39.0,50.9,43.25,38.98,54.32,910.88,959.42,1163.58,5.33,27.74
TKT-00396,Mérida,Super Aki,26,512.89,512.89,642.94,24.67,39.0,61.08,35.63,37.39,72.41,537.56,589.28,812.06,9.62,51.06
TKT-00397,Querétaro,Soriana,33,663.94,663.94,858.99,57.58,0.0,44.66,30.78,26.4,55.04,721.52,690.34,989.47,-4.32,37.14
TKT-00398,Mérida,Chedraui,34,730.6,730.6,862.34,33.89,39.0,41.99,48.83,53.74,75.41,764.49,823.34,1028.57,7.7,34.54
TKT-00399,Mérida,Super Aki,31,1018.24,1018.24,1242.32,52.74,0.0,59.07,70.34,53.84,48.56,1070.98,1072.08,1420.29,0.1,32.62
TKT-00400,Guadalajara,Bodega Aurrera,39,1691.08,1691.08,1990.87,16.29,39.0,60.41,34.19,56.16,55.03,1707.37,1786.24,2140.5,4.62,25.37
TKT-00401,Querétaro,Bodega Aurrera,25,1528.81,1528.81,1847.08,31.0,39.0,46.87,57.81,33.88,50.7,1559.81,1601.69,2002.46,2.68,28.38
TKT-00402,Querétaro,Soriana,10,707.28,707.28,848.3,39.38,49.0,52.86,54.29,30.27,46.36,746.66,786.55,1001.81,5.34,34.17
TKT-00403,Mérida,Walmart,45,822.67,822.67,1063.16,36.98,39.0,64.88,35.38,43.55,50.25,859.65,905.22,1213.67,5.3,41.18
TKT-00404,Mérida,Chedraui,33,796.37,796.37,958.27,20.43,0.0,53.73,34.63,43.53,67.58,816.8,839.9,1114.21,2.83,36.41
TKT-00405,Querétaro,Bodega Aurrera,13,1069.3,1069.3,1230.94,19.79,39.0,44.28,72.3,58.33,54.31,1089.09,1166.63,1401.83,7.12,28.72
TKT-00406,CDMX,Soriana,18,1031.02,1031.02,1266.95,60.37,0.0,85.23,76.3,35.92,35.03,1091.39,1066.94,1463.51,-2.24,34.1
TKT-00407,Mérida,Walmart,13,1746.64,1746.64,2206.91,61.92,49.0,44.94,55.41,41.77,55.04,1808.56,1837.41,2362.3,1.6,30.62
TKT-00408,Querétaro,La Comer,42,994.36,994.36,1176.64,46.16,49.0,64.96,29.01,26.7,39.15,1040.52,1070.06,1309.76,2.84,25.88
TKT-00409,Puebla,Walmart,30,1636.6,1636.6,1993.46,31.75,49.0,37.0,76.7,44.64,35.82,1668.35,1730.24,2142.98,3.71,28.45
TKT-00410,CDMX,La Comer,32,957.93,957.93,1182.77,57.87,0.0,76.01,66.97,23.14,30.23,1015.8,981.07,1355.98,-3.42,33.49
TKT-00411,CDMX,Bodega Aurrera,22,1170.68,1170.68,1458.87,24.37,0.0,79.45,47.31,37.13,48.46,1195.05,1207.81,1634.09,1.07,36.74
TKT-00412,Monterrey,Dunosusa,15,726.21,726.21,869.84,58.27,39.0,80.84,60.28,31.53,37.31,784.48,796.74,1048.27,1.56,33.63
TKT-00413,Guadalajara,Bodega Aurrera,38,624.4,624.4,796.73,41.94,0.0,88.3,67.49,35.28,55.12,666.34,659.68,1007.64,-1.0,51.22
TKT-00414,Mérida,Soriana,16,1783.52,1783.52,2310.19,20.68,39.0,41.64,74.3,20.31,37.1,1804.2,1842.83,2463.23,2.14,36.53
TKT-00415,Mérida,Bodega Aurrera,30,1681.79,1681.79,1978.52,52.08,39.0,38.57,71.9,57.28,60.33,1733.87,1778.07,2149.32,2.55,23.96
TKT-00416,Puebla,Soriana,26,575.49,575.49,724.08,18.65,39.0,81.32,76.04,58.05,55.93,594.14,672.54,937.37,13.2,57.77
TKT-00417,Mérida,Walmart,37,1440.96,1440.96,1766.65,28.64,49.0,74.96,40.91,24.13,37.77,1469.6,1514.09,1920.29,3.03,30.67
TKT-00418,Guadalajara,Walmart,25,1638.63,1638.63,1922.38,49.62,39.0,68.15,61.71,30.76,71.95,1688.25,1708.39,2124.19,1.19,25.82
TKT-00419,Guadalajara,Soriana,41,794.33,794.33,940.31,39.69,39.0,41.12,69.49,20.31,75.49,834.02,853.64,1126.41,2.35,35.06
TKT-00420,Querétaro,Walmart,38,963.34,963.34,1156.88,31.07,0.0,65.62,39.62,37.19,71.46,994.41,1000.53,1333.58,0.62,34.11
TKT-00421,Guadalajara,Dunosusa,42,1281.46,1281.46,1607.96,67.44,49.0,38.59,33.53,47.69,71.48,1348.9,1378.15,1751.56,2.17,29.85
TKT-00422,Monterrey,La Comer,33,529.01,529.01,624.63,51.38,0.0,84.51,51.13,55.87,45.49,580.39,584.88,805.76,0.77,38.83
TKT-00423,Puebla,Super Aki,41,677.11,677.11,820.52,34.55,0.0,81.61,27.37,44.75,66.32,711.66,721.86,995.82,1.43,39.93
TKT-00424,CDMX,Soriana,20,1362.92,1362.92,1750.49,43.22,0.0,61.29,39.61,38.73,37.49,1406.14,1401.65,1888.88,-0.32,34.33
TKT-00425,Puebla,Soriana,23,1407.43,1407.43,1795.75,53.05,39.0,52.7,48.81,28.51,75.72,1460.48,1474.94,1972.98,0.99,35.09
TKT-00426,Guadalajara,Bodega Aurrera,35,836.32,836.32,987.19,58.04,0.0,65.44,52.32,25.57,63.83,894.36,861.89,1168.78,-3.63,30.68
TKT-00427,Guadalajara,La Comer,32,1215.66,1215.66,1518.96,69.15,49.0,62.9,65.57,42.3,73.89,1284.81,1306.96,1721.32,1.72,33.97
TKT-00428,Guadalajara,Bodega Aurrera,31,1450.55,1450.55,1726.21,26.69,39.0,84.07,37.88,37.27,66.7,1477.24,1526.82,1914.86,3.36,29.62
TKT-00429,Puebla,Dunosusa,26,1133.75,1133.75,1361.63,39.37,49.0,87.9,25.53,53.56,52.33,1173.12,1236.31,1527.39,5.39,30.2
TKT-00430,CDMX,Bodega Aurrera,36,1318.26,1318.26,1669.06,23.55,49.0,43.54,48.7,30.83,67.12,1341.81,1398.09,1828.42,4.19,36.27
TKT-00431,Monterrey,Bodega Aurrera,44,1149.71,1149.71,1408.43,54.23,0.0,79.38,39.01,21.94,71.43,1203.94,1171.65,1598.25,-2.68,32.75
TKT-00432,Querétaro,Chedraui,22,1619.23,1619.23,1879.27,40.05,49.0,69.89,40.84,42.96,71.26,1659.28,1711.19,2061.26,3.13,24.23
TKT-00433,CDMX,La Comer,35,608.27,608.27,727.56,16.79,49.0,36.24,56.83,44.28,55.09,625.06,701.55,875.72,12.24,40.1
TKT-00434,Guadalajara,La Comer,38,1211.87,1211.87,1524.87,55.58,0.0,65.36,40.04,23.74,47.84,1267.45,1235.61,1678.11,-2.51,32.4
TKT-00435,Mérida,Chedraui,29,1757.76,1757.76,2172.17,34.3,49.0,60.51,68.84,55.33,49.43,1792.06,1862.09,2350.95,3.91,31.19
TKT-00436,Puebla,Chedraui,37,1421.15,1421.15,1776.54,65.44,0.0,69.01,39.28,25.16,44.91,1486.59,1446.31,1929.74,-2.71,29.81
TKT-00437,CDMX,Chedraui,25,1357.12,1357.12,1612.89,17.41,39.0,85.45,57.11,57.74,70.49,1374.53,1453.86,1825.94,5.77,32.84
TKT-00438,Puebla,Chedraui,25,741.24,741.24,904.66,48.49,0.0,83.77,30.61,25.2,59.14,789.73,766.44,1078.18,-2.95,36.53
TKT-00439,Guadalajara,Super Aki,38,1202.89,1202.89,1512.56,17.82,49.0,43.79,61.89,48.34,76.51,1220.71,1300.23,1694.75,6.51,38.83
TKT-00440,Monterrey,Super Aki,13,1245.49,1245.49,1459.24,38.84,0.0,69.45,34.14,37.72,45.67,1284.33,1283.21,1608.5,-0.09,25.24
TKT-00441,Mérida,Chedraui,27,1286.56,1286.56,1561.67,62.46,49.0,60.44,43.32,39.6,52.35,1349.02,1375.16,1717.78,1.94,27.34
TKT-00442,Querétaro,Dunosusa,37,935.18,935.18,1143.9,30.94,49.0,76.76,77.87,55.67,41.15,966.12,1039.85,1339.68,7.63,38.67
TKT-00443,Guadalajara,Walmart,37,957.28,957.28,1146.88,66.08,0.0,68.61,34.56,45.32,56.01,1023.36,1002.6,1306.06,-2.03,27.62
TKT-00444,Guadalajara,Super Aki,14,1573.9,1573.9,1852.27,56.74,39.0,76.43,66.25,24.75,53.08,1630.64,1637.65,2048.03,0.43,25.6
TKT-00445,Querétaro,Bodega Aurrera,39,1113.14,1113.14,1374.39,34.25,0.0,79.4,33.73,32.2,50.81,1147.39,1145.34,1538.33,-0.18,34.07
TKT-00446,Mérida,Dunosusa,28,1280.36,1280.36,1550.22,58.76,39.0,52.13,55.85,56.65,71.63,1339.12,1376.01,1729.83,2.75,29.18
TKT-00447,CDMX,Chedraui,27,1748.59,1748.59,2159.95,15.28,0.0,73.07,77.56,37.67,47.16,1763.87,1786.26,2357.74,1.27,33.67
TKT-00448,Guadalajara,Super Aki,19,618.37,618.37,732.84,65.94,49.0,67.53,72.45,51.41,57.0,684.31,718.78,929.82,5.04,35.88
TKT-00449,Mérida,La Comer,31,770.33,770.33,943.29,41.18,0.0,58.7,41.82,55.2,52.93,811.51,825.53,1096.74,1.73,35.15
TKT-00450,Guadalajara,La Comer,27,1549.57,1549.57,1902.46,27.91,49.0,41.68,27.31,46.92,60.07,1577.48,1645.49,2031.52,4.31,28.78
TKT-00451,CDMX,La Comer,11,782.86,782.86,920.13,25.97,39.0,65.46,36.07,38.56,79.34,808.83,860.42,1101.0,6.38,36.12
TKT-00452,Querétaro,Soriana,25,1287.09,1287.09,1541.87,52.27,0.0,49.91,79.29,27.68,47.91,1339.36,1314.77,1718.98,-1.84,28.34
TKT-00453,CDMX,Chedraui,43,1273.63,1273.63,1510.38,57.39,39.0,70.66,50.57,36.58,67.49,1331.02,1349.21,1699.1,1.37,27.65
TKT-00454,Puebla,La Comer,24,1518.79,1518.79,1813.23,47.16,0.0,79.02,70.1,47.1,38.88,1565.95,1565.89,2001.23,-0.0,27.8
TKT-00455,Guadalajara,Soriana,26,1442.89,1442.89,1708.93,15.25,49.0,80.05,39.86,33.51,58.62,1458.14,1525.4,1887.46,4.61,29.44
TKT-00456,CDMX,La Comer,43,638.22,638.22,783.06,17.5,49.0,66.94,52.1,44.16,68.96,655.72,731.38,971.06,11.54,48.09
TKT-00457,Puebla,Bodega Aurrera,37,1128.47,1128.47,1366.18,48.51,0.0,71.39,73.51,47.04,46.42,1176.98,1175.51,1557.5,-0.12,32.33
TKT-00458,CDMX,Chedraui,23,448.82,448.82,558.77,42.54,0.0,81.97,43.86,41.54,51.53,491.36,490.36,736.13,-0.2,49.81
TKT-00459,Querétaro,Dunosusa,11,640.68,640.68,777.64,45.68,39.0,51.41,42.08,42.4,74.15,686.36,722.08,945.28,5.2,37.72
TKT-00460,Guadalajara,Chedraui,45,1312.6,1312.6,1568.47,44.65,0.0,88.48,74.84,59.44,77.53,1357.25,1372.04,1809.32,1.09,33.31
TKT-00461,Querétaro,Bodega Aurrera,37,850.74,850.74,1021.76,59.48,49.0,54.54,48.47,47.56,44.65,910.22,947.3,1169.42,4.07,28.48
TKT-00462,Guadalajara,Soriana,17,1531.71,1531.71,1793.69,32.06,49.0,71.77,52.05,21.12,64.61,1563.77,1601.83,1982.12,2.43,26.75
TKT-00463,Querétaro,La Comer,26,1311.44,1311.44,1589.83,25.12,39.0,59.78,50.25,44.89,78.42,1336.56,1395.33,1778.28,4.4,33.05
TKT-00464,Puebla,Soriana,35,1589.42,1589.42,1943.56,22.38,49.0,49.61,77.07,50.56,53.18,1611.8,1688.98,2123.42,4.79,31.74
TKT-00465,Mérida,Walmart,21,1550.0,1550.0,1942.4,63.0,0.0,64.29,25.41,37.88,56.81,1613.0,1587.88,2088.91,-1.56,29.5
TKT-00466,Querétaro,Dunosusa,39,569.21,569.21,668.08,42.45,0.0,58.7,62.14,22.71,54.99,611.66,591.92,843.91,-3.23,37.97
TKT-00467,Mérida,Super Aki,45,1385.45,1385.45,1710.51,18.18,49.0,89.39,49.56,59.34,65.16,1403.63,1493.79,1914.62,6.42,36.4
TKT-00468,Guadalajara,Super Aki,42,487.95,487.95,566.72,27.69,0.0,82.38,61.35,43.74,67.75,515.64,531.69,778.2,3.11,50.92
TKT-00469,Mérida,Super Aki,18,1786.68,1786.68,2083.25,63.56,49.0,92.58,73.4,48.3,31.33,1850.24,1883.98,2280.56,1.82,23.26
TKT-00470,Mérida,Chedraui,28,1438.43,1438.43,1837.29,19.72,49.0,69.0,49.3,21.24,68.78,1458.15,1508.67,2024.37,3.46,38.83
TKT-00471,CDMX,Dunosusa,10,1414.97,1414.97,1782.98,55.84,49.0,73.59,51.16,29.24,39.3,1470.81,1493.21,1947.03,1.52,32.38
TKT-00472,Puebla,Walmart,41,1412.25,1412.25,1746.26,43.41,39.0,87.65,74.94,41.83,37.57,1455.66,1493.08,1946.42,2.57,33.71
TKT-00473,Mérida,Bodega Aurrera,40,1148.81,1148.81,1376.02,45.76,49.0,76.3,26.13,35.82,39.74,1194.57,1233.63,1518.19,3.27,27.09
TKT-00474,Mérida,La Comer,44,1649.64,1649.64,1978.12,51.04,49.0,84.48,51.12,40.93,71.59,1700.68,1739.57,2185.31,2.29,28.5
TKT-00475,Guadalajara,La Comer,22,923.53,923.53,1124.65,18.86,39.0,83.55,44.58,39.72,36.6,942.39,1002.25,1289.38,6.35,36.82
TKT-00476,Guadalajara,Chedraui,28,1688.39,1688.39,2062.16,63.83,49.0,88.88,30.59,58.82,36.38,1752.22,1796.21,2218.01,2.51,26.58
TKT-00477,Mérida,La Comer,10,440.32,440.32,540.31,44.52,49.0,89.63,56.66,31.39,77.68,484.84,520.71,764.28,7.4,57.64
TKT-00478,Monterrey,Bodega Aurrera,40,1492.14,1492.14,1887.46,64.08,39.0,59.47,67.16,58.51,60.8,1556.22,1589.65,2074.89,2.15,33.33
TKT-00479,Puebla,Dunosusa,33,1572.57,1572.57,1949.15,52.72,49.0,56.05,53.71,21.9,71.6,1625.29,1643.47,2130.51,1.12,31.08
TKT-00480,Puebla,Chedraui,16,1224.0,1224.0,1577.58,38.07,39.0,61.01,31.3,52.97,69.65,1262.07,1315.97,1739.54,4.27,37.83
TKT-00481,CDMX,Dunosusa,10,1308.85,1308.85,1680.69,65.52,0.0,71.32,63.04,36.05,79.76,1374.37,1344.9,1894.81,-2.14,37.87
TKT-00482,Mérida,Bodega Aurrera,30,674.79,674.79,789.26,42.68,0.0,94.65,47.58,32.72,50.62,717.47,707.51,982.11,-1.39,36.89
TKT-00483,Monterrey,Dunosusa,17,1766.76,1766.76,2121.26,18.75,49.0,40.18,44.3,49.15,55.4,1785.51,1864.91,2261.14,4.45,26.64
TKT-00484,Mérida,La Comer,13,1031.64,1031.64,1279.2,33.18,39.0,54.98,42.32,43.33,40.06,1064.82,1113.97,1416.56,4.62,33.03
TKT-00485,Querétaro,Soriana,33,1097.77,1097.77,1290.75,33.84,39.0,63.4,30.66,34.0,47.27,1131.61,1170.77,1432.08,3.46,26.55
TKT-00486,Guadalajara,Soriana,44,1118.72,1118.72,1294.1,69.62,0.0,58.44,45.31,50.02,79.39,1188.34,1168.74,1477.24,-1.65,24.31
TKT-00487,CDMX,La Comer,10,818.38,818.38,1057.16,47.78,39.0,39.62,27.36,47.89,70.46,866.16,905.27,1194.6,4.52,37.92
TKT-00488,CDMX,Walmart,22,1308.01,1308.01,1620.49,20.42,0.0,41.08,52.31,34.67,59.87,1328.43,1342.68,1773.75,1.07,33.52
TKT-00489,Monterrey,Super Aki,19,916.43,916.43,1107.97,24.82,49.0,40.22,39.92,41.67,48.6,941.25,1007.1,1236.71,7.0,31.39
TKT-00490,Querétaro,Bodega Aurrera,32,1649.05,1649.05,2020.75,47.18,49.0,40.95,41.26,45.94,67.58,1696.23,1743.99,2170.54,2.82,27.96
TKT-00491,Querétaro,Bodega Aurrera,22,1118.68,1118.68,1436.83,31.27,39.0,45.79,41.35,41.87,75.36,1149.95,1199.55,1599.33,4.31,39.08
TKT-00492,Mérida,La Comer,40,728.34,728.34,920.1,53.33,49.0,57.76,26.6,59.18,69.87,781.67,836.52,1074.33,7.02,37.44
TKT-00493,Monterrey,Bodega Aurrera,28,682.31,682.31,864.51,60.94,39.0,57.36,51.86,33.95,53.33,743.25,755.26,1027.06,1.62,38.18
TKT-00494,Guadalajara,Super Aki,29,1058.83,1058.83,1226.11,31.17,0.0,74.69,74.66,22.39,47.01,1090.0,1081.22,1422.47,-0.81,30.5
TKT-00495,Guadalajara,Walmart,23,825.95,825.95,1060.53,59.57,39.0,55.05,50.81,34.07,75.58,885.52,899.02,1241.97,1.52,40.25
TKT-00496,Querétaro,Chedraui,31,479.37,479.37,619.47,39.66,39.0,90.62,60.03,58.19,36.6,519.03,576.56,806.72,11.08,55.43
TKT-00497,Guadalajara,Walmart,13,1149.79,1149.79,1474.52,49.69,49.0,55.13,29.07,41.89,48.96,1199.48,1240.68,1607.68,3.43,34.03
TKT-00498,CDMX,Soriana,35,1433.34,1433.34,1825.14,32.16,39.0,75.21,42.99,22.23,32.64,1465.5,1494.57,1975.98,1.98,34.83
TKT-00499,Mérida,Chedraui,29,1353.44,1353.44,1624.81,45.33,39.0,78.2,33.57,28.33,57.18,1398.77,1420.77,1793.76,1.57,28.24
TKT-00500,Querétaro,Chedraui,33,1671.6,1671.6,1932.03,55.48,0.0,61.01,67.9,53.02,32.61,1727.08,1724.62,2093.55,-0.14,21.22
TKT-00501,Monterrey,Super Aki,37,981.1,981.1,1231.14,50.09,0.0,48.17,47.88,50.2,57.81,1031.19,1031.3,1385.0,0.01,34.31
TKT-00502,Puebla,Walmart,12,1389.16,1389.16,1668.02,68.39,49.0,41.2,47.27,45.36,71.58,1457.55,1483.52,1828.07,1.78,25.42
TKT-00503,CDMX,Super Aki,26,761.01,761.01,931.24,43.46,0.0,71.79,76.85,51.21,44.69,804.47,812.22,1124.57,0.96,39.79
TKT-00504,Guadalajara,Soriana,19,1241.81,1241.81,1433.91,33.21,0.0,40.46,76.6,34.25,51.88,1275.02,1276.06,1602.85,0.08,25.71
TKT-00505,CDMX,Dunosusa,33,1304.09,1304.09,1515.94,17.92,49.0,51.58,74.81,34.8,47.07,1322.01,1387.89,1689.4,4.98,27.79
TKT-00506,Querétaro,Soriana,12,1780.09,1780.09,2150.47,30.12,39.0,89.31,33.61,28.2,65.57,1810.21,1847.29,2338.96,2.05,29.21
TKT-00507,Mérida,Dunosusa,31,555.33,555.33,640.77,31.25,49.0,75.6,45.15,22.69,46.91,586.58,627.02,808.43,6.89,37.82
TKT-00508,Querétaro,Super Aki,41,872.17,872.17,1104.88,56.87,39.0,56.61,27.8,52.53,40.78,929.04,963.7,1230.07,3.73,32.4
TKT-00509,Mérida,Walmart,20,1761.46,1761.46,2211.55,54.52,49.0,71.53,69.97,21.2,70.89,1815.98,1831.66,2423.94,0.86,33.48
TKT-00510,CDMX,Walmart,21,942.91,942.91,1217.64,23.1,0.0,38.33,42.11,31.24,36.54,966.01,974.15,1334.62,0.84,38.16
TKT-00511,Querétaro,Dunosusa,23,520.93,520.93,624.91,28.9,49.0,57.03,28.35,47.05,54.5,549.83,616.98,764.79,12.21,39.1
TKT-00512,Monterrey,Super Aki,43,611.09,611.09,777.13,50.83,39.0,90.84,66.73,27.0,37.42,661.92,677.09,972.12,2.29,46.86
TKT-00513,Querétaro,Bodega Aurrera,16,1271.07,1271.07,1615.02,44.63,39.0,57.3,75.58,44.62,35.81,1315.7,1354.69,1783.71,2.96,35.57
TKT-00514,CDMX,La Comer,12,1015.07,1015.07,1243.03,26.78,49.0,51.76,59.3,21.96,67.9,1041.85,1086.03,1421.99,4.24,36.49
TKT-00515,Mérida,Super Aki,13,984.43,984.43,1202.98,36.25,0.0,50.94,66.83,55.92,60.56,1020.68,1040.35,1381.31,1.93,35.33
TKT-00516,Mérida,Chedraui,40,1354.72,1354.72,1715.79,18.83,0.0,37.76,45.96,37.12,45.35,1373.55,1391.84,1844.86,1.33,34.31
TKT-00517,CDMX,Soriana,16,1173.82,1173.82,1381.45,20.79,49.0,60.31,43.66,25.55,62.27,1194.61,1248.37,1547.69,4.5,29.56
TKT-00518,Puebla,La Comer,17,743.18,743.18,903.37,21.16,49.0,75.62,35.66,38.78,31.18,764.34,830.96,1045.83,8.72,36.83
TKT-00519,Mérida,La Comer,30,1495.51,1495.51,1768.5,61.7,49.0,38.01,63.02,50.04,63.66,1557.21,1594.55,1933.19,2.4,24.14
TKT-00520,Querétaro,Walmart,23,623.16,623.16,744.63,41.2,0.0,76.8,42.17,31.85,75.5,664.36,655.01,939.1,-1.41,41.35
TKT-00521,Puebla,Walmart,40,1403.91,1403.91,1716.68,66.91,49.0,53.31,52.9,36.31,61.33,1470.82,1489.22,1884.22,1.25,28.11
TKT-00522,Monterrey,Bodega Aurrera,16,1126.04,1126.04,1456.61,50.46,0.0,83.26,43.74,53.0,42.05,1176.5,1179.04,1625.66,0.22,38.18
TKT-00523,Guadalajara,Walmart,20,1571.24,1571.24,1900.51,25.54,49.0,89.81,32.07,22.81,62.19,1596.78,1643.05,2084.58,2.9,30.55
TKT-00524,Puebla,Walmart,24,1206.39,1206.39,1553.57,25.24,0.0,35.61,37.66,25.73,38.31,1231.63,1232.12,1665.15,0.04,35.2
TKT-00525,Querétaro,Super Aki,15,1747.57,1747.57,2105.73,48.28,0.0,71.12,73.14,58.76,43.93,1795.85,1806.33,2293.92,0.58,27.73
TKT-00526,Mérida,La Comer,18,1474.07,1474.07,1853.88,19.47,0.0,90.9,55.55,33.41,60.72,1493.54,1507.48,2061.05,0.93,38.0
TKT-00527,Mérida,La Comer,23,763.22,763.22,959.13,54.47,0.0,57.27,55.46,43.32,78.22,817.69,806.54,1150.08,-1.36,40.65
TKT-00528,Querétaro,Soriana,39,1619.88,1619.88,1915.96,54.98,0.0,67.55,41.68,21.03,41.69,1674.86,1640.91,2066.88,-2.03,23.41
TKT-00529,CDMX,Soriana,40,969.18,969.18,1198.75,61.66,49.0,71.33,30.96,55.7,45.28,1030.84,1073.88,1346.32,4.18,30.6
TKT-00530,Guadalajara,Dunosusa,45,740.83,740.83,908.2,30.65,39.0,43.48,55.73,30.71,47.14,771.48,810.54,1054.55,5.06,36.69
TKT-00531,Querétaro,Walmart,43,1576.22,1576.22,1953.77,47.6,49.0,80.3,44.2,48.83,73.45,1623.82,1674.05,2151.72,3.09,32.51
TKT-00532,CDMX,Chedraui,27,1740.53,1740.53,2215.73,43.73,0.0,87.07,76.82,49.56,53.7,1784.26,1790.09,2433.32,0.33,36.38
TKT-00533,Mérida,Super Aki,14,1792.38,1792.38,2076.89,59.25,39.0,94.39,61.53,58.69,67.24,1851.63,1890.07,2300.05,2.08,24.22
TKT-00534,Puebla,Bodega Aurrera,26,1739.53,1739.53,2152.54,15.7,0.0,85.41,68.71,57.13,59.32,1755.23,1796.66,2365.98,2.36,34.8
TKT-00535,Puebla,Chedraui,32,784.76,784.76,902.99,17.52,39.0,38.67,68.23,20.25,36.15,802.28,844.01,1046.04,5.2,30.38
TKT-00536,Guadalajara,La Comer,13,1377.75,1377.75,1651.99,15.1,39.0,92.64,53.77,43.49,57.43,1392.85,1460.24,1855.83,4.84,33.24
TKT-00537,Guadalajara,Walmart,42,1680.87,1680.87,2112.18,62.96,39.0,85.81,33.27,27.07,60.76,1743.83,1746.94,2292.02,0.18,31.44
TKT-00538,Querétaro,La Comer,34,1342.01,1342.01,1686.9,31.49,39.0,92.64,38.05,47.84,37.75,1373.5,1428.85,1855.34,4.03,35.08
TKT-00539,CDMX,Dunosusa,13,1084.27,1084.27,1354.68,46.93,0.0,74.41,25.79,29.67,55.41,1131.2,1113.94,1510.29,-1.53,33.51
TKT-00540,Monterrey,Chedraui,23,1028.84,1028.84,1315.06,41.94,0.0,44.66,40.33,47.09,57.04,1070.78,1075.93,1457.09,0.48,36.08
TKT-00541,Monterrey,La Comer,24,654.15,654.15,824.73,48.85,49.0,78.19,71.06,59.77,39.4,703.0,762.92,1013.38,8.52,44.15
TKT-00542,Puebla,Dunosusa,29,1027.63,1027.63,1261.46,24.4,39.0,37.68,56.6,53.65,48.12,1052.03,1120.28,1403.86,6.49,33.44
TKT-00543,Puebla,La Comer,39,1636.28,1636.28,1917.87,48.84,39.0,51.82,27.9,44.78,55.52,1685.12,1720.06,2053.11,2.07,21.84
TKT-00544,CDMX,Bodega Aurrera,21,785.8,785.8,997.31,32.52,0.0,75.25,28.82,33.74,43.22,818.32,819.54,1144.6,0.15,39.87
TKT-00545,CDMX,Walmart,11,824.8,824.8,1062.62,50.02,39.0,65.88,26.82,34.39,71.28,874.82,898.19,1226.6,2.67,40.21
TKT-00546,Querétaro,Walmart,40,825.02,825.02,1069.67,19.34,49.0,72.02,71.57,24.88,53.31,844.36,898.9,1266.57,6.46,50.0
TKT-00547,Querétaro,La Comer,43,1260.43,1260.43,1632.94,58.09,39.0,45.6,62.97,41.99,61.15,1318.52,1341.42,1802.66,1.74,36.72
TKT-00548,Guadalajara,Soriana,39,1232.91,1232.91,1551.6,60.94,39.0,53.24,71.99,31.79,46.49,1293.85,1303.7,1723.32,0.76,33.19
TKT-00549,CDMX,Walmart,32,847.66,847.66,987.01,51.58,49.0,37.41,42.06,32.09,73.76,899.24,928.75,1140.24,3.28,26.8
TKT-00550,CDMX,Walmart,15,1079.85,1079.85,1347.46,18.06,0.0,67.88,74.25,52.59,72.06,1097.91,1132.44,1561.65,3.15,42.24
TKT-00551,Querétaro,Chedraui,24,1664.74,1664.74,2126.87,44.96,0.0,43.25,79.74,41.02,55.23,1709.7,1705.76,2305.09,-0.23,34.82
TKT-00552,Monterrey,Super Aki,44,1555.35,1555.35,1863.14,31.35,49.0,73.32,72.12,40.95,73.79,1586.7,1645.3,2082.37,3.69,31.24
TKT-00553,Monterrey,Soriana,20,1689.45,1689.45,2154.6,20.27,49.0,79.23,53.76,45.62,35.95,1709.72,1784.07,2323.54,4.35,35.9
TKT-00554,Monterrey,Bodega Aurrera,21,1059.89,1059.89,1280.98,69.65,39.0,57.61,57.46,45.8,68.15,1129.54,1144.69,1464.2,1.34,29.63
TKT-00555,Querétaro,Soriana,30,931.51,931.51,1124.25,63.38,49.0,81.03,26.06,59.33,46.4,994.89,1039.84,1277.74,4.52,28.43
TKT-00556,Querétaro,La Comer,23,1460.02,1460.02,1882.06,21.81,49.0,80.54,39.89,34.53,55.88,1481.83,1543.55,2058.37,4.17,38.91
TKT-00557,Mérida,Super Aki,42,764.17,764.17,986.46,63.21,39.0,74.19,66.03,48.79,32.5,827.38,851.96,1159.18,2.97,40.1
TKT-00558,Puebla,Dunosusa,17,807.15,807.15,950.55,44.2,0.0,52.8,64.09,46.86,71.21,851.35,854.01,1138.65,0.31,33.75
TKT-00559,Mérida,Soriana,33,1035.4,1035.4,1312.51,54.01,39.0,73.84,31.05,48.15,63.39,1089.41,1122.55,1480.79,3.04,35.93
TKT-00560,Mérida,Bodega Aurrera,30,1057.42,1057.42,1266.84,36.44,39.0,67.8,63.7,42.43,52.78,1093.86,1138.85,1451.12,4.11,32.66
TKT-00561,Monterrey,Dunosusa,45,990.76,990.76,1251.98,32.67,0.0,39.68,28.4,57.16,48.86,1023.43,1047.92,1368.92,2.39,33.76
TKT-00562,Monterrey,Dunosusa,40,794.83,794.83,984.48,60.05,0.0,64.44,76.44,39.38,49.28,854.88,834.21,1174.64,-2.42,37.4
TKT-00563,Monterrey,Bodega Aurrera,15,650.35,650.35,812.57,30.81,0.0,83.96,68.92,31.15,61.17,681.16,681.5,1026.62,0.05,50.72
TKT-00564,Querétaro,La Comer,36,1448.17,1448.17,1774.94,25.64,39.0,82.65,64.24,59.59,53.9,1473.81,1546.76,1975.73,4.95,34.06
TKT-00565,Querétaro,Walmart,23,608.03,608.03,775.59,27.59,39.0,90.24,63.2,23.05,69.73,635.62,670.08,998.76,5.42,57.13
TKT-00566,Monterrey,Chedraui,34,1310.33,1310.33,1593.78,49.34,39.0,55.54,33.86,22.45,55.55,1359.67,1371.78,1738.73,0.89,27.88
TKT-00567,Puebla,Bodega Aurrera,31,1640.68,1640.68,1907.55,38.25,39.0,76.07,66.49,46.06,34.42,1678.93,1725.74,2084.53,2.79,24.16
TKT-00568,CDMX,Walmart,40,1322.22,1322.22,1542.35,62.07,39.0,81.17,71.24,57.61,41.7,1384.29,1418.83,1736.46,2.5,25.44
TKT-00569,Monterrey,Soriana,28,853.63,853.63,1072.13,41.53,0.0,79.27,25.62,31.51,75.78,895.16,885.14,1252.8,-1.12,39.95
TKT-00570,Guadalajara,Dunosusa,18,568.65,568.65,710.08,59.76,0.0,48.6,67.97,28.02,62.7,628.41,596.67,889.35,-5.05,41.52
TKT-00571,Guadalajara,Bodega Aurrera,33,1174.07,1174.07,1490.54,41.47,0.0,78.93,72.58,58.94,60.29,1215.54,1233.01,1702.34,1.44,40.05
TKT-00572,Puebla,Dunosusa,18,1503.94,1503.94,1791.5,34.22,0.0,44.11,57.02,28.06,60.66,1538.16,1532.0,1953.29,-0.4,26.99
TKT-00573,Monterrey,Super Aki,21,811.18,811.18,1037.15,32.92,49.0,63.85,46.73,30.18,46.64,844.1,890.36,1194.37,5.48,41.5
TKT-00574,Puebla,Soriana,15,1250.34,1250.34,1542.0,66.51,39.0,87.56,29.0,51.99,56.54,1316.85,1341.33,1715.1,1.86,30.24
TKT-00575,CDMX,Chedraui,11,455.77,455.77,531.18,26.06,39.0,56.89,28.36,30.0,44.03,481.83,524.77,660.46,8.91,37.07
TKT-00576,Mérida,Super Aki,14,646.62,646.62,809.6,42.09,49.0,56.37,53.49,20.87,67.21,688.71,716.49,986.67,4.03,43.26
TKT-00577,Puebla,Bodega Aurrera,43,1413.63,1413.63,1747.7,47.49,0.0,89.06,42.74,47.08,67.23,1461.12,1460.71,1946.73,-0.03,33.24
TKT-00578,Monterrey,Soriana,20,983.89,983.89,1245.86,30.63,49.0,90.33,66.23,57.11,52.31,1014.52,1090.0,1454.73,7.44,43.39
TKT-00579,Mérida,Chedraui,14,974.57,974.57,1169.72,66.39,39.0,84.74,68.8,34.79,62.55,1040.96,1048.36,1385.81,0.71,33.13
TKT-00580,Monterrey,Soriana,21,914.76,914.76,1162.67,39.18,49.0,49.83,70.54,58.76,77.31,953.94,1022.52,1360.35,7.19,42.6
TKT-00581,CDMX,Chedraui,31,420.61,420.61,484.51,19.6,0.0,54.63,37.93,37.75,42.6,440.21,458.36,619.67,4.12,40.77
TKT-00582,Monterrey,Chedraui,37,709.94,709.94,828.43,23.41,0.0,90.46,60.01,59.46,69.11,733.35,769.4,1048.01,4.92,42.91
TKT-00583,Guadalajara,Soriana,30,676.29,676.29,870.47,23.89,49.0,62.0,75.15,51.6,48.8,700.18,776.89,1056.42,10.96,50.88
TKT-00584,Monterrey,Chedraui,28,1120.88,1120.88,1411.89,18.31,0.0,63.36,73.58,50.15,75.97,1139.19,1171.03,1624.8,2.79,42.63
TKT-00585,CDMX,Super Aki,25,486.04,486.04,581.23,60.84,0.0,68.81,33.73,49.65,49.62,546.88,535.69,733.39,-2.05,34.1
TKT-00586,Mérida,Super Aki,18,1034.56,1034.56,1281.67,63.38,0.0,69.86,27.3,58.17,71.02,1097.94,1092.73,1449.85,-0.47,32.05
TKT-00587,Querétaro,Super Aki,43,1474.46,1474.46,1802.52,65.57,0.0,67.53,41.79,27.49,46.89,1540.03,1501.95,1958.73,-2.47,27.19
TKT-00588,Mérida,La Comer,15,688.8,688.8,853.29,56.75,49.0,48.01,46.34,39.06,48.32,745.55,776.86,995.96,4.2,33.59
TKT-00589,Guadalajara,Bodega Aurrera,29,783.72,783.72,924.81,16.36,0.0,78.13,27.58,59.52,65.87,800.08,843.24,1096.39,5.39,37.04
TKT-00590,Monterrey,Dunosusa,33,1647.33,1647.33,2095.5,45.32,39.0,61.58,32.1,57.53,30.63,1692.65,1743.86,2219.81,3.03,31.14
TKT-00591,Mérida,La Comer,41,1498.34,1498.34,1900.72,53.51,49.0,39.59,38.88,22.82,64.18,1551.85,1570.16,2043.37,1.18,31.67
TKT-00592,Mérida,Dunosusa,42,1486.35,1486.35,1826.69,43.84,39.0,84.73,74.73,20.79,35.35,1530.19,1546.14,2021.5,1.04,32.11
TKT-00593,Monterrey,Bodega Aurrera,24,1636.91,1636.91,1951.72,68.12,0.0,37.0,28.05,31.42,61.94,1705.03,1668.33,2078.71,-2.15,21.92
TKT-00594,Querétaro,Super Aki,15,667.49,667.49,833.65,67.75,0.0,92.75,41.41,28.92,78.09,735.24,696.41,1045.9,-5.28,42.25
TKT-00595,CDMX,Soriana,31,740.25,740.25,960.51,37.21,0.0,90.51,77.4,43.61,79.68,777.46,783.86,1208.1,0.82,55.39
TKT-00596,Guadalajara,Dunosusa,16,575.28,575.28,663.2,28.74,0.0,66.48,52.64,47.99,49.11,604.02,623.27,831.43,3.19,37.65
TKT-00597,Mérida,La Comer,40,1190.25,1190.25,1398.63,63.02,0.0,93.35,58.84,56.71,62.05,1253.27,1246.96,1612.87,-0.5,28.69
TKT-00598,Guadalajara,Soriana,41,786.19,786.19,947.92,60.74,39.0,56.96,59.59,31.28,41.17,846.93,856.47,1105.64,1.13,30.55
TKT-00599,CDMX,Bodega Aurrera,32,771.62,771.62,941.17,29.8,0.0,43.74,36.93,41.44,35.55,801.42,813.06,1057.39,1.45,31.94
TKT-00600,CDMX,Super Aki,19,1424.27,1424.27,1756.09,55.66,0.0,88.05,49.03,21.59,52.34,1479.93,1445.86,1945.51,-2.3,31.46
TKT-00601,Puebla,Super Aki,26,1272.45,1272.45,1611.84,66.71,0.0,60.4,70.04,29.57,63.97,1339.16,1302.02,1806.25,-2.77,34.88
TKT-00602,Puebla,Walmart,12,1585.15,1585.15,2036.15,65.3,39.0,68.7,47.64,28.12,39.22,1650.45,1652.27,2191.71,0.11,32.79
TKT-00603,Querétaro,Super Aki,29,1103.69,1103.69,1340.36,15.25,39.0,55.77,71.34,37.91,33.94,1118.94,1180.6,1501.41,5.51,34.18
TKT-00604,Guadalajara,Soriana,35,1799.55,1799.55,2148.29,21.51,49.0,47.82,67.88,48.84,64.89,1821.06,1897.39,2328.88,4.19,27.89
TKT-00605,Guadalajara,Bodega Aurrera,32,652.64,652.64,829.85,52.39,39.0,84.66,73.09,31.31,43.06,705.03,722.95,1030.66,2.54,46.19
TKT-00606,Monterrey,La Comer,23,1580.83,1580.83,1982.63,17.97,49.0,83.47,72.73,49.78,68.6,1598.8,1679.61,2207.43,5.05,38.07
TKT-00607,Monterrey,Dunosusa,42,429.09,429.09,555.98,45.44,39.0,36.49,45.64,31.04,56.09,474.53,499.13,694.2,5.18,46.29
TKT-00608,CDMX,Dunosusa,39,498.82,498.82,595.26,42.36,49.0,55.63,35.82,55.48,58.51,541.18,603.3,745.22,11.48,37.7
TKT-00609,Puebla,Walmart,25,1215.86,1215.86,1510.29,66.95,49.0,89.37,76.89,39.49,67.99,1282.81,1304.35,1744.54,1.68,35.99
TKT-00610,Monterrey,Bodega Aurrera,32,1151.6,1151.6,1365.15,44.09,39.0,92.14,37.34,24.6,51.63,1195.69,1215.2,1546.26,1.63,29.32
TKT-00611,Mérida,Super Aki,30,1287.24,1287.24,1510.47,48.78,0.0,86.28,33.31,33.01,54.27,1336.02,1320.25,1684.33,-1.18,26.07
TKT-00612,Monterrey,Chedraui,22,1205.15,1205.15,1510.98,61.54,39.0,63.82,36.75,54.23,45.24,1266.69,1298.38,1656.79,2.5,30.8
TKT-00613,CDMX,Walmart,44,512.02,512.02,615.44,30.16,49.0,41.82,60.81,33.89,43.61,542.18,594.91,761.68,9.73,40.48
TKT-00614,Querétaro,Chedraui,12,864.81,864.81,1084.36,49.23,49.0,42.03,73.08,23.21,67.43,914.04,937.02,1266.9,2.51,38.6
TKT-00615,Querétaro,La Comer,33,1264.79,1264.79,1478.94,16.23,39.0,84.53,64.71,22.14,42.36,1281.02,1325.93,1670.54,3.51,30.41
TKT-00616,Monterrey,Bodega Aurrera,26,1645.1,1645.1,1969.87,44.26,39.0,54.59,37.46,35.16,58.03,1689.36,1719.26,2119.95,1.77,25.49
TKT-00617,Mérida,Soriana,43,1013.47,1013.47,1240.11,56.83,49.0,94.66,36.05,42.09,67.37,1070.3,1104.56,1438.19,3.2,34.37
TKT-00618,Monterrey,Dunosusa,17,1627.29,1627.29,2115.13,42.69,0.0,51.45,69.87,28.58,41.6,1669.98,1655.87,2278.05,-0.84,36.41
TKT-00619,Guadalajara,Walmart,35,1467.83,1467.83,1789.06,31.39,39.0,79.92,76.22,50.79,37.18,1499.22,1557.62,1982.38,3.9,32.23
TKT-00620,Mérida,Super Aki,31,1235.3,1235.3,1446.73,17.12,39.0,70.68,79.14,59.34,42.47,1252.42,1333.64,1639.02,6.49,30.87
TKT-00621,Monterrey,La Comer,44,462.66,462.66,557.31,57.89,49.0,56.82,46.51,54.15,39.03,520.55,565.81,699.67,8.69,34.41
TKT-00622,Monterrey,Bodega Aurrera,10,1776.45,1776.45,2188.17,27.65,0.0,44.5,47.62,52.92,67.79,1804.1,1829.37,2348.08,1.4,30.15
TKT-00623,CDMX,Walmart,10,665.14,665.14,805.38,33.78,39.0,42.85,25.27,54.42,67.36,698.92,758.56,940.86,8.53,34.62
TKT-00624,Guadalajara,Super Aki,15,1347.36,1347.36,1728.05,41.73,0.0,61.77,34.18,55.25,40.3,1389.09,1402.61,1864.3,0.97,34.21
TKT-00625,Puebla,La Comer,17,887.45,887.45,1135.63,69.02,49.0,40.95,54.98,51.6,71.1,956.47,988.05,1302.66,3.3,36.19
TKT-00626,Querétaro,Dunosusa,31,435.79,435.79,509.9,40.58,0.0,83.63,55.32,41.83,62.0,476.37,477.62,710.85,0.26,49.22
TKT-00627,Puebla,Walmart,29,619.23,619.23,730.53,32.22,0.0,91.63,74.74,38.38,63.22,651.45,657.61,960.12,0.95,47.38
TKT-00628,Mérida,Dunosusa,27,873.18,873.18,1114.92,15.05,0.0,55.98,79.84,21.81,51.73,888.23,894.99,1302.47,0.76,46.64
TKT-00629,Puebla,Chedraui,42,535.1,535.1,679.56,38.75,39.0,67.95,79.65,36.73,65.23,573.85,610.83,892.39,6.44,55.51
TKT-00630,CDMX,Super Aki,34,1031.68,1031.68,1277.61,49.64,0.0,47.1,39.63,27.64,64.21,1081.32,1059.32,1428.55,-2.03,32.11
TKT-00631,CDMX,Super Aki,29,1337.41,1337.41,1601.31,28.65,49.0,75.04,50.61,22.79,47.85,1366.06,1409.2,1774.81,3.16,29.92
TKT-00632,Querétaro,Walmart,44,1666.0,1666.0,2038.64,68.36,49.0,37.03,30.1,55.77,33.57,1734.36,1770.77,2139.34,2.1,23.35
TKT-00633,Mérida,Bodega Aurrera,27,1105.16,1105.16,1308.37,26.67,39.0,71.92,27.96,26.86,31.09,1131.83,1171.02,1439.34,3.46,27.17
TKT-00634,CDMX,Bodega Aurrera,26,1081.57,1081.57,1245.2,36.69,39.0,48.04,53.17,52.19,66.01,1118.26,1172.76,1412.42,4.87,26.31
TKT-00635,Guadalajara,Chedraui,44,996.17,996.17,1204.63,60.67,49.0,51.45,31.59,43.69,67.68,1056.84,1088.86,1355.35,3.03,28.25
TKT-00636,CDMX,Super Aki,15,704.97,704.97,884.97,66.95,0.0,83.79,47.64,26.01,48.31,771.92,730.98,1064.71,-5.3,37.93
TKT-00637,Puebla,Chedraui,35,1530.58,1530.58,1859.99,39.74,49.0,41.95,34.51,55.95,66.41,1570.32,1635.53,2002.86,4.15,27.54
TKT-00638,Puebla,Bodega Aurrera,12,974.42,974.42,1231.61,27.47,0.0,76.51,69.01,30.51,76.03,1001.89,1004.93,1453.16,0.3,45.04
TKT-00639,Querétaro,Bodega Aurrera,15,1291.99,1291.99,1591.37,44.43,49.0,77.49,36.9,49.1,49.29,1336.42,1390.09,1755.05,4.02,31.32
TKT-00640,Puebla,Walmart,34,1594.8,1594.8,1898.98,18.67,39.0,60.8,40.57,20.76,71.65,1613.47,1654.56,2072.0,2.55,28.42
TKT-00641,Mérida,Super Aki,20,1377.17,1377.17,1719.82,39.94,0.0,71.14,44.12,26.52,60.47,1417.11,1403.69,1895.55,-0.95,33.76
TKT-00642,Querétaro,Walmart,37,603.91,603.91,730.72,65.35,39.0,44.27,56.71,42.73,78.15,669.26,685.64,909.85,2.45,35.95
TKT-00643,Guadalajara,Bodega Aurrera,28,989.75,989.75,1237.08,60.1,0.0,94.14,71.28,57.4,78.07,1049.85,1047.15,1480.57,-0.26,41.03
TKT-00644,Querétaro,Walmart,24,416.88,416.88,515.64,56.87,39.0,41.07,47.01,56.31,67.97,473.75,512.19,671.69,8.11,41.78
TKT-00645,Monterrey,Bodega Aurrera,14,1205.55,1205.55,1549.24,17.84,0.0,72.84,72.21,39.53,65.74,1223.39,1245.08,1760.03,1.77,43.86
TKT-00646,Querétaro,Bodega Aurrera,23,1475.37,1475.37,1798.33,43.66,49.0,37.79,60.33,20.33,36.15,1519.03,1544.7,1932.6,1.69,27.23
TKT-00647,Puebla,Chedraui,23,1458.38,1458.38,1718.19,48.25,0.0,60.42,47.57,59.68,48.95,1506.63,1518.06,1875.13,0.76,24.46
TKT-00648,Monterrey,Bodega Aurrera,24,1048.06,1048.06,1210.39,44.17,49.0,90.34,61.42,53.28,61.02,1092.23,1150.34,1423.17,5.32,30.3
TKT-00649,Guadalajara,Dunosusa,17,651.15,651.15,803.03,60.4,0.0,67.43,39.15,34.51,54.95,711.55,685.66,964.56,-3.64,35.56
TKT-00650,Guadalajara,Chedraui,42,477.92,477.92,590.07,38.05,0.0,82.66,61.84,53.08,75.15,515.97,531.0,809.72,2.91,56.93
TKT-00651,Guadalajara,Soriana,16,835.71,835.71,998.39,59.18,0.0,88.92,42.94,21.85,56.56,894.89,857.56,1186.81,-4.17,32.62
TKT-00652,Mérida,Chedraui,16,461.65,461.65,536.77,58.4,49.0,41.48,57.78,21.01,51.96,520.05,531.66,687.99,2.23,32.29
TKT-00653,Guadalajara,Walmart,30,1068.69,1068.69,1311.99,16.02,39.0,50.62,49.98,39.93,79.51,1084.71,1147.62,1492.1,5.8,37.56
TKT-00654,Mérida,Super Aki,41,912.82,912.82,1123.69,57.12,39.0,71.89,79.61,24.75,68.99,969.94,976.57,1344.18,0.68,38.58
TKT-00655,Puebla,La Comer,15,1200.37,1200.37,1528.66,43.78,0.0,49.42,43.72,58.57,53.34,1244.15,1258.94,1675.14,1.19,34.64
TKT-00656,CDMX,Soriana,43,485.11,485.11,603.11,51.95,0.0,64.91,60.3,41.25,42.13,537.06,526.36,770.45,-1.99,43.46
TKT-00657,Puebla,Bodega Aurrera,20,1259.78,1259.78,1583.57,38.28,0.0,83.26,30.11,29.78,55.48,1298.06,1289.56,1752.42,-0.65,35.0
TKT-00658,Guadalajara,Chedraui,42,500.36,500.36,645.74,30.78,0.0,83.96,66.89,51.75,55.89,531.14,552.11,852.48,3.95,60.5
TKT-00659,Monterrey,Soriana,15,1138.83,1138.83,1332.91,52.1,0.0,46.54,33.5,59.76,30.8,1190.93,1198.59,1443.75,0.64,21.23
TKT-00660,Guadalajara,Chedraui,44,792.22,792.22,1029.88,46.75,0.0,67.08,44.76,45.98,53.66,838.97,838.2,1195.38,-0.09,42.48
TKT-00661,Querétaro,Super Aki,20,959.91,959.91,1170.93,56.22,0.0,53.64,36.19,58.69,52.84,1016.13,1018.6,1313.6,0.24,29.27
TKT-00662,Monterrey,Soriana,17,1162.58,1162.58,1357.58,58.25,49.0,86.09,42.04,54.91,57.31,1220.83,1266.49,1543.02,3.74,26.39
TKT-00663,Puebla,Dunosusa,38,1167.0,1167.0,1379.45,56.29,0.0,69.94,28.82,27.9,31.69,1223.29,1194.9,1509.9,-2.32,23.43
TKT-00664,Mérida,Bodega Aurrera,12,1314.62,1314.62,1599.96,43.18,49.0,61.27,77.68,52.07,54.58,1357.8,1415.69,1793.49,4.26,32.09
TKT-00665,Guadalajara,Bodega Aurrera,19,507.8,507.8,606.67,65.33,49.0,50.86,58.14,40.37,78.15,573.13,597.17,793.82,4.19,38.51
TKT-00666,Querétaro,Soriana,36,597.02,597.02,736.01,25.09,39.0,41.74,49.85,31.02,58.37,622.11,667.04,885.97,7.22,42.41
TKT-00667,Guadalajara,Soriana,21,893.15,893.15,1091.73,64.06,0.0,53.89,76.88,33.44,57.26,957.21,926.59,1279.76,-3.2,33.7
TKT-00668,CDMX,Super Aki,36,1015.95,1015.95,1216.53,45.17,39.0,48.08,75.3,41.11,64.18,1061.12,1096.06,1404.09,3.29,32.32
TKT-00669,CDMX,Walmart,34,1528.02,1528.02,1805.5,40.6,49.0,36.33,29.43,37.26,38.38,1568.62,1614.28,1909.64,2.91,21.74
TKT-00670,Puebla,Walmart,37,1157.99,1157.99,1481.57,47.65,0.0,84.18,53.87,42.3,50.3,1205.64,1200.29,1669.92,-0.44,38.51
TKT-00671,Mérida,La Comer,38,1126.96,1126.96,1460.47,66.23,0.0,49.76,71.56,49.91,77.98,1193.19,1176.87,1659.77,-1.37,39.1
TKT-00672,Mérida,Walmart,22,1042.9,1042.9,1299.66,51.76,0.0,60.83,58.36,54.06,31.35,1094.66,1096.96,1450.2,0.21,32.48
TKT-00673,Guadalajara,Bodega Aurrera,16,1369.65,1369.65,1607.48,42.01,49.0,48.16,61.0,26.72,60.88,1411.66,1445.37,1777.52,2.39,25.92
TKT-00674,Monterrey,La Comer,22,1722.03,1722.03,2056.71,47.42,49.0,77.35,59.88,23.55,58.4,1769.45,1794.58,2252.34,1.42,27.29
TKT-00675,Guadalajara,Super Aki,32,855.63,855.63,1046.64,36.65,39.0,47.33,26.85,50.95,68.43,892.28,945.58,1189.25,5.97,33.28
TKT-00676,CDMX,Soriana,45,1028.33,1028.33,1323.51,36.87,49.0,89.57,51.22,47.86,39.03,1065.2,1125.19,1503.33,5.63,41.13
TKT-00677,CDMX,Chedraui,41,700.92,700.92,843.85,43.38,39.0,48.45,62.63,54.85,60.92,744.3,794.77,1015.85,6.78,36.48
TKT-00678,Puebla,La Comer,36,495.6,495.6,570.99,42.47,39.0,90.97,31.36,55.88,72.67,538.07,590.48,765.99,9.74,42.36
TKT-00679,Puebla,Bodega Aurrera,27,758.59,758.59,882.2,38.6,39.0,87.26,37.93,38.26,68.83,797.19,835.85,1076.22,4.85,35.0
TKT-00680,Monterrey,Walmart,23,1242.46,1242.46,1597.37,25.2,49.0,47.5,45.75,53.19,72.15,1267.66,1344.65,1762.77,6.07,39.06
TKT-00681,Querétaro,Super Aki,25,850.17,850.17,990.08,18.11,49.0,42.42,46.04,40.41,52.39,868.28,939.58,1130.93,8.21,30.25
TKT-00682,Monterrey,Soriana,16,617.55,617.55,754.8,15.62,0.0,36.55,46.38,46.81,37.44,633.17,664.36,875.17,4.93,38.22
TKT-00683,CDMX,Dunosusa,15,869.48,869.48,1099.78,66.01,39.0,85.32,51.35,40.34,71.42,935.49,948.82,1307.87,1.42,39.81
TKT-00684,CDMX,Chedraui,28,1015.19,1015.19,1183.56,20.34,49.0,70.59,54.44,42.06,75.14,1035.53,1106.25,1383.73,6.83,33.63
TKT-00685,Mérida,Soriana,10,1695.84,1695.84,2087.31,64.13,49.0,88.43,68.74,31.14,47.73,1759.97,1775.98,2292.21,0.91,30.24
TKT-00686,Mérida,La Comer,12,521.02,521.02,651.9,26.77,39.0,94.14,62.12,44.13,46.4,547.79,604.15,854.56,10.29,56.0
TKT-00687,CDMX,Super Aki,10,572.29,572.29,738.04,28.35,0.0,71.21,53.69,56.19,61.95,600.64,628.48,924.89,4.64,53.98
TKT-00688,Monterrey,Dunosusa,37,1754.65,1754.65,2241.25,30.77,39.0,62.41,63.02,48.97,62.34,1785.42,1842.62,2429.02,3.2,36.05
TKT-00689,Querétaro,Bodega Aurrera,29,1694.95,1694.95,2036.36,49.0,49.0,74.34,39.78,33.35,60.45,1743.95,1777.3,2210.93,1.91,26.78
TKT-00690,Guadalajara,Walmart,44,677.27,677.27,837.22,54.13,49.0,88.31,51.09,47.42,32.72,731.4,773.69,1009.34,5.78,38.0
TKT-00691,Mérida,Soriana,28,1730.03,1730.03,2093.11,29.44,39.0,84.17,75.08,27.56,60.36,1759.47,1796.59,2312.72,2.11,31.44
TKT-00692,CDMX,Bodega Aurrera,18,1398.64,1398.64,1793.1,60.14,0.0,39.42,77.68,45.57,59.5,1458.78,1444.21,1969.7,-1.0,35.02
TKT-00693,Monterrey,Bodega Aurrera,32,1018.41,1018.41,1232.78,30.47,49.0,93.65,79.15,51.92,59.87,1048.88,1119.33,1465.45,6.72,39.72
TKT-00694,Guadalajara,Bodega Aurrera,43,1176.55,1176.55,1526.08,55.14,39.0,79.87,70.94,31.87,66.16,1231.69,1247.42,1743.05,1.28,41.52
TKT-00695,Guadalajara,Walmart,32,1509.72,1509.72,1861.09,58.87,0.0,89.76,38.32,24.83,49.75,1568.59,1534.55,2038.92,-2.17,29.98
TKT-00696,CDMX,Super Aki,38,1350.4,1350.4,1683.85,67.27,0.0,54.02,26.23,22.11,33.3,1417.67,1372.51,1797.4,-3.19,26.79
TKT-00697,Monterrey,La Comer,31,1353.31,1353.31,1734.78,54.86,0.0,90.67,42.81,35.48,46.91,1408.17,1388.79,1915.17,-1.38,36.0
TKT-00698,Mérida,Bodega Aurrera,31,1020.91,1020.91,1279.93,23.7,49.0,51.77,44.35,43.87,51.7,1044.61,1113.78,1427.75,6.62,36.68
TKT-00699,CDMX,Soriana,22,1676.12,1676.12,2040.91,28.35,49.0,71.57,35.76,22.77,64.19,1704.47,1747.89,2212.43,2.55,29.8
TKT-00700,CDMX,Bodega Aurrera,14,1342.82,1342.82,1626.41,63.25,39.0,50.56,28.48,44.61,38.62,1406.07,1426.43,1744.07,1.45,24.04
TKT-00701,Guadalajara,Soriana,26,1522.93,1522.93,1775.53,49.71,0.0,77.03,67.83,26.8,41.15,1572.64,1549.73,1961.54,-1.46,24.73
TKT-00702,Querétaro,Soriana,24,903.05,903.05,1059.39,53.29,39.0,92.06,33.15,37.45,57.93,956.34,979.5,1242.53,2.42,29.93
TKT-00703,Mérida,Soriana,18,1227.12,1227.12,1594.35,47.54,49.0,79.95,66.25,49.91,47.73,1274.66,1326.03,1788.28,4.03,40.29
TKT-00704,Mérida,Bodega Aurrera,15,867.36,867.36,1002.23,25.6,39.0,82.61,70.44,43.12,59.72,892.96,949.48,1215.0,6.33,36.06
TKT-00705,Querétaro,Dunosusa,41,1542.27,1542.27,1913.87,36.69,39.0,35.84,76.69,45.47,76.47,1578.96,1626.74,2102.87,3.03,33.18
TKT-00706,Guadalajara,Walmart,43,534.25,534.25,620.04,37.77,0.0,87.45,74.76,55.83,55.71,572.02,590.08,837.96,3.16,46.49
TKT-00707,Querétaro,La Comer,32,1086.72,1086.72,1360.78,43.14,39.0,42.96,73.55,23.62,55.23,1129.86,1149.34,1532.52,1.72,35.64
TKT-00708,Puebla,Super Aki,26,1107.16,1107.16,1345.76,19.2,0.0,51.96,29.87,32.67,62.36,1126.36,1139.83,1489.95,1.2,32.28
TKT-00709,Mérida,Walmart,17,1730.46,1730.46,1995.34,15.93,39.0,50.68,30.7,27.23,79.47,1746.39,1796.69,2156.19,2.88,23.47
TKT-00710,CDMX,Bodega Aurrera,24,1352.31,1352.31,1583.84,53.95,39.0,90.1,71.9,59.17,66.77,1406.26,1450.48,1812.61,3.14,28.9
TKT-00711,Monterrey,La Comer,43,1016.94,1016.94,1290.96,54.07,49.0,75.83,45.52,58.01,36.74,1071.01,1123.95,1449.05,4.94,35.3
TKT-00712,CDMX,Chedraui,45,1687.22,1687.22,2031.93,63.24,0.0,89.04,68.56,36.86,52.97,1750.46,1724.08,2242.5,-1.51,28.11
TKT-00713,Querétaro,Dunosusa,26,490.02,490.02,595.81,39.86,39.0,40.29,43.81,21.51,66.3,529.88,550.53,746.21,3.9,40.83
TKT-00714,Guadalajara,Walmart,45,481.17,481.17,604.67,48.67,39.0,48.79,72.06,41.37,48.94,529.84,561.54,774.46,5.98,46.17
TKT-00715,Monterrey,Bodega Aurrera,21,407.62,407.62,505.72,38.09,0.0,37.51,75.57,20.99,42.98,445.71,428.61,661.78,-3.84,48.48
TKT-00716,Guadalajara,Walmart,36,1238.85,1238.85,1427.22,25.0,39.0,74.72,57.87,21.71,76.62,1263.85,1299.56,1636.43,2.83,29.48
TKT-00717,Monterrey,Walmart,28,1399.15,1399.15,1616.16,44.2,39.0,69.72,68.51,58.48,41.16,1443.35,1496.63,1795.55,3.69,24.4
TKT-00718,Querétaro,Walmart,35,644.41,644.41,799.86,27.58,39.0,87.23,62.3,41.1,32.35,671.99,724.51,981.74,7.82,46.09
TKT-00719,Monterrey,Walmart,25,471.05,471.05,559.19,37.14,49.0,94.81,27.91,26.82,66.5,508.19,546.87,748.41,7.61,47.27
TKT-00720,Guadalajara,Dunosusa,25,1159.69,1159.69,1470.23,52.66,49.0,48.03,70.65,36.28,48.22,1212.35,1244.97,1637.13,2.69,35.04
TKT-00721,Puebla,Bodega Aurrera,28,618.64,618.64,796.17,34.21,0.0,40.51,54.2,44.52,44.22,652.85,663.16,935.1,1.58,43.23
TKT-00722,Mérida,Walmart,29,1528.3,1528.3,1767.35,66.03,39.0,41.93,43.63,45.13,71.59,1594.33,1612.43,1924.5,1.14,20.71
TKT-00723,Querétaro,Walmart,43,1081.14,1081.14,1299.18,59.55,39.0,71.55,41.86,21.6,36.55,1140.69,1141.74,1449.14,0.09,27.04
TKT-00724,CDMX,Walmart,37,768.13,768.13,983.85,29.85,0.0,37.01,78.52,23.62,39.58,797.98,791.75,1138.96,-0.78,42.73
TKT-00725,Monterrey,Chedraui,42,459.56,459.56,558.76,19.73,39.0,63.14,43.08,37.67,63.36,479.29,536.23,728.34,11.88,51.96
TKT-00726,Querétaro,Chedraui,13,884.21,884.21,1142.17,34.0,39.0,58.67,78.05,40.56,79.63,918.21,963.77,1358.52,4.96,47.95
TKT-00727,Mérida,La Comer,33,594.49,594.49,725.0,68.61,0.0,73.63,71.86,45.52,37.93,663.1,640.01,908.42,-3.48,37.0
TKT-00728,CDMX,Super Aki,37,1707.26,1707.26,2004.59,22.88,49.0,36.16,51.34,44.48,63.82,1730.14,1800.74,2155.91,4.08,24.61
TKT-00729,Monterrey,La Comer,11,783.84,783.84,962.15,33.01,0.0,58.69,37.11,43.86,45.54,816.85,827.7,1103.49,1.33,35.09
TKT-00730,Mérida,La Comer,43,758.68,758.68,917.65,25.31,0.0,68.11,74.44,57.44,42.11,783.99,816.12,1102.31,4.1,40.6
TKT-00731,Guadalajara,Walmart,38,418.96,418.96,535.07,26.9,39.0,37.73,68.29,42.72,51.47,445.86,500.68,692.56,12.3,55.33
TKT-00732,Mérida,Super Aki,29,1685.68,1685.68,2123.93,57.1,0.0,61.01,62.98,41.61,62.59,1742.78,1727.29,2310.51,-0.89,32.58
TKT-00733,Querétaro,Soriana,40,1365.85,1365.85,1691.74,36.82,39.0,84.39,27.31,35.97,66.97,1402.67,1440.82,1870.41,2.72,33.35
TKT-00734,Puebla,Bodega Aurrera,19,580.97,580.97,725.97,41.56,0.0,54.2,69.73,58.53,67.49,622.53,639.5,917.39,2.73,47.36
TKT-00735,Querétaro,Super Aki,39,1417.24,1417.24,1710.2,45.66,0.0,41.09,27.88,56.54,46.11,1462.9,1473.78,1825.28,0.74,24.77
TKT-00736,Puebla,Chedraui,43,965.87,965.87,1124.6,46.92,39.0,92.35,74.85,30.46,74.64,1012.79,1035.33,1366.44,2.23,34.92
TKT-00737,Puebla,Dunosusa,44,1404.27,1404.27,1709.81,59.66,39.0,47.92,35.73,27.29,57.1,1463.93,1470.56,1850.56,0.45,26.41
TKT-00738,Puebla,Chedraui,17,1737.03,1737.03,2133.84,69.63,0.0,92.51,76.96,26.31,32.57,1806.66,1763.34,2335.88,-2.4,29.29
TKT-00739,CDMX,La Comer,28,1562.16,1562.16,1835.46,22.77,39.0,77.04,48.94,40.5,73.66,1584.93,1641.66,2035.1,3.58,28.4
TKT-00740,CDMX,Super Aki,31,1034.0,1034.0,1338.93,24.71,39.0,67.18,33.09,43.61,49.38,1058.71,1116.61,1488.58,5.47,40.6
TKT-00741,Puebla,Soriana,25,1633.78,1633.78,2059.02,26.47,49.0,65.24,54.8,46.02,77.0,1660.25,1728.8,2256.06,4.13,35.89
TKT-00742,Querétaro,Soriana,25,1334.42,1334.42,1604.18,20.77,49.0,71.83,69.15,50.15,43.7,1355.19,1433.57,1788.86,5.78,32.0
TKT-00743,Guadalajara,Bodega Aurrera,40,1774.11,1774.11,2199.65,64.67,0.0,75.82,47.2,47.68,70.37,1838.78,1821.79,2393.04,-0.92,30.14
TKT-00744,CDMX,Super Aki,17,1620.62,1620.62,1870.05,27.32,39.0,78.65,39.16,54.87,38.19,1647.94,1714.49,2026.05,4.04,22.94
TKT-00745,CDMX,Bodega Aurrera,19,679.88,679.88,877.72,26.93,39.0,45.39,28.67,47.38,34.22,706.81,766.26,986.0,8.41,39.5
TKT-00746,Querétaro,Walmart,44,612.97,612.97,767.87,56.14,39.0,69.45,33.22,21.6,62.52,669.11,673.57,933.06,0.67,39.45
TKT-00747,Mérida,Super Aki,17,954.06,954.06,1118.55,51.59,39.0,54.61,47.78,25.66,36.8,1005.65,1018.72,1257.74,1.3,25.07
TKT-00748,Puebla,Super Aki,26,1280.7,1280.7,1617.65,60.57,39.0,64.24,64.56,32.81,45.79,1341.27,1352.51,1792.24,0.84,33.62
TKT-00749,Monterrey,Soriana,33,1558.23,1558.23,1962.65,69.07,49.0,48.62,37.9,51.66,68.66,1627.3,1658.89,2117.83,1.94,30.14
TKT-00750,Querétaro,Dunosusa,25,1613.01,1613.01,1918.48,24.68,39.0,53.71,42.44,33.87,52.65,1637.69,1685.88,2067.28,2.94,26.23
TKT-00751,Querétaro,Soriana,11,418.2,418.2,538.49,32.9,0.0,36.44,77.8,50.08,35.13,451.1,468.28,687.86,3.81,52.49
TKT-00752,Puebla,La Comer,11,1051.62,1051.62,1217.6,58.29,49.0,93.26,68.07,45.9,66.15,1109.91,1146.52,1445.08,3.3,30.2
TKT-00753,Guadalajara,Chedraui,21,1242.65,1242.65,1547.83,44.06,0.0,70.52,74.39,36.99,70.77,1286.71,1279.64,1763.51,-0.55,37.06
TKT-00754,Puebla,Walmart,39,603.8,603.8,734.03,65.46,39.0,50.78,64.76,48.9,68.73,669.26,691.7,918.3,3.35,37.21
TKT-00755,Puebla,Soriana,25,1709.38,1709.38,2183.48,23.61,49.0,75.61,27.37,20.11,78.51,1732.99,1778.49,2364.97,2.63,36.47
TKT-00756,Querétaro,Super Aki,24,460.77,460.77,539.58,54.07,39.0,57.36,40.12,39.49,40.31,514.84,539.26,677.37,4.74,31.57
TKT-00757,Monterrey,Bodega Aurrera,16,1774.93,1774.93,2173.01,58.3,0.0,56.07,59.46,45.3,30.33,1833.23,1820.23,2318.87,-0.71,26.49
TKT-00758,CDMX,La Comer,22,533.45,533.45,617.0,39.24,49.0,61.81,47.56,58.32,57.83,572.69,640.77,784.2,11.89,36.93
TKT-00759,Querétaro,Walmart,14,1228.15,1228.15,1414.27,21.14,39.0,61.79,33.35,40.26,45.71,1249.29,1307.41,1555.12,4.65,24.48
TKT-00760,Monterrey,Soriana,27,1572.61,1572.61,1857.29,23.48,0.0,43.66,54.44,34.13,54.15,1596.09,1606.74,2009.54,0.67,25.9
TKT-00761,Mérida,Soriana,26,1070.86,1070.86,1328.01,34.89,39.0,45.79,39.99,40.99,36.05,1105.75,1150.85,1449.84,4.08,31.12
TKT-00762,Guadalajara,Bodega Aurrera,16,579.91,579.91,739.8,53.3,49.0,77.35,33.5,31.35,77.01,633.21,660.26,927.66,4.27,46.5
TKT-00763,Puebla,Walmart,29,1129.74,1129.74,1381.7,17.92,39.0,68.66,43.41,34.39,71.62,1147.66,1203.13,1565.39,4.83,36.4
TKT-00764,Puebla,Bodega Aurrera,40,769.66,769.66,992.48,62.31,49.0,78.4,43.58,49.78,55.06,831.97,868.44,1169.52,4.38,40.57
TKT-00765,Mérida,Super Aki,17,1653.82,1653.82,2112.48,44.72,0.0,80.5,75.46,27.46,41.53,1698.54,1681.28,2309.97,-1.02,36.0
TKT-00766,CDMX,La Comer,23,1206.83,1206.83,1553.72,62.13,49.0,84.83,27.15,23.55,57.81,1268.96,1279.38,1723.51,0.82,35.82
TKT-00767,Puebla,Chedraui,15,1230.86,1230.86,1542.48,21.24,49.0,61.44,49.59,36.27,52.53,1252.1,1316.13,1706.04,5.11,36.25
TKT-00768,Guadalajara,Soriana,43,1504.66,1504.66,1936.56,32.83,39.0,44.09,56.54,47.78,33.47,1537.49,1591.44,2070.66,3.51,34.68
TKT-00769,Monterrey,Chedraui,32,619.66,619.66,761.41,20.3,0.0,45.96,48.98,52.78,60.3,639.96,672.44,916.65,5.08,43.24
TKT-00770,Mérida,La Comer,14,914.41,914.41,1150.81,66.71,0.0,59.86,42.19,53.59,77.35,981.12,968.0,1330.21,-1.34,35.58
TKT-00771,Querétaro,La Comer,20,896.32,896.32,1049.63,22.71,49.0,68.25,37.7,48.46,44.81,919.03,993.78,1200.39,8.13,30.61
TKT-00772,Mérida,Super Aki,15,1013.71,1013.71,1206.68,24.77,39.0,40.48,45.43,42.13,63.54,1038.48,1094.84,1356.13,5.43,30.59
TKT-00773,Mérida,Soriana,26,1775.99,1775.99,2299.84,56.38,39.0,77.47,57.43,25.22,70.55,1832.37,1840.21,2505.29,0.43,36.72
TKT-00774,Puebla,Bodega Aurrera,23,1663.36,1663.36,2106.95,45.14,49.0,64.24,62.6,33.75,65.01,1708.5,1746.11,2298.8,2.2,34.55
TKT-00775,Monterrey,Bodega Aurrera,15,495.07,495.07,616.64,19.68,49.0,59.33,79.65,27.37,78.64,514.75,571.44,834.26,11.01,62.07
TKT-00776,CDMX,Super Aki,15,462.25,462.25,554.73,18.12,49.0,72.58,62.43,31.43,68.38,480.37,542.68,758.12,12.97,57.82
TKT-00777,CDMX,Bodega Aurrera,12,707.15,707.15,856.58,62.48,0.0,94.19,38.79,35.61,47.01,769.63,742.76,1036.57,-3.49,34.68
TKT-00778,Monterrey,Super Aki,41,895.26,895.26,1075.36,33.05,0.0,49.39,77.59,32.46,62.06,928.31,927.72,1264.4,-0.06,36.2
TKT-00779,CDMX,La Comer,16,1134.34,1134.34,1422.78,54.81,39.0,46.56,46.05,27.67,40.64,1189.15,1201.01,1556.03,1.0,30.85
TKT-00780,Guadalajara,Chedraui,22,568.85,568.85,676.95,15.87,39.0,72.87,46.06,55.02,46.35,584.72,662.87,842.23,13.37,44.04
TKT-00781,Guadalajara,Chedraui,43,1756.18,1756.18,2085.99,27.2,0.0,40.64,25.91,52.34,78.7,1783.38,1808.52,2231.24,1.41,25.11
TKT-00782,Puebla,Soriana,21,874.17,874.17,1115.18,20.84,49.0,71.59,62.84,36.49,62.73,895.01,959.66,1312.34,7.22,46.63
TKT-00783,Guadalajara,Dunosusa,33,983.87,983.87,1210.91,47.81,49.0,40.06,67.2,32.71,56.26,1031.68,1065.58,1374.43,3.29,33.22
TKT-00784,Puebla,Chedraui,13,1391.32,1391.32,1627.48,44.55,39.0,79.36,45.09,43.08,75.65,1435.87,1473.4,1827.58,2.61,27.28
TKT-00785,Guadalajara,La Comer,42,1239.97,1239.97,1461.35,16.17,49.0,75.37,67.37,49.63,56.42,1256.14,1338.6,1660.51,6.56,32.19
TKT-00786,Mérida,Super Aki,23,534.99,534.99,661.51,22.78,0.0,62.67,29.06,37.43,58.82,557.77,572.42,812.06,2.63,45.59
TKT-00787,Monterrey,Soriana,36,571.67,571.67,740.24,46.14,39.0,64.65,47.89,43.88,48.37,617.81,654.55,901.15,5.95,45.86
TKT-00788,Querétaro,Dunosusa,42,1773.07,1773.07,2172.48,67.04,49.0,53.32,64.12,51.47,62.23,1840.11,1873.54,2352.15,1.82,27.83
TKT-00789,Guadalajara,Chedraui,39,540.16,540.16,625.73,20.03,49.0,63.26,69.74,53.76,40.43,560.19,642.92,799.16,14.77,42.66
TKT-00790,Puebla,Chedraui,19,1629.12,1629.12,2065.36,19.19,0.0,80.8,33.5,55.45,35.36,1648.31,1684.57,2215.02,2.2,34.38
TKT-00791,Guadalajara,Bodega Aurrera,13,1337.92,1337.92,1543.72,56.14,39.0,55.23,55.92,25.18,34.73,1394.06,1402.1,1689.6,0.58,21.2
TKT-00792,CDMX,Dunosusa,26,578.7,578.7,705.77,49.57,39.0,85.99,75.4,32.27,47.06,628.27,649.97,914.22,3.45,45.51
TKT-00793,Guadalajara,Bodega Aurrera,21,1049.51,1049.51,1217.9,51.35,49.0,68.1,47.28,51.62,64.6,1100.86,1150.13,1397.88,4.48,26.98
TKT-00794,Puebla,La Comer,34,913.16,913.16,1107.93,23.69,49.0,36.9,70.45,36.91,47.45,936.85,999.07,1262.73,6.64,34.78
TKT-00795,Mérida,Walmart,10,500.59,500.59,577.71,48.88,39.0,83.89,43.84,38.1,47.07,549.47,577.69,752.51,5.14,36.95
TKT-00796,Querétaro,Walmart,33,1777.22,1777.22,2249.75,44.26,49.0,73.36,73.22,25.88,66.92,1821.48,1852.1,2463.25,1.68,35.23
TKT-00797,Puebla,Chedraui,43,1607.96,1607.96,2031.79,58.19,39.0,88.98,32.98,23.12,71.31,1666.15,1670.08,2225.06,0.24,33.54
TKT-00798,Querétaro,Soriana,15,1305.2,1305.2,1640.6,47.07,0.0,41.14,33.49,53.66,51.39,1352.27,1358.86,1766.62,0.49,30.64
TKT-00799,Querétaro,La Comer,19,1071.75,1071.75,1308.31,54.24,49.0,45.59,58.88,23.79,36.96,1125.99,1144.54,1449.74,1.65,28.75
TKT-00800,Monterrey,Chedraui,37,519.8,519.8,617.21,17.96,39.0,55.37,34.45,56.8,67.44,537.76,615.6,774.47,14.47,44.02
TKT-00801,Guadalajara,Bodega Aurrera,21,1746.49,1746.49,2140.46,32.6,39.0,72.24,73.48,44.58,53.52,1779.09,1830.07,2339.7,2.87,31.51
TKT-00802,Mérida,Bodega Aurrera,36,1245.45,1245.45,1471.68,46.67,39.0,40.68,73.91,51.72,46.06,1292.12,1336.17,1632.33,3.41,26.33
TKT-00803,Monterrey,Bodega Aurrera,38,1498.95,1498.95,1871.24,26.05,0.0,54.38,67.09,31.49,38.32,1525.0,1530.44,2031.03,0.36,33.18
TKT-00804,Monterrey,Super Aki,19,896.42,896.42,1090.99,41.82,0.0,83.66,35.3,35.3,67.62,938.24,931.72,1277.57,-0.69,36.17
TKT-00805,Puebla,Walmart,35,1550.31,1550.31,1860.18,43.58,39.0,90.69,78.02,56.96,55.94,1593.89,1646.27,2084.83,3.29,30.8
TKT-00806,Querétaro,Bodega Aurrera,45,1783.21,1783.21,2074.72,37.02,0.0,35.69,26.46,51.66,41.39,1820.23,1834.87,2178.26,0.8,19.67
TKT-00807,Monterrey,La Comer,15,800.84,800.84,1035.08,40.26,49.0,72.25,51.2,55.5,72.36,841.1,905.34,1230.89,7.64,46.34
TKT-00808,CDMX,Bodega Aurrera,28,516.36,516.36,593.98,59.93,0.0,48.12,25.72,58.03,49.5,576.29,574.39,717.32,-0.33,24.47
TKT-00809,CDMX,Bodega Aurrera,19,1353.98,1353.98,1565.74,28.99,49.0,39.55,60.24,46.99,36.43,1382.97,1449.97,1701.96,4.84,23.07
TKT-00810,Guadalajara,Bodega Aurrera,33,1074.71,1074.71,1301.26,58.11,0.0,75.45,31.18,21.79,53.7,1132.82,1096.5,1461.59,-3.21,29.02
TKT-00811,CDMX,Dunosusa,29,628.49,628.49,760.49,68.46,0.0,83.94,55.11,55.03,30.7,696.95,683.52,930.24,-1.93,33.47
TKT-00812,Puebla,La Comer,26,728.41,728.41,897.42,15.77,0.0,62.74,28.13,27.13,65.28,744.18,755.54,1053.57,1.53,41.57
TKT-00813,Guadalajara,Bodega Aurrera,18,1117.56,1117.56,1448.97,39.94,0.0,85.3,44.39,59.92,40.12,1157.5,1177.48,1618.78,1.73,39.85
TKT-00814,Puebla,Soriana,28,1142.12,1142.12,1480.39,43.6,49.0,64.09,71.49,51.49,64.7,1185.72,1242.61,1680.67,4.8,41.74
TKT-00815,Monterrey,Chedraui,22,1576.49,1576.49,1884.49,15.91,49.0,35.51,54.96,48.34,46.75,1592.4,1673.83,2021.71,5.11,26.96
TKT-00816,CDMX,Chedraui,26,1124.56,1124.56,1324.85,45.3,0.0,55.53,64.57,28.0,67.05,1169.86,1152.56,1512.0,-1.48,29.25
TKT-00817,Querétaro,Dunosusa,29,1195.35,1195.35,1443.49,48.37,39.0,90.59,50.41,49.49,59.23,1243.72,1283.84,1643.72,3.23,32.16
TKT-00818,Mérida,Soriana,42,1424.53,1424.53,1844.7,36.52,39.0,60.45,28.77,57.3,63.14,1461.05,1520.83,1997.06,4.09,36.69
TKT-00819,Monterrey,Walmart,27,488.52,488.52,571.85,47.81,49.0,37.23,34.3,21.05,59.42,536.33,558.57,702.8,4.15,31.04
TKT-00820,CDMX,Walmart,24,1767.3,1767.3,2060.77,33.94,49.0,62.35,35.0,23.82,38.29,1801.24,1840.12,2196.41,2.16,21.94
TKT-00821,Guadalajara,La Comer,23,958.41,958.41,1175.65,65.26,39.0,53.52,60.53,33.98,67.71,1023.67,1031.39,1357.41,0.75,32.6
TKT-00822,Querétaro,Dunosusa,34,1135.71,1135.71,1400.75,68.81,49.0,68.26,79.48,22.9,50.09,1204.52,1207.61,1598.58,0.26,32.72
TKT-00823,Querétaro,Chedraui,43,1125.17,1125.17,1462.72,37.99,39.0,60.27,29.39,54.31,79.8,1163.16,1218.48,1632.18,4.76,40.32
TKT-00824,Querétaro,Chedraui,29,694.69,694.69,839.9,68.01,49.0,86.85,77.66,42.6,48.54,762.7,786.29,1052.95,3.09,38.06
TKT-00825,Mérida,Soriana,31,440.49,440.49,511.84,53.24,49.0,90.0,49.76,43.16,54.47,493.73,532.65,706.07,7.88,43.01
TKT-00826,CDMX,Bodega Aurrera,40,607.14,607.14,757.5,39.76,49.0,60.76,26.29,59.36,65.99,646.9,715.5,910.54,10.6,40.75
TKT-00827,Puebla,Walmart,20,1409.02,1409.02,1643.92,34.15,0.0,79.96,64.12,25.48,53.88,1443.17,1434.5,1841.88,-0.6,27.63
TKT-00828,Querétaro,La Comer,17,475.47,475.47,598.01,54.76,39.0,44.08,78.51,51.33,46.94,530.23,565.8,767.54,6.71,44.76
TKT-00829,Mérida,Dunosusa,10,1127.66,1127.66,1430.74,39.96,0.0,42.28,46.1,26.76,54.87,1167.62,1154.42,1573.99,-1.13,34.8
TKT-00830,Monterrey,Chedraui,14,546.86,546.86,661.82,68.21,39.0,40.36,68.4,21.15,50.35,615.07,607.01,820.93,-1.31,33.47
TKT-00831,CDMX,La Comer,10,1384.21,1384.21,1690.33,22.07,0.0,55.46,52.81,23.51,49.02,1406.28,1407.72,1847.62,0.1,31.38
TKT-00832,Puebla,Walmart,10,1492.67,1492.67,1787.29,28.07,39.0,94.46,71.3,22.3,45.01,1520.74,1553.97,1998.06,2.19,31.39
TKT-00833,Mérida,Walmart,16,1705.15,1705.15,2018.73,28.78,0.0,72.16,57.77,42.76,73.07,1733.93,1747.91,2221.73,0.81,28.13
TKT-00834,Monterrey,Bodega Aurrera,39,1698.56,1698.56,2023.19,33.9,39.0,54.74,76.12,21.21,38.87,1732.46,1758.77,2192.92,1.52,26.58
TKT-00835,Monterrey,Super Aki,23,460.73,460.73,541.22,38.11,39.0,65.65,76.73,59.64,73.3,498.84,559.37,756.9,12.13,51.73
TKT-00836,Querétaro,Bodega Aurrera,37,1583.79,1583.79,1934.39,40.75,49.0,92.21,36.14,56.79,40.01,1624.54,1689.58,2102.75,4.0,29.44
TKT-00837,Querétaro,Bodega Aurrera,23,1638.1,1638.1,2090.52,45.43,39.0,62.91,79.63,34.87,72.29,1683.53,1711.97,2305.35,1.69,36.94
TKT-00838,CDMX,Soriana,24,1452.86,1452.86,1828.13,56.35,49.0,68.66,48.86,53.46,63.42,1509.21,1555.32,2009.07,3.06,33.12
TKT-00839,Guadalajara,Chedraui,44,680.84,680.84,837.54,53.08,49.0,58.95,61.92,47.69,41.8,733.92,777.53,1000.21,5.94,36.28
TKT-00840,Puebla,Super Aki,18,1105.38,1105.38,1407.08,38.35,39.0,52.81,51.77,26.61,53.75,1143.73,1170.99,1565.41,2.38,36.87
TKT-00841,Guadalajara,Super Aki,45,1734.76,1734.76,2252.96,29.71,0.0,51.29,77.52,21.87,51.11,1764.47,1756.63,2432.88,-0.44,37.88
TKT-00842,Guadalajara,Dunosusa,27,1523.49,1523.49,1875.66,45.14,49.0,77.91,39.71,49.94,61.09,1568.63,1622.43,2054.37,3.43,30.97
TKT-00843,Monterrey,Chedraui,20,1650.41,1650.41,2048.81,40.26,0.0,89.31,54.84,28.31,42.82,1690.67,1678.72,2235.78,-0.71,32.24
TKT-00844,Guadalajara,Walmart,23,1513.66,1513.66,1786.49,38.37,0.0,93.04,35.94,39.1,43.69,1552.03,1552.76,1959.16,0.05,26.23
TKT-00845,Monterrey,Bodega Aurrera,18,1465.06,1465.06,1874.71,63.72,39.0,44.33,51.65,50.54,31.28,1528.78,1554.6,2001.97,1.69,30.95
TKT-00846,Puebla,Walmart,30,946.98,946.98,1215.08,53.67,0.0,93.25,41.86,30.23,34.95,1000.65,977.21,1385.14,-2.34,38.42
TKT-00847,Querétaro,Walmart,41,1244.11,1244.11,1441.85,66.94,49.0,75.52,70.06,51.3,42.32,1311.05,1344.41,1629.75,2.54,24.31
TKT-00848,Puebla,Soriana,39,1552.52,1552.52,1888.73,40.39,0.0,82.74,55.98,34.02,64.99,1592.91,1586.54,2092.44,-0.4,31.36
TKT-00849,Guadalajara,Walmart,12,1479.42,1479.42,1921.42,22.6,49.0,68.6,53.47,45.75,49.72,1502.02,1574.17,2093.21,4.8,39.36
TKT-00850,Monterrey,Dunosusa,15,681.32,681.32,806.48,35.95,49.0,45.82,54.93,29.38,40.74,717.27,759.7,947.97,5.92,32.16
TKT-00851,Querétaro,Dunosusa,29,1431.84,1431.84,1680.52,17.59,39.0,40.77,35.56,29.34,60.2,1449.43,1500.18,1817.05,3.5,25.36
TKT-00852,Querétaro,Walmart,10,1195.34,1195.34,1526.99,50.06,39.0,83.72,48.47,28.48,64.82,1245.4,1262.82,1724.0,1.4,38.43
TKT-00853,Querétaro,La Comer,32,471.06,471.06,569.7,35.39,49.0,57.77,39.85,36.76,65.3,506.45,556.82,732.62,9.95,44.66
TKT-00854,CDMX,Super Aki,12,572.82,572.82,737.98,38.21,49.0,60.21,47.39,30.08,49.48,611.03,651.9,895.06,6.69,46.48
TKT-00855,Mérida,La Comer,44,871.32,871.32,1082.05,52.48,39.0,67.59,61.23,27.51,60.69,923.8,937.83,1271.56,1.52,37.64
TKT-00856,CDMX,La Comer,37,1753.34,1753.34,2058.09,21.42,39.0,85.61,50.77,26.7,55.61,1774.76,1819.04,2250.08,2.49,26.78
TKT-00857,Guadalajara,Walmart,20,957.64,957.64,1164.55,16.64,39.0,76.99,41.99,57.88,75.76,974.28,1054.52,1359.29,8.24,39.52
TKT-00858,Guadalajara,Dunosusa,23,883.76,883.76,1136.7,50.78,39.0,50.36,78.53,31.51,34.35,934.54,954.27,1299.94,2.11,39.1
TKT-00859,Querétaro,Soriana,10,439.77,439.77,559.97,25.31,49.0,44.06,46.25,41.03,67.41,465.08,529.8,717.69,13.92,54.32
TKT-00860,Querétaro,Chedraui,24,751.78,751.78,957.31,68.38,39.0,69.16,25.07,27.54,63.46,820.16,818.32,1115.0,-0.22,35.95
TKT-00861,Mérida,Walmart,12,1265.28,1265.28,1573.31,39.58,39.0,77.33,26.06,26.06,52.63,1304.86,1330.34,1729.33,1.95,32.53
TKT-00862,CDMX,Bodega Aurrera,31,1190.98,1190.98,1429.68,49.77,0.0,65.77,45.09,21.72,44.56,1240.75,1212.7,1585.1,-2.26,27.75
TKT-00863,CDMX,Soriana,25,1270.39,1270.39,1647.85,18.87,0.0,72.72,52.58,46.71,40.57,1289.26,1317.1,1813.72,2.16,40.68
TKT-00864,Querétaro,Chedraui,40,597.53,597.53,691.21,32.26,49.0,77.56,54.45,27.81,67.77,629.79,674.34,890.99,7.07,41.47
TKT-00865,Puebla,Soriana,34,622.64,622.64,782.03,18.6,0.0,74.62,49.29,29.07,50.34,641.24,651.71,956.28,1.63,49.13
TKT-00866,Guadalajara,Super Aki,21,839.43,839.43,992.84,27.73,39.0,91.69,61.13,33.14,46.94,867.16,911.57,1192.6,5.12,37.53
TKT-00867,Monterrey,Walmart,28,946.1,946.1,1150.44,46.06,39.0,77.38,59.93,54.28,34.21,992.16,1039.38,1321.96,4.76,33.24
TKT-00868,Mérida,Super Aki,41,1430.08,1430.08,1655.37,33.81,49.0,49.6,68.01,59.43,44.08,1463.89,1538.51,1817.06,5.1,24.13
TKT-00869,CDMX,Super Aki,38,1177.67,1177.67,1361.81,48.18,0.0,69.32,69.65,48.73,79.09,1225.85,1226.4,1579.87,0.04,28.88
TKT-00870,CDMX,Super Aki,30,678.2,678.2,823.66,33.05,49.0,77.65,43.86,30.38,79.39,711.25,757.58,1024.56,6.51,44.05
TKT-00871,Puebla,La Comer,22,1359.5,1359.5,1613.79,16.32,49.0,75.84,59.92,37.62,58.49,1375.82,1446.12,1808.04,5.11,31.42
TKT-00872,Mérida,Chedraui,19,1323.62,1323.62,1610.29,26.49,0.0,79.76,44.44,34.05,35.6,1350.11,1357.67,1770.09,0.56,31.11
TKT-00873,Querétaro,Dunosusa,35,1199.76,1199.76,1507.77,23.51,0.0,91.77,31.64,28.7,31.68,1223.27,1228.46,1662.86,0.42,35.94
TKT-00874,Puebla,Bodega Aurrera,19,858.78,858.78,1095.79,24.72,0.0,67.58,43.44,26.46,59.16,883.5,885.24,1265.97,0.2,43.29
TKT-00875,Mérida,Chedraui,28,1569.49,1569.49,1998.93,50.63,39.0,57.99,36.91,48.55,70.19,1620.12,1657.04,2164.02,2.28,33.57
TKT-00876,Querétaro,Chedraui,23,1079.25,1079.25,1333.68,62.6,39.0,84.13,34.9,55.59,65.97,1141.85,1173.84,1518.68,2.8,33.0
TKT-00877,Monterrey,Walmart,22,1749.63,1749.63,2173.17,33.67,49.0,57.61,58.32,41.34,50.25,1783.3,1839.97,2339.35,3.18,31.18
TKT-00878,Puebla,Bodega Aurrera,25,483.13,483.13,604.03,45.55,39.0,48.35,27.24,23.62,68.8,528.68,545.75,748.42,3.23,41.56
TKT-00879,CDMX,Super Aki,16,1471.62,1471.62,1753.69,38.11,0.0,90.33,50.5,51.95,75.93,1509.73,1523.57,1970.45,0.92,30.52
TKT-00880,Puebla,Super Aki,44,426.36,426.36,501.83,32.34,0.0,94.31,27.43,55.51,39.41,458.7,481.87,662.98,5.05,44.53
TKT-00881,Mérida,Dunosusa,37,1239.04,1239.04,1504.57,35.4,39.0,44.75,56.01,55.89,55.76,1274.44,1333.93,1661.09,4.67,30.34
TKT-00882,CDMX,Super Aki,12,1759.81,1759.81,2188.82,42.15,39.0,89.91,76.69,41.79,52.6,1801.96,1840.6,2408.02,2.14,33.63
TKT-00883,Querétaro,Bodega Aurrera,27,560.17,560.17,684.36,66.43,49.0,69.87,57.98,25.1,73.87,626.6,634.27,886.08,1.22,41.41
TKT-00884,Monterrey,La Comer,12,1588.97,1588.97,1920.61,50.02,0.0,65.83,35.92,51.53,53.8,1638.99,1640.5,2076.16,0.09,26.67
TKT-00885,Monterrey,Chedraui,16,1548.31,1548.31,1795.96,39.32,49.0,92.85,61.8,47.87,30.12,1587.63,1645.18,1980.73,3.62,24.76
TKT-00886,Guadalajara,Soriana,16,521.58,521.58,645.91,63.2,49.0,68.94,29.94,25.23,63.99,584.78,595.81,808.78,1.89,38.31
TKT-00887,Monterrey,Super Aki,19,483.82,483.82,607.31,22.84,49.0,35.7,31.25,49.92,73.1,506.66,582.74,747.36,15.02,47.51
TKT-00888,Puebla,La Comer,24,1469.94,1469.94,1721.48,31.87,39.0,85.62,56.33,33.35,67.88,1501.81,1542.29,1931.31,2.7,28.6
TKT-00889,Guadalajara,Chedraui,21,1152.23,1152.23,1478.86,67.38,39.0,54.61,73.34,44.31,40.38,1219.61,1235.54,1647.19,1.31,35.06
TKT-00890,Guadalajara,Soriana,12,645.75,645.75,814.38,41.51,49.0,44.14,77.83,59.31,51.09,687.26,754.06,987.44,9.72,43.68
TKT-00891,Puebla,Super Aki,41,1114.5,1114.5,1389.46,31.29,39.0,52.83,55.83,58.12,31.28,1145.79,1211.62,1529.4,5.75,33.48
TKT-00892,Mérida,Soriana,26,1713.83,1713.83,2068.43,48.05,0.0,48.46,39.65,25.28,48.36,1761.88,1739.11,2204.9,-1.29,25.14
TKT-00893,CDMX,La Comer,20,1532.8,1532.8,1899.15,16.84,49.0,62.08,33.46,44.15,67.36,1549.64,1625.95,2062.05,4.92,33.07
TKT-00894,Mérida,Chedraui,39,760.95,760.95,944.16,17.8,39.0,38.93,45.62,59.35,51.1,778.75,859.3,1079.81,10.34,38.66
TKT-00895,Puebla,Chedraui,12,974.69,974.69,1150.91,64.52,0.0,75.47,61.86,27.87,58.83,1039.21,1002.56,1347.07,-3.53,29.62
TKT-00896,Mérida,Bodega Aurrera,45,1597.87,1597.87,1932.2,61.72,39.0,76.45,29.96,28.47,55.83,1659.59,1665.34,2094.44,0.35,26.2
TKT-00897,CDMX,Super Aki,14,1283.77,1283.77,1504.41,65.62,0.0,50.74,46.67,42.14,74.39,1349.39,1325.91,1676.21,-1.74,24.22
TKT-00898,Guadalajara,Dunosusa,17,1430.9,1430.9,1796.95,36.3,0.0,77.69,77.53,44.59,61.93,1467.2,1475.49,2014.1,0.57,37.28
TKT-00899,Puebla,Soriana,42,1769.42,1769.42,2164.49,28.36,49.0,71.65,68.47,50.3,61.61,1797.78,1868.72,2366.22,3.95,31.62
TKT-00900,Mérida,Dunosusa,21,990.23,990.23,1207.86,50.11,49.0,39.64,67.39,27.04,67.99,1040.34,1066.27,1382.88,2.49,32.93
TKT-00901,Puebla,Chedraui,26,524.52,524.52,676.66,56.91,49.0,84.54,61.57,22.54,56.94,581.43,596.06,879.71,2.52,51.3
TKT-00902,Puebla,La Comer,37,435.11,435.11,535.91,34.31,0.0,88.56,28.32,36.02,46.34,469.42,471.13,699.13,0.36,48.93
TKT-00903,Mérida,Super Aki,25,763.66,763.66,958.59,32.49,39.0,74.24,57.13,39.46,46.61,796.15,842.12,1136.57,5.77,42.76
TKT-00904,Puebla,Chedraui,20,1089.86,1089.86,1383.2,57.15,49.0,91.58,53.1,42.89,43.7,1147.01,1181.75,1571.58,3.03,37.02
TKT-00905,Querétaro,La Comer,10,526.63,526.63,647.57,28.62,49.0,60.56,51.05,56.18,42.01,555.25,631.81,801.19,13.79,44.29
TKT-00906,Monterrey,La Comer,33,1167.03,1167.03,1423.62,35.52,49.0,60.86,32.15,46.96,56.32,1202.55,1262.99,1572.95,5.03,30.8
TKT-00907,Querétaro,Walmart,26,1007.19,1007.19,1240.94,23.78,0.0,81.94,31.72,27.31,75.9,1030.97,1034.5,1430.5,0.34,38.75
TKT-00908,CDMX,Walmart,29,1566.51,1566.51,2017.17,17.74,39.0,39.5,55.17,53.22,51.65,1584.25,1658.73,2163.49,4.7,36.56
TKT-00909,Mérida,Bodega Aurrera,44,849.5,849.5,1059.71,65.42,49.0,84.35,79.24,29.64,56.09,914.92,928.14,1279.39,1.44,39.84
TKT-00910,CDMX,Chedraui,10,1353.27,1353.27,1720.5,29.75,0.0,57.55,39.26,49.71,69.33,1383.02,1402.98,1886.64,1.44,36.41
TKT-00911,Monterrey,Dunosusa,27,1413.32,1413.32,1681.19,51.61,49.0,55.51,75.01,25.11,78.36,1464.93,1487.43,1890.07,1.54,29.02
TKT-00912,Guadalajara,Dunosusa,22,917.26,917.26,1165.46,69.79,0.0,56.88,74.93,21.98,42.03,987.05,939.24,1339.3,-4.84,35.69
TKT-00913,CDMX,Walmart,33,1140.65,1140.65,1460.15,65.23,0.0,70.75,27.54,58.03,43.77,1205.88,1198.68,1602.21,-0.6,32.87
TKT-00914,Querétaro,Bodega Aurrera,24,1657.91,1657.91,2077.88,61.44,0.0,91.28,43.39,49.85,32.73,1719.35,1707.76,2245.28,-0.67,30.59
TKT-00915,Guadalajara,Bodega Aurrera,40,1244.39,1244.39,1569.16,63.92,39.0,46.29,56.69,36.08,71.45,1308.31,1319.47,1743.59,0.85,33.27
TKT-00916,Mérida,Soriana,20,1701.81,1701.81,2027.01,15.45,0.0,55.78,42.5,30.48,43.26,1717.26,1732.29,2168.55,0.88,26.28
TKT-00917,Puebla,Dunosusa,19,1478.91,1478.91,1737.45,42.09,0.0,55.47,72.32,35.64,76.66,1521.0,1514.55,1941.9,-0.42,27.67
TKT-00918,Monterrey,Dunosusa,40,773.53,773.53,908.59,49.6,39.0,35.03,79.48,37.67,65.04,823.13,850.2,1088.14,3.29,32.2
TKT-00919,CDMX,Bodega Aurrera,45,969.45,969.45,1182.7,57.66,49.0,86.3,42.94,42.32,30.3,1027.11,1060.77,1342.24,3.28,30.68
TKT-00920,Mérida,Soriana,15,869.73,869.73,1108.68,18.56,0.0,65.02,38.59,52.44,46.38,888.29,922.17,1258.67,3.81,41.7
TKT-00921,Mérida,Soriana,36,1007.56,1007.56,1197.27,63.09,49.0,78.1,71.03,29.53,69.45,1070.65,1086.09,1415.85,1.44,32.24
TKT-00922,Puebla,Chedraui,14,946.45,946.45,1146.52,31.57,39.0,69.67,63.09,23.55,62.56,978.02,1009.0,1341.84,3.17,37.2
TKT-00923,CDMX,La Comer,20,864.66,864.66,1006.78,45.07,0.0,61.71,55.03,33.58,69.69,909.73,898.24,1193.21,-1.26,31.16
TKT-00924,Guadalajara,Walmart,25,432.43,432.43,520.98,17.07,49.0,63.75,58.03,25.49,68.74,449.5,506.92,711.5,12.77,58.29
TKT-00925,Puebla,La Comer,34,1454.19,1454.19,1688.49,64.37,0.0,44.43,58.21,42.89,37.09,1518.56,1497.08,1828.22,-1.41,20.39
TKT-00926,Puebla,Dunosusa,17,443.35,443.35,568.11,58.2,49.0,87.8,40.45,21.65,52.48,501.55,514.0,748.84,2.48,49.31
TKT-00927,CDMX,Chedraui,35,680.85,680.85,822.93,16.74,39.0,92.14,78.02,53.64,40.62,697.59,773.49,1033.71,10.88,48.18
TKT-00928,Querétaro,Dunosusa,17,867.57,867.57,998.78,44.67,49.0,44.83,77.83,29.88,46.33,912.24,946.45,1167.77,3.75,28.01
TKT-00929,Monterrey,Chedraui,23,792.19,792.19,992.04,63.31,49.0,47.4,30.33,54.97,38.48,855.5,896.16,1108.25,4.75,29.54
TKT-00930,Puebla,Chedraui,43,851.13,851.13,1010.18,34.45,0.0,64.93,54.44,31.97,36.11,885.58,883.1,1165.66,-0.28,31.63
TKT-00931,Monterrey,Dunosusa,21,1652.78,1652.78,2094.39,51.08,49.0,83.5,42.48,56.99,47.4,1703.86,1758.77,2267.77,3.22,33.1
TKT-00932,Querétaro,Chedraui,26,583.19,583.19,726.67,25.52,39.0,45.1,46.97,45.53,31.74,608.71,667.72,850.48,9.69,39.72
TKT-00933,Monterrey,Walmart,24,1165.79,1165.79,1344.61,33.98,39.0,87.88,71.23,52.78,70.9,1199.77,1257.57,1574.62,4.82,31.24
TKT-00934,CDMX,Walmart,43,1302.23,1302.23,1525.05,42.06,39.0,50.11,73.43,43.16,70.75,1344.29,1384.39,1719.34,2.98,27.9
TKT-00935,Monterrey,Bodega Aurrera,13,679.59,679.59,846.54,18.66,39.0,52.95,36.35,45.43,73.44,698.25,764.02,1009.28,9.42,44.54
TKT-00936,CDMX,Bodega Aurrera,25,914.96,914.96,1103.79,49.73,0.0,58.89,61.12,52.94,48.19,964.69,967.9,1271.99,0.33,31.85
TKT-00937,Mérida,La Comer,19,1028.2,1028.2,1294.0,65.82,39.0,49.66,67.73,53.61,49.34,1094.02,1120.81,1460.73,2.45,33.52
TKT-00938,Mérida,La Comer,14,1274.29,1274.29,1633.19,48.62,49.0,86.22,39.63,24.38,48.98,1322.91,1347.67,1808.02,1.87,36.67
TKT-00939,Mérida,Dunosusa,28,1435.44,1435.44,1755.31,69.24,39.0,35.71,73.24,40.05,69.18,1504.68,1514.49,1933.44,0.65,28.5
TKT-00940,Querétaro,Dunosusa,19,860.82,860.82,1013.71,45.08,0.0,38.97,32.79,54.87,59.28,905.9,915.69,1144.75,1.08,26.37
TKT-00941,Guadalajara,Bodega Aurrera,13,1467.76,1467.76,1696.09,22.06,49.0,72.4,78.47,38.7,38.38,1489.82,1555.46,1885.34,4.41,26.55
TKT-00942,CDMX,Bodega Aurrera,25,963.44,963.44,1196.29,42.78,0.0,74.78,29.94,56.45,39.55,1006.22,1019.89,1340.56,1.36,33.23
TKT-00943,Puebla,Walmart,34,1625.23,1625.23,2022.83,65.98,39.0,82.72,45.87,30.17,75.01,1691.21,1694.4,2226.43,0.19,31.65
TKT-00944,Puebla,Super Aki,11,1066.48,1066.48,1292.92,69.45,39.0,65.38,71.3,30.94,56.6,1135.93,1136.42,1486.2,0.04,30.84
TKT-00945,Guadalajara,Soriana,19,1155.86,1155.86,1343.21,63.41,39.0,77.6,45.63,24.36,42.71,1219.27,1219.22,1509.15,-0.0,23.77
TKT-00946,Puebla,Chedraui,35,833.94,833.94,990.23,61.13,49.0,86.71,64.11,30.5,47.88,895.07,913.44,1188.93,2.05,32.83
TKT-00947,Monterrey,Super Aki,28,1016.2,1016.2,1312.36,21.6,49.0,66.67,74.44,35.7,32.47,1037.8,1100.9,1485.94,6.08,43.18
TKT-00948,Puebla,Walmart,32,671.86,671.86,839.8,49.81,49.0,72.16,49.6,22.94,44.36,721.67,743.8,1005.92,3.07,39.39
TKT-00949,CDMX,Walmart,25,1177.65,1177.65,1369.61,17.18,0.0,70.76,76.41,45.67,35.0,1194.83,1223.32,1551.78,2.38,29.87
TKT-00950,Mérida,La Comer,28,1420.44,1420.44,1716.92,17.86,0.0,69.93,72.81,54.45,78.79,1438.3,1474.89,1938.45,2.54,34.77
TKT-00951,Mérida,Super Aki,14,1538.46,1538.46,1998.76,22.63,49.0,71.52,55.38,41.5,48.07,1561.09,1628.96,2173.73,4.35,39.24
TKT-00952,Mérida,Dunosusa,13,764.63,764.63,901.36,39.34,49.0,59.04,35.11,35.41,51.19,803.97,849.04,1046.7,5.61,30.19
TKT-00953,Puebla,Dunosusa,15,1638.09,1638.09,2125.21,27.31,39.0,54.28,48.66,37.65,37.34,1665.4,1714.74,2265.49,2.96,36.03
TKT-00954,Puebla,Chedraui,22,1761.12,1761.12,2169.93,17.47,0.0,67.41,33.8,56.26,72.6,1778.59,1817.38,2343.74,2.18,31.78
TKT-00955,Mérida,Soriana,44,1593.34,1593.34,1897.24,52.85,0.0,38.17,41.43,36.78,59.27,1646.19,1630.12,2036.11,-0.98,23.69
TKT-00956,Puebla,Bodega Aurrera,41,1578.42,1578.42,1864.63,65.35,49.0,36.75,45.48,53.41,71.56,1643.77,1680.83,2018.42,2.25,22.79
TKT-00957,Monterrey,La Comer,27,885.36,885.36,1037.15,33.51,39.0,93.15,66.32,30.73,59.85,918.87,955.09,1256.47,3.94,36.74
TKT-00958,Monterrey,La Comer,38,602.38,602.38,708.89,59.31,0.0,70.92,36.34,23.0,52.68,661.69,625.38,868.83,-5.49,31.3
TKT-00959,Puebla,Chedraui,41,1488.86,1488.86,1725.02,39.72,39.0,59.21,73.84,35.12,72.19,1528.58,1562.98,1930.26,2.25,26.28
TKT-00960,Puebla,Soriana,22,1286.0,1286.0,1641.94,63.04,49.0,52.38,52.81,32.3,37.19,1349.04,1367.3,1784.32,1.35,32.27
TKT-00961,Guadalajara,Soriana,44,768.97,768.97,981.08,58.4,0.0,59.96,28.19,42.53,63.26,827.37,811.5,1132.49,-1.92,36.88
TKT-00962,Puebla,Walmart,42,877.07,877.07,1133.28,47.29,39.0,37.43,46.9,55.56,48.91,924.36,971.63,1266.52,5.11,37.02
TKT-00963,Guadalajara,Dunosusa,21,724.0,724.0,911.71,67.49,39.0,87.53,45.01,26.02,34.92,791.49,789.02,1079.17,-0.31,36.35
TKT-00964,Monterrey,La Comer,24,807.41,807.41,979.79,65.87,0.0,83.18,29.27,50.52,52.52,873.28,857.93,1144.76,-1.76,31.09
TKT-00965,Guadalajara,Soriana,25,1372.2,1372.2,1613.65,56.48,49.0,37.74,77.53,38.98,50.3,1428.68,1460.18,1779.22,2.2,24.54
TKT-00966,Guadalajara,Soriana,28,1516.5,1516.5,1766.34,65.33,0.0,64.53,37.02,59.64,58.87,1581.83,1576.14,1926.76,-0.36,21.81
TKT-00967,Monterrey,La Comer,36,791.59,791.59,959.76,51.57,49.0,81.5,71.76,27.27,77.04,843.16,867.86,1190.06,2.93,41.14
TKT-00968,Querétaro,Soriana,27,1496.49,1496.49,1824.32,28.94,0.0,56.4,48.37,43.86,58.87,1525.43,1540.35,1987.96,0.98,30.32
TKT-00969,Monterrey,Chedraui,18,1207.06,1207.06,1429.89,39.38,39.0,37.03,27.2,51.97,47.14,1246.44,1298.03,1541.26,4.14,23.65
TKT-00970,Mérida,Walmart,25,1624.97,1624.97,1961.75,64.62,39.0,53.87,49.64,40.39,43.03,1689.59,1704.36,2108.29,0.87,24.78
TKT-00971,Querétaro,Soriana,13,480.29,480.29,580.96,32.11,49.0,35.39,34.46,40.71,34.68,512.4,570.0,685.49,11.24,33.78
TKT-00972,Guadalajara,Dunosusa,34,1161.67,1161.67,1423.06,59.05,49.0,69.11,40.56,26.69,63.21,1220.72,1237.36,1595.94,1.36,30.74
TKT-00973,Guadalajara,Bodega Aurrera,21,1572.1,1572.1,2004.78,53.88,0.0,54.16,77.32,55.93,76.49,1625.98,1628.03,2212.75,0.13,36.09
TKT-00974,Guadalajara,Walmart,25,1398.94,1398.94,1647.01,37.48,49.0,75.25,57.58,47.76,78.31,1436.42,1495.7,1858.15,4.13,29.36
TKT-00975,Monterrey,Chedraui,27,1703.98,1703.98,2037.55,55.64,49.0,41.54,41.33,44.92,53.01,1759.62,1797.9,2173.43,2.18,23.52
TKT-00976,CDMX,Dunosusa,30,1686.81,1686.81,2008.97,15.47,0.0,61.4,51.19,59.64,60.9,1702.28,1746.45,2182.46,2.59,28.21
TKT-00977,Querétaro,Super Aki,26,862.68,862.68,1050.82,17.76,39.0,57.75,55.02,27.28,59.36,880.44,928.96,1222.95,5.51,38.9
TKT-00978,CDMX,Super Aki,45,458.21,458.21,533.86,50.52,0.0,67.33,68.59,50.58,77.7,508.73,508.79,747.48,0.01,46.93
TKT-00979,Mérida,Walmart,21,1624.44,1624.44,1910.76,28.82,0.0,85.7,44.35,31.61,69.65,1653.26,1656.05,2110.46,0.17,27.65
TKT-00980,Mérida,Chedraui,44,1603.23,1603.23,1974.15,65.64,39.0,87.71,50.91,58.75,70.79,1668.87,1700.98,2183.56,1.92,30.84
TKT-00981,Querétaro,Soriana,35,500.45,500.45,634.7,34.25,49.0,66.22,52.04,37.4,38.68,534.7,586.85,791.64,9.75,48.05
TKT-00982,Guadalajara,Bodega Aurrera,13,629.55,629.55,816.33,25.14,39.0,50.83,73.11,41.82,73.86,654.69,710.37,1014.13,8.5,54.9
TKT-00983,Querétaro,Walmart,10,1271.12,1271.12,1643.73,35.36,49.0,50.97,41.62,25.11,55.33,1306.48,1345.23,1791.65,2.97,37.14
TKT-00984,Puebla,La Comer,45,808.91,808.91,980.7,66.17,49.0,85.81,78.74,50.19,46.98,875.08,908.1,1192.23,3.77,36.24
TKT-00985,Monterrey,Dunosusa,14,876.42,876.42,1066.4,65.94,49.0,64.21,26.95,44.83,34.23,942.36,970.25,1191.79,2.96,26.47
TKT-00986,Querétaro,Bodega Aurrera,36,1412.87,1412.87,1801.76,56.48,0.0,46.0,49.66,44.93,53.94,1469.35,1457.8,1951.36,-0.79,32.8
TKT-00987,Querétaro,La Comer,24,839.2,839.2,967.06,61.86,49.0,53.79,40.91,39.65,63.73,901.06,927.85,1125.49,2.97,24.91
TKT-00988,Puebla,Chedraui,39,1147.81,1147.81,1389.19,40.77,0.0,43.01,63.37,53.32,74.3,1188.58,1201.13,1569.87,1.06,32.08
TKT-00989,Querétaro,Chedraui,26,601.96,601.96,749.85,48.92,39.0,51.81,73.66,33.73,41.33,650.88,674.69,916.65,3.66,40.83
TKT-00990,Guadalajara,Super Aki,41,923.28,923.28,1135.43,62.41,39.0,65.28,32.96,30.28,59.81,985.69,992.56,1293.48,0.7,31.23
TKT-00991,Monterrey,Soriana,45,682.62,682.62,790.69,49.14,49.0,64.87,36.15,20.51,50.0,731.76,752.13,941.71,2.78,28.69
TKT-00992,Guadalajara,Bodega Aurrera,13,401.72,401.72,514.17,35.11,49.0,76.71,40.49,32.59,61.06,436.83,483.31,692.43,10.64,58.51
TKT-00993,Monterrey,Dunosusa,31,598.74,598.74,770.78,64.31,0.0,44.88,70.93,31.73,40.47,663.05,630.47,927.06,-4.91,39.82
TKT-00994,Monterrey,Bodega Aurrera,36,1461.61,1461.61,1796.43,25.75,0.0,89.32,28.09,23.81,77.74,1487.36,1485.42,1991.58,-0.13,33.9
TKT-00995,CDMX,Walmart,11,553.71,553.71,646.88,54.39,39.0,69.69,26.92,56.36,32.18,608.1,649.07,775.67,6.74,27.56
TKT-00996,CDMX,Chedraui,41,1565.33,1565.33,1839.46,65.06,0.0,87.53,65.05,43.07,44.44,1630.39,1608.4,2036.48,-1.35,24.91
TKT-00997,Monterrey,Dunosusa,28,1425.57,1425.57,1712.08,66.48,0.0,47.78,29.25,31.96,53.43,1492.05,1457.53,1842.54,-2.31,23.49
TKT-00998,Monterrey,Super Aki,22,1775.48,1775.48,2047.01,69.87,0.0,55.22,61.2,21.81,40.61,1845.35,1797.29,2204.04,-2.6,19.44
TKT-00999,Puebla,Bodega Aurrera,25,1413.63,1413.63,1753.62,37.23,39.0,66.06,56.46,21.45,43.7,1450.86,1474.08,1919.84,1.6,32.32
TKT-01000,Monterrey,Dunosusa,39,1735.15,1735.15,2002.52,67.45,49.0,94.88,43.8,40.1,63.02,1802.6,1824.25,2204.22,1.2,22.28
TKT-01001,Monterrey,Chedraui,45,1732.52,1732.52,2098.39,26.71,49.0,84.6,49.79,31.55,62.46,1759.23,1813.07,2295.24,3.06,30.47
TKT-01002,Puebla,Dunosusa,17,1668.75,1668.75,2040.47,46.91,49.0,71.12,45.84,38.78,39.33,1715.66,1756.53,2196.76,2.38,28.04
TKT-01003,Puebla,Walmart,15,1532.0,1532.0,1807.9,50.38,39.0,49.47,70.46,39.57,47.69,1582.38,1610.57,1975.52,1.78,24.84
TKT-01004,Mérida,Super Aki,28,1713.91,1713.91,2002.05,52.8,0.0,88.48,62.58,43.4,34.33,1766.71,1757.31,2187.44,-0.53,23.81
TKT-01005,Monterrey,Soriana,11,1001.81,1001.81,1157.42,34.86,0.0,91.02,53.34,35.79,75.61,1036.67,1037.6,1377.39,0.09,32.87
TKT-01006,Monterrey,Soriana,25,1619.12,1619.12,1940.43,51.67,49.0,80.93,73.07,28.28,51.53,1670.79,1696.4,2145.96,1.53,28.44
TKT-01007,Querétaro,Dunosusa,34,1102.22,1102.22,1275.9,26.19,39.0,38.35,60.27,32.24,30.82,1128.41,1173.46,1405.34,3.99,24.54
TKT-01008,Querétaro,Super Aki,15,1305.3,1305.3,1556.94,40.16,49.0,90.94,67.21,24.26,75.82,1345.46,1378.56,1790.91,2.46,33.11
TKT-01009,CDMX,Super Aki,37,1734.59,1734.59,2216.97,64.31,0.0,69.75,63.92,24.38,42.67,1798.9,1758.97,2393.31,-2.22,33.04
TKT-01010,Guadalajara,Chedraui,16,1183.08,1183.08,1507.4,49.23,0.0,63.56,74.94,47.33,72.67,1232.31,1230.41,1718.57,-0.15,39.46
TKT-01011,Querétaro,Dunosusa,35,1041.42,1041.42,1201.82,68.42,49.0,59.06,42.17,32.94,59.56,1109.84,1123.36,1362.61,1.22,22.78
TKT-01012,Guadalajara,Super Aki,42,1469.54,1469.54,1760.28,15.22,39.0,78.13,71.31,26.17,39.1,1484.76,1534.71,1948.82,3.36,31.25
TKT-01013,Mérida,Bodega Aurrera,32,1582.47,1582.47,1884.92,21.94,39.0,53.53,71.76,28.62,73.72,1604.41,1650.09,2083.93,2.85,29.89
TKT-01014,CDMX,Bodega Aurrera,18,1496.0,1496.0,1910.47,37.82,39.0,87.52,46.01,36.9,51.26,1533.82,1571.9,2095.26,2.48,36.6
TKT-01015,Mérida,Soriana,30,1633.84,1633.84,2059.76,38.72,49.0,61.83,54.7,56.93,47.48,1672.56,1739.77,2223.77,4.02,32.96
TKT-01016,CDMX,Chedraui,37,593.28,593.28,698.22,61.83,39.0,70.91,62.18,38.24,42.52,655.11,670.52,873.83,2.35,33.39
TKT-01017,Mérida,Super Aki,38,798.42,798.42,940.94,45.6,49.0,80.58,73.6,35.16,74.03,844.02,882.58,1169.15,4.57,38.52
TKT-01018,Puebla,Super Aki,26,1270.3,1270.3,1525.36,64.83,0.0,71.44,45.41,57.29,67.69,1335.13,1327.59,1709.9,-0.56,28.07
TKT-01019,CDMX,Dunosusa,30,471.11,471.11,547.5,25.17,39.0,78.13,76.11,33.17,49.95,496.28,543.28,751.69,9.47,51.46
TKT-01020,Puebla,La Comer,21,1102.03,1102.03,1269.87,66.43,0.0,71.03,61.48,37.74,50.42,1168.46,1139.77,1452.8,-2.46,24.33
TKT-01021,Mérida,Walmart,16,1392.15,1392.15,1681.75,56.82,49.0,47.5,71.68,25.08,60.04,1448.97,1466.23,1860.97,1.19,28.43
TKT-01022,Guadalajara,Soriana,18,1740.36,1740.36,2036.85,51.62,49.0,51.34,62.52,25.62,45.54,1791.98,1814.98,2196.25,1.28,22.56
TKT-01023,Querétaro,Bodega Aurrera,22,918.63,918.63,1109.43,67.17,39.0,58.44,52.44,58.38,63.02,985.8,1016.01,1283.33,3.06,30.18
TKT-01024,Mérida,Super Aki,39,491.54,491.54,609.7,51.52,0.0,48.39,44.18,47.43,39.73,543.06,538.97,742.0,-0.75,36.63
TKT-01025,CDMX,La Comer,33,1620.32,1620.32,2060.93,26.2,39.0,41.41,70.7,46.5,39.51,1646.52,1705.82,2212.55,3.6,34.38
TKT-01026,Mérida,La Comer,12,843.31,843.31,1076.63,67.97,49.0,94.23,70.03,42.71,53.67,911.28,935.02,1294.56,2.61,42.06
TKT-01027,Guadalajara,Walmart,29,927.64,927.64,1120.07,17.61,49.0,49.54,40.15,46.88,57.06,945.25,1023.52,1266.82,8.28,34.02
TKT-01028,Puebla,Super Aki,13,1724.79,1724.79,2200.88,40.12,49.0,48.0,57.91,54.33,67.39,1764.91,1828.12,2374.18,3.58,34.52
TKT-01029,Querétaro,Bodega Aurrera,26,993.38,993.38,1220.41,24.86,39.0,48.38,79.47,36.89,58.6,1018.24,1069.27,1406.86,5.01,38.17
TKT-01030,Monterrey,Chedraui,43,1528.88,1528.88,1794.22,53.73,49.0,69.16,76.83,33.91,62.91,1582.61,1611.79,2003.12,1.84,26.57
TKT-01031,Querétaro,Soriana,30,1619.18,1619.18,2068.09,33.31,49.0,59.66,73.0,32.16,64.31,1652.49,1700.34,2265.06,2.9,37.07
TKT-01032,Monterrey,Dunosusa,27,1395.8,1395.8,1707.21,58.04,49.0,52.02,78.65,42.7,41.6,1453.84,1487.5,1879.48,2.32,29.28
TKT-01033,Guadalajara,Chedraui,39,1706.78,1706.78,2120.1,39.62,49.0,87.55,71.74,31.41,32.68,1746.4,1787.19,2312.07,2.34,32.39
TKT-01034,Guadalajara,Chedraui,25,1078.21,1078.21,1261.87,45.7,39.0,79.24,65.1,49.56,36.55,1123.91,1166.77,1442.76,3.81,28.37
TKT-01035,Querétaro,Soriana,19,784.8,784.8,928.7,48.26,0.0,83.85,57.36,51.81,59.09,833.06,836.61,1129.0,0.43,35.52
TKT-01036,CDMX,Super Aki,44,856.96,856.96,1034.72,43.08,39.0,92.7,66.25,57.42,31.71,900.04,953.38,1225.38,5.93,36.15
TKT-01037,Monterrey,Soriana,13,1100.43,1100.43,1414.61,23.82,0.0,52.45,72.19,50.4,65.59,1124.25,1150.83,1604.84,2.36,42.75
TKT-01038,CDMX,Bodega Aurrera,16,1505.76,1505.76,1777.3,33.83,0.0,50.6,29.9,31.06,61.86,1539.59,1536.82,1919.66,-0.18,24.69
TKT-01039,Puebla,La Comer,38,1754.09,1754.09,2116.86,19.45,0.0,38.69,72.42,54.82,63.93,1773.54,1808.91,2291.9,1.99,29.23
TKT-01040,Puebla,La Comer,14,658.27,658.27,828.45,29.28,49.0,87.21,27.92,50.45,78.94,687.55,757.72,1022.52,10.21,48.72
TKT-01041,Mérida,Soriana,37,961.4,961.4,1157.62,24.67,49.0,37.31,33.01,35.32,61.29,986.07,1045.72,1289.23,6.05,30.74
TKT-01042,Guadalajara,Bodega Aurrera,11,988.85,988.85,1280.91,16.81,0.0,50.7,49.04,34.65,52.85,1005.66,1023.5,1433.5,1.77,42.54
TKT-01043,CDMX,Bodega Aurrera,45,523.18,523.18,667.64,53.0,49.0,69.04,66.72,50.45,65.49,576.18,622.63,868.89,8.06,50.8
TKT-01044,Mérida,Bodega Aurrera,24,835.42,835.42,1049.19,22.03,49.0,54.62,74.39,49.44,46.85,857.45,933.86,1225.05,8.91,42.87
TKT-01045,Mérida,Dunosusa,43,1606.42,1606.42,1971.93,65.71,39.0,80.52,51.03,48.07,58.63,1672.13,1693.49,2162.11,1.28,29.3
TKT-01046,Querétaro,La Comer,42,1613.63,1613.63,1940.21,44.87,39.0,67.06,61.73,38.14,34.21,1658.5,1690.77,2103.21,1.95,26.81
TKT-01047,Querétaro,Dunosusa,16,1390.33,1390.33,1715.78,54.19,39.0,52.04,49.01,31.15,69.3,1444.52,1460.48,1886.13,1.1,30.57
TKT-01048,Puebla,Soriana,41,404.53,404.53,469.95,30.7,49.0,68.53,54.38,49.41,62.53,435.23,502.94,655.39,15.56,50.58
TKT-01049,Querétaro,Dunosusa,20,1130.95,1130.95,1344.91,17.74,39.0,81.89,76.3,26.1,57.73,1148.69,1196.05,1560.83,4.12,35.88
TKT-01050,Guadalajara,Dunosusa,40,903.08,903.08,1040.71,58.44,49.0,42.74,42.77,47.3,43.54,961.52,999.38,1169.76,3.94,21.66
TKT-01051,Monterrey,Walmart,10,1545.25,1545.25,1883.54,47.69,0.0,65.81,42.13,41.71,52.23,1592.94,1586.96,2043.71,-0.38,28.3
TKT-01052,Puebla,Super Aki,25,1453.8,1453.8,1782.54,24.51,0.0,67.8,45.51,39.22,37.21,1478.31,1493.02,1933.06,1.0,30.76
TKT-01053,CDMX,Walmart,40,1453.15,1453.15,1682.61,59.37,39.0,84.72,41.26,27.67,41.2,1512.52,1519.82,1849.79,0.48,22.3
TKT-01054,Querétaro,Bodega Aurrera,43,1208.27,1208.27,1528.97,42.66,0.0,37.52,27.43,50.65,62.3,1250.93,1258.92,1656.22,0.64,32.4
TKT-01055,Puebla,Soriana,16,1565.21,1565.21,1907.87,27.44,0.0,89.92,28.75,30.18,30.1,1592.65,1595.39,2056.64,0.17,29.13
TKT-01056,Querétaro,Chedraui,44,1708.83,1708.83,2200.68,30.33,49.0,84.44,27.93,49.42,57.25,1739.16,1807.25,2370.3,3.92,36.29
TKT-01057,Mérida,Super Aki,32,546.08,546.08,640.76,53.15,0.0,74.7,77.37,54.71,46.75,599.23,600.79,839.58,0.26,40.11
TKT-01058,Querétaro,Super Aki,33,1043.64,1043.64,1303.86,48.81,0.0,46.19,46.9,49.61,49.4,1092.45,1093.25,1446.35,0.07,32.4
TKT-01059,Monterrey,Soriana,10,786.42,786.42,981.18,45.02,0.0,63.92,37.25,37.36,47.46,831.44,823.78,1129.81,-0.92,35.89
TKT-01060,Querétaro,La Comer,15,481.77,481.77,594.37,26.18,0.0,56.06,35.99,36.79,74.15,507.95,518.56,760.57,2.09,49.73
TKT-01061,Mérida,Bodega Aurrera,12,1033.57,1033.57,1209.06,24.17,0.0,40.19,75.55,39.21,36.91,1057.74,1072.78,1361.71,1.42,28.74
TKT-01062,Monterrey,Bodega Aurrera,28,748.23,748.23,878.19,16.66,49.0,75.44,58.61,50.09,74.8,764.89,847.32,1087.04,10.78,42.12
TKT-01063,CDMX,La Comer,16,1720.53,1720.53,2151.82,67.13,39.0,35.7,46.19,32.28,73.79,1787.66,1791.81,2307.5,0.23,29.08
TKT-01064,Querétaro,Chedraui,23,1590.85,1590.85,1859.92,29.33,0.0,90.14,60.38,36.36,71.03,1620.18,1627.21,2081.47,0.43,28.47
TKT-01065,Querétaro,La Comer,42,784.71,784.71,1004.73,46.22,49.0,35.97,53.96,54.95,62.69,830.93,888.66,1157.35,6.95,39.28
TKT-01066,Mérida,Dunosusa,35,841.48,841.48,1038.33,20.53,39.0,54.58,47.43,41.33,57.05,862.01,921.81,1197.39,6.94,38.91
TKT-01067,Mérida,Walmart,26,1093.15,1093.15,1270.44,65.11,49.0,48.21,76.09,51.02,37.54,1158.26,1193.17,1432.28,3.01,23.66
TKT-01068,CDMX,Walmart,20,843.69,843.69,1057.61,23.32,39.0,41.88,77.44,20.33,63.78,867.01,903.02,1240.71,4.15,43.1
TKT-01069,Puebla,Dunosusa,29,431.24,431.24,548.9,16.31,0.0,80.77,43.82,49.3,49.95,447.55,480.54,723.44,7.37,61.64
TKT-01070,CDMX,Walmart,24,615.12,615.12,726.46,67.68,39.0,87.21,45.5,51.59,57.12,682.8,705.71,916.29,3.36,34.2
TKT-01071,CDMX,Walmart,35,737.33,737.33,957.67,58.47,39.0,90.96,62.13,45.79,37.62,795.8,822.12,1148.38,3.31,44.31
TKT-01072,Guadalajara,Bodega Aurrera,14,922.55,922.55,1065.55,21.89,0.0,41.01,57.53,49.1,70.81,944.44,971.65,1234.9,2.88,30.75
TKT-01073,CDMX,Chedraui,29,458.76,458.76,541.05,22.54,0.0,55.86,77.06,37.07,67.93,481.3,495.83,741.9,3.02,54.15
TKT-01074,Guadalajara,Soriana,43,484.18,484.18,557.31,22.02,0.0,86.98,71.43,20.74,63.99,506.2,504.92,779.71,-0.25,54.03
TKT-01075,Mérida,Bodega Aurrera,40,883.07,883.07,1132.0,22.28,49.0,61.72,35.22,24.89,56.9,905.35,956.96,1285.84,5.7,42.03
TKT-01076,Guadalajara,Chedraui,19,1282.25,1282.25,1494.24,43.12,39.0,43.97,30.46,36.93,65.69,1325.37,1358.18,1634.36,2.48,23.31
TKT-01077,Querétaro,Walmart,23,1249.82,1249.82,1483.37,40.6,39.0,48.69,46.31,38.94,78.79,1290.42,1327.76,1657.16,2.89,28.42
TKT-01078,Mérida,La Comer,37,1393.27,1393.27,1664.89,18.45,49.0,86.53,37.11,45.56,34.15,1411.72,1487.83,1822.68,5.39,29.11
TKT-01079,CDMX,Dunosusa,24,883.42,883.42,1039.46,18.9,49.0,46.49,73.37,24.26,69.22,902.32,956.68,1228.54,6.02,36.15
TKT-01080,Puebla,Soriana,24,1360.02,1360.02,1760.03,65.51,39.0,75.78,26.01,30.81,60.85,1425.53,1429.83,1922.67,0.3,34.87
TKT-01081,Guadalajara,Walmart,20,1264.27,1264.27,1589.7,54.57,0.0,63.72,72.1,50.84,59.76,1318.84,1315.11,1785.28,-0.28,35.37
TKT-01082,Guadalajara,Super Aki,37,1289.47,1289.47,1513.36,55.17,0.0,92.44,38.49,25.21,59.68,1344.64,1314.68,1703.97,-2.23,26.72
TKT-01083,Puebla,Super Aki,30,848.73,848.73,1038.78,58.08,49.0,68.3,67.18,23.53,36.02,906.81,921.26,1210.28,1.59,33.47
TKT-01084,Guadalajara,Walmart,18,808.3,808.3,940.59,15.99,39.0,87.38,62.36,26.63,45.06,824.29,873.93,1135.39,6.02,37.74
TKT-01085,Querétaro,Dunosusa,30,1363.15,1363.15,1764.35,46.86,49.0,94.91,68.05,20.08,33.3,1410.01,1432.23,1960.61,1.58,39.05
TKT-01086,Mérida,La Comer,22,1031.5,1031.5,1188.72,17.02,49.0,42.53,64.93,44.46,53.1,1048.52,1124.96,1349.28,7.29,28.68
TKT-01087,Querétaro,Soriana,20,599.12,599.12,706.54,27.72,39.0,94.69,47.92,34.39,69.91,626.84,672.51,919.06,7.29,46.62
TKT-01088,Puebla,Walmart,45,1580.75,1580.75,1825.78,62.09,49.0,86.8,62.29,25.89,61.49,1642.84,1655.64,2036.36,0.78,23.95
TKT-01089,Querétaro,La Comer,38,484.23,484.23,571.48,49.25,39.0,71.25,77.21,28.02,43.12,533.48,551.25,763.06,3.33,43.03
TKT-01090,Mérida,Bodega Aurrera,43,847.89,847.89,1061.14,19.29,39.0,73.23,40.36,47.26,60.08,867.18,934.15,1234.81,7.72,42.39
TKT-01091,Puebla,Walmart,32,1366.46,1366.46,1714.05,27.69,39.0,45.6,38.07,44.55,38.99,1394.15,1450.01,1836.71,4.01,31.74
TKT-01092,CDMX,Walmart,21,1242.63,1242.63,1443.72,33.06,0.0,62.8,76.79,49.85,73.76,1275.69,1292.48,1657.07,1.32,29.9
TKT-01093,Monterrey,Dunosusa,26,1304.63,1304.63,1602.08,53.74,0.0,52.19,28.64,24.03,72.8,1358.37,1328.66,1755.71,-2.19,29.25
TKT-01094,Monterrey,Dunosusa,35,1664.19,1664.19,2108.02,30.32,49.0,59.94,31.01,53.32,50.9,1694.51,1766.51,2249.87,4.25,32.77
TKT-01095,Puebla,Chedraui,36,928.39,928.39,1169.49,48.97,0.0,86.83,25.94,42.21,31.99,977.36,970.6,1314.25,-0.69,34.47
TKT-01096,Mérida,Dunosusa,11,509.06,509.06,635.4,39.56,39.0,88.08,32.95,31.68,62.17,548.62,579.74,818.6,5.67,49.21
TKT-01097,Querétaro,Soriana,13,1292.27,1292.27,1607.23,31.95,0.0,91.22,78.1,28.64,48.54,1324.22,1320.91,1825.09,-0.25,37.82
TKT-01098,Mérida,La Comer,43,1636.96,1636.96,2006.9,54.84,39.0,58.14,52.89,34.49,76.38,1691.8,1710.45,2194.31,1.1,29.7
TKT-01099,Puebla,Soriana,37,1319.96,1319.96,1563.03,58.8,0.0,82.81,59.32,37.02,73.47,1378.76,1356.98,1778.63,-1.58,29.0
TKT-01100,Monterrey,Super Aki,12,1312.49,1312.49,1692.57,67.51,39.0,61.13,64.5,37.23,70.83,1380.0,1388.72,1889.03,0.63,36.89
TKT-01101,CDMX,Walmart,32,1028.3,1028.3,1204.59,62.4,39.0,65.76,43.16,50.68,35.09,1090.7,1117.98,1348.6,2.5,23.65
TKT-01102,Monterrey,La Comer,38,1627.47,1627.47,2005.55,45.44,49.0,69.47,30.29,30.86,51.09,1672.91,1707.33,2156.4,2.06,28.9
TKT-01103,CDMX,Dunosusa,10,1102.31,1102.31,1405.61,15.51,0.0,89.89,46.82,25.77,44.67,1117.82,1128.08,1586.99,0.92,41.97
TKT-01104,CDMX,Bodega Aurrera,37,1318.19,1318.19,1639.02,18.82,49.0,92.43,63.0,44.3,30.7,1337.01,1411.49,1825.15,5.57,36.51
TKT-01105,Guadalajara,Super Aki,20,1116.11,1116.11,1333.38,39.42,39.0,40.71,45.55,52.23,63.64,1155.53,1207.34,1483.28,4.48,28.36
TKT-01106,Mérida,La Comer,30,1032.61,1032.61,1258.57,39.56,49.0,74.64,40.49,56.15,76.43,1072.17,1137.76,1450.13,6.12,35.25
TKT-01107,Querétaro,Bodega Aurrera,37,509.18,509.18,626.82,54.55,0.0,67.39,79.94,48.66,67.97,563.73,557.84,842.12,-1.04,49.38
TKT-01108,Guadalajara,La Comer,40,946.07,946.07,1118.2,38.41,49.0,88.87,25.72,55.91,40.24,984.48,1050.98,1273.03,6.75,29.31
TKT-01109,Puebla,Soriana,30,1757.13,1757.13,2256.43,44.13,0.0,60.74,29.55,26.16,52.63,1801.26,1783.29,2399.35,-1.0,33.2
TKT-01110,Guadalajara,Walmart,42,798.53,798.53,961.4,50.33,39.0,36.17,72.75,32.63,70.23,848.86,870.16,1140.55,2.51,34.36
TKT-01111,Guadalajara,Super Aki,33,738.02,738.02,904.82,68.5,39.0,48.27,44.94,52.35,59.99,806.52,829.37,1058.02,2.83,31.18
TKT-01112,Guadalajara,Dunosusa,22,1173.65,1173.65,1483.11,28.07,49.0,35.85,70.82,42.29,33.19,1201.72,1264.94,1622.97,5.26,35.05
TKT-01113,CDMX,Chedraui,36,1333.21,1333.21,1548.01,50.81,49.0,44.83,61.98,27.84,53.66,1384.02,1410.05,1708.48,1.88,23.44
TKT-01114,Monterrey,Dunosusa,13,1499.08,1499.08,1902.31,43.99,49.0,38.93,71.14,27.45,53.71,1543.07,1575.53,2066.09,2.1,33.89
TKT-01115,Puebla,Soriana,20,1680.74,1680.74,2007.24,33.65,49.0,60.65,34.83,42.44,41.08,1714.39,1772.18,2143.8,3.37,25.05
TKT-01116,Monterrey,Dunosusa,19,1719.94,1719.94,2223.05,22.62,0.0,62.67,35.41,37.25,71.99,1742.56,1757.19,2393.12,0.84,37.33
TKT-01117,CDMX,Soriana,44,532.36,532.36,644.36,67.88,39.0,85.6,33.41,53.12,52.19,600.24,624.48,815.56,4.04,35.87
TKT-01118,CDMX,La Comer,27,1693.73,1693.73,2032.38,26.2,49.0,44.68,27.11,47.43,77.71,1719.93,1790.16,2181.88,4.08,26.86
TKT-01119,Querétaro,Dunosusa,11,693.58,693.58,806.76,49.3,0.0,42.05,54.2,50.74,59.98,742.88,744.32,962.99,0.19,29.63
TKT-01120,Puebla,Bodega Aurrera,26,1359.74,1359.74,1617.41,28.28,0.0,50.23,76.19,33.78,53.9,1388.02,1393.52,1797.73,0.4,29.52
TKT-01121,Monterrey,Walmart,41,603.92,603.92,784.08,61.58,49.0,94.64,64.94,22.29,47.34,665.5,675.21,991.0,1.46,48.91
TKT-01122,Mérida,Soriana,40,732.77,732.77,929.11,25.45,39.0,51.06,36.89,51.7,67.28,758.22,823.47,1084.34,8.61,43.01
TKT-01123,CDMX,Chedraui,29,810.78,810.78,954.92,33.08,39.0,81.87,52.28,45.37,42.66,843.86,895.15,1131.73,6.08,34.11
TKT-01124,Guadalajara,Dunosusa,29,1568.56,1568.56,1937.56,59.71,0.0,47.83,31.1,52.56,60.92,1628.27,1621.12,2077.41,-0.44,27.58
TKT-01125,Monterrey,Walmart,18,921.91,921.91,1087.97,43.65,49.0,75.17,34.49,31.56,62.36,965.56,1002.47,1259.99,3.82,30.49
TKT-01126,Guadalajara,Bodega Aurrera,26,749.35,749.35,953.13,51.96,49.0,42.69,67.4,47.67,69.76,801.31,846.02,1132.98,5.58,41.39
TKT-01127,Mérida,Soriana,44,616.75,616.75,738.88,44.71,0.0,84.36,59.52,20.23,30.8,661.46,636.98,913.56,-3.7,38.11
TKT-01128,Mérida,Walmart,17,748.18,748.18,942.69,28.78,49.0,43.35,50.08,33.34,73.77,776.96,830.52,1109.89,6.89,42.85
TKT-01129,Guadalajara,Chedraui,13,931.65,931.65,1174.44,16.2,39.0,77.76,42.92,32.13,41.25,947.85,1002.78,1336.37,5.8,40.99
TKT-01130,Puebla,Walmart,21,1250.47,1250.47,1595.03,17.77,49.0,69.17,75.12,25.8,39.78,1268.24,1325.27,1779.1,4.5,40.28
TKT-01131,Guadalajara,Bodega Aurrera,30,1293.97,1293.97,1644.9,63.95,49.0,45.23,68.11,50.67,61.33,1357.92,1393.64,1819.57,2.63,34.0
TKT-01132,Guadalajara,Bodega Aurrera,34,740.31,740.31,924.7,29.95,39.0,38.1,48.5,24.25,48.63,770.26,803.56,1059.93,4.32,37.61
TKT-01133,Querétaro,Dunosusa,20,1147.11,1147.11,1407.22,25.62,0.0,91.02,60.65,39.28,69.23,1172.73,1186.39,1628.12,1.16,38.83
TKT-01134,CDMX,La Comer,12,1715.45,1715.45,2072.68,17.53,39.0,91.67,41.62,34.63,67.73,1732.98,1789.08,2273.7,3.24,31.2
TKT-01135,Puebla,Walmart,16,504.8,504.8,596.7,65.11,0.0,70.85,78.85,38.71,75.34,569.91,543.51,821.74,-4.63,44.19
TKT-01136,Mérida,Walmart,28,1507.35,1507.35,1838.18,65.11,0.0,50.04,59.69,49.67,54.77,1572.46,1557.02,2002.68,-0.98,27.36
TKT-01137,Guadalajara,La Comer,38,655.23,655.23,761.76,30.08,39.0,56.28,45.02,46.39,44.76,685.31,740.62,907.82,8.07,32.47
TKT-01138,Querétaro,Chedraui,31,1108.42,1108.42,1313.53,34.29,0.0,46.43,30.49,52.53,75.25,1142.71,1160.95,1465.7,1.6,28.27
TKT-01139,Guadalajara,Dunosusa,41,1044.69,1044.69,1215.52,32.16,49.0,47.16,40.02,26.62,54.72,1076.85,1120.31,1357.42,4.04,26.05
TKT-01140,Monterrey,Bodega Aurrera,18,1336.89,1336.89,1674.21,68.65,0.0,55.33,70.94,40.34,72.77,1405.54,1377.23,1873.25,-2.01,33.28
TKT-01141,Guadalajara,La Comer,21,1088.3,1088.3,1318.06,32.97,49.0,56.75,77.56,43.07,72.66,1121.27,1180.37,1525.03,5.27,36.01
TKT-01142,Guadalajara,Bodega Aurrera,30,618.5,618.5,779.65,63.54,0.0,61.69,75.38,28.38,45.31,682.04,646.88,962.03,-5.16,41.05
TKT-01143,Monterrey,Walmart,24,464.25,464.25,585.15,21.95,39.0,39.22,41.94,46.01,42.91,486.2,549.26,709.22,12.97,45.87
TKT-01144,Puebla,La Comer,14,1691.66,1691.66,1973.71,30.7,0.0,61.36,57.72,48.51,35.39,1722.36,1740.17,2128.18,1.03,23.56
TKT-01145,Guadalajara,Dunosusa,13,974.84,974.84,1221.51,24.18,39.0,53.96,78.53,24.07,59.32,999.02,1037.91,1413.32,3.89,41.47
TKT-01146,CDMX,Bodega Aurrera,21,1592.31,1592.31,1944.89,48.88,0.0,55.71,36.23,46.95,79.05,1641.19,1639.26,2115.88,-0.12,28.92
TKT-01147,Mérida,La Comer,35,1130.27,1130.27,1377.91,63.77,0.0,79.06,58.38,54.26,64.04,1194.04,1184.53,1579.39,-0.8,32.27
TKT-01148,Mérida,Bodega Aurrera,21,688.24,688.24,807.27,47.3,0.0,88.09,49.24,22.97,60.89,735.54,711.21,1005.49,-3.31,36.7
TKT-01149,Puebla,La Comer,17,991.03,991.03,1210.52,58.95,49.0,44.48,27.06,40.13,59.91,1049.98,1080.16,1341.97,2.87,27.81
TKT-01150,Monterrey,Super Aki,12,1164.88,1164.88,1474.12,68.55,49.0,47.34,68.56,52.01,72.25,1233.43,1265.89,1662.27,2.63,34.77
TKT-01151,Monterrey,Chedraui,10,1013.57,1013.57,1296.15,15.27,49.0,81.74,54.38,48.08,37.65,1028.84,1110.65,1469.92,7.95,42.87
TKT-01152,Monterrey,Walmart,32,1484.84,1484.84,1882.01,43.91,49.0,81.93,35.77,58.22,31.84,1528.75,1592.06,2031.55,4.14,32.89
TKT-01153,Querétaro,La Comer,13,459.4,459.4,586.41,59.09,49.0,79.08,67.17,27.45,66.53,518.49,535.85,799.19,3.35,54.14
TKT-01154,Puebla,Soriana,13,1006.78,1006.78,1276.28,58.18,39.0,61.58,58.98,35.34,39.92,1064.96,1081.12,1436.76,1.52,34.91
TKT-01155,Querétaro,Super Aki,39,703.68,703.68,864.37,47.08,0.0,53.51,71.21,54.99,54.19,750.76,758.67,1043.28,1.05,38.96
TKT-01156,CDMX,Bodega Aurrera,15,515.14,515.14,644.66,48.5,0.0,50.0,55.95,36.63,36.26,563.64,551.77,786.87,-2.11,39.61
TKT-01157,Puebla,Super Aki,18,905.22,905.22,1106.76,27.92,39.0,92.42,44.65,27.13,46.74,933.14,971.35,1290.57,4.09,38.3
TKT-01158,Querétaro,La Comer,32,1293.05,1293.05,1599.43,32.18,49.0,91.97,61.95,30.88,75.02,1325.23,1372.93,1828.37,3.6,37.97
TKT-01159,CDMX,La Comer,20,808.88,808.88,1007.76,36.43,0.0,38.84,64.77,25.12,64.62,845.31,834.0,1175.99,-1.34,39.12
TKT-01160,Guadalajara,Dunosusa,37,1122.27,1122.27,1416.86,38.39,49.0,94.81,34.32,57.85,42.41,1160.66,1229.12,1588.4,5.9,36.85
TKT-01161,CDMX,Soriana,28,1408.65,1408.65,1688.41,31.05,49.0,76.06,30.42,55.83,57.34,1439.7,1513.48,1852.23,5.12,28.65
TKT-01162,CDMX,Soriana,28,1359.61,1359.61,1640.37,26.87,49.0,35.6,42.09,46.85,75.38,1386.48,1455.46,1793.44,4.98,29.35
TKT-01163,Guadalajara,Dunosusa,19,1516.09,1516.09,1914.66,56.62,0.0,76.52,43.19,49.59,56.79,1572.71,1565.68,2091.16,-0.45,32.97
TKT-01164,CDMX,Super Aki,38,798.05,798.05,974.45,50.34,39.0,48.0,59.82,29.03,71.44,848.39,866.08,1153.71,2.09,35.99
TKT-01165,CDMX,Chedraui,18,699.96,699.96,814.69,66.44,39.0,49.26,42.57,49.38,48.98,766.4,788.34,955.5,2.86,24.67
TKT-01166,Puebla,Bodega Aurrera,13,455.41,455.41,534.7,28.61,39.0,84.85,66.68,26.59,33.93,484.02,521.0,720.16,7.64,48.79
TKT-01167,Mérida,La Comer,20,1377.71,1377.71,1715.87,57.16,0.0,35.36,52.05,34.5,59.93,1434.87,1412.21,1863.21,-1.58,29.85
TKT-01168,Monterrey,La Comer,30,1380.46,1380.46,1681.79,38.02,0.0,84.73,35.24,27.63,36.09,1418.48,1408.09,1837.85,-0.73,29.56
TKT-01169,Querétaro,Soriana,10,1513.13,1513.13,1917.6,65.92,0.0,69.68,36.59,43.99,41.91,1579.05,1557.12,2065.78,-1.39,30.82
TKT-01170,CDMX,La Comer,11,934.32,934.32,1106.82,53.95,49.0,93.4,55.54,54.12,63.51,988.27,1037.44,1319.27,4.98,33.49
TKT-01171,Monterrey,Super Aki,29,480.65,480.65,603.29,21.45,39.0,71.21,48.92,30.56,33.37,502.1,550.21,756.79,9.58,50.72
TKT-01172,Puebla,Chedraui,31,1271.57,1271.57,1611.1,54.66,39.0,49.66,76.2,36.17,37.96,1326.23,1346.74,1774.92,1.55,33.83
TKT-01173,Monterrey,Soriana,34,1390.91,1390.91,1663.83,67.96,39.0,77.26,47.6,46.0,73.63,1458.87,1475.91,1862.32,1.17,27.65
TKT-01174,CDMX,Soriana,40,1005.51,1005.51,1219.36,57.38,0.0,78.96,77.98,50.61,60.39,1062.89,1056.12,1436.69,-0.64,35.17
TKT-01175,Querétaro,Chedraui,20,1289.87,1289.87,1490.32,56.42,39.0,76.44,79.46,35.41,72.72,1346.29,1364.28,1718.94,1.34,27.68
TKT-01176,CDMX,La Comer,14,957.9,957.9,1162.04,48.54,0.0,40.92,69.55,20.82,39.85,1006.44,978.72,1312.36,-2.75,30.4
TKT-01177,CDMX,Soriana,17,941.12,941.12,1137.27,57.77,0.0,62.55,45.22,41.27,37.46,998.89,982.39,1282.5,-1.65,28.39
TKT-01178,Mérida,La Comer,45,965.53,965.53,1209.47,27.8,49.0,75.65,52.59,26.64,73.9,993.33,1041.17,1411.61,4.82,42.11
TKT-01179,CDMX,Soriana,34,835.44,835.44,1072.58,51.93,49.0,35.6,60.41,31.15,35.48,887.37,915.59,1204.07,3.18,35.69
TKT-01180,Monterrey,Dunosusa,39,828.17,828.17,953.19,25.21,49.0,37.23,38.29,59.2,34.44,853.38,936.37,1063.15,9.72,24.58
TKT-01181,Puebla,Walmart,24,567.54,567.54,676.3,50.53,0.0,82.05,31.34,21.62,64.1,618.07,589.16,853.79,-4.68,38.14
TKT-01182,CDMX,Bodega Aurrera,25,1250.81,1250.81,1608.37,41.77,49.0,66.77,40.48,37.56,52.28,1292.58,1337.37,1767.9,3.47,36.77
TKT-01183,Querétaro,Bodega Aurrera,45,1751.31,1751.31,2051.39,68.55,0.0,51.32,45.48,56.52,41.33,1819.86,1807.83,2189.52,-0.66,20.31
TKT-01184,Mérida,Chedraui,29,1670.07,1670.07,2014.85,56.61,49.0,43.42,31.62,35.71,66.51,1726.68,1754.78,2156.4,1.63,24.89
TKT-01185,CDMX,Super Aki,23,1273.34,1273.34,1482.21,55.1,0.0,77.28,77.7,26.74,39.78,1328.44,1300.08,1676.97,-2.13,26.24
TKT-01186,Puebla,La Comer,41,735.06,735.06,904.26,65.27,0.0,59.78,54.9,42.97,70.68,800.33,778.03,1089.62,-2.79,36.15
TKT-01187,Mérida,Soriana,29,769.04,769.04,909.51,40.16,0.0,88.64,34.62,41.95,38.27,809.2,810.99,1071.04,0.22,32.36
TKT-01188,CDMX,Super Aki,11,1167.12,1167.12,1449.32,26.0,0.0,74.47,61.57,53.73,68.03,1193.12,1220.85,1653.39,2.32,38.58
TKT-01189,Mérida,Walmart,15,1566.07,1566.07,1887.2,57.65,0.0,59.85,70.35,52.38,50.37,1623.72,1618.45,2067.77,-0.32,27.35
TKT-01190,CDMX,Dunosusa,14,591.81,591.81,769.21,54.06,0.0,57.45,51.71,39.63,66.34,645.87,631.44,944.71,-2.23,46.27
TKT-01191,Puebla,Dunosusa,22,1595.12,1595.12,1902.84,19.01,49.0,47.86,64.4,33.78,54.93,1614.13,1677.9,2070.03,3.95,28.24
TKT-01192,CDMX,Chedraui,40,1521.23,1521.23,1925.16,47.72,0.0,93.04,55.15,32.71,50.95,1568.95,1553.94,2124.3,-0.96,35.4
TKT-01193,Puebla,Bodega Aurrera,10,1563.6,1563.6,1947.93,29.42,49.0,58.6,57.63,56.78,57.55,1593.02,1669.38,2121.71,4.79,33.19
TKT-01194,Querétaro,Walmart,30,833.34,833.34,1078.73,51.46,39.0,48.42,58.25,33.3,61.33,884.8,905.64,1246.73,2.36,40.91
TKT-01195,Querétaro,Chedraui,26,1300.28,1300.28,1525.72,53.84,39.0,77.56,70.6,44.34,56.77,1354.12,1383.62,1730.65,2.18,27.81
TKT-01196,Querétaro,Super Aki,23,760.5,760.5,917.01,55.1,39.0,60.67,52.27,31.77,36.33,815.6,831.27,1066.28,1.92,30.74
TKT-01197,Puebla,Soriana,19,625.59,625.59,720.17,53.14,39.0,40.26,42.29,27.4,47.39,678.73,691.99,850.11,1.95,25.25
TKT-01198,Mérida,La Comer,43,978.11,978.11,1167.31,50.77,39.0,78.63,72.6,38.89,68.95,1028.88,1056.0,1387.49,2.64,34.85
TKT-01199,Guadalajara,Soriana,26,1716.35,1716.35,2101.7,54.07,0.0,54.48,60.73,38.82,54.28,1770.42,1755.17,2271.19,-0.86,28.29
TKT-01200,Monterrey,Super Aki,27,1775.29,1775.29,2176.2,48.22,39.0,44.39,67.93,37.64,42.97,1823.51,1851.93,2331.49,1.56,27.86
TKT-01201,CDMX,Dunosusa,28,1321.39,1321.39,1645.46,61.71,39.0,73.73,58.32,58.53,56.88,1383.1,1418.92,1834.39,2.59,32.63
TKT-01202,CDMX,Bodega Aurrera,11,673.81,673.81,836.26,48.01,0.0,83.41,52.93,27.05,54.05,721.82,700.86,1026.65,-2.9,42.23
TKT-01203,Querétaro,Bodega Aurrera,17,943.56,943.56,1104.57,67.39,49.0,87.45,50.52,48.51,74.72,1010.95,1041.07,1317.26,2.98,30.3
TKT-01204,Guadalajara,Bodega Aurrera,34,1296.9,1296.9,1553.64,47.87,39.0,84.59,33.36,48.64,63.05,1344.77,1384.54,1734.64,2.96,28.99
TKT-01205,Guadalajara,La Comer,18,1590.07,1590.07,1875.92,55.28,49.0,48.57,51.45,20.34,66.59,1645.35,1659.41,2042.53,0.85,24.14
TKT-01206,Querétaro,Walmart,35,1463.34,1463.34,1791.96,67.86,39.0,73.2,54.94,21.2,76.69,1531.2,1523.54,1996.79,-0.5,30.41
TKT-01207,Querétaro,Dunosusa,44,610.91,610.91,750.9,45.17,0.0,64.59,34.42,48.61,70.98,656.08,659.52,920.89,0.52,40.36
TKT-01208,CDMX,Super Aki,38,534.96,534.96,662.25,65.45,49.0,81.22,59.83,35.54,62.02,600.41,619.5,865.32,3.18,44.12
TKT-01209,Monterrey,Soriana,36,791.16,791.16,938.71,53.55,39.0,83.77,69.79,44.37,48.28,844.71,874.53,1140.55,3.53,35.02
TKT-01210,Guadalajara,Super Aki,17,1086.61,1086.61,1325.31,63.14,0.0,94.76,58.84,57.73,55.9,1149.75,1144.34,1534.81,-0.47,33.49
TKT-01211,Monterrey,Bodega Aurrera,45,1766.14,1766.14,2113.1,61.78,49.0,75.3,58.32,55.03,58.84,1827.92,1870.17,2305.56,2.31,26.13
TKT-01212,Guadalajara,Soriana,45,865.44,865.44,1098.74,67.01,49.0,57.78,50.37,23.16,40.88,932.45,937.6,1247.77,0.55,33.82
TKT-01213,Monterrey,La Comer,31,1596.37,1596.37,1919.87,36.78,39.0,94.45,38.98,58.17,47.76,1633.15,1693.54,2101.06,3.7,28.65
TKT-01214,Puebla,Bodega Aurrera,35,1625.58,1625.58,1998.09,66.08,49.0,83.97,33.58,54.06,47.54,1691.66,1728.64,2163.18,2.19,27.87
TKT-01215,Mérida,La Comer,34,702.95,702.95,824.45,29.25,0.0,54.75,51.4,46.52,34.7,732.2,749.47,965.3,2.36,31.84
TKT-01216,CDMX,Bodega Aurrera,15,1721.99,1721.99,2170.01,42.39,0.0,65.82,51.56,31.25,71.53,1764.38,1753.24,2358.92,-0.63,33.7
TKT-01217,CDMX,Dunosusa,42,633.49,633.49,805.08,51.9,0.0,63.96,37.01,49.52,73.6,685.39,683.01,979.65,-0.35,42.93
TKT-01218,Mérida,Dunosusa,31,1736.73,1736.73,2253.41,58.68,49.0,88.31,38.86,54.32,48.32,1795.41,1840.05,2428.9,2.49,35.28
TKT-01219,Mérida,Walmart,29,405.07,405.07,522.05,50.8,49.0,39.81,49.66,32.52,57.63,455.87,486.59,669.15,6.74,46.79
TKT-01220,Querétaro,La Comer,45,756.91,756.91,889.6,17.21,0.0,48.99,69.13,49.4,32.37,774.12,806.31,1040.09,4.16,34.36
TKT-01221,CDMX,Walmart,22,507.49,507.49,646.87,69.05,39.0,94.0,62.79,28.5,51.5,576.54,574.99,855.16,-0.27,48.33
TKT-01222,CDMX,Soriana,32,660.32,660.32,804.09,15.31,0.0,40.3,55.13,23.15,59.02,675.63,683.47,958.54,1.16,41.87
TKT-01223,Querétaro,Bodega Aurrera,17,696.13,696.13,852.08,48.38,49.0,60.77,68.78,27.24,48.89,744.51,772.37,1030.52,3.74,38.42
TKT-01224,Mérida,Walmart,39,1712.32,1712.32,2104.14,48.72,39.0,78.46,57.3,47.22,57.2,1761.04,1798.54,2297.1,2.13,30.44
TKT-01225,Puebla,Chedraui,44,1399.97,1399.97,1712.25,16.12,39.0,65.69,32.35,36.95,42.96,1416.09,1475.92,1853.25,4.23,30.87
TKT-01226,Puebla,Super Aki,36,1053.23,1053.23,1212.51,43.5,0.0,38.3,42.32,25.28,72.38,1096.73,1078.51,1365.51,-1.66,24.51
TKT-01227,Guadalajara,Chedraui,19,1795.49,1795.49,2249.2,65.19,39.0,62.09,45.25,45.35,32.13,1860.68,1879.84,2388.67,1.03,28.38
TKT-01228,Monterrey,Dunosusa,29,1149.24,1149.24,1476.68,26.74,0.0,79.85,57.49,33.45,68.41,1175.98,1182.69,1682.43,0.57,43.07
TKT-01229,Guadalajara,Walmart,29,1112.99,1112.99,1361.51,63.69,49.0,47.91,74.18,26.71,52.7,1176.68,1188.7,1536.3,1.02,30.56
TKT-01230,Mérida,Soriana,41,1186.0,1186.0,1379.75,26.21,39.0,79.32,35.26,48.03,38.23,1212.21,1273.03,1532.56,5.02,26.43
TKT-01231,Guadalajara,Super Aki,16,1328.59,1328.59,1635.84,35.71,49.0,90.97,32.18,21.7,59.18,1364.3,1399.29,1818.17,2.56,33.27
TKT-01232,Monterrey,Walmart,11,1014.41,1014.41,1273.87,30.91,49.0,85.29,61.19,24.51,35.76,1045.32,1087.92,1456.11,4.08,39.3
TKT-01233,Guadalajara,Chedraui,21,1728.68,1728.68,2080.15,59.15,49.0,37.82,61.56,37.3,46.45,1787.83,1814.98,2225.98,1.52,24.51
TKT-01234,Monterrey,Soriana,45,1271.99,1271.99,1532.74,54.55,0.0,83.34,41.34,34.31,38.23,1326.54,1306.3,1695.65,-1.53,27.83
TKT-01235,CDMX,Chedraui,41,1433.25,1433.25,1774.78,25.91,39.0,47.36,30.15,23.1,50.73,1459.16,1495.35,1903.02,2.48,30.42
TKT-01236,CDMX,Walmart,31,1320.22,1320.22,1650.98,32.8,39.0,44.47,60.04,53.85,74.06,1353.02,1413.07,1829.55,4.44,35.22
TKT-01237,Guadalajara,La Comer,28,664.22,664.22,859.45,25.03,0.0,55.05,71.08,21.56,72.64,689.25,685.78,1058.22,-0.5,53.53
TKT-01238,Mérida,Soriana,18,1134.45,1134.45,1345.28,30.19,0.0,57.3,57.05,35.68,53.72,1164.64,1170.13,1513.35,0.47,29.94
TKT-01239,Guadalajara,Bodega Aurrera,30,545.7,545.7,665.4,60.05,0.0,63.87,56.29,45.43,38.88,605.75,591.13,824.44,-2.41,36.1
TKT-01240,Guadalajara,Bodega Aurrera,41,1796.86,1796.86,2136.72,54.91,39.0,48.15,60.15,38.9,39.99,1851.77,1874.76,2285.01,1.24,23.4
TKT-01241,Querétaro,Super Aki,11,746.68,746.68,948.48,33.59,39.0,91.27,53.15,24.82,39.15,780.27,810.5,1132.05,3.87,45.08
TKT-01242,CDMX,La Comer,34,974.43,974.43,1259.21,43.22,49.0,84.75,69.44,52.88,34.73,1017.65,1076.31,1448.13,5.76,42.3
TKT-01243,Puebla,Chedraui,44,765.82,765.82,909.86,35.15,0.0,56.39,67.64,31.18,41.21,800.97,797.0,1075.1,-0.5,34.22
TKT-01244,Monterrey,Bodega Aurrera,42,1582.32,1582.32,1916.75,22.66,39.0,58.85,33.54,59.63,54.01,1604.98,1680.95,2063.15,4.73,28.55
TKT-01245,Mérida,Walmart,30,1531.07,1531.07,1884.11,21.01,39.0,64.28,58.79,45.21,44.61,1552.08,1615.28,2051.79,4.07,32.2
TKT-01246,Monterrey,Dunosusa,15,1421.54,1421.54,1642.47,30.65,0.0,85.21,53.69,36.13,59.56,1452.19,1457.67,1840.93,0.38,26.77
TKT-01247,Querétaro,La Comer,26,1673.17,1673.17,2116.22,23.71,39.0,40.3,31.01,54.26,38.52,1696.88,1766.43,2226.05,4.1,31.18
TKT-01248,Guadalajara,Bodega Aurrera,14,1692.52,1692.52,2152.99,33.74,39.0,57.19,54.46,44.79,75.45,1726.26,1776.31,2340.09,2.9,35.56
TKT-01249,CDMX,Soriana,13,1275.43,1275.43,1606.96,43.25,49.0,83.76,31.15,27.54,69.86,1318.68,1351.97,1791.73,2.52,35.87
TKT-01250,Querétaro,La Comer,39,605.41,605.41,777.69,18.07,49.0,81.54,72.28,20.97,31.43,623.48,675.38,962.94,8.32,54.45
TKT-01251,Puebla,Walmart,21,1367.92,1367.92,1629.11,52.61,39.0,50.25,31.06,28.63,77.61,1420.53,1435.55,1788.03,1.06,25.87
TKT-01252,Monterrey,Super Aki,43,1431.87,1431.87,1702.37,62.13,0.0,81.89,71.38,28.89,77.98,1494.0,1460.76,1933.62,-2.22,29.43
TKT-01253,Guadalajara,Chedraui,12,918.47,918.47,1085.67,68.76,39.0,40.36,66.35,23.29,39.71,987.23,980.76,1232.09,-0.66,24.8
TKT-01254,CDMX,Soriana,36,627.3,627.3,775.53,64.11,0.0,85.25,75.3,26.02,39.63,691.41,653.32,975.71,-5.51,41.12
TKT-01255,Mérida,Chedraui,21,1178.42,1178.42,1420.09,23.11,0.0,43.04,72.87,56.18,36.52,1201.53,1234.6,1572.52,2.75,30.88
TKT-01256,Querétaro,Walmart,12,985.91,985.91,1202.13,44.41,0.0,60.11,54.45,55.29,61.49,1030.32,1041.2,1378.18,1.06,33.76
TKT-01257,Mérida,Chedraui,31,1772.79,1772.79,2075.01,62.11,0.0,68.67,52.43,41.87,63.88,1834.9,1814.66,2259.99,-1.1,23.17
TKT-01258,CDMX,Walmart,39,767.92,767.92,971.26,68.63,39.0,75.28,66.46,24.03,32.1,836.55,830.95,1145.1,-0.67,36.88
TKT-01259,Querétaro,Bodega Aurrera,24,1691.02,1691.02,2019.95,17.07,0.0,50.98,33.81,57.66,54.01,1708.09,1748.68,2158.75,2.38,26.38
TKT-01260,Puebla,Dunosusa,11,592.04,592.04,733.09,62.95,0.0,80.69,51.3,44.79,68.08,654.99,636.83,933.16,-2.77,42.47
TKT-01261,CDMX,Chedraui,43,748.15,748.15,893.49,69.87,0.0,63.67,60.87,46.72,30.17,818.02,794.87,1048.2,-2.83,28.14
TKT-01262,Puebla,La Comer,34,830.18,830.18,1058.9,39.48,39.0,87.61,65.59,49.64,49.64,869.66,918.82,1261.74,5.65,45.08
TKT-01263,Mérida,La Comer,36,1507.51,1507.51,1873.77,19.66,39.0,37.47,32.01,22.4,57.94,1527.17,1568.91,2001.19,2.73,31.04
TKT-01264,Guadalajara,Bodega Aurrera,29,949.72,949.72,1220.16,22.49,39.0,35.38,67.59,34.75,78.38,972.21,1023.47,1401.51,5.27,44.16
TKT-01265,CDMX,Walmart,36,1171.6,1171.6,1423.92,62.11,0.0,83.43,61.62,53.39,57.02,1233.71,1224.99,1625.99,-0.71,31.8
TKT-01266,CDMX,Soriana,12,910.64,910.64,1178.72,66.9,39.0,43.33,46.49,52.86,32.8,977.54,1002.5,1301.34,2.55,33.12
TKT-01267,Mérida,Walmart,22,1554.93,1554.93,1802.49,33.53,39.0,81.9,45.2,27.48,72.04,1588.46,1621.41,2001.63,2.07,26.01
TKT-01268,CDMX,Soriana,33,516.16,516.16,657.52,34.69,39.0,63.57,77.24,34.11,69.98,550.85,589.27,868.31,6.97,57.63
TKT-01269,Guadalajara,Super Aki,38,489.81,489.81,594.59,17.95,49.0,63.08,62.37,21.44,72.06,507.76,560.25,792.1,10.34,56.0
TKT-01270,Querétaro,La Comer,20,578.59,578.59,703.17,61.77,49.0,59.09,68.81,21.72,47.51,640.36,649.31,878.58,1.4,37.2
TKT-01271,Monterrey,Chedraui,27,1492.79,1492.79,1931.38,45.42,49.0,77.87,74.0,48.38,58.26,1538.21,1590.17,2141.51,3.38,39.22
TKT-01272,Guadalajara,Walmart,36,916.0,916.0,1183.61,43.37,49.0,63.63,66.17,38.69,61.08,959.37,1003.69,1374.49,4.62,43.27
TKT-01273,Mérida,Walmart,10,1438.45,1438.45,1688.62,38.26,0.0,59.37,27.79,53.64,79.93,1476.71,1492.09,1855.71,1.04,25.67
TKT-01274,Guadalajara,Walmart,40,765.57,765.57,970.18,47.94,39.0,68.87,55.33,38.99,30.07,813.51,843.56,1124.45,3.69,38.22
TKT-01275,Mérida,Walmart,45,1263.12,1263.12,1496.33,42.22,0.0,65.24,61.45,52.02,49.59,1305.34,1315.14,1672.61,0.75,28.14
TKT-01276,Monterrey,Walmart,37,541.31,541.31,653.62,52.46,0.0,45.11,61.33,56.67,60.15,593.77,597.98,820.21,0.71,38.14
TKT-01277,Monterrey,Walmart,10,1497.71,1497.71,1851.61,28.78,0.0,40.67,52.44,34.41,41.08,1526.49,1532.12,1985.8,0.37,30.09
TKT-01278,CDMX,Walmart,33,521.12,521.12,674.68,55.06,39.0,56.42,66.43,36.47,61.52,576.18,596.59,859.05,3.54,49.09
TKT-01279,Mérida,Walmart,19,648.25,648.25,777.35,29.87,49.0,78.54,47.68,30.97,39.15,678.12,728.22,942.72,7.39,39.02
TKT-01280,Puebla,Chedraui,21,913.72,913.72,1076.01,28.6,0.0,83.95,31.3,56.16,49.1,942.32,969.88,1240.36,2.92,31.63
TKT-01281,Mérida,Soriana,10,1454.01,1454.01,1806.24,18.01,0.0,41.7,29.36,54.05,75.69,1472.02,1508.06,1952.99,2.45,32.67
TKT-01282,CDMX,La Comer,37,1049.86,1049.86,1310.43,48.9,0.0,41.87,42.71,22.48,56.84,1098.76,1072.34,1451.85,-2.4,32.14
TKT-01283,Monterrey,Dunosusa,36,657.31,657.31,775.22,50.44,0.0,56.91,33.44,57.9,61.96,707.75,715.21,927.53,1.05,31.05
TKT-01284,CDMX,La Comer,21,444.62,444.62,517.04,32.26,0.0,74.88,40.77,50.06,65.94,476.88,494.68,698.63,3.73,46.5
TKT-01285,Puebla,Dunosusa,32,1213.23,1213.23,1540.74,25.28,39.0,51.67,54.48,54.39,70.92,1238.51,1306.62,1717.81,5.5,38.7
TKT-01286,Querétaro,Walmart,37,854.91,854.91,1088.55,56.74,0.0,37.2,32.49,53.62,56.79,911.65,908.53,1215.03,-0.34,33.28
TKT-01287,Guadalajara,Soriana,14,537.3,537.3,632.14,32.34,49.0,46.47,49.9,29.19,47.81,569.64,615.49,776.32,8.05,36.28
TKT-01288,Guadalajara,Bodega Aurrera,12,1020.98,1020.98,1227.52,63.95,0.0,36.43,47.8,28.01,30.91,1084.93,1048.99,1342.66,-3.31,23.76
TKT-01289,Mérida,Soriana,27,696.15,696.15,864.0,50.68,49.0,57.57,29.35,21.22,34.05,746.83,766.37,984.97,2.62,31.89
TKT-01290,Querétaro,Bodega Aurrera,35,1402.29,1402.29,1731.37,51.86,39.0,52.84,63.58,21.24,67.17,1454.15,1462.53,1914.96,0.58,31.69
TKT-01291,Querétaro,Soriana,22,510.1,510.1,599.75,38.51,39.0,79.42,43.7,33.49,75.61,548.61,582.59,798.48,6.19,45.55
TKT-01292,Monterrey,Soriana,34,1732.2,1732.2,2098.21,38.49,0.0,56.01,59.66,40.75,69.83,1770.69,1772.95,2283.71,0.13,28.97
TKT-01293,CDMX,Dunosusa,26,817.78,817.78,1010.72,20.58,49.0,64.59,77.92,27.56,49.01,838.36,894.34,1202.24,6.68,43.4
TKT-01294,Monterrey,La Comer,18,1663.21,1663.21,1928.32,55.14,0.0,76.28,34.18,22.05,75.89,1718.35,1685.26,2114.67,-1.93,23.06
TKT-01295,Monterrey,Chedraui,36,566.47,566.47,699.77,28.41,49.0,60.93,37.67,52.36,49.0,594.88,667.83,847.37,12.26,42.44
TKT-01296,Querétaro,Dunosusa,41,737.83,737.83,898.43,48.27,39.0,62.7,26.55,55.79,57.99,786.1,832.62,1045.67,5.92,33.02
TKT-01297,Mérida,Bodega Aurrera,12,1173.35,1173.35,1368.19,49.07,0.0,35.12,25.83,57.22,36.34,1222.42,1230.57,1465.48,0.67,19.88
TKT-01298,Guadalajara,La Comer,43,1728.86,1728.86,2241.37,42.13,49.0,41.12,56.69,52.97,50.41,1770.99,1830.83,2389.59,3.38,34.93
TKT-01299,Guadalajara,La Comer,40,865.68,865.68,1092.68,64.03,49.0,45.49,30.92,59.98,31.81,929.71,974.66,1200.9,4.83,29.17
TKT-01300,Puebla,Soriana,21,1711.76,1711.76,2087.27,23.11,39.0,48.45,35.91,46.91,50.13,1734.87,1797.67,2221.76,3.62,28.06
TKT-01301,Puebla,Walmart,35,603.69,603.69,764.13,56.66,0.0,92.62,76.18,43.73,73.83,660.35,647.42,1006.76,-1.96,52.46
TKT-01302,Puebla,Super Aki,17,836.9,836.9,1040.53,23.08,0.0,85.44,51.01,36.02,60.23,859.98,872.92,1237.21,1.5,43.86
TKT-01303,CDMX,Super Aki,21,1745.33,1745.33,2198.08,51.3,0.0,93.4,45.65,37.34,46.23,1796.63,1782.67,2383.36,-0.78,32.66
TKT-01304,Puebla,Chedraui,12,1742.96,1742.96,2074.84,44.76,39.0,64.78,43.0,38.53,48.69,1787.72,1820.49,2231.31,1.83,24.81
TKT-01305,Mérida,Soriana,26,1011.66,1011.66,1224.27,65.02,49.0,93.84,50.35,45.71,71.58,1076.68,1106.37,1440.04,2.76,33.75
TKT-01306,Monterrey,Walmart,23,701.88,701.88,879.96,21.72,49.0,69.68,71.15,57.98,60.06,723.6,808.86,1080.85,11.78,49.37
TKT-01307,Guadalajara,Soriana,41,1448.11,1448.11,1825.85,49.13,49.0,86.42,74.15,30.22,68.89,1497.24,1527.33,2055.31,2.01,37.27
TKT-01308,Querétaro,Chedraui,44,644.42,644.42,743.94,56.46,0.0,72.14,48.65,30.07,35.45,700.88,674.49,900.18,-3.77,28.44
TKT-01309,Puebla,La Comer,33,1736.76,1736.76,2056.96,18.06,39.0,76.09,49.76,21.85,74.71,1754.82,1797.61,2257.52,2.44,28.65
TKT-01310,Monterrey,Soriana,18,429.84,429.84,543.11,32.99,39.0,83.0,60.65,21.85,55.99,462.83,490.69,742.75,6.02,60.48
TKT-01311,CDMX,La Comer,16,411.38,411.38,513.22,25.75,39.0,82.63,54.03,59.24,47.72,437.13,509.62,697.6,16.58,59.59
TKT-01312,Monterrey,Super Aki,39,1257.93,1257.93,1538.58,59.72,39.0,86.9,78.68,46.85,41.81,1317.65,1343.78,1745.97,1.98,32.51
TKT-01313,CDMX,La Comer,28,781.34,781.34,922.2,29.72,39.0,88.56,71.85,41.99,55.19,811.06,862.33,1137.8,6.32,40.29
TKT-01314,Querétaro,Walmart,27,1720.88,1720.88,2057.18,24.52,39.0,72.03,33.06,20.01,67.65,1745.4,1779.89,2229.92,1.98,27.76
TKT-01315,Monterrey,Chedraui,25,1688.74,1688.74,2070.26,19.59,49.0,58.82,56.84,33.59,48.66,1708.33,1771.33,2234.58,3.69,30.8
TKT-01316,Puebla,La Comer,10,543.94,543.94,690.5,63.53,0.0,75.79,50.5,49.26,46.41,607.47,593.2,863.2,-2.35,42.1
TKT-01317,Monterrey,Soriana,16,1256.99,1256.99,1602.86,51.2,49.0,51.0,60.12,45.29,52.83,1308.19,1351.28,1766.81,3.29,35.06
TKT-01318,Querétaro,Soriana,34,1087.84,1087.84,1341.05,54.0,0.0,83.85,28.93,38.28,61.65,1141.84,1126.12,1515.48,-1.38,32.72
TKT-01319,Puebla,Chedraui,16,1470.13,1470.13,1871.18,35.14,39.0,52.85,41.48,49.24,70.65,1505.27,1558.37,2036.16,3.53,35.27
TKT-01320,Querétaro,Bodega Aurrera,23,861.08,861.08,1048.27,21.71,49.0,65.07,41.61,20.89,54.51,882.79,930.97,1209.46,5.46,37.0
TKT-01321,Querétaro,La Comer,40,738.74,738.74,927.95,54.14,0.0,90.07,28.02,54.96,69.13,792.88,793.7,1115.17,0.1,40.65
TKT-01322,Mérida,Soriana,27,1105.5,1105.5,1364.04,20.74,0.0,90.73,59.15,58.34,67.52,1126.24,1163.84,1581.44,3.34,40.42
TKT-01323,Puebla,Soriana,18,468.8,468.8,584.9,33.34,39.0,73.95,29.11,54.42,68.57,502.14,562.22,756.53,11.96,50.66
TKT-01324,Guadalajara,La Comer,39,771.95,771.95,976.29,59.5,49.0,51.76,51.45,43.01,48.59,831.45,863.96,1128.09,3.91,35.68
TKT-01325,Mérida,Bodega Aurrera,30,614.65,614.65,741.86,62.96,49.0,54.8,61.06,58.75,76.19,677.61,722.4,933.91,6.61,37.82
TKT-01326,CDMX,Bodega Aurrera,10,1646.72,1646.72,2017.8,37.86,49.0,46.32,26.76,54.17,55.82,1684.58,1749.89,2146.7,3.88,27.43
TKT-01327,Monterrey,Walmart,25,1705.85,1705.85,2079.39,68.77,49.0,60.93,65.53,50.09,75.75,1774.62,1804.94,2281.6,1.71,28.57
TKT-01328,Mérida,Walmart,28,1442.11,1442.11,1767.14,54.58,49.0,54.85,53.23,42.36,48.85,1496.69,1533.47,1924.07,2.46,28.56
TKT-01329,CDMX,Soriana,10,637.59,637.59,819.02,19.99,49.0,84.07,42.23,39.6,78.59,657.58,726.19,1023.91,10.43,55.71
TKT-01330,Guadalajara,Walmart,23,974.45,974.45,1146.97,54.79,0.0,62.7,68.18,48.63,38.25,1029.24,1023.08,1316.1,-0.6,27.87
TKT-01331,CDMX,Dunosusa,22,517.2,517.2,605.97,22.52,0.0,79.99,28.49,40.17,31.08,539.72,557.37,745.53,3.27,38.13
TKT-01332,Mérida,Dunosusa,18,872.0,872.0,1029.21,26.16,49.0,37.09,48.34,52.63,50.05,898.16,973.63,1164.69,8.4,29.68
TKT-01333,Puebla,La Comer,13,464.47,464.47,568.08,35.72,49.0,81.87,57.65,45.66,49.73,500.19,559.13,757.33,11.78,51.41
TKT-01334,Querétaro,Walmart,15,717.78,717.78,914.12,41.0,39.0,82.56,27.76,56.45,74.03,758.78,813.23,1098.47,7.18,44.77
TKT-01335,Monterrey,Dunosusa,17,676.11,676.11,808.68,21.86,0.0,64.01,69.19,42.64,56.84,697.97,718.75,998.72,2.98,43.09
TKT-01336,Puebla,Walmart,35,521.61,521.61,648.21,21.04,49.0,40.38,67.68,34.97,53.46,542.65,605.58,809.73,11.6,49.22
TKT-01337,Puebla,Chedraui,36,708.6,708.6,817.6,35.03,39.0,93.96,54.29,48.2,69.16,743.63,795.8,1035.01,7.02,39.18
TKT-01338,Monterrey,Walmart,15,1451.08,1451.08,1711.61,19.26,0.0,37.24,62.77,58.46,64.82,1470.34,1509.54,1876.44,2.67,27.62
TKT-01339,Guadalajara,Chedraui,19,955.84,955.84,1231.47,34.3,0.0,63.44,68.5,36.32,47.66,990.14,992.16,1411.07,0.2,42.51
TKT-01340,Puebla,Chedraui,44,551.96,551.96,643.49,40.31,0.0,61.6,27.81,34.45,51.27,592.27,586.41,784.17,-0.99,32.4
TKT-01341,CDMX,Dunosusa,16,1203.06,1203.06,1385.8,27.58,0.0,71.37,69.04,27.94,39.84,1230.64,1231.0,1566.05,0.03,27.25
TKT-01342,Querétaro,Chedraui,31,463.46,463.46,567.3,46.13,39.0,82.31,59.65,29.61,60.05,509.59,532.07,769.31,4.41,50.97
TKT-01343,Mérida,Soriana,19,922.57,922.57,1138.28,61.2,0.0,35.18,78.94,52.04,70.46,983.77,974.61,1322.86,-0.93,34.47
TKT-01344,Querétaro,Soriana,16,1189.97,1189.97,1369.21,59.52,0.0,38.25,63.85,38.26,70.71,1249.49,1228.23,1542.02,-1.7,23.41
TKT-01345,Puebla,La Comer,12,1184.78,1184.78,1473.05,41.04,49.0,40.8,34.41,36.64,56.4,1225.82,1270.42,1604.66,3.64,30.91
TKT-01346,Mérida,Super Aki,44,1442.39,1442.39,1771.91,59.39,39.0,88.0,42.76,42.55,32.49,1501.78,1523.94,1935.16,1.48,28.86
TKT-01347,CDMX,Dunosusa,39,1702.43,1702.43,1968.87,31.09,0.0,74.31,78.21,25.75,67.81,1733.52,1728.18,2189.2,-0.31,26.29
TKT-01348,Monterrey,Chedraui,11,1753.03,1753.03,2104.64,64.47,39.0,89.11,73.19,59.81,64.09,1817.5,1851.84,2331.03,1.89,28.25
TKT-01349,Guadalajara,Soriana,42,938.76,938.76,1185.73,26.06,49.0,53.48,34.39,47.08,77.83,964.82,1034.84,1351.43,7.26,40.07
TKT-01350,Mérida,Super Aki,43,1340.55,1340.55,1542.33,58.8,0.0,87.11,77.75,36.89,76.8,1399.35,1377.44,1783.99,-1.57,27.49
TKT-01351,Puebla,Dunosusa,33,1183.77,1183.77,1478.87,39.87,0.0,46.65,52.58,46.46,42.08,1223.64,1230.23,1620.18,0.54,32.41
TKT-01352,Puebla,Bodega Aurrera,44,1562.31,1562.31,2000.41,39.21,0.0,89.1,57.29,32.18,48.24,1601.52,1594.49,2195.04,-0.44,37.06
TKT-01353,Guadalajara,Dunosusa,13,1700.71,1700.71,2087.01,64.65,0.0,74.9,53.81,21.18,30.78,1765.36,1721.89,2246.5,-2.46,27.25
TKT-01354,Querétaro,Bodega Aurrera,12,1505.7,1505.7,1952.91,41.94,0.0,44.3,31.05,50.32,41.03,1547.64,1556.02,2069.29,0.54,33.71
TKT-01355,Monterrey,Walmart,21,1649.94,1649.94,1993.46,18.19,49.0,71.89,78.75,22.86,48.65,1668.13,1721.8,2192.75,3.22,31.45
TKT-01356,Monterrey,Super Aki,16,1516.39,1516.39,1820.04,45.77,49.0,41.88,66.03,28.03,50.77,1562.16,1593.42,1978.72,2.0,26.67
TKT-01357,Puebla,La Comer,37,1139.95,1139.95,1465.16,59.32,39.0,84.49,69.2,27.55,75.96,1199.27,1206.5,1694.81,0.6,41.32
TKT-01358,Querétaro,Super Aki,39,746.79,746.79,965.8,32.14,0.0,91.06,71.03,24.22,68.23,778.93,771.01,1196.12,-1.02,53.56
TKT-01359,Mérida,La Comer,13,1790.0,1790.0,2196.49,65.83,0.0,82.99,62.65,37.39,30.75,1855.83,1827.39,2372.88,-1.53,27.86
TKT-01360,Guadalajara,Dunosusa,39,952.38,952.38,1179.31,60.98,0.0,75.16,46.26,50.69,32.34,1013.36,1003.07,1333.07,-1.02,31.55
TKT-01361,CDMX,Bodega Aurrera,31,704.28,704.28,880.52,15.95,0.0,43.92,54.16,54.03,42.38,720.23,758.31,1020.98,5.29,41.76
TKT-01362,Mérida,Walmart,18,1614.74,1614.74,2052.36,60.96,49.0,77.16,63.67,33.95,62.77,1675.7,1697.69,2255.96,1.31,34.63
TKT-01363,Monterrey,Bodega Aurrera,14,697.86,697.86,836.26,51.31,49.0,35.71,64.64,22.7,53.49,749.17,769.56,990.1,2.72,32.16
TKT-01364,CDMX,La Comer,29,472.5,472.5,597.37,30.35,39.0,81.31,67.84,27.95,72.11,502.85,539.45,818.63,7.28,62.8
TKT-01365,Monterrey,Soriana,27,1118.32,1118.32,1428.82,64.74,0.0,56.72,70.96,50.47,39.91,1183.06,1168.79,1596.41,-1.21,34.94
TKT-01366,Mérida,Chedraui,34,1452.02,1452.02,1685.71,61.59,0.0,47.76,29.07,36.96,79.84,1513.61,1488.98,1842.38,-1.63,21.72
TKT-01367,CDMX,Dunosusa,25,1215.51,1215.51,1423.44,39.52,0.0,45.72,25.85,35.82,38.6,1255.03,1251.33,1533.61,-0.29,22.2
TKT-01368,Puebla,La Comer,36,702.76,702.76,911.9,56.12,49.0,91.82,48.23,40.7,35.85,758.88,792.46,1087.8,4.42,43.34
TKT-01369,Mérida,Chedraui,32,1141.37,1141.37,1475.53,43.48,39.0,55.4,76.31,43.9,65.68,1184.85,1224.27,1672.92,3.33,41.19
TKT-01370,Puebla,Chedraui,43,810.95,810.95,945.45,15.04,49.0,77.32,55.47,34.68,68.31,825.99,894.63,1146.55,8.31,38.81
TKT-01371,Querétaro,Super Aki,23,539.09,539.09,640.31,23.05,0.0,77.42,28.51,58.6,40.95,562.14,597.69,787.19,6.32,40.03
TKT-01372,Querétaro,La Comer,15,723.38,723.38,860.2,68.27,39.0,56.54,78.21,39.56,55.35,791.65,801.94,1050.3,1.3,32.67
TKT-01373,Mérida,Bodega Aurrera,26,1086.91,1086.91,1339.76,30.5,0.0,75.4,66.95,38.68,65.22,1117.41,1125.59,1547.33,0.73,38.47
TKT-01374,Guadalajara,Bodega Aurrera,23,1266.53,1266.53,1500.92,45.17,49.0,77.24,75.36,23.37,53.48,1311.7,1338.9,1707.0,2.07,30.14
TKT-01375,Mérida,Super Aki,33,551.89,551.89,690.07,23.19,49.0,54.6,68.34,39.56,60.18,575.08,640.45,873.19,11.37,51.84
TKT-01376,Monterrey,Dunosusa,39,751.74,751.74,955.0,26.7,0.0,71.5,54.9,29.64,39.76,778.44,781.38,1121.16,0.38,44.03
TKT-01377,Querétaro,Dunosusa,22,426.03,426.03,519.63,23.44,49.0,94.08,41.43,51.09,58.68,449.47,526.12,713.82,17.05,58.81
TKT-01378,Puebla,Super Aki,45,733.73,733.73,931.92,56.6,49.0,53.9,39.08,25.92,54.14,790.33,808.65,1079.04,2.32,36.53
TKT-01379,Monterrey,Super Aki,42,1542.34,1542.34,1821.36,61.08,49.0,88.49,61.32,31.11,54.08,1603.42,1622.45,2025.25,1.19,26.31
TKT-01380,Guadalajara,Chedraui,20,524.06,524.06,671.77,45.2,0.0,37.97,51.82,45.41,50.47,569.26,569.47,812.03,0.04,42.65
TKT-01381,Puebla,Walmart,44,687.56,687.56,870.74,40.92,0.0,61.59,42.86,59.5,48.3,728.48,747.06,1023.49,2.55,40.5
TKT-01382,Mérida,Soriana,14,424.51,424.51,509.24,51.15,39.0,36.22,69.19,57.82,61.16,475.66,521.33,675.81,9.6,42.08
TKT-01383,Querétaro,Bodega Aurrera,30,569.12,569.12,713.7,33.41,39.0,59.4,32.66,26.93,58.37,602.53,635.05,864.13,5.4,43.42
TKT-01384,Puebla,La Comer,44,888.27,888.27,1142.04,60.67,49.0,48.18,44.61,49.12,72.99,948.94,986.39,1307.82,3.95,37.82
TKT-01385,CDMX,Super Aki,40,1036.4,1036.4,1281.95,64.84,39.0,52.98,57.08,33.39,53.28,1101.24,1108.79,1445.29,0.69,31.24
TKT-01386,Monterrey,Soriana,29,822.11,822.11,974.94,47.94,49.0,64.28,25.73,48.01,74.46,870.05,919.12,1139.41,5.64,30.96
TKT-01387,Monterrey,Super Aki,43,1342.64,1342.64,1668.32,18.3,0.0,63.4,56.95,30.3,32.94,1360.94,1372.94,1821.61,0.88,33.85
TKT-01388,Puebla,Super Aki,28,451.09,451.09,558.43,61.68,39.0,39.81,30.61,45.46,36.88,512.77,535.55,665.73,4.44,29.83
TKT-01389,Guadalajara,Bodega Aurrera,43,1454.09,1454.09,1888.28,34.82,0.0,46.81,65.69,25.1,55.98,1488.91,1479.19,2056.76,-0.65,38.14
TKT-01390,Monterrey,Super Aki,33,400.02,400.02,510.94,39.23,49.0,61.83,68.45,43.89,53.26,439.25,492.91,694.48,12.22,58.11
TKT-01391,Mérida,Soriana,14,1185.79,1185.79,1503.61,62.12,39.0,66.9,48.78,38.49,73.43,1247.91,1263.28,1692.72,1.23,35.64
TKT-01392,Monterrey,Walmart,27,981.26,981.26,1158.57,19.22,49.0,74.73,53.21,56.58,48.86,1000.48,1086.84,1335.37,8.63,33.47
TKT-01393,Puebla,Walmart,22,553.99,553.99,667.31,60.46,49.0,76.58,29.01,44.03,47.75,614.45,647.02,820.65,5.3,33.56
TKT-01394,Monterrey,Chedraui,29,1770.22,1770.22,2253.21,62.77,39.0,38.68,76.43,33.93,47.12,1832.99,1843.15,2415.44,0.55,31.78
TKT-01395,Guadalajara,Super Aki,29,1483.82,1483.82,1897.53,69.5,0.0,47.18,46.39,23.49,34.48,1553.32,1507.31,2025.58,-2.96,30.4
TKT-01396,Guadalajara,Walmart,20,836.72,836.72,975.24,46.73,49.0,83.75,25.42,58.48,58.56,883.45,944.2,1142.97,6.88,29.38
TKT-01397,Mérida,Dunosusa,35,1453.28,1453.28,1777.44,30.41,49.0,77.78,67.66,51.7,45.79,1483.69,1553.98,1968.67,4.74,32.69
TKT-01398,Querétaro,Bodega Aurrera,31,1427.34,1427.34,1642.81,63.01,49.0,51.1,64.28,51.87,37.42,1490.35,1528.21,1795.61,2.54,20.48
TKT-01399,Guadalajara,Bodega Aurrera,38,1221.97,1221.97,1572.53,38.9,49.0,76.72,56.92,40.62,76.41,1260.87,1311.59,1782.58,4.02,41.38
TKT-01400,Querétaro,La Comer,20,1334.34,1334.34,1698.05,31.75,49.0,55.36,65.18,53.71,76.72,1366.09,1437.05,1895.31,5.19,38.74
TKT-01401,Mérida,Walmart,38,1479.82,1479.82,1874.41,17.37,49.0,79.28,49.59,30.34,78.01,1497.19,1559.16,2081.29,4.14,39.01
TKT-01402,Mérida,Dunosusa,18,1603.74,1603.74,1848.74,22.02,39.0,57.95,79.86,43.88,68.7,1625.76,1686.62,2055.25,3.74,26.42
TKT-01403,Querétaro,Bodega Aurrera,11,435.33,435.33,521.31,64.42,0.0,78.49,79.87,57.91,61.31,499.75,493.24,740.98,-1.3,48.27
TKT-01404,Mérida,Super Aki,16,1184.94,1184.94,1435.64,32.17,0.0,48.86,52.38,22.67,42.85,1217.11,1207.61,1579.73,-0.78,29.79
TKT-01405,Guadalajara,Super Aki,43,1176.12,1176.12,1414.61,27.61,49.0,52.97,55.62,42.29,76.95,1203.73,1267.41,1600.15,5.29,32.93
TKT-01406,Puebla,La Comer,33,562.8,562.8,723.39,44.43,0.0,70.83,49.97,47.89,46.16,607.23,610.69,890.35,0.57,46.62
TKT-01407,Guadalajara,Bodega Aurrera,23,963.99,963.99,1109.66,23.71,0.0,55.26,76.33,25.31,53.67,987.7,989.3,1294.92,0.16,31.1
TKT-01408,Guadalajara,Dunosusa,27,640.63,640.63,810.67,36.11,0.0,81.01,29.69,36.8,64.15,676.74,677.43,985.52,0.1,45.63
TKT-01409,Guadalajara,Walmart,33,695.64,695.64,902.99,18.77,0.0,82.35,60.1,21.66,74.85,714.41,717.3,1120.29,0.4,56.81
TKT-01410,Querétaro,Dunosusa,36,1109.13,1109.13,1374.69,52.68,39.0,87.39,50.23,46.06,34.91,1161.81,1194.19,1547.22,2.79,33.17
TKT-01411,Monterrey,Walmart,43,1395.34,1395.34,1643.2,55.52,49.0,93.17,50.77,59.26,48.24,1450.86,1503.6,1835.38,3.64,26.5
TKT-01412,Querétaro,Bodega Aurrera,31,1105.81,1105.81,1392.3,48.83,0.0,49.82,60.46,52.7,66.65,1154.64,1158.51,1569.23,0.34,35.91
TKT-01413,Mérida,Bodega Aurrera,12,959.68,959.68,1162.64,42.12,39.0,37.32,47.11,27.36,69.42,1001.8,1026.04,1316.49,2.42,31.41
TKT-01414,Guadalajara,Dunosusa,23,507.73,507.73,603.39,42.12,49.0,52.2,63.55,32.97,64.97,549.85,589.7,784.11,7.25,42.6
TKT-01415,Puebla,Walmart,43,1632.72,1632.72,2092.21,55.41,49.0,37.24,39.31,54.93,35.39,1688.13,1736.65,2204.15,2.87,30.57
TKT-01416,Querétaro,Super Aki,27,635.73,635.73,779.61,48.36,49.0,67.41,39.93,23.91,61.08,684.09,708.64,948.03,3.59,38.58
TKT-01417,Puebla,Bodega Aurrera,23,1406.78,1406.78,1679.56,61.71,49.0,50.78,62.12,35.21,68.72,1468.49,1490.99,1861.18,1.53,26.74
TKT-01418,Querétaro,Bodega Aurrera,12,1226.49,1226.49,1504.11,46.4,49.0,57.44,42.01,29.75,53.74,1272.89,1305.24,1657.3,2.54,30.2
TKT-01419,Puebla,Dunosusa,15,1028.88,1028.88,1312.86,28.67,39.0,45.78,46.84,21.48,78.05,1057.55,1089.36,1483.53,3.01,40.28
TKT-01420,Mérida,Walmart,42,1692.31,1692.31,2027.6,58.57,0.0,35.96,30.49,41.64,64.33,1750.88,1733.95,2158.38,-0.97,23.27
TKT-01421,Guadalajara,Chedraui,35,1751.38,1751.38,2120.69,64.3,39.0,57.34,59.02,44.57,79.82,1815.68,1834.95,2316.87,1.06,27.6
TKT-01422,Puebla,Dunosusa,30,966.89,966.89,1116.51,26.22,0.0,87.57,27.68,56.01,76.98,993.11,1022.9,1308.74,3.0,31.78
TKT-01423,Guadalajara,Chedraui,28,1102.48,1102.48,1345.41,50.15,49.0,89.17,48.62,45.97,49.93,1152.63,1197.45,1533.13,3.89,33.01
TKT-01424,CDMX,Super Aki,30,910.8,910.8,1131.82,57.19,49.0,38.41,73.37,43.67,64.8,967.99,1003.47,1308.4,3.67,35.17
TKT-01425,Querétaro,La Comer,43,1334.0,1334.0,1620.14,58.78,49.0,57.97,50.21,56.56,35.52,1392.78,1439.56,1763.84,3.36,26.64
TKT-01426,Guadalajara,Soriana,18,737.91,737.91,913.01,56.25,39.0,85.15,41.91,47.25,60.02,794.16,824.16,1100.09,3.78,38.52
TKT-01427,Puebla,Chedraui,43,939.08,939.08,1181.3,22.24,0.0,71.74,42.25,38.07,48.33,961.32,977.15,1343.62,1.65,39.77
TKT-01428,Mérida,Bodega Aurrera,28,475.37,475.37,591.38,45.75,39.0,77.11,69.46,54.89,55.82,521.12,569.26,793.77,9.24,52.32
TKT-01429,Monterrey,Dunosusa,13,455.21,455.21,539.31,34.7,0.0,41.45,61.93,59.5,49.24,489.91,514.71,691.93,5.06,41.24
TKT-01430,Querétaro,Chedraui,13,502.55,502.55,633.62,59.57,39.0,85.41,73.08,32.12,41.97,562.12,573.67,834.08,2.05,48.38
TKT-01431,Puebla,Bodega Aurrera,17,1608.05,1608.05,1965.88,27.09,39.0,40.39,68.03,29.84,39.65,1635.14,1676.89,2113.95,2.55,29.28
TKT-01432,Puebla,Dunosusa,42,1476.52,1476.52,1767.36,40.08,0.0,62.91,49.38,30.56,76.87,1516.6,1507.08,1956.52,-0.63,29.01
TKT-01433,Guadalajara,Walmart,12,1420.04,1420.04,1697.46,55.62,39.0,65.52,39.78,29.41,67.18,1475.66,1488.45,1869.94,0.87,26.72
TKT-01434,Querétaro,Chedraui,40,972.28,972.28,1118.47,52.32,49.0,54.62,40.57,56.8,70.5,1024.6,1078.08,1284.16,5.22,25.33
TKT-01435,Mérida,Walmart,32,1158.98,1158.98,1492.25,50.15,39.0,60.2,63.53,49.36,61.9,1209.13,1247.34,1677.88,3.16,38.77
TKT-01436,Monterrey,Bodega Aurrera,19,1684.25,1684.25,2120.45,54.29,49.0,76.99,60.43,25.22,67.6,1738.54,1758.47,2325.47,1.15,33.76
TKT-01437,Querétaro,La Comer,24,794.61,794.61,990.05,33.02,0.0,44.05,33.84,55.21,54.29,827.63,849.82,1122.23,2.68,35.6
TKT-01438,CDMX,Walmart,17,850.8,850.8,991.77,51.37,0.0,84.91,62.62,21.6,34.58,902.17,872.4,1173.88,-3.3,30.12
TKT-01439,Puebla,Chedraui,34,662.42,662.42,794.58,65.16,39.0,84.26,51.53,25.52,52.08,727.58,726.94,982.45,-0.09,35.03
TKT-01440,Guadalajara,Super Aki,13,512.48,512.48,613.62,23.3,39.0,67.02,63.33,43.76,70.28,535.78,595.24,814.25,11.1,51.97
TKT-01441,Puebla,Walmart,12,465.94,465.94,550.09,28.03,39.0,87.91,34.84,28.41,77.95,493.97,533.35,750.79,7.97,51.99
TKT-01442,Mérida,Chedraui,42,1619.54,1619.54,2097.56,41.73,0.0,57.13,36.23,29.26,72.39,1661.27,1648.8,2263.31,-0.75,36.24
TKT-01443,CDMX,Walmart,26,1461.1,1461.1,1736.44,20.64,39.0,77.02,57.81,53.11,67.05,1481.74,1553.21,1938.32,4.82,30.81
TKT-01444,Guadalajara,Chedraui,26,799.14,799.14,1024.17,16.74,49.0,72.81,64.17,43.63,60.9,815.88,891.77,1222.05,9.3,49.78
TKT-01445,Guadalajara,Dunosusa,21,721.4,721.4,839.3,23.39,0.0,88.58,76.12,51.63,61.38,744.79,773.03,1065.38,3.79,43.04
TKT-01446,Puebla,Super Aki,27,570.72,570.72,669.41,41.48,39.0,81.78,26.51,51.11,47.78,612.2,660.83,825.48,7.94,34.84
TKT-01447,Puebla,Soriana,30,1747.54,1747.54,2219.14,31.95,39.0,66.6,59.78,53.78,54.88,1779.49,1840.32,2400.4,3.42,34.89
TKT-01448,CDMX,Super Aki,43,1429.61,1429.61,1741.68,50.39,39.0,66.64,51.3,49.78,72.62,1480.0,1518.39,1932.24,2.59,30.56
TKT-01449,Mérida,Bodega Aurrera,45,1337.54,1337.54,1580.43,37.08,0.0,82.86,37.29,54.46,71.68,1374.62,1392.0,1772.26,1.26,28.93
TKT-01450,Puebla,Walmart,41,411.52,411.52,507.77,46.31,49.0,42.31,29.3,27.94,65.97,457.83,488.46,645.35,6.69,40.96
TKT-01451,Monterrey,La Comer,39,1627.7,1627.7,1920.94,65.47,49.0,81.72,38.54,59.84,76.23,1693.17,1736.54,2117.43,2.56,25.06
TKT-01452,Mérida,Bodega Aurrera,34,1249.17,1249.17,1577.82,66.52,0.0,43.65,73.04,43.78,32.64,1315.69,1292.95,1727.15,-1.73,31.27
TKT-01453,Guadalajara,Walmart,20,934.78,934.78,1092.32,47.29,0.0,60.89,47.21,32.43,54.1,982.07,967.21,1254.52,-1.51,27.74
TKT-01454,Mérida,Soriana,23,412.44,412.44,484.54,16.71,0.0,80.23,40.1,50.01,68.59,429.15,462.45,673.46,7.76,56.93
TKT-01455,Querétaro,Soriana,32,726.29,726.29,897.7,40.58,49.0,93.76,62.21,46.93,34.63,766.87,822.22,1088.3,7.22,41.91
TKT-01456,Monterrey,Walmart,34,1503.56,1503.56,1922.03,56.95,0.0,36.9,33.74,41.93,46.64,1560.51,1545.49,2039.31,-0.96,30.68
TKT-01457,Querétaro,Dunosusa,33,1498.05,1498.05,1801.68,68.65,39.0,60.5,77.8,35.64,75.99,1566.7,1572.69,2015.97,0.38,28.68
TKT-01458,Puebla,Super Aki,16,649.28,649.28,820.26,34.31,0.0,89.52,75.51,46.45,56.12,683.59,695.73,1041.41,1.78,52.34
TKT-01459,Mérida,Super Aki,12,440.77,440.77,539.51,53.1,49.0,50.68,53.25,35.73,64.99,493.87,525.5,708.43,6.4,43.44
TKT-01460,CDMX,La Comer,21,622.75,622.75,743.73,23.35,49.0,50.67,45.88,58.51,63.77,646.1,730.26,904.05,13.03,39.92
TKT-01461,Mérida,Chedraui,36,857.23,857.23,990.17,52.88,49.0,55.09,71.88,20.21,62.02,910.11,926.44,1179.16,1.79,29.56
TKT-01462,Mérida,Soriana,18,1636.35,1636.35,2080.25,54.71,49.0,70.09,56.59,24.85,60.12,1691.06,1710.2,2267.05,1.13,34.06
TKT-01463,Querétaro,Soriana,33,1443.63,1443.63,1772.33,27.32,0.0,87.84,52.93,20.43,71.98,1470.95,1464.06,1985.08,-0.47,34.95
TKT-01464,Monterrey,Chedraui,21,1108.61,1108.61,1294.57,29.97,49.0,37.11,48.92,29.32,54.6,1138.58,1186.93,1435.2,4.25,26.05
TKT-01465,Mérida,Chedraui,10,1546.58,1546.58,1982.65,35.31,0.0,37.7,59.03,58.91,35.64,1581.89,1605.49,2115.02,1.49,33.7
TKT-01466,Mérida,Dunosusa,27,1176.67,1176.67,1475.16,58.16,49.0,92.62,62.02,24.18,54.36,1234.83,1249.85,1684.16,1.22,36.39
TKT-01467,Mérida,Walmart,25,640.6,640.6,739.69,64.07,0.0,71.94,56.03,45.16,55.26,704.67,685.76,922.92,-2.68,30.97
TKT-01468,Mérida,Dunosusa,36,1271.38,1271.38,1493.99,15.76,0.0,92.89,55.43,23.33,64.04,1287.14,1294.71,1706.35,0.59,32.57
TKT-01469,Puebla,Super Aki,14,803.22,803.22,974.95,21.57,39.0,42.67,67.01,37.44,78.54,824.79,879.66,1163.17,6.65,41.03
TKT-01470,Puebla,Dunosusa,11,964.08,964.08,1161.14,46.98,0.0,39.01,68.26,20.53,40.86,1011.06,984.61,1309.27,-2.62,29.49
TKT-01471,Monterrey,Soriana,28,1551.11,1551.11,1930.76,32.62,49.0,75.08,71.46,31.58,72.65,1583.73,1631.69,2149.95,3.03,35.75
TKT-01472,Guadalajara,Chedraui,44,684.22,684.22,869.45,62.8,39.0,94.89,63.57,58.89,51.21,747.02,782.11,1079.12,4.7,44.46
TKT-01473,Mérida,Super Aki,19,1060.08,1060.08,1264.14,52.42,0.0,50.25,55.91,57.89,63.62,1112.5,1117.97,1433.92,0.49,28.89
TKT-01474,Guadalajara,Walmart,24,948.53,948.53,1123.69,50.28,39.0,43.33,51.54,44.67,44.91,998.81,1032.2,1263.47,3.34,26.5
TKT-01475,Puebla,Dunosusa,38,1142.67,1142.67,1453.06,51.19,0.0,85.01,41.26,31.68,62.23,1193.86,1174.35,1641.56,-1.63,37.5
TKT-01476,Guadalajara,Dunosusa,45,1374.15,1374.15,1673.57,18.65,49.0,91.63,67.23,31.73,73.43,1392.8,1454.88,1905.86,4.46,36.84
TKT-01477,Guadalajara,Soriana,10,1656.62,1656.62,1927.72,24.19,39.0,61.83,62.29,37.29,73.71,1680.81,1732.91,2125.55,3.1,26.46
TKT-01478,Mérida,La Comer,24,1068.85,1068.85,1244.61,41.99,49.0,92.76,40.94,47.03,41.41,1110.84,1164.88,1419.72,4.86,27.81
TKT-01479,Querétaro,Chedraui,26,444.06,444.06,550.71,20.96,0.0,60.71,52.37,26.18,52.86,465.02,470.24,716.65,1.12,54.11
TKT-01480,CDMX,Super Aki,41,672.25,672.25,865.4,21.43,49.0,42.34,63.22,35.99,66.47,693.68,757.24,1037.43,9.16,49.55
TKT-01481,Guadalajara,Dunosusa,12,769.4,769.4,926.71,65.85,39.0,83.52,45.06,56.8,49.1,835.25,865.2,1104.39,3.59,32.22
TKT-01482,Monterrey,Super Aki,19,648.38,648.38,831.17,55.33,49.0,78.46,28.06,26.45,57.12,703.71,723.83,994.81,2.86,41.37
TKT-01483,Querétaro,Bodega Aurrera,24,986.51,986.51,1228.81,61.78,39.0,35.66,72.43,38.22,70.92,1048.29,1063.73,1407.82,1.47,34.3
TKT-01484,Mérida,Soriana,22,1780.36,1780.36,2275.37,25.09,0.0,93.33,41.15,46.43,55.71,1805.45,1826.79,2465.56,1.18,36.56
TKT-01485,Monterrey,Walmart,36,1771.48,1771.48,2164.05,28.47,49.0,43.18,37.28,55.36,31.24,1799.95,1875.84,2275.75,4.22,26.43
TKT-01486,Monterrey,Soriana,23,1627.99,1627.99,1987.96,32.81,0.0,50.36,37.37,22.93,32.52,1660.8,1650.92,2108.21,-0.59,26.94
TKT-01487,Mérida,La Comer,28,1224.77,1224.77,1510.58,60.76,0.0,37.78,27.64,47.7,60.23,1285.53,1272.47,1636.23,-1.02,27.28
TKT-01488,Querétaro,Super Aki,29,1732.86,1732.86,2097.61,45.87,49.0,46.64,57.39,40.06,59.81,1778.73,1821.92,2261.45,2.43,27.14
TKT-01489,Guadalajara,Bodega Aurrera,24,1685.36,1685.36,2154.81,42.44,49.0,81.17,36.13,32.65,78.09,1727.8,1767.01,2350.2,2.27,36.02
TKT-01490,Guadalajara,Bodega Aurrera,42,1653.75,1653.75,2015.52,34.32,0.0,36.1,27.06,57.18,46.73,1688.07,1710.93,2125.41,1.35,25.91
TKT-01491,CDMX,Walmart,41,1405.89,1405.89,1772.32,55.52,49.0,91.45,30.55,37.71,75.98,1461.41,1492.6,1970.3,2.13,34.82
TKT-01492,Puebla,Bodega Aurrera,43,1466.65,1466.65,1747.1,18.7,39.0,78.65,47.7,25.21,36.41,1485.35,1530.86,1909.86,3.06,28.58
TKT-01493,Guadalajara,Dunosusa,29,690.81,690.81,844.0,27.6,49.0,80.46,42.29,50.2,50.48,718.41,790.01,1017.23,9.97,41.59
TKT-01494,Monterrey,Chedraui,10,423.98,423.98,549.13,21.02,49.0,71.63,37.79,21.13,57.53,445.0,494.11,716.08,11.04,60.92
TKT-01495,Monterrey,Dunosusa,26,1780.1,1780.1,2311.95,59.62,49.0,62.6,77.0,22.85,31.45,1839.72,1851.95,2483.0,0.66,34.97
TKT-01496,Monterrey,Super Aki,44,1611.43,1611.43,1878.54,27.95,49.0,50.92,66.87,20.4,43.21,1639.38,1680.83,2039.54,2.53,24.41
TKT-01497,Puebla,Chedraui,24,874.98,874.98,1061.79,29.19,39.0,54.31,29.51,36.16,59.35,904.17,950.14,1204.96,5.08,33.27
TKT-01498,CDMX,Dunosusa,39,439.4,439.4,514.42,42.51,39.0,44.14,39.54,57.23,60.0,481.91,535.63,658.1,11.15,36.56
TKT-01499,Mérida,Dunosusa,11,759.59,759.59,904.43,38.04,39.0,65.1,38.19,22.81,53.83,797.63,821.4,1061.55,2.98,33.09
TKT-01500,CDMX,Walmart,16,1112.91,1112.91,1370.29,19.28,0.0,59.63,48.84,42.65,31.98,1132.19,1155.56,1510.74,2.06,33.44
TKT-01501,Monterrey,Super Aki,29,1719.17,1719.17,2066.26,29.25,0.0,61.89,29.74,25.51,53.27,1748.42,1744.68,2211.16,-0.21,26.47
TKT-01502,Guadalajara,Chedraui,43,658.46,658.46,780.22,59.09,0.0,80.42,28.63,30.72,76.34,717.55,689.18,965.61,-3.95,34.57
TKT-01503,Mérida,Dunosusa,10,1478.62,1478.62,1707.94,64.38,49.0,65.58,48.9,58.8,42.56,1543.0,1586.42,1864.98,2.81,20.87
TKT-01504,Mérida,La Comer,27,1392.96,1392.96,1605.14,64.37,49.0,41.81,73.48,37.73,48.41,1457.33,1479.69,1768.84,1.53,21.38
TKT-01505,Monterrey,La Comer,13,1795.48,1795.48,2171.14,34.13,39.0,80.83,74.77,46.08,71.71,1829.61,1880.56,2398.45,2.78,31.09
TKT-01506,CDMX,Dunosusa,31,1183.82,1183.82,1497.37,61.51,0.0,56.69,43.65,26.3,74.94,1245.33,1210.12,1672.65,-2.83,34.31
TKT-01507,Guadalajara,Dunosusa,16,1272.44,1272.44,1534.63,16.46,0.0,77.78,51.93,30.76,72.32,1288.9,1303.2,1736.66,1.11,34.74
TKT-01508,Mérida,Chedraui,43,913.36,913.36,1140.23,58.49,49.0,51.15,70.61,23.3,35.81,971.85,985.66,1297.8,1.42,33.54
TKT-01509,Guadalajara,Chedraui,38,1292.28,1292.28,1617.22,26.65,49.0,39.53,64.75,34.83,79.83,1318.93,1376.11,1801.33,4.34,36.58
TKT-01510,Querétaro,Super Aki,10,1457.7,1457.7,1725.41,51.56,39.0,60.71,44.17,25.48,54.95,1509.26,1522.18,1885.24,0.86,24.91
TKT-01511,Guadalajara,Dunosusa,24,1097.85,1097.85,1299.5,55.85,49.0,62.94,47.75,25.25,78.7,1153.7,1172.1,1488.89,1.59,29.05
TKT-01512,Monterrey,Super Aki,14,1514.54,1514.54,1759.86,45.48,39.0,55.16,79.24,59.83,43.45,1560.02,1613.37,1937.71,3.42,24.21
TKT-01513,CDMX,Chedraui,25,1748.93,1748.93,2066.21,38.73,0.0,45.08,52.33,26.66,65.46,1787.66,1775.59,2229.08,-0.68,24.69
TKT-01514,Querétaro,Soriana,38,1311.85,1311.85,1642.43,69.62,39.0,88.27,64.03,29.59,53.39,1381.47,1380.44,1848.12,-0.07,33.78
TKT-01515,Puebla,La Comer,16,511.7,511.7,600.92,31.79,39.0,83.7,35.9,23.18,70.95,543.49,573.88,791.47,5.59,45.63
TKT-01516,Guadalajara,Soriana,26,1557.57,1557.57,1813.33,36.74,49.0,82.43,43.93,56.39,78.34,1594.31,1662.96,2018.03,4.31,26.58
TKT-01517,Puebla,La Comer,12,1733.04,1733.04,2112.61,31.34,0.0,57.74,40.34,25.83,74.05,1764.38,1758.87,2284.74,-0.31,29.49
TKT-01518,Monterrey,Dunosusa,39,1212.23,1212.23,1477.23,38.0,49.0,37.99,67.49,20.18,42.9,1250.23,1281.41,1625.61,2.49,30.02
TKT-01519,Monterrey,Walmart,42,1619.79,1619.79,2061.69,68.78,0.0,37.23,62.39,41.67,70.33,1688.57,1661.46,2231.64,-1.61,32.16
TKT-01520,Guadalajara,Chedraui,35,945.62,945.62,1091.23,53.53,39.0,87.92,77.12,28.55,63.84,999.15,1013.17,1320.11,1.4,32.12
TKT-01521,CDMX,Bodega Aurrera,42,650.08,650.08,840.98,55.66,49.0,83.59,50.61,36.34,44.31,705.74,735.42,1019.49,4.21,44.46
TKT-01522,CDMX,Dunosusa,33,1235.6,1235.6,1511.65,22.43,49.0,94.17,60.89,33.13,33.09,1258.03,1317.73,1699.8,4.75,35.12
TKT-01523,Querétaro,Dunosusa,42,930.86,930.86,1132.55,15.43,49.0,47.03,60.9,48.96,50.27,946.29,1028.82,1290.75,8.72,36.4
TKT-01524,Querétaro,La Comer,41,732.03,732.03,922.1,38.69,49.0,50.09,77.1,30.58,67.17,770.72,811.61,1116.46,5.31,44.86
TKT-01525,Mérida,Super Aki,16,1505.9,1505.9,1944.44,38.02,39.0,38.01,61.42,47.09,66.49,1543.92,1591.99,2110.36,3.11,36.69
TKT-01526,Guadalajara,Walmart,45,918.06,918.06,1089.07,68.97,39.0,57.7,62.81,49.41,63.41,987.03,1006.47,1272.99,1.97,28.97
TKT-01527,CDMX,Chedraui,24,1333.51,1333.51,1607.97,55.55,39.0,45.45,70.23,34.01,79.34,1389.06,1406.52,1802.99,1.26,29.8
TKT-01528,Puebla,Walmart,12,1485.99,1485.99,1768.54,44.23,49.0,81.2,43.65,58.18,66.34,1530.22,1593.17,1959.73,4.11,28.07
TKT-01529,Puebla,Chedraui,29,436.24,436.24,541.58,52.68,39.0,74.3,59.24,36.85,39.1,488.92,512.09,714.22,4.74,46.08
TKT-01530,Guadalajara,Chedraui,21,1639.79,1639.79,2057.72,23.14,0.0,66.01,53.16,32.29,33.59,1662.93,1672.08,2210.48,0.55,32.93
TKT-01531,Guadalajara,La Comer,29,1238.53,1238.53,1609.03,63.11,39.0,72.46,75.0,36.6,53.4,1301.64,1314.13,1809.89,0.96,39.05
TKT-01532,CDMX,Dunosusa,36,1468.58,1468.58,1793.72,39.58,49.0,64.82,58.54,24.3,72.05,1508.16,1541.88,1989.13,2.24,31.89
TKT-01533,Monterrey,Walmart,11,1223.79,1223.79,1452.08,34.72,39.0,62.32,56.63,57.67,72.69,1258.51,1320.46,1643.72,4.92,30.61
TKT-01534,Guadalajara,Bodega Aurrera,40,1190.18,1190.18,1422.31,50.9,39.0,36.52,29.59,34.04,59.3,1241.08,1263.22,1547.72,1.78,24.71
TKT-01535,Puebla,Soriana,13,1256.34,1256.34,1446.24,46.14,0.0,90.29,38.87,32.39,46.24,1302.48,1288.73,1621.64,-1.06,24.5
TKT-01536,Guadalajara,Soriana,20,1200.23,1200.23,1410.23,15.86,39.0,60.97,76.46,46.57,53.72,1216.09,1285.8,1601.38,5.73,31.68
TKT-01537,Guadalajara,Chedraui,31,872.72,872.72,1065.85,47.25,49.0,93.91,67.99,22.75,41.42,919.97,944.47,1269.17,2.66,37.96
TKT-01538,Guadalajara,Soriana,14,601.22,601.22,742.35,19.14,0.0,62.59,68.78,48.92,61.28,620.36,650.14,935.0,4.8,50.72
TKT-01539,Querétaro,Chedraui,33,1059.14,1059.14,1275.06,28.84,0.0,75.83,79.86,28.87,70.46,1087.98,1088.01,1501.21,0.0,37.98
TKT-01540,Querétaro,Chedraui,10,1427.37,1427.37,1722.95,25.51,39.0,79.97,64.92,53.63,63.72,1452.88,1520.0,1931.56,4.62,32.95
TKT-01541,Mérida,Dunosusa,43,486.99,486.99,588.4,16.49,0.0,51.04,26.0,33.61,60.92,503.48,520.6,726.36,3.4,44.27
TKT-01542,Monterrey,Bodega Aurrera,44,835.73,835.73,1035.97,23.47,49.0,38.31,30.61,51.0,42.28,859.2,935.73,1147.17,8.91,33.52
TKT-01543,Querétaro,La Comer,17,471.77,471.77,585.83,29.96,39.0,83.35,75.61,50.69,67.23,501.73,561.46,812.02,11.9,61.84
TKT-01544,CDMX,La Comer,13,1531.14,1531.14,1893.22,55.09,49.0,54.08,47.81,43.43,67.23,1586.23,1623.57,2062.34,2.35,30.02
TKT-01545,Guadalajara,Walmart,13,1082.05,1082.05,1341.03,39.09,0.0,52.58,61.89,47.53,76.97,1121.14,1129.58,1532.47,0.75,36.69
TKT-01546,Guadalajara,Bodega Aurrera,15,794.27,794.27,942.3,60.67,39.0,82.51,77.33,43.72,74.45,854.94,876.99,1176.59,2.58,37.62
TKT-01547,Monterrey,Chedraui,14,823.77,823.77,1054.43,27.31,49.0,59.2,35.62,26.04,49.06,851.08,898.81,1198.31,5.61,40.8
TKT-01548,Querétaro,Chedraui,15,1555.75,1555.75,1886.16,36.18,49.0,88.25,42.23,23.41,78.04,1591.93,1628.16,2094.68,2.28,31.58
TKT-01549,Guadalajara,Chedraui,34,626.19,626.19,782.23,25.91,49.0,65.81,68.72,46.35,58.01,652.1,721.54,974.77,10.65,49.48
TKT-01550,Monterrey,Soriana,21,420.73,420.73,537.97,33.38,49.0,87.18,34.24,28.15,53.46,454.11,497.88,712.85,9.64,56.98
TKT-01551,Monterrey,Soriana,44,1572.72,1572.72,2031.97,62.47,49.0,87.44,52.2,21.57,72.12,1635.19,1643.29,2243.73,0.5,37.22
TKT-01552,Puebla,Walmart,16,855.23,855.23,1106.2,50.18,39.0,43.98,39.98,56.75,46.59,905.41,950.98,1236.75,5.03,36.6
TKT-01553,Monterrey,Super Aki,24,1274.02,1274.02,1585.38,19.9,49.0,73.34,78.25,38.42,61.22,1293.92,1361.44,1798.19,5.22,38.97
TKT-01554,Guadalajara,Super Aki,38,1430.7,1430.7,1697.8,55.36,0.0,38.59,52.6,35.87,74.68,1486.06,1466.57,1863.67,-1.31,25.41
TKT-01555,Monterrey,La Comer,31,1009.5,1009.5,1206.67,60.81,0.0,50.62,49.8,39.25,59.45,1070.31,1048.75,1366.54,-2.01,27.68
TKT-01556,Puebla,Super Aki,22,1153.63,1153.63,1389.88,65.65,39.0,49.91,42.54,49.88,34.04,1219.28,1242.51,1516.37,1.91,24.37
TKT-01557,Puebla,Bodega Aurrera,34,1632.11,1632.11,1896.53,56.84,49.0,35.18,54.63,25.32,63.64,1688.95,1706.43,2049.98,1.03,21.38
TKT-01558,Mérida,Chedraui,42,1711.67,1711.67,2138.24,54.7,49.0,66.21,69.29,50.41,75.71,1766.37,1811.08,2349.45,2.53,33.01
TKT-01559,Mérida,Soriana,21,915.91,915.91,1089.11,49.54,0.0,79.36,42.12,23.77,58.12,965.45,939.68,1268.71,-2.67,31.41
TKT-01560,Monterrey,Bodega Aurrera,38,1692.36,1692.36,2074.7,52.47,39.0,78.71,75.51,39.53,66.86,1744.83,1770.89,2295.78,1.49,31.58
TKT-01561,Querétaro,Bodega Aurrera,26,1757.62,1757.62,2156.51,44.93,0.0,60.85,58.59,47.18,65.38,1802.55,1804.8,2341.33,0.12,29.89
TKT-01562,Monterrey,Dunosusa,18,748.79,748.79,901.17,32.39,49.0,65.7,38.13,45.7,67.08,781.18,843.49,1072.08,7.98,37.24
TKT-01563,Monterrey,Dunosusa,38,1648.78,1648.78,2109.05,45.61,0.0,60.65,26.27,37.41,75.81,1694.39,1686.19,2271.78,-0.48,34.08
TKT-01564,Querétaro,Bodega Aurrera,34,523.85,523.85,617.43,26.59,39.0,60.65,70.65,46.09,33.8,550.44,608.94,782.53,10.63,42.16
TKT-01565,Mérida,La Comer,15,540.33,540.33,663.37,27.67,39.0,36.91,54.11,47.95,63.38,568.0,627.28,817.77,10.44,43.97
TKT-01566,Guadalajara,Walmart,30,999.46,999.46,1198.52,22.67,49.0,93.58,68.94,41.47,67.17,1022.13,1089.93,1428.21,6.63,39.73
TKT-01567,Querétaro,Bodega Aurrera,20,1218.79,1218.79,1557.08,19.23,49.0,93.89,69.45,50.82,42.71,1238.02,1318.61,1763.13,6.51,42.42
TKT-01568,Mérida,Bodega Aurrera,19,1522.97,1522.97,1838.37,29.85,39.0,92.47,73.51,37.41,71.03,1552.82,1599.38,2075.38,3.0,33.65
TKT-01569,Puebla,Soriana,44,1105.46,1105.46,1311.05,59.58,39.0,85.28,61.49,28.0,30.63,1165.04,1172.46,1488.45,0.64,27.76
TKT-01570,Mérida,Soriana,39,1340.86,1340.86,1557.74,16.81,0.0,73.07,34.34,35.83,38.13,1357.67,1376.69,1703.28,1.4,25.46
TKT-01571,Querétaro,La Comer,44,1778.34,1778.34,2282.15,63.94,49.0,70.47,44.23,31.23,61.75,1842.28,1858.57,2458.6,0.88,33.45
TKT-01572,Mérida,Dunosusa,39,800.75,800.75,992.56,43.02,0.0,37.02,33.78,46.05,63.28,843.77,846.8,1126.64,0.36,33.52
TKT-01573,Guadalajara,Soriana,31,1272.6,1272.6,1499.69,52.49,49.0,67.0,32.4,27.81,33.4,1325.09,1349.41,1632.49,1.84,23.2
TKT-01574,Mérida,La Comer,19,1495.61,1495.61,1779.02,25.81,39.0,43.96,28.1,47.63,47.47,1521.42,1582.24,1898.55,4.0,24.79
TKT-01575,Guadalajara,Super Aki,45,602.7,602.7,715.23,68.8,0.0,37.5,31.57,57.14,46.89,671.5,659.84,831.19,-1.74,23.78
TKT-01576,Guadalajara,Walmart,43,811.68,811.68,1007.85,49.83,0.0,94.81,79.54,57.39,48.81,861.51,869.07,1231.01,0.88,42.89
TKT-01577,Guadalajara,La Comer,22,1147.04,1147.04,1413.44,16.42,49.0,42.63,63.76,25.46,61.11,1163.46,1221.5,1580.94,4.99,35.88
TKT-01578,Guadalajara,Soriana,13,432.46,432.46,509.49,48.29,49.0,74.57,36.76,39.78,76.18,480.75,521.24,697.0,8.42,44.98
TKT-01579,Mérida,Bodega Aurrera,15,1676.37,1676.37,1945.92,45.58,0.0,38.45,40.66,46.4,49.58,1721.95,1722.77,2074.61,0.05,20.48
TKT-01580,Monterrey,Dunosusa,39,1049.79,1049.79,1318.74,32.96,0.0,82.69,49.96,49.59,66.28,1082.75,1099.38,1517.67,1.54,40.17
TKT-01581,CDMX,Super Aki,10,1068.63,1068.63,1368.9,59.29,39.0,62.02,53.11,56.35,52.07,1127.92,1163.98,1536.1,3.2,36.19
TKT-01582,Puebla,Walmart,28,687.29,687.29,796.42,51.12,0.0,36.18,67.16,30.01,66.85,738.41,717.3,966.61,-2.86,30.9
TKT-01583,Querétaro,La Comer,37,1772.25,1772.25,2241.69,27.68,39.0,80.65,46.22,57.63,53.8,1799.93,1868.88,2422.36,3.83,34.58
TKT-01584,Monterrey,Soriana,41,1236.55,1236.55,1522.3,66.1,0.0,47.2,39.39,54.46,54.91,1302.65,1291.01,1663.8,-0.89,27.72
TKT-01585,CDMX,Soriana,27,508.06,508.06,644.18,31.96,49.0,54.75,35.56,57.79,35.0,540.02,614.85,769.49,13.86,42.49
TKT-01586,Querétaro,Soriana,10,1114.52,1114.52,1385.27,61.49,39.0,43.23,34.8,47.15,33.69,1176.01,1200.67,1496.99,2.1,27.29
TKT-01587,Guadalajara,Bodega Aurrera,34,1217.38,1217.38,1422.37,36.03,49.0,65.67,40.45,54.36,48.91,1253.41,1320.74,1577.4,5.37,25.85
TKT-01588,Guadalajara,Bodega Aurrera,40,1728.31,1728.31,2079.43,46.11,39.0,52.93,76.13,51.25,43.2,1774.42,1818.56,2251.69,2.49,26.9
TKT-01589,Guadalajara,Chedraui,44,1256.83,1256.83,1582.49,19.88,39.0,91.1,62.09,42.45,43.46,1276.71,1338.28,1779.14,4.82,39.35
TKT-01590,Guadalajara,La Comer,41,474.41,474.41,602.73,16.58,0.0,62.87,77.78,49.48,51.22,490.99,523.89,794.6,6.7,61.84
TKT-01591,Querétaro,Walmart,12,1065.48,1065.48,1303.98,58.42,0.0,63.37,57.73,36.3,68.71,1123.9,1101.78,1493.79,-1.97,32.91
TKT-01592,Monterrey,Chedraui,27,897.92,897.92,1122.67,41.71,49.0,81.95,30.02,50.33,37.31,939.63,997.25,1271.95,6.13,35.37
TKT-01593,Mérida,Soriana,18,986.1,986.1,1231.15,18.53,0.0,54.29,55.36,37.79,41.99,1004.63,1023.89,1382.79,1.92,37.64
TKT-01594,Puebla,Chedraui,18,1232.51,1232.51,1550.92,34.25,0.0,46.57,79.09,44.17,31.88,1266.76,1276.68,1708.46,0.78,34.87
TKT-01595,Puebla,Chedraui,12,1080.19,1080.19,1381.14,29.69,39.0,80.23,74.94,24.12,54.61,1109.88,1143.31,1590.92,3.01,43.34
TKT-01596,Guadalajara,Walmart,35,1627.11,1627.11,2026.66,39.66,0.0,74.73,43.93,28.78,64.24,1666.77,1655.89,2209.56,-0.65,32.57
TKT-01597,Querétaro,Walmart,15,1102.75,1102.75,1403.36,53.64,39.0,55.37,63.39,46.28,55.41,1156.39,1188.03,1577.53,2.74,36.42
TKT-01598,Guadalajara,Bodega Aurrera,30,941.14,941.14,1188.46,48.39,49.0,67.41,64.99,42.04,53.5,989.53,1032.18,1374.36,4.31,38.89
TKT-01599,CDMX,Chedraui,43,1360.56,1360.56,1729.53,27.48,0.0,92.52,77.61,34.43,35.41,1388.04,1394.99,1935.07,0.5,39.41
TKT-01600,Guadalajara,Chedraui,25,1521.95,1521.95,1846.43,24.16,0.0,91.95,61.81,49.85,45.06,1546.11,1571.8,2045.25,1.66,32.28
TKT-01601,Mérida,Bodega Aurrera,10,1437.75,1437.75,1750.15,49.94,39.0,45.08,39.32,24.73,60.92,1487.69,1501.48,1895.47,0.93,27.41
TKT-01602,Puebla,La Comer,31,574.09,574.09,715.81,33.18,39.0,64.57,35.78,59.93,43.25,607.27,673.02,859.41,10.83,41.52
TKT-01603,Puebla,Soriana,19,965.73,965.73,1223.92,46.31,49.0,44.52,56.26,58.36,42.9,1012.04,1073.09,1367.6,6.03,35.13
TKT-01604,Puebla,Bodega Aurrera,37,456.87,456.87,588.23,62.98,39.0,87.77,67.92,53.25,54.03,519.85,549.12,797.95,5.63,53.5
TKT-01605,Guadalajara,Walmart,18,428.11,428.11,515.42,32.17,0.0,47.73,75.32,29.03,48.16,460.28,457.14,686.63,-0.68,49.18
TKT-01606,Querétaro,Chedraui,37,1650.77,1650.77,1924.95,33.69,0.0,41.23,28.0,57.49,52.67,1684.46,1708.26,2046.85,1.41,21.51
TKT-01607,Mérida,Chedraui,14,1143.39,1143.39,1319.05,43.57,49.0,71.11,33.37,58.91,61.31,1186.96,1251.3,1484.84,5.42,25.1
TKT-01608,Mérida,Soriana,45,1423.06,1423.06,1684.56,25.83,0.0,46.69,36.31,35.27,79.1,1448.89,1458.33,1846.66,0.65,27.45
TKT-01609,Monterrey,Chedraui,34,578.75,578.75,710.49,20.93,39.0,41.55,77.09,55.84,66.75,599.68,673.59,895.88,12.32,49.39
TKT-01610,Monterrey,Chedraui,45,1600.17,1600.17,1850.15,24.16,0.0,47.52,70.24,27.53,42.39,1624.33,1627.7,2010.3,0.21,23.76
TKT-01611,Querétaro,Bodega Aurrera,33,629.11,629.11,780.0,19.05,39.0,93.75,44.54,23.07,39.11,648.16,691.18,957.4,6.64,47.71
TKT-01612,Guadalajara,Bodega Aurrera,16,1006.08,1006.08,1170.66,31.44,39.0,82.88,62.6,20.93,33.81,1037.52,1066.01,1349.95,2.75,30.11
TKT-01613,Guadalajara,Chedraui,25,641.85,641.85,805.62,43.75,49.0,73.09,45.3,41.95,77.28,685.6,732.8,1001.29,6.88,46.05
TKT-01614,Querétaro,La Comer,17,1178.14,1178.14,1468.92,28.79,39.0,73.37,64.4,51.17,77.28,1206.93,1268.31,1683.97,5.09,39.53
TKT-01615,Monterrey,Chedraui,12,1327.98,1327.98,1686.23,15.9,49.0,62.27,56.27,45.7,55.5,1343.88,1422.68,1860.27,5.86,38.43
TKT-01616,Guadalajara,Soriana,29,456.8,456.8,525.44,56.99,0.0,84.9,27.08,54.83,38.06,513.79,511.63,675.48,-0.42,31.47
TKT-01617,CDMX,Bodega Aurrera,10,581.96,581.96,698.34,58.04,49.0,90.75,44.46,32.49,50.17,640.0,663.45,883.72,3.66,38.08
TKT-01618,Guadalajara,Chedraui,44,1680.48,1680.48,2149.33,38.43,0.0,76.27,27.53,52.08,59.27,1718.91,1732.56,2312.4,0.79,34.53
TKT-01619,Querétaro,La Comer,16,1778.88,1778.88,2149.31,30.6,0.0,90.52,75.95,47.61,61.72,1809.48,1826.49,2377.5,0.94,31.39
TKT-01620,Guadalajara,Chedraui,14,482.61,482.61,567.61,30.8,0.0,37.22,53.21,20.97,70.2,513.41,503.58,728.24,-1.91,41.84
TKT-01621,Querétaro,Soriana,10,676.58,676.58,820.12,58.8,49.0,63.35,73.83,44.67,69.15,735.38,770.25,1026.45,4.74,39.58
TKT-01622,Querétaro,Chedraui,27,547.21,547.21,639.84,56.62,39.0,85.19,40.15,24.79,35.87,603.83,611.0,801.05,1.19,32.66
TKT-01623,Monterrey,Bodega Aurrera,31,492.71,492.71,615.36,15.48,0.0,87.54,27.07,29.05,76.52,508.19,521.76,806.49,2.67,58.7
TKT-01624,CDMX,Chedraui,12,1702.73,1702.73,2104.23,39.77,49.0,45.92,73.31,54.95,74.0,1742.5,1806.68,2297.46,3.68,31.85
TKT-01625,Guadalajara,Soriana,19,1640.55,1640.55,2083.55,39.51,0.0,69.98,62.77,51.21,34.6,1680.06,1691.76,2250.9,0.7,33.98
TKT-01626,Puebla,La Comer,14,766.87,766.87,986.43,31.23,0.0,41.18,56.73,29.07,36.43,798.1,795.94,1120.77,-0.27,40.43
TKT-01627,Guadalajara,Soriana,25,1439.63,1439.63,1772.82,21.29,49.0,51.02,78.25,26.2,76.35,1460.92,1514.83,1978.44,3.69,35.42
TKT-01628,Puebla,Walmart,12,1232.77,1232.77,1464.72,21.52,0.0,75.87,26.36,35.71,44.65,1254.29,1268.48,1611.6,1.13,28.49
TKT-01629,Monterrey,Super Aki,13,1641.05,1641.05,1963.66,16.6,39.0,68.53,69.42,24.57,54.53,1657.65,1704.62,2156.14,2.83,30.07
TKT-01630,CDMX,La Comer,10,897.49,897.49,1134.7,62.39,39.0,49.03,40.5,32.65,75.95,959.88,969.14,1300.18,0.96,35.45
TKT-01631,Puebla,Dunosusa,33,566.28,566.28,717.59,43.2,49.0,64.14,64.56,32.78,39.14,609.48,648.06,885.43,6.33,45.28
TKT-01632,Monterrey,Bodega Aurrera,27,973.23,973.23,1219.99,26.21,49.0,70.79,69.35,24.56,52.33,999.44,1046.79,1412.46,4.74,41.33
TKT-01633,Puebla,Walmart,15,816.52,816.52,974.3,53.15,49.0,80.58,41.06,36.82,77.88,869.67,902.34,1173.82,3.76,34.97
TKT-01634,Puebla,Bodega Aurrera,18,1328.47,1328.47,1710.06,15.68,49.0,59.08,39.03,38.2,54.76,1344.15,1415.67,1862.93,5.32,38.6
TKT-01635,Monterrey,Dunosusa,14,1538.27,1538.27,1973.08,40.58,0.0,92.69,33.02,40.2,71.5,1578.85,1578.47,2170.29,-0.02,37.46
TKT-01636,Querétaro,Super Aki,30,903.14,903.14,1054.56,26.78,39.0,90.39,79.19,31.61,71.52,929.92,973.75,1295.66,4.71,39.33
TKT-01637,Mérida,La Comer,45,1633.67,1633.67,1909.12,28.93,39.0,66.37,50.05,38.96,59.1,1662.6,1711.63,2084.64,2.95,25.38
TKT-01638,Monterrey,Dunosusa,32,569.98,569.98,711.17,57.87,49.0,92.65,67.64,49.78,35.96,627.85,668.76,907.42,6.52,44.53
TKT-01639,Mérida,La Comer,23,647.86,647.86,825.31,65.17,0.0,82.29,64.77,30.64,79.64,713.03,678.5,1052.01,-4.84,47.54
TKT-01640,Guadalajara,Dunosusa,42,589.1,589.1,699.07,32.05,49.0,77.33,64.52,31.84,59.14,621.15,669.94,900.06,7.85,44.9
TKT-01641,Mérida,Walmart,19,1787.65,1787.65,2219.88,26.05,49.0,88.41,30.53,41.79,70.84,1813.7,1878.44,2409.66,3.57,32.86
TKT-01642,Mérida,Soriana,44,1388.28,1388.28,1694.58,26.71,0.0,54.9,36.06,51.29,49.8,1414.99,1439.57,1835.34,1.74,29.71
TKT-01643,CDMX,Soriana,17,1169.49,1169.49,1408.51,57.35,0.0,41.51,72.54,50.33,46.1,1226.84,1219.82,1568.66,-0.57,27.86
TKT-01644,Guadalajara,Soriana,31,802.61,802.61,1020.2,48.61,0.0,77.77,53.8,29.68,67.52,851.22,832.29,1219.29,-2.22,43.24
TKT-01645,Puebla,Chedraui,37,1625.9,1625.9,2000.05,40.98,39.0,64.73,40.8,45.87,61.28,1666.88,1710.77,2166.86,2.63,29.99
TKT-01646,Mérida,Walmart,15,1209.01,1209.01,1489.27,59.07,0.0,78.28,70.36,56.99,41.92,1268.08,1266.0,1679.83,-0.16,32.47
TKT-01647,CDMX,Bodega Aurrera,13,1776.0,1776.0,2134.61,21.34,39.0,79.64,58.26,31.8,68.82,1797.34,1846.8,2341.33,2.75,30.27
TKT-01648,Mérida,Walmart,45,707.78,707.78,856.97,63.79,49.0,74.2,37.82,36.22,70.68,771.57,793.0,1039.67,2.78,34.75
TKT-01649,Mérida,Bodega Aurrera,35,1115.15,1115.15,1364.31,30.46,49.0,87.37,70.35,33.91,66.28,1145.61,1198.06,1588.31,4.58,38.64
TKT-01650,Querétaro,La Comer,12,609.72,609.72,743.26,18.29,39.0,48.26,30.82,36.22,59.65,628.01,684.94,881.99,9.07,40.44
TKT-01651,Monterrey,Walmart,21,983.15,983.15,1213.55,50.54,0.0,74.13,77.83,21.32,32.38,1033.69,1004.47,1397.89,-2.83,35.23
TKT-01652,CDMX,Bodega Aurrera,17,842.65,842.65,1080.04,61.02,0.0,84.67,64.05,25.28,55.24,903.67,867.93,1284.0,-3.95,42.09
TKT-01653,Monterrey,Super Aki,36,1425.68,1425.68,1777.54,55.6,0.0,60.23,31.07,23.67,72.9,1481.28,1449.35,1941.74,-2.16,31.09
TKT-01654,Monterrey,Soriana,10,1631.4,1631.4,1989.35,45.72,0.0,52.95,69.4,34.62,56.06,1677.12,1666.02,2167.76,-0.66,29.25
TKT-01655,CDMX,Walmart,19,1428.9,1428.9,1688.62,42.97,39.0,55.31,60.43,49.72,39.26,1471.87,1517.62,1843.62,3.11,25.26
TKT-01656,Mérida,Bodega Aurrera,43,1289.89,1289.89,1487.62,44.49,0.0,65.16,41.92,28.63,68.57,1334.38,1318.52,1663.27,-1.19,24.65
TKT-01657,Guadalajara,La Comer,20,759.76,759.76,893.48,58.77,0.0,61.88,75.27,32.31,44.47,818.53,792.07,1075.1,-3.23,31.35
TKT-01658,Guadalajara,Super Aki,30,1574.35,1574.35,1896.94,43.19,0.0,55.88,36.21,52.11,37.16,1617.54,1626.46,2026.19,0.55,25.26
TKT-01659,Guadalajara,Dunosusa,31,1541.46,1541.46,2000.83,29.81,0.0,46.04,56.16,54.69,31.62,1571.27,1596.15,2134.65,1.58,35.86
TKT-01660,Querétaro,La Comer,43,410.51,410.51,517.7,28.84,49.0,41.98,39.81,54.32,45.43,439.35,513.83,644.92,16.95,46.79
TKT-01661,Puebla,Chedraui,32,1399.8,1399.8,1709.79,40.29,0.0,88.3,42.99,55.13,67.53,1440.09,1454.93,1908.61,1.03,32.53
TKT-01662,CDMX,Chedraui,20,547.5,547.5,647.55,54.14,49.0,46.29,63.36,38.73,53.94,601.64,635.23,811.14,5.58,34.82
TKT-01663,Monterrey,Bodega Aurrera,33,923.82,923.82,1151.79,42.21,49.0,93.59,43.86,28.22,79.44,966.03,1001.04,1368.68,3.62,41.68
TKT-01664,Puebla,Super Aki,21,1207.97,1207.97,1557.86,23.3,49.0,61.12,42.54,39.35,51.92,1231.27,1296.32,1713.44,5.28,39.16
TKT-01665,Guadalajara,Dunosusa,41,783.12,783.12,926.24,43.6,39.0,41.16,40.78,29.77,60.19,826.72,851.89,1068.37,3.04,29.23
TKT-01666,CDMX,Chedraui,37,831.95,831.95,974.27,40.34,39.0,70.08,65.24,33.09,36.75,872.29,904.04,1146.34,3.64,31.42
TKT-01667,CDMX,Bodega Aurrera,31,547.04,547.04,651.57,58.58,0.0,50.04,66.66,50.14,35.3,605.62,597.18,803.57,-1.39,32.69
TKT-01668,Guadalajara,La Comer,27,1189.63,1189.63,1418.85,39.04,39.0,51.27,44.45,43.58,31.73,1228.67,1272.21,1546.3,3.54,25.85
TKT-01669,CDMX,La Comer,11,1447.05,1447.05,1787.0,59.33,49.0,77.08,52.37,53.81,46.61,1506.38,1549.86,1963.06,2.89,30.32
TKT-01670,CDMX,Bodega Aurrera,13,1184.72,1184.72,1417.22,37.91,49.0,53.97,65.79,37.63,49.36,1222.63,1271.35,1586.34,3.98,29.75
TKT-01671,Guadalajara,Chedraui,34,1564.84,1564.84,1802.93,20.86,49.0,47.3,46.27,50.94,56.53,1585.7,1664.78,1953.03,4.99,23.17
TKT-01672,Monterrey,Dunosusa,12,1097.02,1097.02,1295.09,35.99,49.0,42.06,51.56,56.47,46.43,1133.01,1202.49,1435.14,6.13,26.67
TKT-01673,Mérida,Super Aki,19,908.74,908.74,1085.41,59.26,39.0,73.27,73.98,57.9,74.0,968.0,1005.64,1306.66,3.89,34.99
TKT-01674,Mérida,Chedraui,15,1419.81,1419.81,1794.37,37.6,0.0,66.23,69.85,45.82,50.72,1457.41,1465.63,1981.17,0.56,35.94
TKT-01675,CDMX,Soriana,23,1705.25,1705.25,2105.53,58.3,49.0,43.06,69.69,37.73,64.49,1763.55,1791.98,2282.77,1.61,29.44
TKT-01676,Guadalajara,Soriana,27,951.52,951.52,1192.14,34.15,0.0,94.87,77.31,23.9,72.85,985.67,975.42,1437.17,-1.04,45.81
TKT-01677,Mérida,Soriana,11,1376.73,1376.73,1631.68,57.39,0.0,81.35,47.36,27.92,64.76,1434.12,1404.65,1825.15,-2.05,27.27
TKT-01678,Querétaro,Soriana,45,421.89,421.89,494.82,34.91,39.0,65.9,66.27,40.29,41.36,456.8,501.18,668.35,9.72,46.31
TKT-01679,Puebla,Super Aki,38,1607.02,1607.02,1956.73,65.51,39.0,42.34,64.45,54.03,59.43,1672.53,1700.05,2122.95,1.65,26.93
TKT-01680,Querétaro,Chedraui,34,1320.05,1320.05,1610.54,54.09,49.0,61.14,26.2,28.04,35.95,1374.14,1397.09,1733.83,1.67,26.18
TKT-01681,Mérida,Soriana,39,705.98,705.98,872.33,62.62,0.0,49.89,78.24,35.39,59.43,768.6,741.37,1059.89,-3.54,37.9
TKT-01682,CDMX,Dunosusa,39,1334.76,1334.76,1568.76,41.41,0.0,52.23,40.41,31.48,78.02,1376.17,1366.24,1739.42,-0.72,26.4
TKT-01683,Puebla,Soriana,43,673.18,673.18,837.76,60.82,0.0,82.2,29.5,22.04,59.94,734.0,695.22,1009.4,-5.28,37.52
TKT-01684,Querétaro,Dunosusa,31,440.53,440.53,570.98,17.51,39.0,39.76,54.19,36.34,42.8,458.04,515.87,707.73,12.63,54.51
TKT-01685,Querétaro,Soriana,35,875.15,875.15,1014.3,65.76,49.0,41.16,40.72,37.89,58.9,940.91,962.04,1155.08,2.25,22.76
TKT-01686,Monterrey,Bodega Aurrera,42,834.54,834.54,1017.2,19.1,39.0,75.36,49.9,48.36,40.0,853.64,921.9,1182.46,8.0,38.52
TKT-01687,Monterrey,Bodega Aurrera,11,782.08,782.08,912.45,54.56,0.0,84.83,68.31,27.53,70.28,836.64,809.61,1135.87,-3.23,35.77
TKT-01688,CDMX,Walmart,21,881.19,881.19,1139.75,28.34,39.0,76.92,71.4,42.7,37.74,909.53,962.89,1325.81,5.87,45.77
TKT-01689,CDMX,Soriana,28,1129.97,1129.97,1448.5,68.44,49.0,45.55,48.76,49.38,63.94,1198.41,1228.35,1606.75,2.5,34.07
TKT-01690,CDMX,Walmart,19,582.02,582.02,671.81,33.35,39.0,73.16,39.89,51.49,56.74,615.37,672.51,841.6,9.29,36.76
TKT-01691,Mérida,Bodega Aurrera,42,1142.68,1142.68,1373.27,62.24,49.0,57.74,39.5,34.05,79.62,1204.92,1225.73,1550.13,1.73,28.65
TKT-01692,CDMX,Soriana,23,1560.09,1560.09,1864.44,29.88,0.0,46.38,29.4,23.66,50.73,1589.97,1583.75,1990.95,-0.39,25.22
TKT-01693,CDMX,Chedraui,12,785.99,785.99,1015.07,34.83,39.0,91.23,52.29,54.93,46.26,820.82,879.92,1204.85,7.2,46.79
TKT-01694,CDMX,Chedraui,21,1474.29,1474.29,1821.12,55.87,0.0,39.77,33.06,22.31,78.85,1530.16,1496.6,1972.8,-2.19,28.93
TKT-01695,CDMX,Super Aki,11,1350.91,1350.91,1669.97,34.8,0.0,90.07,52.87,53.61,55.07,1385.71,1404.52,1867.98,1.36,34.8
TKT-01696,Guadalajara,Chedraui,31,1334.35,1334.35,1634.85,41.9,49.0,81.26,58.34,58.06,49.88,1376.25,1441.41,1824.33,4.73,32.56
TKT-01697,Guadalajara,La Comer,11,720.62,720.62,904.31,47.57,39.0,46.7,65.67,55.77,69.0,768.19,815.39,1085.68,6.14,41.33
TKT-01698,Monterrey,Bodega Aurrera,45,1770.53,1770.53,2224.58,36.71,49.0,80.66,75.0,28.13,69.82,1807.24,1847.66,2450.06,2.24,35.57
TKT-01699,Guadalajara,La Comer,42,748.56,748.56,970.46,48.1,49.0,43.73,64.4,48.67,33.28,796.66,846.23,1111.87,6.22,39.57
TKT-01700,Mérida,La Comer,27,739.68,739.68,863.71,60.94,39.0,55.49,53.39,46.57,56.93,800.62,825.25,1029.52,3.08,28.59
TKT-01701,Querétaro,Soriana,42,401.41,401.41,469.95,50.1,39.0,90.02,50.9,23.15,30.58,451.51,463.56,641.45,2.67,42.07
TKT-01702,Guadalajara,Chedraui,18,1405.6,1405.6,1758.64,65.35,49.0,55.29,31.22,53.93,52.89,1470.95,1508.53,1898.04,2.55,29.03
TKT-01703,Puebla,Dunosusa,24,879.61,879.61,1036.77,18.07,0.0,64.79,32.85,44.65,43.38,897.68,924.26,1177.79,2.96,31.2
TKT-01704,Querétaro,Soriana,26,508.87,508.87,654.65,17.11,0.0,81.82,35.7,43.76,71.38,525.98,552.63,843.55,5.07,60.38
TKT-01705,Guadalajara,Walmart,27,582.02,582.02,750.55,61.76,39.0,75.84,76.55,36.55,34.37,643.78,657.57,937.31,2.14,45.59
TKT-01706,CDMX,Bodega Aurrera,37,558.64,558.64,693.99,41.29,39.0,88.27,33.15,48.75,47.11,599.93,646.39,862.52,7.74,43.77
TKT-01707,Querétaro,Soriana,26,1106.61,1106.61,1411.67,24.5,49.0,62.11,70.28,24.2,72.77,1131.11,1179.81,1616.83,4.31,42.94
TKT-01708,Querétaro,Super Aki,38,645.23,645.23,776.95,53.8,49.0,36.14,31.91,42.53,77.68,699.03,736.76,922.68,5.4,31.99
TKT-01709,Querétaro,Dunosusa,36,1503.66,1503.66,1826.31,68.01,0.0,66.51,35.76,33.81,46.11,1571.67,1537.47,1974.69,-2.18,25.64
TKT-01710,Monterrey,La Comer,34,1074.1,1074.1,1293.49,27.72,49.0,79.2,28.49,55.1,48.09,1101.82,1178.2,1449.27,6.93,31.53
TKT-01711,Puebla,Soriana,16,1326.46,1326.46,1626.75,47.12,0.0,44.44,69.01,51.8,62.0,1373.58,1378.26,1802.2,0.34,31.2
TKT-01712,Mérida,Bodega Aurrera,39,878.06,878.06,1057.86,23.42,0.0,55.46,32.43,39.94,66.84,901.48,918.0,1212.59,1.83,34.51
TKT-01713,Mérida,Dunosusa,36,585.76,585.76,682.99,28.91,49.0,67.43,79.4,40.33,58.53,614.67,675.09,888.35,9.83,44.52
TKT-01714,Monterrey,La Comer,32,1440.67,1440.67,1837.69,23.68,49.0,88.22,69.55,30.24,61.45,1464.35,1519.91,2056.91,3.79,40.47
TKT-01715,Querétaro,Bodega Aurrera,33,743.54,743.54,940.7,50.8,49.0,83.6,36.2,51.42,40.74,794.34,843.96,1101.24,6.25,38.64
TKT-01716,Mérida,Bodega Aurrera,36,1356.84,1356.84,1674.43,61.09,49.0,36.94,69.4,31.33,32.92,1417.93,1437.17,1813.69,1.36,27.91
TKT-01717,Monterrey,La Comer,45,1459.34,1459.34,1791.38,28.52,39.0,79.41,67.26,25.83,32.71,1487.86,1524.17,1970.76,2.44,32.46
TKT-01718,Mérida,Dunosusa,17,753.5,753.5,885.87,25.54,39.0,93.68,62.6,23.21,71.9,779.04,815.71,1114.05,4.71,43.0
TKT-01719,Mérida,Dunosusa,13,1742.92,1742.92,2141.17,33.54,49.0,89.64,51.59,44.72,69.53,1776.46,1836.64,2351.93,3.39,32.39
TKT-01720,Querétaro,Super Aki,31,1167.1,1167.1,1396.32,21.24,49.0,57.89,40.65,28.29,54.98,1188.34,1244.39,1549.84,4.72,30.42
TKT-01721,Querétaro,La Comer,41,1131.0,1131.0,1440.27,45.35,0.0,82.12,69.79,49.57,66.09,1176.35,1180.57,1658.27,0.36,40.97
TKT-01722,Puebla,Walmart,34,1621.21,1621.21,2099.62,27.91,0.0,36.3,69.51,36.21,61.99,1649.12,1657.42,2267.42,0.5,37.49
TKT-01723,Querétaro,Soriana,35,1393.07,1393.07,1602.67,53.47,0.0,66.62,27.97,36.19,31.06,1446.54,1429.26,1728.32,-1.19,19.48
TKT-01724,Puebla,Chedraui,25,821.94,821.94,1039.22,42.01,0.0,42.32,52.27,59.11,74.15,863.95,881.05,1207.96,1.98,39.82
TKT-01725,Guadalajara,Super Aki,39,436.85,436.85,509.82,68.31,49.0,69.36,26.34,28.51,43.35,505.16,514.36,648.87,1.82,28.45
TKT-01726,CDMX,Chedraui,40,1137.19,1137.19,1468.15,31.31,49.0,52.17,42.93,32.45,39.42,1168.5,1218.64,1602.67,4.29,37.16
TKT-01727,Querétaro,Bodega Aurrera,43,416.04,416.04,499.31,31.97,0.0,51.34,67.01,50.58,46.15,448.01,466.62,663.81,4.15,48.17
TKT-01728,Querétaro,Bodega Aurrera,17,1764.69,1764.69,2248.43,22.47,0.0,87.22,78.03,43.9,37.61,1787.16,1808.59,2451.29,1.2,37.16
TKT-01729,CDMX,Bodega Aurrera,22,1748.5,1748.5,2236.98,51.49,39.0,44.02,75.86,25.61,78.17,1799.99,1813.11,2435.03,0.73,35.28
TKT-01730,Mérida,Chedraui,39,634.21,634.21,799.31,16.9,39.0,65.18,58.64,53.88,42.61,651.11,727.09,965.74,11.67,48.32
TKT-01731,Puebla,Dunosusa,12,1674.51,1674.51,2048.34,16.2,39.0,54.23,79.08,28.46,56.45,1690.71,1741.97,2238.1,3.03,32.38
TKT-01732,Monterrey,Super Aki,23,805.52,805.52,929.51,29.27,49.0,78.98,70.02,59.07,68.98,834.79,913.59,1147.49,9.44,37.46
TKT-01733,Monterrey,Dunosusa,25,1191.66,1191.66,1434.87,17.32,39.0,51.14,55.0,33.31,73.59,1208.98,1263.97,1614.6,4.55,33.55
TKT-01734,CDMX,Chedraui,18,1740.88,1740.88,2096.66,59.85,49.0,43.2,25.36,30.88,61.84,1800.73,1820.76,2227.06,1.11,23.68
TKT-01735,Puebla,Bodega Aurrera,39,844.4,844.4,1040.69,54.44,0.0,50.11,50.25,55.9,45.47,898.84,900.3,1186.52,0.16,32.01
TKT-01736,Mérida,Chedraui,13,1031.95,1031.95,1287.81,19.38,39.0,71.8,61.2,23.9,36.3,1051.33,1094.85,1457.11,4.14,38.6
TKT-01737,Guadalajara,Soriana,32,1448.47,1448.47,1691.24,25.76,0.0,35.81,69.01,47.62,54.84,1474.23,1496.09,1850.9,1.48,25.55
TKT-01738,Monterrey,La Comer,40,1608.9,1608.9,1906.9,17.98,0.0,44.28,38.21,22.1,47.35,1626.88,1631.0,2036.74,0.25,25.19
TKT-01739,Guadalajara,Chedraui,38,847.07,847.07,1095.94,18.06,0.0,44.97,38.58,49.73,36.76,865.13,896.8,1216.25,3.66,40.59
TKT-01740,Monterrey,Chedraui,43,708.86,708.86,824.4,17.21,39.0,59.25,47.81,49.75,39.95,726.07,797.61,971.41,9.85,33.79
TKT-01741,Guadalajara,Super Aki,19,976.39,976.39,1259.9,62.67,0.0,41.42,78.54,50.97,48.55,1039.06,1027.36,1428.41,-1.13,37.47
TKT-01742,CDMX,Walmart,29,1454.39,1454.39,1855.13,32.79,0.0,38.5,62.91,50.31,63.51,1487.18,1504.7,2020.05,1.18,35.83
TKT-01743,Guadalajara,Walmart,20,1489.68,1489.68,1906.97,47.25,49.0,42.36,69.76,48.18,31.75,1536.93,1586.86,2050.84,3.25,33.44
TKT-01744,CDMX,La Comer,15,944.92,944.92,1202.28,48.96,39.0,76.46,79.48,46.06,34.93,993.88,1029.98,1393.15,3.63,40.17
TKT-01745,Mérida,Walmart,35,1718.4,1718.4,2232.73,30.9,39.0,70.67,35.95,54.11,53.76,1749.3,1811.51,2393.11,3.56,36.8
TKT-01746,Puebla,Chedraui,12,1541.51,1541.51,1964.78,56.93,39.0,85.9,42.81,28.64,72.5,1598.44,1609.15,2165.99,0.67,35.51
TKT-01747,CDMX,Super Aki,34,1146.44,1146.44,1458.71,33.13,49.0,84.07,65.84,36.15,33.87,1179.57,1231.59,1642.49,4.41,39.24
TKT-01748,Guadalajara,Super Aki,43,570.88,570.88,735.28,16.53,39.0,76.93,78.78,26.44,46.42,587.41,636.32,937.41,8.33,59.58
TKT-01749,Querétaro,Walmart,36,609.29,609.29,705.06,24.11,39.0,71.7,72.51,35.44,45.91,633.4,683.73,895.18,7.95,41.33
TKT-01750,Guadalajara,Super Aki,45,1193.41,1193.41,1393.9,66.04,49.0,55.98,77.48,26.9,79.96,1259.45,1269.31,1607.32,0.78,27.62
TKT-01751,CDMX,Dunosusa,36,717.72,717.72,879.01,51.93,49.0,79.61,40.11,42.6,73.31,769.65,809.32,1072.04,5.15,39.29
TKT-01752,Guadalajara,Soriana,24,1520.53,1520.53,1824.14,35.3,0.0,73.91,60.21,46.83,42.95,1555.83,1567.36,2001.21,0.74,28.63
TKT-01753,Guadalajara,La Comer,11,1342.31,1342.31,1650.64,25.38,49.0,54.57,31.13,31.03,43.82,1367.69,1422.34,1780.16,4.0,30.16
TKT-01754,Puebla,Super Aki,32,1493.61,1493.61,1853.84,44.96,0.0,77.42,61.26,58.44,52.21,1538.57,1552.05,2044.73,0.88,32.9
TKT-01755,Guadalajara,Chedraui,11,1497.88,1497.88,1776.59,43.92,49.0,64.09,77.56,59.71,47.97,1541.8,1606.59,1966.21,4.2,27.53
TKT-01756,Querétaro,La Comer,23,1476.57,1476.57,1761.25,49.01,39.0,62.31,25.25,59.12,47.61,1525.58,1574.69,1896.42,3.22,24.31
TKT-01757,CDMX,Walmart,43,979.77,979.77,1155.44,19.49,0.0,43.79,45.98,49.94,65.08,999.26,1029.71,1310.29,3.05,31.13
TKT-01758,Mérida,Dunosusa,34,1621.84,1621.84,2018.37,32.03,49.0,93.67,34.52,53.17,42.8,1653.87,1724.01,2189.36,4.24,32.38
TKT-01759,Monterrey,Bodega Aurrera,44,1253.77,1253.77,1473.28,16.98,0.0,73.85,44.17,57.09,36.88,1270.75,1310.86,1628.18,3.16,28.13
TKT-01760,Monterrey,Soriana,43,863.83,863.83,1095.11,18.14,0.0,75.79,46.18,45.34,36.9,881.97,909.17,1253.98,3.08,42.18
TKT-01761,Puebla,Dunosusa,38,989.86,989.86,1214.16,27.61,49.0,88.1,49.74,26.7,31.25,1017.47,1065.56,1383.25,4.73,35.95
TKT-01762,CDMX,La Comer,26,1396.12,1396.12,1808.32,30.97,0.0,53.74,33.77,41.4,65.08,1427.09,1437.52,1960.91,0.73,37.41
TKT-01763,Monterrey,Super Aki,22,1107.09,1107.09,1391.27,46.08,0.0,79.54,49.24,39.31,33.96,1153.17,1146.4,1554.01,-0.59,34.76
TKT-01764,Monterrey,Soriana,37,857.61,857.61,994.07,55.72,49.0,47.82,65.38,56.13,43.24,913.33,962.74,1150.51,5.41,25.97
TKT-01765,CDMX,Dunosusa,26,1179.98,1179.98,1360.47,28.78,39.0,75.98,58.1,43.68,56.63,1208.76,1262.66,1551.18,4.46,28.33
TKT-01766,CDMX,Soriana,10,689.32,689.32,838.53,37.19,49.0,64.81,67.9,56.41,78.28,726.51,794.73,1049.52,9.39,44.46
TKT-01767,Monterrey,Bodega Aurrera,36,590.84,590.84,697.85,32.83,49.0,57.86,61.23,24.73,68.71,623.67,664.57,885.65,6.56,42.01
TKT-01768,Guadalajara,Super Aki,10,661.8,661.8,794.61,65.93,39.0,64.18,29.58,26.07,69.08,727.73,726.87,957.45,-0.12,31.57
TKT-01769,Querétaro,Bodega Aurrera,25,667.45,667.45,859.19,15.86,49.0,52.69,68.15,24.45,35.72,683.31,740.9,1015.75,8.43,48.65
TKT-01770,Guadalajara,Super Aki,12,1440.16,1440.16,1757.55,60.98,0.0,35.8,33.19,25.76,38.69,1501.14,1465.92,1865.23,-2.35,24.25
TKT-01771,CDMX,Super Aki,44,1161.26,1161.26,1391.26,55.32,39.0,45.85,51.19,28.39,60.5,1216.58,1228.65,1548.8,0.99,27.31
TKT-01772,Guadalajara,Walmart,34,1121.23,1121.23,1312.28,62.07,39.0,89.49,47.63,35.82,66.24,1183.3,1196.05,1515.64,1.08,28.09
TKT-01773,Guadalajara,Dunosusa,33,680.71,680.71,800.35,62.1,39.0,38.31,78.23,53.52,41.21,742.81,773.23,958.1,4.1,28.98
TKT-01774,Guadalajara,Super Aki,19,1668.24,1668.24,2123.04,55.56,39.0,57.73,70.5,42.05,39.82,1723.8,1749.29,2291.09,1.48,32.91
TKT-01775,Querétaro,Chedraui,40,605.61,605.61,723.21,49.1,0.0,39.18,65.91,57.9,60.74,654.71,663.51,889.04,1.34,35.79
TKT-01776,Mérida,Walmart,12,1524.1,1524.1,1950.67,31.02,0.0,81.46,56.17,52.68,60.54,1555.12,1576.78,2148.84,1.39,38.18
TKT-01777,Querétaro,Bodega Aurrera,41,990.45,990.45,1160.66,28.06,0.0,60.74,43.81,45.11,72.6,1018.51,1035.56,1337.81,1.67,31.35
TKT-01778,Mérida,Super Aki,43,1760.17,1760.17,2050.51,48.52,39.0,94.77,75.83,27.34,45.32,1808.69,1826.51,2266.43,0.99,25.31
TKT-01779,Monterrey,Dunosusa,10,1130.51,1130.51,1422.68,58.3,39.0,51.52,46.33,43.05,41.65,1188.81,1212.56,1562.18,2.0,31.41
TKT-01780,Guadalajara,Dunosusa,38,1502.24,1502.24,1914.21,39.56,49.0,43.54,64.12,40.86,68.94,1541.8,1592.1,2090.81,3.26,35.61
TKT-01781,Mérida,Bodega Aurrera,19,569.37,569.37,698.24,29.02,0.0,45.13,52.64,45.48,57.55,598.39,614.85,853.56,2.75,42.64
TKT-01782,Mérida,Chedraui,41,1464.79,1464.79,1840.93,47.38,39.0,74.34,64.1,54.49,57.96,1512.17,1558.28,2037.33,3.05,34.73
TKT-01783,CDMX,Bodega Aurrera,19,1104.02,1104.02,1433.11,25.49,39.0,39.09,58.73,58.4,55.61,1129.51,1201.42,1586.54,6.37,40.46
TKT-01784,CDMX,La Comer,27,1104.77,1104.77,1328.01,61.25,49.0,42.22,71.3,47.15,49.78,1166.02,1200.92,1491.31,2.99,27.9
TKT-01785,CDMX,Super Aki,12,885.51,885.51,1118.76,49.68,49.0,62.78,51.36,37.14,60.11,935.19,971.65,1293.01,3.9,38.26
TKT-01786,CDMX,Dunosusa,43,1097.19,1097.19,1392.98,67.41,49.0,41.22,34.43,24.59,35.78,1164.6,1170.78,1504.41,0.53,29.18
TKT-01787,Guadalajara,Walmart,42,871.65,871.65,1002.62,19.37,0.0,45.46,26.11,32.79,58.94,891.02,904.44,1133.13,1.51,27.17
TKT-01788,Mérida,Super Aki,24,875.23,875.23,1032.92,24.16,39.0,60.99,55.41,38.14,51.03,899.39,952.37,1200.35,5.89,33.46
TKT-01789,Mérida,Dunosusa,17,507.07,507.07,640.4,15.82,39.0,93.25,29.64,32.87,43.25,522.89,578.94,806.54,10.72,54.25
TKT-01790,Puebla,Chedraui,30,735.92,735.92,858.88,44.36,0.0,90.13,33.76,56.41,55.4,780.28,792.33,1038.17,1.54,33.05
TKT-01791,Querétaro,Walmart,11,1327.17,1327.17,1559.57,16.7,39.0,46.25,33.16,44.46,44.83,1343.87,1410.63,1683.81,4.97,25.3
TKT-01792,Querétaro,Bodega Aurrera,33,1232.87,1232.87,1441.99,41.8,0.0,79.04,51.92,33.97,44.34,1274.67,1266.84,1617.29,-0.61,26.88
TKT-01793,Guadalajara,Bodega Aurrera,10,1174.67,1174.67,1494.16,35.23,39.0,80.81,33.67,29.44,34.76,1209.9,1243.11,1643.4,2.74,35.83
TKT-01794,CDMX,Walmart,33,1145.29,1145.29,1451.26,23.24,39.0,83.34,56.84,43.41,67.53,1168.53,1227.7,1658.97,5.06,41.97
TKT-01795,Puebla,La Comer,15,1148.41,1148.41,1453.3,50.99,0.0,87.07,44.57,42.89,40.46,1199.4,1191.3,1625.4,-0.68,35.52
TKT-01796,Mérida,La Comer,34,1329.1,1329.1,1695.52,60.94,49.0,39.75,55.19,50.84,65.39,1390.04,1428.94,1855.85,2.8,33.51
TKT-01797,CDMX,Soriana,38,1043.42,1043.42,1267.39,50.25,0.0,41.43,33.35,37.51,67.83,1093.67,1080.93,1410.0,-1.16,28.92
TKT-01798,Monterrey,La Comer,29,1477.9,1477.9,1809.26,43.32,0.0,68.53,51.2,38.85,39.37,1521.22,1516.75,1968.36,-0.29,29.39
TKT-01799,Monterrey,Dunosusa,43,841.94,841.94,1022.26,39.93,49.0,37.18,54.23,29.77,42.02,881.87,920.71,1155.69,4.4,31.05
TKT-01800,Guadalajara,Chedraui,38,1304.54,1304.54,1675.66,39.91,39.0,93.33,71.22,45.82,46.67,1344.45,1389.36,1886.88,3.34,40.35
TKT-01801,Monterrey,Walmart,35,521.62,521.62,667.9,55.95,49.0,68.79,28.64,42.02,32.63,577.57,612.64,797.96,6.07,38.16
TKT-01802,Guadalajara,Dunosusa,33,692.34,692.34,812.34,38.01,39.0,84.13,60.86,46.71,34.62,730.35,778.05,991.95,6.53,35.82
TKT-01803,Querétaro,Super Aki,43,918.6,918.6,1112.51,24.62,0.0,63.46,44.83,58.01,70.55,943.22,976.61,1291.35,3.54,36.91
TKT-01804,Guadalajara,Dunosusa,29,818.23,818.23,1063.68,24.72,49.0,58.13,36.02,57.14,75.35,842.95,924.37,1233.18,9.66,46.29
TKT-01805,Mérida,Chedraui,38,1633.35,1633.35,2110.25,56.37,49.0,62.35,38.52,23.75,58.89,1689.72,1706.1,2270.01,0.97,34.34
TKT-01806,CDMX,Bodega Aurrera,20,904.02,904.02,1109.27,53.43,39.0,65.85,67.51,58.6,42.45,957.45,1001.62,1285.08,4.61,34.22
TKT-01807,Querétaro,Soriana,16,912.29,912.29,1150.84,54.43,0.0,83.63,60.8,40.15,59.37,966.72,952.44,1354.64,-1.48,40.13
TKT-01808,CDMX,Chedraui,15,1547.97,1547.97,1880.22,51.34,49.0,68.15,35.66,25.54,33.68,1599.31,1622.51,2017.71,1.45,26.16
TKT-01809,Querétaro,Soriana,24,420.86,420.86,541.51,62.85,39.0,67.45,76.33,42.06,41.62,483.71,501.92,726.91,3.76,50.28
TKT-01810,Puebla,Dunosusa,41,1372.07,1372.07,1775.14,66.57,0.0,42.75,47.83,36.89,44.1,1438.64,1408.96,1909.82,-2.06,32.75
TKT-01811,Puebla,Bodega Aurrera,13,1346.57,1346.57,1720.78,58.48,49.0,55.28,58.64,49.05,57.92,1405.05,1444.62,1892.62,2.82,34.7
TKT-01812,Mérida,Chedraui,17,792.89,792.89,990.55,46.6,49.0,37.45,60.03,35.3,56.63,839.49,877.19,1144.66,4.49,36.35
TKT-01813,Mérida,Soriana,37,1651.75,1651.75,1946.61,27.98,0.0,66.56,42.61,35.72,57.99,1679.73,1687.47,2113.77,0.46,25.84
TKT-01814,Guadalajara,Chedraui,15,1450.31,1450.31,1884.07,51.43,49.0,68.69,39.7,41.75,43.18,1501.74,1541.06,2035.64,2.62,35.55
TKT-01815,CDMX,Chedraui,22,1485.46,1485.46,1921.34,39.77,49.0,92.62,32.87,45.94,46.53,1525.23,1580.4,2093.36,3.62,37.25
TKT-01816,Monterrey,Walmart,30,835.72,835.72,1073.88,57.32,39.0,87.43,51.16,26.54,58.58,893.04,901.26,1271.05,0.92,42.33
TKT-01817,Puebla,Dunosusa,38,845.96,845.96,1077.88,16.55,0.0,73.98,37.68,35.98,62.44,862.51,881.94,1251.98,2.25,45.16
TKT-01818,Mérida,Soriana,31,987.19,987.19,1205.43,30.48,0.0,59.55,27.98,54.44,40.71,1017.67,1041.63,1333.67,2.35,31.05
TKT-01819,Mérida,Super Aki,40,514.82,514.82,664.93,19.48,39.0,92.12,75.52,39.92,62.35,534.3,593.74,894.92,11.12,67.49
TKT-01820,Mérida,Chedraui,32,1191.56,1191.56,1426.03,52.73,0.0,77.92,47.74,25.98,51.31,1244.29,1217.54,1603.0,-2.15,28.83
TKT-01821,Guadalajara,Chedraui,26,1105.45,1105.45,1381.5,40.96,0.0,52.99,34.98,22.51,42.2,1146.41,1127.96,1511.67,-1.61,31.86
TKT-01822,Monterrey,Walmart,40,675.97,675.97,781.61,38.46,39.0,46.59,69.98,28.12,62.28,714.43,743.09,960.46,4.01,34.44
TKT-01823,Mérida,Soriana,32,741.45,741.45,856.39,48.14,0.0,52.57,62.3,43.8,73.6,789.59,785.25,1044.86,-0.55,32.33
TKT-01824,Monterrey,Soriana,42,1160.49,1160.49,1451.3,26.82,49.0,81.7,64.24,22.91,79.92,1187.31,1232.4,1677.16,3.8,41.26
TKT-01825,Puebla,Soriana,22,1097.08,1097.08,1356.37,42.52,39.0,73.89,37.21,52.26,68.11,1139.6,1188.34,1535.58,4.28,34.75
TKT-01826,Mérida,Dunosusa,35,1278.52,1278.52,1643.38,29.11,0.0,40.4,77.49,49.31,60.53,1307.63,1327.83,1821.8,1.54,39.32
TKT-01827,CDMX,Chedraui,31,1663.39,1663.39,2017.78,59.07,39.0,71.78,72.32,28.37,57.37,1722.46,1730.76,2219.25,0.48,28.84
TKT-01828,CDMX,La Comer,21,981.08,981.08,1274.86,48.22,0.0,35.64,61.87,58.76,40.74,1029.3,1039.84,1413.11,1.02,37.29
TKT-01829,Guadalajara,Chedraui,18,1718.48,1718.48,2233.25,15.94,0.0,83.99,63.12,26.67,39.92,1734.42,1745.15,2420.28,0.62,39.54
TKT-01830,Mérida,Super Aki,30,615.76,615.76,764.27,30.37,0.0,67.43,44.6,39.7,57.11,646.13,655.46,933.41,1.44,44.46
TKT-01831,Guadalajara,Dunosusa,12,446.08,446.08,549.48,57.78,49.0,72.16,41.63,39.73,76.38,503.86,534.81,739.65,6.14,46.8
TKT-01832,CDMX,Soriana,27,732.11,732.11,916.18,45.46,39.0,45.73,26.61,58.63,52.1,777.57,829.74,1040.62,6.71,33.83
TKT-01833,Mérida,Dunosusa,43,1618.27,1618.27,2033.05,62.04,0.0,81.68,75.23,40.6,42.44,1680.31,1658.87,2232.4,-1.28,32.86
TKT-01834,Puebla,La Comer,38,497.68,497.68,572.39,22.26,39.0,60.74,37.81,29.55,55.26,519.94,566.23,726.2,8.9,39.67
TKT-01835,Puebla,Soriana,43,1163.39,1163.39,1446.75,40.23,0.0,35.06,33.31,48.97,54.47,1203.62,1212.36,1569.59,0.73,30.41
TKT-01836,Monterrey,Walmart,36,1098.16,1098.16,1367.06,54.29,49.0,90.23,33.09,35.81,41.38,1152.45,1182.97,1531.76,2.65,32.91
TKT-01837,Guadalajara,La Comer,29,1123.05,1123.05,1295.96,50.82,0.0,48.79,73.03,53.24,35.97,1173.87,1176.29,1453.75,0.21,23.84
TKT-01838,Puebla,Super Aki,16,1455.29,1455.29,1726.72,31.93,39.0,45.47,51.77,53.23,67.15,1487.22,1547.52,1891.11,4.05,27.16
TKT-01839,Mérida,Super Aki,44,1787.29,1787.29,2133.61,36.46,0.0,84.7,77.07,33.17,66.35,1823.75,1820.46,2361.73,-0.18,29.5
TKT-01840,Puebla,Bodega Aurrera,34,936.67,936.67,1213.84,38.0,0.0,51.72,38.06,34.19,72.64,974.67,970.86,1376.26,-0.39,41.2
TKT-01841,Mérida,La Comer,22,588.9,588.9,738.58,58.51,49.0,86.76,53.65,55.92,74.32,647.41,693.82,953.31,7.17,47.25
TKT-01842,CDMX,Soriana,39,811.86,811.86,1024.79,21.26,0.0,50.61,35.16,21.88,30.99,833.12,833.74,1141.55,0.07,37.02
TKT-01843,Guadalajara,Soriana,43,879.38,879.38,1087.61,31.33,49.0,78.2,64.16,44.27,50.07,910.71,972.65,1280.04,6.8,40.55
TKT-01844,Guadalajara,Super Aki,41,461.49,461.49,560.64,17.39,0.0,62.4,63.76,48.46,33.05,478.88,509.95,719.85,6.49,50.32
TKT-01845,Mérida,Soriana,34,642.19,642.19,782.69,17.9,0.0,48.99,32.28,56.95,64.08,660.09,699.14,928.04,5.92,40.59
TKT-01846,Guadalajara,Dunosusa,37,1651.92,1651.92,2006.81,67.6,0.0,72.86,37.58,40.0,67.62,1719.52,1691.92,2184.87,-1.61,27.06
TKT-01847,Guadalajara,Bodega Aurrera,31,1747.58,1747.58,2041.09,62.71,49.0,85.91,62.41,53.09,48.14,1810.29,1849.67,2237.55,2.18,23.6
TKT-01848,CDMX,Bodega Aurrera,11,1408.4,1408.4,1640.29,27.35,49.0,42.4,65.89,25.89,70.67,1435.75,1483.29,1819.25,3.31,26.71
TKT-01849,Mérida,Walmart,43,1464.84,1464.84,1769.23,22.34,39.0,50.36,78.05,56.35,41.36,1487.18,1560.19,1939.0,4.91,30.38
TKT-01850,Puebla,Dunosusa,34,442.72,442.72,563.83,34.74,0.0,38.94,62.68,56.61,66.11,477.46,499.33,731.56,4.58,53.22
TKT-01851,Mérida,Soriana,21,1310.8,1310.8,1517.4,34.62,49.0,55.33,40.97,29.94,60.2,1345.42,1389.74,1673.9,3.29,24.41
TKT-01852,Monterrey,Soriana,29,1139.73,1139.73,1346.78,16.64,0.0,48.86,41.25,47.08,34.88,1156.37,1186.81,1471.77,2.63,27.28
TKT-01853,Guadalajara,Super Aki,22,1270.2,1270.2,1534.6,50.82,49.0,88.59,57.71,52.32,65.06,1321.02,1371.52,1745.96,3.82,32.17
TKT-01854,Monterrey,Dunosusa,12,1584.94,1584.94,1979.11,69.13,49.0,46.48,42.11,21.12,45.12,1654.07,1655.06,2112.82,0.06,27.73
TKT-01855,CDMX,Chedraui,21,1750.21,1750.21,2081.25,62.63,49.0,37.98,71.22,37.23,43.1,1812.84,1836.44,2233.55,1.3,23.21
TKT-01856,Guadalajara,Walmart,16,1547.4,1547.4,1881.48,15.87,49.0,49.47,58.76,46.08,33.04,1563.27,1642.48,2022.75,5.07,29.39
TKT-01857,Querétaro,Soriana,17,670.13,670.13,812.7,46.12,49.0,69.01,68.39,50.53,62.12,716.25,769.66,1012.22,7.46,41.32
TKT-01858,CDMX,Chedraui,20,1037.56,1037.56,1295.74,69.87,39.0,44.71,60.51,36.5,39.93,1107.43,1113.06,1440.89,0.51,30.11
TKT-01859,Puebla,Dunosusa,33,1649.76,1649.76,1926.51,59.5,0.0,67.91,46.79,55.98,61.66,1709.26,1705.74,2102.87,-0.21,23.03
TKT-01860,Mérida,Soriana,27,1288.39,1288.39,1598.45,45.03,49.0,39.84,78.78,34.98,49.77,1333.42,1372.37,1766.84,2.92,32.5
TKT-01861,Querétaro,Dunosusa,34,724.74,724.74,878.48,63.69,39.0,82.47,55.67,23.83,53.36,788.43,787.57,1069.98,-0.11,35.71
TKT-01862,Guadalajara,Dunosusa,36,599.49,599.49,774.91,38.19,0.0,73.49,66.19,54.54,58.13,637.68,654.03,972.72,2.56,52.54
TKT-01863,Monterrey,Super Aki,10,1482.85,1482.85,1874.53,21.72,39.0,92.77,73.99,36.2,63.67,1504.57,1558.05,2104.96,3.55,39.9
TKT-01864,Querétaro,Dunosusa,18,1667.75,1667.75,1984.35,60.93,0.0,73.57,54.7,51.86,70.9,1728.68,1719.61,2183.52,-0.52,26.31
TKT-01865,CDMX,Soriana,29,1602.91,1602.91,2080.96,32.5,0.0,48.28,43.53,44.29,36.04,1635.41,1647.2,2208.81,0.72,35.06
TKT-01866,Monterrey,La Comer,45,1119.42,1119.42,1428.89,41.3,49.0,47.01,64.42,55.24,62.75,1160.72,1223.66,1603.07,5.42,38.11
TKT-01867,CDMX,Chedraui,34,887.97,887.97,1101.33,28.18,39.0,72.62,38.0,56.06,57.76,916.15,983.03,1269.71,7.3,38.59
TKT-01868,CDMX,Soriana,38,1196.52,1196.52,1422.17,63.12,0.0,94.55,41.91,56.34,37.91,1259.64,1252.86,1596.54,-0.54,26.75
TKT-01869,Monterrey,Dunosusa,41,1339.36,1339.36,1588.85,59.24,39.0,74.36,41.16,56.7,51.91,1398.6,1435.06,1756.28,2.61,25.57
TKT-01870,Querétaro,Soriana,40,1233.85,1233.85,1488.91,42.43,0.0,36.91,71.89,44.69,67.77,1276.28,1278.54,1665.48,0.18,30.49
TKT-01871,Puebla,Walmart,36,660.52,660.52,807.21,49.1,0.0,36.31,54.59,58.7,63.59,709.62,719.22,961.7,1.35,35.52
TKT-01872,Mérida,Bodega Aurrera,17,1116.85,1116.85,1438.33,63.83,39.0,82.41,37.06,37.84,35.02,1180.68,1193.69,1592.82,1.1,34.91
TKT-01873,Puebla,La Comer,41,986.54,986.54,1223.38,50.26,0.0,90.7,26.95,27.98,31.12,1036.8,1014.52,1372.15,-2.15,32.34
TKT-01874,Querétaro,Bodega Aurrera,18,905.6,905.6,1172.66,19.73,39.0,44.43,79.6,30.48,57.86,925.33,975.08,1354.55,5.38,46.39
TKT-01875,Mérida,Dunosusa,33,758.76,758.76,909.35,62.28,49.0,38.48,33.93,39.98,42.43,821.04,847.74,1024.19,3.25,24.74
TKT-01876,Guadalajara,Super Aki,16,549.5,549.5,712.47,20.76,0.0,70.99,45.7,39.93,62.25,570.26,589.43,891.41,3.36,56.32
TKT-01877,Puebla,Walmart,17,437.11,437.11,503.66,64.59,0.0,36.44,39.48,40.31,78.82,501.7,477.42,658.4,-4.84,31.23
TKT-01878,Monterrey,Walmart,10,644.9,644.9,803.85,60.22,0.0,47.23,34.25,52.42,65.78,705.12,697.32,951.11,-1.11,34.89
TKT-01879,CDMX,Super Aki,44,672.46,672.46,845.35,68.96,39.0,66.33,76.52,37.69,34.45,741.42,749.15,1022.65,1.04,37.93
TKT-01880,Mérida,Chedraui,31,1247.13,1247.13,1602.69,35.72,0.0,44.56,75.16,26.77,57.34,1282.85,1273.9,1779.75,-0.7,38.73
TKT-01881,Monterrey,Chedraui,31,843.33,843.33,983.11,18.14,39.0,48.26,26.12,28.57,37.96,861.47,910.9,1095.45,5.74,27.16
TKT-01882,Monterrey,Dunosusa,41,1244.06,1244.06,1545.26,64.97,39.0,84.12,56.43,41.68,70.04,1309.03,1324.74,1755.85,1.2,34.13
TKT-01883,Querétaro,Chedraui,38,1714.19,1714.19,2089.58,51.11,39.0,37.9,65.29,37.22,55.56,1765.3,1790.41,2248.33,1.42,27.36
TKT-01884,Guadalajara,Bodega Aurrera,27,1316.93,1316.93,1573.89,55.96,0.0,45.44,30.7,39.85,44.07,1372.89,1356.78,1694.1,-1.17,23.4
TKT-01885,CDMX,Walmart,37,1439.77,1439.77,1699.37,62.09,39.0,56.06,40.48,31.72,42.13,1501.86,1510.49,1838.04,0.57,22.38
TKT-01886,Querétaro,Bodega Aurrera,20,1557.8,1557.8,1877.2,19.0,0.0,40.66,55.63,27.03,34.89,1576.8,1584.83,2008.38,0.51,27.37
TKT-01887,Mérida,Soriana,11,1161.38,1161.38,1489.77,48.75,39.0,60.96,39.38,34.76,57.75,1210.13,1235.14,1647.86,2.07,36.17
TKT-01888,CDMX,Dunosusa,22,1693.48,1693.48,2186.38,34.18,0.0,82.78,79.22,30.92,66.11,1727.66,1724.4,2414.49,-0.19,39.75
TKT-01889,Monterrey,Chedraui,11,1208.36,1208.36,1424.39,58.51,49.0,84.15,37.44,55.28,46.03,1266.87,1312.64,1592.01,3.61,25.66
TKT-01890,Querétaro,Dunosusa,20,741.3,741.3,863.18,25.18,39.0,94.72,40.67,38.27,74.57,766.48,818.57,1073.14,6.8,40.01
TKT-01891,Querétaro,Chedraui,39,1121.3,1121.3,1347.54,20.25,39.0,90.46,60.29,38.34,36.03,1141.55,1198.64,1534.32,5.0,34.41
TKT-01892,Puebla,Soriana,32,1176.63,1176.63,1440.09,42.75,0.0,93.08,64.52,40.62,65.57,1219.38,1217.25,1663.26,-0.17,36.4
TKT-01893,Monterrey,Soriana,31,431.8,431.8,530.07,61.44,0.0,45.41,75.67,29.24,34.9,493.24,461.04,686.05,-6.53,39.09
TKT-01894,Querétaro,Super Aki,38,1502.63,1502.63,1930.32,39.58,39.0,48.98,76.78,57.6,58.78,1542.21,1599.23,2114.86,3.7,37.13
TKT-01895,Guadalajara,Bodega Aurrera,21,955.1,955.1,1193.48,49.83,49.0,75.92,30.01,58.55,75.92,1004.93,1062.65,1375.33,5.74,36.86
TKT-01896,Monterrey,La Comer,26,1740.77,1740.77,2237.44,35.48,0.0,63.77,55.03,48.94,43.1,1776.25,1789.71,2399.34,0.76,35.08
TKT-01897,Monterrey,Super Aki,32,1325.34,1325.34,1704.71,35.01,49.0,37.52,66.73,25.53,70.58,1360.35,1399.87,1879.54,2.91,38.17
TKT-01898,Monterrey,Soriana,25,1128.46,1128.46,1445.0,44.38,39.0,39.26,40.3,39.62,66.33,1172.84,1207.08,1590.89,2.92,35.64
TKT-01899,Puebla,Soriana,31,621.18,621.18,802.58,20.48,39.0,46.03,38.3,43.12,53.62,641.66,703.3,940.53,9.61,46.58
TKT-01900,Monterrey,La Comer,30,1364.29,1364.29,1704.44,43.28,0.0,56.05,67.96,22.58,71.77,1407.57,1386.87,1900.22,-1.47,35.0
TKT-01901,Puebla,La Comer,39,851.16,851.16,995.69,68.87,0.0,82.66,43.75,20.36,60.34,920.03,871.52,1182.44,-5.27,28.52
TKT-01902,Puebla,Dunosusa,32,1315.37,1315.37,1584.8,59.73,0.0,36.86,46.78,43.69,38.0,1375.1,1359.06,1706.44,-1.17,24.1
TKT-01903,Puebla,Dunosusa,38,906.48,906.48,1140.24,18.54,49.0,86.08,35.97,57.81,60.4,925.02,1013.29,1322.69,9.54,42.99
TKT-01904,Querétaro,Super Aki,33,1559.8,1559.8,1884.39,21.28,39.0,64.98,34.71,56.5,55.19,1581.08,1655.3,2039.27,4.69,28.98
TKT-01905,Mérida,Walmart,15,1790.42,1790.42,2289.25,19.06,0.0,41.06,68.09,38.42,47.01,1809.48,1828.84,2445.41,1.07,35.14
TKT-01906,Mérida,Dunosusa,39,1586.08,1586.08,1969.54,31.69,49.0,40.29,78.1,44.79,58.24,1617.77,1679.87,2146.17,3.84,32.66
TKT-01907,Monterrey,Chedraui,28,668.34,668.34,785.02,45.79,49.0,62.42,43.9,54.93,66.49,714.13,772.27,957.83,8.14,34.13
TKT-01908,CDMX,Chedraui,22,822.97,822.97,970.25,23.9,0.0,65.16,55.42,45.26,44.55,846.87,868.23,1135.38,2.52,34.07
TKT-01909,Querétaro,Chedraui,23,1161.81,1161.81,1394.56,26.79,39.0,63.93,65.44,33.66,66.05,1188.6,1234.47,1589.98,3.86,33.77
TKT-01910,CDMX,Dunosusa,27,997.7,997.7,1207.53,44.31,0.0,60.53,39.6,28.27,50.28,1042.01,1025.97,1357.94,-1.54,30.32
TKT-01911,Mérida,Super Aki,41,1554.34,1554.34,1791.06,59.26,49.0,35.14,78.06,44.13,55.2,1613.6,1647.47,1959.46,2.1,21.43
TKT-01912,CDMX,Bodega Aurrera,42,441.21,441.21,548.69,16.51,39.0,87.08,77.8,27.23,40.39,457.72,507.44,753.96,10.86,64.72
TKT-01913,Querétaro,Dunosusa,35,422.89,422.89,514.09,50.37,39.0,84.73,45.9,53.46,75.33,473.26,515.35,720.05,8.89,52.15
TKT-01914,Monterrey,Soriana,43,1169.47,1169.47,1498.31,35.22,39.0,76.63,65.42,23.46,65.55,1204.69,1231.93,1705.91,2.26,41.61
TKT-01915,Mérida,Super Aki,29,1479.35,1479.35,1784.86,43.15,49.0,89.37,72.8,49.33,53.97,1522.5,1577.68,2001.0,3.62,31.43
TKT-01916,Mérida,Walmart,27,778.51,778.51,1002.64,31.34,49.0,37.47,39.0,55.49,75.85,809.85,883.0,1154.96,9.03,42.61
TKT-01917,Guadalajara,Super Aki,20,628.61,628.61,789.63,16.37,0.0,59.01,70.06,46.82,37.8,644.98,675.43,956.5,4.72,48.3
TKT-01918,CDMX,Super Aki,22,703.13,703.13,901.31,39.85,0.0,37.61,25.65,32.6,72.25,742.98,735.73,1036.82,-0.98,39.55
TKT-01919,CDMX,Dunosusa,24,437.65,437.65,559.04,54.65,49.0,78.68,27.35,34.35,42.07,492.3,521.0,707.14,5.83,43.64
TKT-01920,Mérida,La Comer,22,872.92,872.92,1021.56,28.14,49.0,81.74,79.61,42.52,57.19,901.06,964.44,1240.1,7.03,37.63
TKT-01921,Mérida,Bodega Aurrera,15,854.23,854.23,1109.87,49.74,39.0,68.46,31.61,26.46,77.58,903.97,919.69,1287.52,1.74,42.43
TKT-01922,Mérida,Walmart,13,1713.45,1713.45,2077.53,65.47,49.0,78.55,72.43,26.8,66.49,1778.92,1789.25,2295.0,0.58,29.01
TKT-01923,CDMX,Dunosusa,43,970.59,970.59,1191.27,41.55,0.0,82.98,62.31,22.24,31.2,1012.14,992.83,1367.76,-1.91,35.14
TKT-01924,Mérida,Chedraui,13,1237.18,1237.18,1533.56,60.03,0.0,83.95,75.6,59.9,32.27,1297.21,1297.08,1725.38,-0.01,33.01
TKT-01925,Mérida,La Comer,39,499.52,499.52,595.5,20.6,0.0,55.88,52.96,24.97,71.35,520.12,524.49,775.69,0.84,49.14
TKT-01926,Guadalajara,Bodega Aurrera,14,637.98,637.98,768.13,38.45,49.0,72.69,26.62,56.54,71.11,676.43,743.52,938.55,9.92,38.75
TKT-01927,Querétaro,Bodega Aurrera,43,1214.15,1214.15,1459.51,43.4,0.0,70.83,54.24,36.25,61.24,1257.55,1250.4,1645.82,-0.57,30.88
TKT-01928,Querétaro,La Comer,27,1507.76,1507.76,1829.74,59.3,39.0,56.23,38.71,58.01,53.71,1567.06,1604.77,1978.39,2.41,26.25
TKT-01929,Monterrey,Soriana,24,1354.9,1354.9,1638.67,31.05,0.0,39.45,41.85,28.4,34.15,1385.95,1383.3,1754.12,-0.19,26.56
TKT-01930,Guadalajara,Chedraui,12,928.42,928.42,1196.35,19.46,0.0,51.02,77.53,51.68,43.63,947.88,980.1,1368.53,3.4,44.38
TKT-01931,Querétaro,Bodega Aurrera,12,1548.67,1548.67,2007.89,27.0,0.0,54.0,33.38,23.76,71.36,1575.67,1572.43,2166.63,-0.21,37.51
TKT-01932,Monterrey,Walmart,22,1279.03,1279.03,1497.15,30.97,39.0,79.35,76.22,27.59,50.68,1310.0,1345.62,1703.4,2.72,30.03
TKT-01933,Monterrey,Super Aki,15,740.7,740.7,907.38,67.47,39.0,72.35,73.13,49.75,77.78,808.17,829.45,1130.64,2.63,39.9
TKT-01934,Mérida,Super Aki,39,747.78,747.78,868.39,30.72,49.0,83.85,42.75,28.76,58.67,778.5,825.54,1053.66,6.04,35.34
TKT-01935,Guadalajara,Super Aki,33,728.44,728.44,918.33,25.96,49.0,83.92,63.58,30.38,62.97,754.4,807.82,1128.8,7.08,49.63
TKT-01936,Monterrey,Chedraui,10,469.36,469.36,607.59,33.92,49.0,67.3,26.65,54.27,54.56,503.28,572.63,756.1,13.78,50.23
TKT-01937,Puebla,La Comer,17,856.75,856.75,1063.53,51.81,0.0,44.53,68.15,24.13,66.84,908.56,880.88,1243.05,-3.05,36.82
TKT-01938,Monterrey,Chedraui,10,833.0,833.0,1010.39,57.58,0.0,64.51,37.97,30.69,32.97,890.58,863.69,1145.84,-3.02,28.66
TKT-01939,Guadalajara,Bodega Aurrera,41,682.07,682.07,822.95,52.95,0.0,80.86,52.86,59.73,55.59,735.02,741.8,1012.26,0.92,37.72
TKT-01940,CDMX,Super Aki,26,414.97,414.97,514.15,53.98,49.0,44.23,27.4,31.65,76.64,468.95,495.62,662.42,5.69,41.26
TKT-01941,Puebla,Bodega Aurrera,21,431.29,431.29,501.87,21.08,39.0,70.51,39.03,28.48,71.54,452.37,498.77,682.95,10.26,50.97
TKT-01942,Puebla,Super Aki,38,1748.42,1748.42,2165.45,36.69,0.0,66.5,47.15,55.41,69.16,1785.11,1803.83,2348.26,1.05,31.55
TKT-01943,Guadalajara,Walmart,13,1199.32,1199.32,1500.62,16.95,49.0,64.25,46.6,31.53,67.81,1216.27,1279.85,1679.28,5.23,38.07
TKT-01944,Mérida,Super Aki,32,1583.91,1583.91,2024.77,62.78,0.0,44.26,55.41,36.68,79.93,1646.69,1620.59,2204.37,-1.58,33.87
TKT-01945,Querétaro,Dunosusa,42,701.76,701.76,814.86,55.92,49.0,85.18,61.74,49.36,52.7,757.68,800.12,1014.48,5.6,33.89
TKT-01946,Querétaro,Bodega Aurrera,39,1198.4,1198.4,1384.11,51.75,0.0,73.87,32.74,35.86,33.78,1250.15,1234.26,1524.5,-1.27,21.95
TKT-01947,Mérida,Chedraui,39,649.48,649.48,768.27,67.51,0.0,83.67,37.8,24.31,31.08,716.99,673.79,920.82,-6.03,28.43
TKT-01948,CDMX,Chedraui,30,1114.59,1114.59,1422.26,67.21,49.0,59.93,62.2,55.42,44.97,1181.8,1219.01,1589.36,3.15,34.49
TKT-01949,Querétaro,Dunosusa,44,1598.11,1598.11,1898.01,25.74,49.0,48.64,55.02,40.16,42.76,1623.85,1687.27,2044.43,3.91,25.9
TKT-01950,Guadalajara,Chedraui,26,1075.89,1075.89,1320.4,29.26,49.0,89.72,41.04,42.66,41.1,1105.15,1167.55,1492.26,5.65,35.03
TKT-01951,Mérida,Walmart,17,1071.38,1071.38,1350.32,64.63,39.0,60.23,64.77,34.83,68.47,1136.01,1145.21,1543.79,0.81,35.9
TKT-01952,CDMX,Walmart,45,1195.04,1195.04,1428.3,67.92,0.0,43.53,71.81,44.93,46.6,1262.96,1239.97,1590.24,-1.82,25.91
TKT-01953,Puebla,Super Aki,30,542.83,542.83,690.97,31.23,39.0,64.02,44.81,23.14,65.93,574.06,604.97,865.73,5.38,50.81
TKT-01954,Querétaro,La Comer,42,1131.06,1131.06,1340.4,50.5,49.0,41.0,38.02,53.61,73.21,1181.56,1233.67,1492.63,4.41,26.33
TKT-01955,Monterrey,La Comer,26,1387.52,1387.52,1601.17,24.47,49.0,35.63,32.08,45.04,71.07,1411.99,1481.56,1739.95,4.93,23.23
TKT-01956,Guadalajara,Soriana,32,1513.66,1513.66,1926.4,63.13,49.0,73.29,31.72,31.23,56.87,1576.79,1593.89,2088.28,1.08,32.44
TKT-01957,Mérida,Dunosusa,24,425.32,425.32,550.8,69.03,0.0,66.15,54.77,38.77,47.48,494.35,464.09,719.2,-6.12,45.48
TKT-01958,Mérida,Chedraui,43,552.51,552.51,701.2,60.67,0.0,36.12,62.78,42.92,39.53,613.18,595.43,839.63,-2.89,36.93
TKT-01959,Querétaro,Bodega Aurrera,12,1481.08,1481.08,1709.04,32.66,39.0,44.81,75.34,36.66,47.14,1513.74,1556.74,1876.33,2.84,23.95
TKT-01960,Monterrey,La Comer,42,691.29,691.29,871.27,66.8,49.0,60.01,44.9,48.93,30.1,758.09,789.22,1006.28,4.11,32.74
TKT-01961,Puebla,Soriana,12,991.84,991.84,1266.77,64.9,49.0,70.35,43.32,54.88,73.79,1056.74,1095.72,1454.23,3.69,37.61
TKT-01962,Mérida,Soriana,32,924.4,924.4,1111.14,43.4,39.0,68.74,55.02,42.9,60.95,967.8,1006.3,1295.85,3.98,33.9
TKT-01963,Querétaro,Chedraui,26,769.88,769.88,937.29,60.93,49.0,94.36,79.95,55.31,34.65,830.81,874.19,1146.25,5.22,37.97
TKT-01964,Puebla,La Comer,42,457.56,457.56,554.79,31.37,49.0,93.41,55.28,52.77,39.55,488.93,559.33,743.03,14.4,51.97
TKT-01965,CDMX,Walmart,17,1436.44,1436.44,1849.53,48.52,0.0,59.49,32.33,59.09,76.0,1484.96,1495.53,2017.35,0.71,35.85
TKT-01966,Querétaro,La Comer,10,1715.29,1715.29,2016.04,69.26,49.0,51.75,45.83,49.19,32.14,1784.55,1813.48,2145.76,1.62,20.24
TKT-01967,Mérida,Bodega Aurrera,21,612.96,612.96,789.5,44.07,0.0,86.74,75.1,49.68,34.95,657.03,662.64,986.29,0.85,50.11
TKT-01968,Mérida,Bodega Aurrera,39,1364.29,1364.29,1728.59,43.78,39.0,81.86,43.81,36.67,78.94,1408.07,1439.96,1933.2,2.26,37.29
TKT-01969,Querétaro,Chedraui,29,1275.66,1275.66,1509.26,38.6,39.0,36.25,35.41,34.6,76.13,1314.26,1349.26,1657.05,2.66,26.08
TKT-01970,Guadalajara,Walmart,34,634.49,634.49,782.07,45.03,39.0,70.23,49.98,52.29,32.47,679.52,725.78,934.75,6.81,37.56
TKT-01971,Querétaro,Soriana,39,1595.1,1595.1,2057.87,34.46,49.0,78.67,54.69,39.19,58.78,1629.56,1683.29,2250.01,3.3,38.07
TKT-01972,CDMX,Soriana,11,1380.64,1380.64,1632.68,51.23,49.0,74.19,28.69,59.63,41.85,1431.87,1489.27,1777.41,4.01,24.13
TKT-01973,Puebla,Soriana,31,1052.98,1052.98,1232.59,41.9,0.0,56.69,54.97,22.75,40.0,1094.88,1075.73,1384.25,-1.75,26.43
TKT-01974,CDMX,La Comer,12,1071.98,1071.98,1372.53,24.91,39.0,91.28,62.2,25.13,35.18,1096.89,1136.11,1561.19,3.58,42.33
TKT-01975,CDMX,Soriana,26,736.95,736.95,891.34,69.79,0.0,39.47,63.5,59.06,47.61,806.74,796.01,1041.92,-1.33,29.15
TKT-01976,Monterrey,La Comer,16,1660.24,1660.24,2041.72,47.75,49.0,69.28,51.27,49.93,53.31,1707.99,1759.17,2215.58,3.0,29.72
TKT-01977,Querétaro,La Comer,28,1120.73,1120.73,1345.26,42.55,0.0,88.97,51.48,44.26,31.22,1163.28,1164.99,1516.93,0.15,30.4
TKT-01978,Monterrey,Walmart,10,1303.39,1303.39,1607.76,36.79,49.0,63.6,26.46,25.86,74.9,1340.18,1378.25,1772.72,2.84,32.27
TKT-01979,Mérida,Bodega Aurrera,41,663.83,663.83,841.91,64.52,39.0,62.43,59.8,58.92,59.51,728.35,761.75,1023.65,4.59,40.54
TKT-01980,CDMX,Walmart,42,536.13,536.13,679.0,53.67,0.0,91.1,44.2,46.16,59.17,589.8,582.29,873.47,-1.27,48.1
TKT-01981,Querétaro,Dunosusa,42,1583.01,1583.01,1833.59,45.57,49.0,87.22,37.66,45.83,65.22,1628.58,1677.84,2023.69,3.02,24.26
TKT-01982,Querétaro,Dunosusa,30,1416.4,1416.4,1790.84,58.18,49.0,55.18,74.63,48.52,75.26,1474.58,1513.92,1995.91,2.67,35.35
TKT-01983,Puebla,Bodega Aurrera,20,1046.38,1046.38,1281.03,64.39,0.0,91.14,52.72,23.01,50.54,1110.77,1069.39,1475.43,-3.73,32.83
TKT-01984,Guadalajara,La Comer,30,1065.48,1065.48,1375.4,54.1,39.0,93.0,79.6,32.72,36.44,1119.58,1137.2,1584.44,1.57,41.52
TKT-01985,Puebla,La Comer,19,518.27,518.27,600.98,33.32,0.0,89.07,68.06,27.57,43.66,551.59,545.84,801.77,-1.04,45.36
TKT-01986,Querétaro,Dunosusa,20,1268.93,1268.93,1595.82,43.32,39.0,94.57,78.32,55.2,67.38,1312.25,1363.13,1836.09,3.88,39.92
TKT-01987,Monterrey,Walmart,35,1698.35,1698.35,2160.94,64.93,39.0,39.42,33.89,52.12,65.83,1763.28,1789.47,2300.08,1.49,30.44
TKT-01988,Querétaro,Soriana,35,1469.84,1469.84,1739.99,41.02,49.0,83.29,79.0,48.98,60.64,1510.86,1567.82,1962.92,3.77,29.92
TKT-01989,CDMX,Walmart,45,1544.98,1544.98,1827.15,42.38,39.0,64.48,78.75,38.54,63.98,1587.36,1622.52,2034.36,2.21,28.16
TKT-01990,Querétaro,Walmart,42,1401.63,1401.63,1653.7,65.08,49.0,46.37,36.95,21.39,39.04,1466.71,1472.02,1776.06,0.36,21.09
TKT-01991,Monterrey,Super Aki,29,1432.62,1432.62,1756.16,57.71,0.0,89.39,28.0,30.2,41.21,1490.33,1462.82,1914.76,-1.85,28.48
TKT-01992,CDMX,Walmart,17,1223.59,1223.59,1564.75,55.86,39.0,93.18,38.98,40.9,41.68,1279.45,1303.49,1738.59,1.88,35.89
TKT-01993,Monterrey,Bodega Aurrera,37,1005.54,1005.54,1207.32,63.09,49.0,47.9,40.84,48.22,50.16,1068.63,1102.76,1346.22,3.19,25.98
TKT-01994,Puebla,Super Aki,24,968.6,968.6,1247.32,27.41,0.0,47.95,78.43,29.24,64.63,996.01,997.84,1438.33,0.18,44.41
TKT-01995,Querétaro,La Comer,12,1268.75,1268.75,1482.57,68.41,49.0,84.82,52.82,55.92,41.8,1337.16,1373.67,1662.01,2.73,24.29
TKT-01996,Querétaro,Soriana,14,1737.51,1737.51,2218.83,29.7,49.0,41.75,74.1,49.44,59.32,1767.21,1835.95,2394.0,3.89,35.47
TKT-01997,CDMX,Super Aki,33,1758.48,1758.48,2047.93,56.61,39.0,67.34,39.4,54.45,56.21,1815.09,1851.93,2210.88,2.03,21.81
TKT-01998,Mérida,Bodega Aurrera,25,1795.63,1795.63,2309.83,49.25,39.0,38.37,42.21,42.02,43.75,1844.88,1876.65,2434.16,1.72,31.94
TKT-01999,Monterrey,Walmart,30,832.17,832.17,1062.12,51.37,0.0,84.97,48.23,33.99,33.53,883.54,866.16,1228.85,-1.97,39.08
TKT-02000,Mérida,Soriana,39,1408.71,1408.71,1678.13,53.55,0.0,67.51,77.41,31.53,79.18,1462.26,1440.24,1902.23,-1.51,30.09
TKT-02001,Querétaro,La Comer,13,1268.16,1268.16,1488.03,40.56,49.0,91.76,34.87,55.13,41.31,1308.72,1372.29,1655.97,4.86,26.53
TKT-02002,CDMX,Dunosusa,34,603.73,603.73,750.97,37.76,39.0,68.64,35.85,47.42,64.57,641.49,690.15,920.03,7.59,43.42
TKT-02003,CDMX,Chedraui,27,917.17,917.17,1094.03,18.81,39.0,70.75,43.9,43.72,43.97,935.98,999.89,1252.65,6.83,33.83
TKT-02004,Puebla,Soriana,28,1067.6,1067.6,1302.25,17.58,49.0,39.64,56.11,58.95,77.6,1085.18,1175.55,1475.6,8.33,35.98
TKT-02005,Puebla,Walmart,15,1636.02,1636.02,1906.1,53.89,49.0,59.3,75.88,33.79,34.38,1689.91,1718.81,2075.66,1.71,22.83
TKT-02006,Guadalajara,Bodega Aurrera,29,1503.01,1503.01,1779.8,30.65,0.0,55.51,43.9,59.84,63.08,1533.66,1562.85,1942.29,1.9,26.64
TKT-02007,CDMX,Dunosusa,30,585.55,585.55,682.27,34.92,0.0,44.04,76.62,48.2,48.5,620.47,633.75,851.43,2.14,37.22
TKT-02008,Mérida,Chedraui,23,1339.71,1339.71,1628.78,39.96,0.0,72.6,38.33,48.91,31.48,1379.67,1388.62,1771.19,0.65,28.38
TKT-02009,Mérida,Super Aki,24,1019.02,1019.02,1290.23,15.86,49.0,83.11,61.1,23.07,70.45,1034.88,1091.09,1504.89,5.43,45.42
TKT-02010,Querétaro,Walmart,23,1058.03,1058.03,1235.32,52.51,39.0,70.4,58.83,53.17,72.54,1110.54,1150.2,1437.09,3.57,29.4
TKT-02011,CDMX,Soriana,27,755.41,755.41,978.24,49.66,39.0,71.06,48.38,46.44,62.14,805.07,840.85,1159.82,4.44,44.06
TKT-02012,Mérida,Chedraui,42,1424.53,1424.53,1698.88,60.27,39.0,75.35,49.28,40.13,60.52,1484.8,1503.66,1884.03,1.27,26.89
TKT-02013,Mérida,Chedraui,12,685.53,685.53,834.2,40.38,0.0,87.57,79.13,30.81,58.88,725.91,716.34,1059.78,-1.32,45.99
TKT-02014,CDMX,Walmart,12,543.27,543.27,627.92,61.29,49.0,43.39,50.14,55.24,42.41,604.56,647.51,763.86,7.1,26.35
TKT-02015,Monterrey,Soriana,26,1464.8,1464.8,1873.06,55.78,39.0,63.04,47.89,31.87,74.23,1520.58,1535.67,2058.22,0.99,35.36
TKT-02016,Guadalajara,Super Aki,10,1338.47,1338.47,1635.41,39.75,39.0,62.69,45.39,49.79,72.43,1378.22,1427.26,1815.92,3.56,31.76
TKT-02017,Monterrey,Bodega Aurrera,10,1285.98,1285.98,1632.1,30.81,49.0,63.68,79.21,49.94,55.35,1316.79,1384.92,1830.34,5.17,39.0
TKT-02018,Monterrey,Chedraui,10,970.7,970.7,1154.29,52.08,49.0,39.25,39.18,39.81,73.96,1022.78,1059.51,1306.68,3.59,27.76
TKT-02019,Guadalajara,Bodega Aurrera,41,1281.62,1281.62,1570.23,66.92,0.0,88.15,54.01,24.83,64.76,1348.54,1306.45,1777.15,-3.12,31.78
TKT-02020,CDMX,Walmart,30,1344.79,1344.79,1646.08,55.99,49.0,83.38,29.92,53.25,38.8,1400.78,1447.04,1798.18,3.3,28.37
TKT-02021,Monterrey,Soriana,10,1386.36,1386.36,1597.32,51.06,0.0,71.98,50.53,44.75,45.28,1437.42,1431.11,1765.11,-0.44,22.8
TKT-02022,Querétaro,Dunosusa,29,688.47,688.47,875.83,69.83,39.0,35.77,67.56,38.08,79.55,758.3,765.55,1058.71,0.96,39.62
TKT-02023,Monterrey,Dunosusa,42,512.88,512.88,645.26,48.94,0.0,47.43,78.22,56.93,66.69,561.82,569.81,837.6,1.42,49.09
TKT-02024,Mérida,Dunosusa,41,1614.82,1614.82,1906.1,33.5,39.0,77.11,78.71,38.66,44.3,1648.32,1692.48,2106.22,2.68,27.78
TKT-02025,Monterrey,Super Aki,21,1060.18,1060.18,1373.97,27.65,49.0,64.93,72.98,22.74,75.32,1087.83,1131.92,1587.2,4.05,45.91
TKT-02026,Guadalajara,La Comer,39,1292.82,1292.82,1508.45,33.22,0.0,93.26,68.02,23.53,72.54,1326.04,1316.35,1742.27,-0.73,31.39
TKT-02027,Querétaro,La Comer,30,1659.94,1659.94,1959.95,38.11,39.0,44.9,28.45,49.73,54.94,1698.05,1748.67,2088.24,2.98,22.98
TKT-02028,Monterrey,Chedraui,17,1579.86,1579.86,2010.49,36.55,39.0,94.46,30.9,21.63,44.37,1616.41,1640.49,2180.22,1.49,34.88
TKT-02029,Mérida,Walmart,40,1388.97,1388.97,1733.86,27.35,0.0,67.43,76.43,45.23,78.51,1416.32,1434.2,1956.23,1.26,38.12
TKT-02030,Mérida,Bodega Aurrera,43,1286.82,1286.82,1542.76,36.05,39.0,44.84,29.42,28.11,42.0,1322.87,1353.93,1659.02,2.35,25.41
TKT-02031,Guadalajara,Bodega Aurrera,17,736.76,736.76,885.18,37.75,49.0,84.01,30.22,59.34,49.27,774.51,845.1,1048.68,9.11,35.4
TKT-02032,Puebla,Super Aki,18,494.18,494.18,569.68,51.02,39.0,36.26,62.77,45.49,47.81,545.2,578.67,716.52,6.14,31.42
TKT-02033,CDMX,Soriana,36,635.45,635.45,737.03,39.45,39.0,51.79,40.56,46.23,65.05,674.9,720.68,894.43,6.78,32.53
TKT-02034,CDMX,Soriana,18,1198.12,1198.12,1408.98,66.4,49.0,86.63,64.84,27.4,47.06,1264.52,1274.52,1607.51,0.79,27.12
TKT-02035,Mérida,La Comer,45,912.31,912.31,1161.59,61.82,49.0,92.25,72.29,32.07,62.14,974.13,993.38,1388.27,1.98,42.51
TKT-02036,CDMX,Chedraui,29,1061.01,1061.01,1319.12,57.13,0.0,44.29,30.28,54.43,75.78,1118.14,1115.44,1469.47,-0.24,31.42
TKT-02037,Mérida,Walmart,18,1067.55,1067.55,1355.34,43.05,49.0,71.0,67.0,48.08,55.69,1110.6,1164.63,1549.03,4.86,39.48
TKT-02038,Mérida,Chedraui,27,1395.78,1395.78,1810.83,43.67,49.0,49.73,31.24,43.14,67.83,1439.45,1487.92,1959.63,3.37,36.14
TKT-02039,CDMX,Bodega Aurrera,43,1543.0,1543.0,1793.48,30.85,0.0,52.24,52.61,35.0,53.18,1573.85,1578.0,1951.51,0.26,24.0
TKT-02040,Puebla,Bodega Aurrera,11,816.06,816.06,985.88,29.46,39.0,82.1,38.81,29.56,70.33,845.52,884.62,1177.12,4.62,39.22
TKT-02041,Guadalajara,Dunosusa,18,1676.16,1676.16,1998.25,42.0,0.0,66.65,37.78,36.86,70.31,1718.16,1713.02,2172.99,-0.3,26.47
TKT-02042,Monterrey,La Comer,19,1069.79,1069.79,1294.47,19.02,49.0,77.68,55.54,54.17,74.82,1088.81,1172.96,1502.51,7.73,38.0
TKT-02043,Mérida,Dunosusa,15,476.08,476.08,579.66,29.75,39.0,51.51,32.64,51.71,41.5,505.83,566.79,705.31,12.05,39.44
TKT-02044,Monterrey,Chedraui,42,1282.24,1282.24,1592.12,68.38,39.0,85.58,47.44,46.23,58.6,1350.62,1367.47,1783.74,1.25,32.07
TKT-02045,Monterrey,Soriana,22,1011.56,1011.56,1226.42,31.75,39.0,93.3,27.3,41.58,56.82,1043.31,1092.14,1403.84,4.68,34.56
TKT-02046,Querétaro,Dunosusa,18,1464.25,1464.25,1766.16,32.61,39.0,41.23,59.24,42.46,68.28,1496.86,1545.71,1934.91,3.26,29.26
TKT-02047,Guadalajara,Super Aki,16,1774.18,1774.18,2129.71,51.03,39.0,43.05,37.56,45.59,33.86,1825.21,1858.77,2244.18,1.84,22.95
TKT-02048,Puebla,La Comer,18,1187.54,1187.54,1482.57,51.25,0.0,55.01,79.12,24.51,50.92,1238.79,1212.05,1667.62,-2.16,34.62
TKT-02049,Puebla,Walmart,31,1376.35,1376.35,1753.46,41.67,49.0,58.1,43.89,39.17,57.51,1418.02,1464.52,1912.96,3.28,34.9
TKT-02050,Guadalajara,Super Aki,30,1238.03,1238.03,1424.31,19.88,0.0,58.7,34.6,48.36,40.62,1257.91,1286.39,1558.23,2.26,23.87
TKT-02051,Monterrey,Dunosusa,43,801.8,801.8,931.35,63.52,49.0,82.82,63.06,42.01,65.47,865.32,892.81,1142.7,3.18,32.06
TKT-02052,CDMX,Dunosusa,16,573.25,573.25,738.6,37.79,49.0,50.02,59.6,24.05,40.57,611.04,646.3,888.79,5.77,45.46
TKT-02053,Mérida,Bodega Aurrera,10,1303.5,1303.5,1510.95,25.78,49.0,73.93,73.77,53.71,71.95,1329.28,1406.21,1730.6,5.79,30.19
TKT-02054,Mérida,Walmart,29,1473.85,1473.85,1851.39,52.06,39.0,85.46,32.0,26.04,51.93,1525.91,1538.89,2020.78,0.85,32.43
TKT-02055,CDMX,Soriana,28,1156.58,1156.58,1387.64,22.43,49.0,54.18,55.53,53.86,76.65,1179.01,1259.44,1574.0,6.82,33.5
TKT-02056,Querétaro,Chedraui,41,1724.31,1724.31,2098.11,48.99,39.0,90.73,54.08,28.71,55.02,1773.3,1792.02,2297.94,1.06,29.59
TKT-02057,Guadalajara,Soriana,38,745.52,745.52,957.01,68.99,39.0,91.94,44.02,55.79,78.5,814.51,840.31,1171.47,3.17,43.83
TKT-02058,Puebla,Soriana,40,428.11,428.11,541.74,21.9,39.0,55.07,76.62,22.14,68.3,450.01,489.25,741.73,8.72,64.83
TKT-02059,Monterrey,Soriana,18,1554.87,1554.87,1874.37,41.89,49.0,39.74,54.17,45.47,56.77,1596.76,1649.34,2025.05,3.29,26.82
TKT-02060,Querétaro,Dunosusa,34,922.23,922.23,1126.06,31.23,39.0,62.54,72.47,34.28,66.15,953.46,995.51,1327.22,4.41,39.2
TKT-02061,Mérida,Super Aki,40,799.37,799.37,1026.26,15.57,39.0,52.38,37.5,42.19,63.74,814.94,880.56,1179.88,8.05,44.78
TKT-02062,Mérida,Dunosusa,30,1664.41,1664.41,2145.26,29.09,0.0,56.34,53.84,20.83,42.49,1693.5,1685.24,2297.93,-0.49,35.69
TKT-02063,Mérida,Bodega Aurrera,30,656.59,656.59,772.17,64.62,0.0,85.53,76.55,42.62,47.83,721.21,699.21,982.08,-3.05,36.17
TKT-02064,CDMX,Walmart,18,1215.52,1215.52,1534.74,28.04,0.0,45.66,56.78,33.1,68.71,1243.56,1248.62,1705.89,0.41,37.18
TKT-02065,CDMX,Bodega Aurrera,35,1567.86,1567.86,1835.97,43.3,0.0,93.1,35.07,57.6,42.33,1611.16,1625.46,2006.47,0.89,24.54
TKT-02066,CDMX,Super Aki,35,1270.49,1270.49,1584.74,46.1,0.0,73.12,52.36,55.21,64.5,1316.59,1325.7,1774.72,0.69,34.8
TKT-02067,Monterrey,Walmart,40,568.84,568.84,708.8,41.96,39.0,92.22,61.11,50.94,75.34,610.8,658.78,937.47,7.86,53.48
TKT-02068,Monterrey,La Comer,15,417.72,417.72,534.75,59.98,0.0,87.9,76.0,53.92,68.9,477.7,471.64,767.55,-1.27,60.68
TKT-02069,Mérida,Chedraui,24,1408.64,1408.64,1701.72,54.51,39.0,36.7,38.37,51.14,58.8,1463.15,1498.78,1835.59,2.44,25.45
TKT-02070,Querétaro,Soriana,32,1446.04,1446.04,1804.05,54.72,0.0,88.2,38.58,38.42,77.41,1500.76,1484.46,2008.24,-1.09,33.81
TKT-02071,Monterrey,Chedraui,36,1358.43,1358.43,1641.92,19.01,49.0,80.09,61.6,54.18,64.82,1377.44,1461.61,1848.43,6.11,34.19
TKT-02072,Monterrey,La Comer,12,1248.17,1248.17,1541.89,53.53,39.0,42.61,53.59,21.64,48.68,1301.7,1308.81,1686.77,0.55,29.58
TKT-02073,Puebla,Walmart,31,1710.26,1710.26,2045.33,32.78,39.0,78.34,78.73,39.89,66.18,1743.04,1789.15,2268.58,2.65,30.15
TKT-02074,Guadalajara,Chedraui,11,946.93,946.93,1187.11,28.46,39.0,46.07,39.12,35.34,33.28,975.39,1021.27,1305.58,4.7,33.85
TKT-02075,Querétaro,Dunosusa,45,831.59,831.59,1046.34,30.53,49.0,65.89,72.77,35.13,74.7,862.12,915.72,1259.7,6.22,46.12
TKT-02076,CDMX,Dunosusa,18,1609.75,1609.75,1853.24,22.6,0.0,64.82,43.82,34.74,62.13,1632.35,1644.49,2024.01,0.74,23.99
TKT-02077,CDMX,Dunosusa,39,498.38,498.38,622.21,46.73,0.0,49.07,72.19,32.28,72.05,545.11,530.66,815.52,-2.65,49.61
TKT-02078,Mérida,Super Aki,17,400.12,400.12,519.74,68.33,0.0,85.17,70.07,38.32,34.44,468.45,438.44,709.42,-6.41,51.44
TKT-02079,Mérida,Super Aki,44,750.11,750.11,950.45,19.87,49.0,72.02,63.09,37.53,58.18,769.98,836.64,1143.74,8.66,48.54
TKT-02080,Puebla,La Comer,19,1673.59,1673.59,2121.7,55.6,39.0,70.76,61.6,43.74,53.82,1729.19,1756.33,2307.88,1.57,33.47
TKT-02081,CDMX,Dunosusa,36,548.29,548.29,671.09,32.13,49.0,47.05,65.96,58.35,67.73,580.42,655.64,851.83,12.96,46.76
TKT-02082,Guadalajara,Dunosusa,45,1110.98,1110.98,1285.47,19.2,39.0,81.67,54.18,23.82,51.36,1130.18,1173.8,1472.68,3.86,30.3
TKT-02083,Querétaro,La Comer,36,933.11,933.11,1199.02,44.76,49.0,38.86,65.43,44.02,44.84,977.87,1026.13,1348.15,4.94,37.87
TKT-02084,Mérida,Bodega Aurrera,22,828.86,828.86,990.6,18.49,0.0,67.21,62.46,32.17,59.32,847.35,861.03,1179.59,1.61,39.21
TKT-02085,Guadalajara,Super Aki,26,1121.66,1121.66,1409.39,50.63,39.0,71.13,45.25,39.06,43.57,1172.29,1199.72,1569.34,2.34,33.87
TKT-02086,Mérida,Super Aki,28,890.14,890.14,1147.14,22.16,39.0,43.39,54.81,20.49,70.68,912.3,949.63,1316.02,4.09,44.25
TKT-02087,Puebla,Dunosusa,31,1546.62,1546.62,1955.72,55.14,49.0,86.3,53.14,31.45,49.11,1601.76,1627.07,2144.27,1.58,33.87
TKT-02088,CDMX,La Comer,33,1695.26,1695.26,2200.85,51.4,39.0,37.15,62.97,37.16,79.63,1746.66,1771.42,2380.6,1.42,36.29
TKT-02089,Mérida,Bodega Aurrera,20,1541.24,1541.24,1924.66,68.04,39.0,73.81,35.37,25.03,63.31,1609.28,1605.27,2097.15,-0.25,30.32
TKT-02090,Mérida,Walmart,22,488.08,488.08,598.9,45.83,0.0,57.59,64.83,31.57,68.83,533.91,519.65,790.15,-2.67,47.99
TKT-02091,Puebla,Super Aki,18,1050.79,1050.79,1307.2,27.75,0.0,48.29,74.47,32.45,76.18,1078.54,1083.24,1506.14,0.44,39.65
TKT-02092,Querétaro,Dunosusa,26,867.79,867.79,1079.3,58.05,39.0,51.01,67.35,32.34,55.74,925.84,939.13,1253.4,1.44,35.38
TKT-02093,Querétaro,Dunosusa,35,655.79,655.79,840.39,60.73,49.0,56.59,50.24,39.26,40.09,716.52,744.05,987.31,3.84,37.79
TKT-02094,Monterrey,Dunosusa,19,1006.56,1006.56,1289.36,68.6,39.0,39.09,77.2,35.22,75.69,1075.16,1080.78,1481.34,0.52,37.78
TKT-02095,Monterrey,Walmart,43,1772.13,1772.13,2204.83,68.59,0.0,53.4,46.63,57.5,72.54,1840.72,1829.63,2377.4,-0.6,29.16
TKT-02096,Monterrey,Soriana,43,541.74,541.74,648.08,65.67,49.0,49.04,44.57,54.05,39.76,607.41,644.79,781.45,6.15,28.65
TKT-02097,CDMX,Chedraui,37,1056.92,1056.92,1335.74,25.38,0.0,78.91,36.71,21.49,54.96,1082.3,1078.41,1506.32,-0.36,39.18
TKT-02098,Monterrey,Super Aki,45,1181.57,1181.57,1528.29,47.23,0.0,42.04,33.2,30.76,77.71,1228.8,1212.33,1681.24,-1.34,36.82
TKT-02099,Puebla,Soriana,11,1595.37,1595.37,1939.22,66.45,0.0,57.73,79.95,59.36,68.47,1661.82,1654.73,2145.37,-0.43,29.1
TKT-02100,Querétaro,La Comer,34,936.83,936.83,1129.68,39.79,0.0,69.54,48.9,21.75,52.79,976.62,958.58,1300.91,-1.85,33.21
TKT-02101,Querétaro,Bodega Aurrera,22,654.9,654.9,781.92,40.06,49.0,54.55,61.82,31.42,61.08,694.96,735.32,959.37,5.81,38.05
TKT-02102,CDMX,Chedraui,32,481.78,481.78,610.22,39.26,39.0,78.53,27.25,37.48,55.85,521.04,558.26,771.85,7.14,48.14
TKT-02103,Querétaro,La Comer,34,1176.32,1176.32,1454.49,52.13,39.0,38.82,50.8,35.62,76.12,1228.45,1250.94,1620.23,1.83,31.89
TKT-02104,Puebla,Walmart,33,520.21,520.21,619.1,54.84,0.0,91.67,58.22,52.61,68.97,575.05,572.82,837.96,-0.39,45.72
TKT-02105,CDMX,Bodega Aurrera,22,1037.83,1037.83,1247.2,32.88,49.0,52.15,46.22,45.35,61.53,1070.71,1132.18,1407.1,5.74,31.42
TKT-02106,Puebla,Chedraui,34,447.57,447.57,526.49,43.63,0.0,49.8,59.4,20.55,43.83,491.2,468.12,679.52,-4.7,38.34
TKT-02107,Querétaro,Walmart,43,1104.97,1104.97,1410.51,47.55,49.0,58.84,69.17,50.88,46.21,1152.52,1204.85,1584.73,4.54,37.5
TKT-02108,Monterrey,Soriana,31,902.77,902.77,1132.39,69.19,0.0,54.06,34.4,27.15,33.8,971.96,929.92,1254.65,-4.33,29.08
TKT-02109,Guadalajara,Soriana,20,775.21,775.21,917.74,48.85,0.0,91.37,39.16,45.64,68.83,824.06,820.85,1117.1,-0.39,35.56
TKT-02110,Monterrey,Bodega Aurrera,21,671.23,671.23,840.43,54.79,0.0,51.56,29.84,30.66,69.3,726.02,701.89,991.13,-3.32,36.52
TKT-02111,CDMX,Soriana,14,617.9,617.9,766.64,21.33,0.0,37.82,35.07,27.5,40.74,639.23,645.4,880.27,0.97,37.71
TKT-02112,Mérida,Walmart,26,606.24,606.24,706.58,48.38,0.0,39.21,60.84,27.48,75.49,654.62,633.72,882.12,-3.19,34.75
TKT-02113,Guadalajara,Soriana,42,1771.99,1771.99,2196.18,55.41,0.0,67.82,27.76,50.03,47.92,1827.4,1822.02,2339.68,-0.29,28.03
TKT-02114,Puebla,Soriana,45,558.64,558.64,704.16,30.32,39.0,87.48,66.24,44.05,52.2,588.96,641.69,910.08,8.95,54.52
TKT-02115,Mérida,Bodega Aurrera,39,1411.72,1411.72,1638.31,29.27,0.0,84.61,38.64,20.81,32.16,1440.99,1432.53,1793.72,-0.59,24.48
TKT-02116,Mérida,Chedraui,14,1357.79,1357.79,1692.57,27.48,0.0,88.25,61.05,29.17,33.27,1385.27,1386.96,1875.14,0.12,35.36
TKT-02117,Monterrey,Soriana,28,1046.36,1046.36,1294.98,19.42,0.0,62.05,32.34,55.8,49.68,1065.78,1102.16,1439.05,3.41,35.02
TKT-02118,Monterrey,Bodega Aurrera,41,1398.91,1398.91,1774.81,33.7,0.0,62.82,38.29,21.32,41.54,1432.61,1420.23,1917.46,-0.86,33.84
TKT-02119,Mérida,Super Aki,19,1258.93,1258.93,1481.04,36.23,0.0,83.71,57.93,49.3,33.18,1295.16,1308.23,1655.86,1.01,27.85
TKT-02120,Monterrey,Chedraui,41,1700.41,1700.41,1994.4,62.06,0.0,93.1,30.36,52.69,39.19,1762.47,1753.1,2157.05,-0.53,22.39
TKT-02121,Querétaro,Super Aki,29,1375.21,1375.21,1644.31,22.95,49.0,69.94,63.57,24.11,57.27,1398.16,1448.32,1835.09,3.59,31.25
TKT-02122,Guadalajara,Walmart,32,1367.01,1367.01,1743.33,39.91,39.0,65.09,74.37,36.36,45.41,1406.92,1442.37,1928.2,2.52,37.05
TKT-02123,Querétaro,Soriana,17,471.84,471.84,554.34,60.21,39.0,78.12,46.93,44.46,67.13,532.05,555.3,746.52,4.37,40.31
TKT-02124,CDMX,Bodega Aurrera,25,1271.53,1271.53,1541.05,58.8,49.0,57.43,66.25,25.63,47.45,1330.33,1346.16,1712.18,1.19,28.7
TKT-02125,Guadalajara,Chedraui,30,1354.35,1354.35,1671.95,26.34,0.0,35.03,64.33,29.91,66.39,1380.69,1384.26,1837.7,0.26,33.1
TKT-02126,Monterrey,Bodega Aurrera,24,519.77,519.77,608.53,55.81,49.0,81.04,59.52,54.37,61.22,575.58,623.14,810.31,8.26,40.78
TKT-02127,Guadalajara,Chedraui,11,1039.25,1039.25,1224.19,15.77,49.0,79.12,42.01,47.84,77.36,1055.02,1136.09,1422.68,7.68,34.85
TKT-02128,Querétaro,Walmart,42,1283.3,1283.3,1477.76,18.78,49.0,84.73,74.12,31.78,34.0,1302.08,1364.08,1670.61,4.76,28.3
TKT-02129,Mérida,Walmart,24,835.42,835.42,984.33,52.6,49.0,67.11,28.9,53.51,67.66,888.02,937.93,1148.0,5.62,29.28
TKT-02130,CDMX,Super Aki,16,615.65,615.65,711.98,54.6,39.0,70.75,55.14,56.86,66.43,670.25,711.51,904.3,6.16,34.92
TKT-02131,Guadalajara,Soriana,20,1263.57,1263.57,1585.41,31.41,39.0,75.75,67.66,39.03,44.52,1294.98,1341.6,1773.34,3.6,36.94
TKT-02132,CDMX,Chedraui,15,621.54,621.54,730.35,35.11,0.0,66.7,62.01,52.82,80.0,656.65,674.36,939.06,2.7,43.01
TKT-02133,CDMX,Super Aki,14,441.89,441.89,523.04,29.05,0.0,60.49,57.22,47.06,63.84,470.94,488.95,704.59,3.82,49.61
TKT-02134,Mérida,La Comer,29,502.17,502.17,589.01,38.01,0.0,39.04,61.59,54.93,39.65,540.18,557.1,729.29,3.13,35.01
TKT-02135,Monterrey,Walmart,17,1057.64,1057.64,1259.24,30.23,39.0,59.59,62.2,24.95,71.23,1087.87,1121.59,1452.26,3.1,33.5
TKT-02136,Monterrey,Soriana,22,1436.87,1436.87,1779.36,36.37,0.0,43.91,58.1,31.96,65.3,1473.24,1468.83,1946.67,-0.3,32.14
TKT-02137,Mérida,Super Aki,38,1704.67,1704.67,1965.9,19.19,49.0,92.04,70.87,26.6,64.3,1723.86,1780.27,2193.11,3.27,27.22
TKT-02138,Querétaro,Super Aki,13,830.59,830.59,996.9,53.04,49.0,91.08,58.03,51.36,75.89,883.63,930.95,1221.9,5.36,38.28
TKT-02139,Monterrey,La Comer,38,936.24,936.24,1208.07,37.11,0.0,70.23,47.94,36.85,32.67,973.35,973.09,1358.91,-0.03,39.61
TKT-02140,Puebla,Walmart,18,901.24,901.24,1156.9,38.96,0.0,45.92,61.51,48.48,68.79,940.2,949.72,1333.12,1.01,41.79
TKT-02141,Querétaro,Chedraui,30,915.74,915.74,1082.99,49.14,39.0,51.33,27.43,48.51,65.78,964.88,1003.25,1227.53,3.98,27.22
TKT-02142,Querétaro,Super Aki,39,981.69,981.69,1202.18,65.57,39.0,74.59,52.09,27.5,63.25,1047.26,1048.19,1392.11,0.09,32.93
TKT-02143,Querétaro,La Comer,39,937.34,937.34,1124.26,67.57,0.0,61.87,37.34,47.87,79.55,1004.91,985.21,1303.02,-1.96,29.67
TKT-02144,Guadalajara,La Comer,25,690.63,690.63,894.05,46.21,49.0,81.87,76.7,50.11,74.06,736.84,789.74,1126.68,7.18,52.91
TKT-02145,Guadalajara,Walmart,15,1077.29,1077.29,1333.95,18.67,0.0,67.44,31.83,45.13,69.36,1095.96,1122.42,1502.58,2.41,37.1
TKT-02146,Querétaro,Walmart,10,1735.15,1735.15,2218.39,31.09,0.0,80.44,42.82,48.17,37.4,1766.24,1783.32,2379.05,0.97,34.7
TKT-02147,Mérida,Bodega Aurrera,20,1171.6,1171.6,1485.62,20.5,0.0,49.99,47.19,49.31,35.78,1192.1,1220.91,1618.58,2.42,35.78
TKT-02148,Mérida,Dunosusa,20,1794.52,1794.52,2169.05,15.38,49.0,67.15,30.04,49.93,43.25,1809.9,1893.45,2309.49,4.62,27.6
TKT-02149,CDMX,Bodega Aurrera,34,1737.6,1737.6,2212.9,50.16,0.0,69.45,38.49,46.56,51.23,1787.76,1784.16,2372.07,-0.2,32.68
TKT-02150,Monterrey,Chedraui,37,1044.62,1044.62,1311.38,51.03,0.0,55.03,50.08,29.96,76.78,1095.65,1074.58,1493.27,-1.92,36.29
TKT-02151,Guadalajara,Bodega Aurrera,25,423.78,423.78,503.42,66.12,39.0,72.9,40.65,48.96,75.64,489.9,511.74,692.61,4.46,41.38
TKT-02152,Monterrey,Walmart,45,1582.53,1582.53,1879.42,41.16,0.0,43.15,31.7,23.03,79.01,1623.69,1605.56,2033.28,-1.12,25.23
TKT-02153,Monterrey,Bodega Aurrera,28,481.65,481.65,569.27,68.09,0.0,71.25,43.1,52.56,45.38,549.74,534.21,729.0,-2.82,32.61
TKT-02154,CDMX,Dunosusa,11,1194.21,1194.21,1392.14,40.55,0.0,63.03,77.12,37.4,72.61,1234.76,1231.61,1604.9,-0.26,29.98
TKT-02155,Guadalajara,Chedraui,26,1674.61,1674.61,1999.81,24.42,39.0,90.24,38.64,32.18,78.07,1699.03,1745.79,2206.76,2.75,29.88
TKT-02156,Mérida,Bodega Aurrera,15,417.74,417.74,499.34,38.75,0.0,79.25,45.6,42.0,49.02,456.49,459.74,673.21,0.71,47.48
TKT-02157,Mérida,La Comer,26,1615.61,1615.61,1960.39,65.82,49.0,73.0,35.22,20.52,75.95,1681.43,1685.13,2144.56,0.22,27.54
TKT-02158,Querétaro,Walmart,40,1527.23,1527.23,1771.04,30.17,39.0,66.38,50.96,48.71,39.89,1557.4,1614.94,1928.27,3.69,23.81
TKT-02159,Monterrey,Bodega Aurrera,38,563.44,563.44,727.44,39.32,49.0,52.44,46.5,36.47,49.98,602.76,648.91,876.36,7.66,45.39
TKT-02160,Querétaro,La Comer,34,1552.69,1552.69,1862.61,55.83,49.0,56.58,64.34,40.97,50.68,1608.52,1642.66,2034.21,2.12,26.46
TKT-02161,Querétaro,Soriana,29,1742.49,1742.49,2142.25,15.63,39.0,46.45,64.2,26.43,42.13,1758.12,1807.92,2295.03,2.83,30.54
TKT-02162,Guadalajara,Bodega Aurrera,36,1248.47,1248.47,1469.59,67.75,49.0,44.67,74.73,33.3,49.61,1316.22,1330.77,1638.6,1.11,24.49
TKT-02163,CDMX,Soriana,34,1587.83,1587.83,1997.22,16.02,49.0,82.87,32.82,31.46,72.97,1603.85,1668.29,2185.88,4.02,36.29
TKT-02164,Querétaro,La Comer,15,1616.7,1616.7,1905.98,34.68,0.0,68.19,76.21,48.25,74.55,1651.38,1664.95,2124.93,0.82,28.68
TKT-02165,Guadalajara,Soriana,32,1759.19,1759.19,2089.59,26.49,0.0,38.03,36.36,33.92,68.27,1785.68,1793.11,2232.25,0.42,25.01
TKT-02166,Guadalajara,Soriana,30,1765.12,1765.12,2251.34,52.44,39.0,93.21,68.49,26.34,34.15,1817.56,1830.46,2447.19,0.71,34.64
TKT-02167,Mérida,Chedraui,23,1576.36,1576.36,1912.79,57.23,0.0,61.87,53.62,57.9,60.83,1633.59,1634.26,2089.11,0.04,27.88
TKT-02168,Mérida,La Comer,25,724.85,724.85,909.91,39.55,49.0,45.68,42.4,52.43,70.55,764.4,826.28,1068.54,8.1,39.79
TKT-02169,Monterrey,Dunosusa,38,872.49,872.49,1114.07,18.49,0.0,88.53,71.04,37.17,70.43,890.98,909.66,1344.07,2.1,50.85
TKT-02170,Guadalajara,Chedraui,24,807.65,807.65,1046.22,25.73,49.0,51.8,53.44,47.8,62.31,833.38,904.45,1213.77,8.53,45.64
TKT-02171,Querétaro,La Comer,10,650.55,650.55,799.56,28.96,0.0,74.47,37.34,42.92,49.51,679.51,693.47,960.88,2.05,41.41
TKT-02172,CDMX,Bodega Aurrera,24,1314.84,1314.84,1546.34,53.88,49.0,80.88,79.02,26.29,57.95,1368.72,1390.13,1764.19,1.56,28.89
TKT-02173,Puebla,Chedraui,18,1167.23,1167.23,1502.62,38.1,49.0,40.49,35.71,40.61,43.52,1205.33,1256.84,1622.34,4.27,34.6
TKT-02174,Guadalajara,Chedraui,44,450.14,450.14,564.38,26.52,49.0,46.79,32.1,34.65,62.53,476.66,533.79,705.8,11.99,48.07
TKT-02175,CDMX,Bodega Aurrera,21,650.37,650.37,816.85,68.74,0.0,73.01,78.38,40.74,41.99,719.11,691.11,1010.23,-3.89,40.48
TKT-02176,Puebla,Soriana,26,1657.8,1657.8,2028.1,57.88,49.0,68.38,65.27,51.07,54.22,1715.68,1757.87,2215.97,2.46,29.16
TKT-02177,Puebla,La Comer,31,793.88,793.88,923.97,16.3,0.0,64.66,79.8,32.67,63.44,810.18,826.55,1131.87,2.02,39.71
TKT-02178,Mérida,Walmart,10,1656.96,1656.96,1972.12,61.26,49.0,58.39,74.37,28.53,78.67,1718.22,1734.49,2183.55,0.95,27.08
TKT-02179,Querétaro,Chedraui,15,759.04,759.04,980.2,38.43,49.0,83.49,29.96,35.78,49.56,797.47,843.82,1143.21,5.81,43.35
TKT-02180,Mérida,Walmart,44,1455.7,1455.7,1878.89,39.09,0.0,78.89,29.08,39.09,44.35,1494.79,1494.79,2031.21,0.0,35.89
TKT-02181,Querétaro,Dunosusa,10,1167.73,1167.73,1407.49,18.44,0.0,42.75,54.46,42.16,66.37,1186.17,1209.89,1571.07,2.0,32.45
TKT-02182,Querétaro,Soriana,36,1260.36,1260.36,1581.67,16.62,49.0,36.14,61.82,47.49,30.04,1276.98,1356.85,1709.67,6.25,33.88
TKT-02183,Puebla,Dunosusa,32,1345.59,1345.59,1554.79,50.72,39.0,36.08,37.37,59.63,62.16,1396.31,1444.22,1690.4,3.43,21.06
TKT-02184,Querétaro,Walmart,28,1686.83,1686.83,2167.15,43.67,39.0,48.49,78.23,45.61,56.95,1730.5,1771.44,2350.82,2.37,35.85
TKT-02185,Puebla,Super Aki,28,771.63,771.63,908.03,34.02,49.0,42.62,68.84,37.08,47.87,805.65,857.71,1067.36,6.46,32.48
TKT-02186,Guadalajara,La Comer,40,435.69,435.69,513.25,15.05,0.0,87.3,68.61,43.3,51.96,450.74,478.99,721.12,6.27,59.99
TKT-02187,Monterrey,Chedraui,37,469.64,469.64,568.26,19.84,49.0,94.82,37.96,42.2,54.69,489.48,560.84,755.73,14.58,54.39
TKT-02188,Puebla,Soriana,38,493.94,493.94,630.83,51.37,39.0,87.07,56.06,25.12,36.27,545.31,558.06,810.23,2.34,48.58
TKT-02189,Puebla,Super Aki,15,1551.26,1551.26,1969.24,16.92,0.0,91.27,69.57,59.33,57.39,1568.18,1610.59,2187.47,2.7,39.49
TKT-02190,Mérida,Dunosusa,38,1433.17,1433.17,1748.68,32.69,0.0,60.53,50.64,42.31,56.4,1465.86,1475.48,1916.25,0.66,30.73
TKT-02191,CDMX,Dunosusa,33,439.32,439.32,565.89,25.05,39.0,41.17,56.12,46.5,33.87,464.37,524.82,697.05,13.02,50.11
TKT-02192,Mérida,Soriana,23,1011.07,1011.07,1287.1,42.56,49.0,62.92,71.92,28.2,70.58,1053.63,1088.27,1492.52,3.29,41.66
TKT-02193,Guadalajara,Bodega Aurrera,26,980.9,980.9,1269.09,18.96,0.0,92.84,40.51,52.25,65.03,999.86,1033.15,1467.47,3.33,46.77
TKT-02194,Monterrey,La Comer,20,1587.56,1587.56,1844.33,47.99,39.0,93.74,77.18,40.45,31.13,1635.55,1667.01,2046.38,1.92,25.12
TKT-02195,Guadalajara,Soriana,23,1583.91,1583.91,1919.21,58.44,39.0,40.77,77.71,52.39,59.97,1642.35,1675.3,2097.66,2.01,27.72
TKT-02196,CDMX,Soriana,11,1592.22,1592.22,1973.3,43.06,0.0,49.43,32.22,32.16,66.23,1635.28,1624.38,2121.18,-0.67,29.71
TKT-02197,Guadalajara,La Comer,14,1245.3,1245.3,1594.64,26.14,0.0,39.99,46.17,40.6,59.53,1271.44,1285.9,1740.33,1.14,36.88
TKT-02198,Querétaro,Soriana,15,798.52,798.52,952.46,34.0,49.0,73.24,25.36,34.28,61.29,832.52,881.8,1112.35,5.92,33.61
TKT-02199,Monterrey,Chedraui,30,767.96,767.96,960.04,42.78,0.0,90.74,59.9,52.03,77.23,810.74,819.99,1187.91,1.14,46.52
TKT-02200,CDMX,Bodega Aurrera,39,683.47,683.47,823.23,39.57,39.0,87.22,72.97,58.19,73.77,723.04,780.66,1057.19,7.97,46.21
TKT-02201,Mérida,La Comer,42,1355.79,1355.79,1600.09,57.49,49.0,57.29,52.64,43.31,32.09,1413.28,1448.1,1742.11,2.46,23.27
TKT-02202,Querétaro,Super Aki,14,1576.6,1576.6,1875.14,69.67,39.0,39.24,27.28,45.67,67.73,1646.27,1661.27,2009.39,0.91,22.06
TKT-02203,Querétaro,Super Aki,18,1501.29,1501.29,1769.63,56.73,0.0,89.03,56.91,40.05,73.79,1558.02,1541.34,1989.36,-1.07,27.69
TKT-02204,Guadalajara,Bodega Aurrera,35,567.11,567.11,695.28,59.41,39.0,54.91,66.17,58.08,57.3,626.52,664.19,873.66,6.01,39.45
TKT-02205,Puebla,Super Aki,40,666.84,666.84,839.54,40.86,49.0,67.9,54.4,46.88,55.05,707.7,762.72,1016.89,7.77,43.69
TKT-02206,Puebla,Dunosusa,23,1394.3,1394.3,1785.78,49.47,0.0,89.4,29.21,38.6,65.2,1443.77,1432.9,1969.59,-0.75,36.42
TKT-02207,Monterrey,Soriana,18,824.11,824.11,957.18,39.59,39.0,69.97,51.53,29.89,77.35,863.7,893.0,1156.03,3.39,33.85
TKT-02208,Puebla,Soriana,32,1229.4,1229.4,1574.82,69.29,0.0,47.63,47.18,34.74,46.72,1298.69,1264.14,1716.35,-2.66,32.16
TKT-02209,Monterrey,Walmart,24,511.76,511.76,595.53,42.53,49.0,73.6,63.63,57.39,66.33,554.29,618.15,799.09,11.52,44.16
TKT-02210,Mérida,Super Aki,14,799.53,799.53,948.31,41.88,39.0,94.11,26.51,57.99,33.89,841.41,896.52,1102.82,6.55,31.07
TKT-02211,Monterrey,Soriana,36,1222.56,1222.56,1518.0,19.46,39.0,51.07,25.78,51.46,77.78,1242.02,1313.02,1672.63,5.72,34.67
TKT-02212,Monterrey,Soriana,21,1212.81,1212.81,1457.76,66.9,39.0,84.44,66.67,30.05,54.36,1279.71,1281.86,1663.23,0.17,29.97
TKT-02213,Monterrey,Chedraui,10,720.99,720.99,881.69,28.88,49.0,48.4,45.6,50.4,54.35,749.87,820.39,1030.04,9.4,37.36
TKT-02214,Querétaro,Walmart,26,1393.79,1393.79,1753.12,60.86,0.0,68.64,76.74,44.43,68.73,1454.65,1438.22,1967.23,-1.13,35.24
TKT-02215,Guadalajara,Dunosusa,45,415.19,415.19,505.46,19.58,49.0,58.02,34.71,50.48,34.29,434.77,514.67,632.48,18.38,45.47
TKT-02216,CDMX,La Comer,12,1357.53,1357.53,1587.57,23.04,0.0,51.72,65.37,57.73,58.33,1380.57,1415.26,1762.99,2.51,27.7
TKT-02217,Querétaro,Super Aki,11,484.91,484.91,601.67,65.85,49.0,42.1,47.54,32.5,77.58,550.76,566.41,768.89,2.84,39.61
TKT-02218,Mérida,Bodega Aurrera,30,1318.27,1318.27,1581.14,46.5,0.0,42.62,73.44,42.83,73.72,1364.77,1361.1,1770.92,-0.27,29.76
TKT-02219,Mérida,Soriana,26,769.23,769.23,962.42,34.77,49.0,45.93,39.06,45.0,44.56,804.0,863.23,1091.97,7.37,35.82
TKT-02220,Puebla,Super Aki,38,964.25,964.25,1126.73,34.75,0.0,49.58,42.57,44.4,30.56,999.0,1008.65,1249.44,0.97,25.07
TKT-02221,Puebla,Walmart,42,936.57,936.57,1166.51,15.52,39.0,94.1,69.91,47.64,49.16,952.09,1023.21,1379.68,7.47,44.91
TKT-02222,Monterrey,Dunosusa,43,1526.11,1526.11,1910.85,28.11,49.0,58.67,26.94,22.12,69.02,1554.22,1597.23,2065.48,2.77,32.89
TKT-02223,Puebla,La Comer,37,947.32,947.32,1214.75,26.66,39.0,61.23,34.78,27.6,79.92,973.98,1013.92,1390.68,4.1,42.78
TKT-02224,Guadalajara,Dunosusa,12,529.43,529.43,647.36,22.75,0.0,43.4,73.94,22.33,44.15,552.18,551.76,808.85,-0.08,46.48
TKT-02225,Querétaro,Super Aki,23,1728.58,1728.58,2036.21,33.45,0.0,70.28,54.67,25.37,58.35,1762.03,1753.95,2219.51,-0.46,25.96
TKT-02226,Mérida,Soriana,38,1252.75,1252.75,1515.11,37.99,49.0,71.17,69.49,40.3,49.42,1290.74,1342.05,1705.19,3.98,32.11
TKT-02227,Guadalajara,Walmart,12,1371.18,1371.18,1698.93,35.63,0.0,91.7,47.16,45.93,31.15,1406.81,1417.11,1868.94,0.73,32.85
TKT-02228,Monterrey,Chedraui,42,706.63,706.63,831.26,47.42,0.0,51.77,61.42,59.77,51.46,754.05,766.4,995.91,1.64,32.07
TKT-02229,Puebla,La Comer,28,659.13,659.13,813.25,27.43,49.0,39.64,29.42,26.87,74.37,686.56,735.0,956.68,7.06,39.34
TKT-02230,Mérida,Super Aki,20,595.85,595.85,736.86,22.68,49.0,94.78,76.47,22.07,57.28,618.53,666.92,965.39,7.82,56.08
TKT-02231,Guadalajara,Dunosusa,44,766.32,766.32,913.5,34.73,39.0,35.45,43.23,42.79,61.77,801.05,848.11,1053.95,5.87,31.57
TKT-02232,Mérida,Chedraui,25,1715.47,1715.47,2228.31,40.03,0.0,69.8,53.31,55.58,37.27,1755.5,1771.05,2388.69,0.89,36.07
TKT-02233,CDMX,La Comer,26,1343.7,1343.7,1736.25,16.84,39.0,76.68,35.88,56.54,68.2,1360.54,1439.24,1917.01,5.78,40.9
TKT-02234,Puebla,Chedraui,45,1339.74,1339.74,1702.27,30.23,0.0,48.95,53.1,59.94,64.97,1369.97,1399.68,1869.29,2.17,36.45
TKT-02235,Querétaro,Soriana,13,628.89,628.89,735.38,41.27,49.0,40.53,79.44,37.36,58.1,670.16,715.25,913.45,6.73,36.3
TKT-02236,Guadalajara,Bodega Aurrera,36,1772.38,1772.38,2077.09,46.89,0.0,82.72,67.33,56.88,74.32,1819.27,1829.26,2301.46,0.55,26.5
TKT-02237,Monterrey,Soriana,21,1541.02,1541.02,1877.63,54.6,0.0,55.46,73.8,50.77,63.37,1595.62,1591.79,2070.26,-0.24,29.75
TKT-02238,Mérida,La Comer,44,1017.28,1017.28,1308.09,16.82,49.0,38.24,47.23,27.15,47.14,1034.1,1093.43,1440.7,5.74,39.32
TKT-02239,Mérida,Chedraui,12,887.52,887.52,1084.92,20.3,39.0,41.87,59.24,50.06,48.16,907.82,976.58,1234.19,7.57,35.95
TKT-02240,Monterrey,Dunosusa,36,1342.89,1342.89,1691.36,56.72,39.0,49.1,62.4,53.11,46.17,1399.61,1435.0,1849.03,2.53,32.11
TKT-02241,Mérida,Soriana,25,832.14,832.14,1017.47,32.63,49.0,37.39,77.97,20.31,42.99,864.77,901.45,1175.82,4.24,35.97
TKT-02242,Querétaro,Walmart,33,1448.36,1448.36,1877.96,29.37,49.0,70.27,27.95,37.44,59.99,1477.73,1534.8,2036.17,3.86,37.79
TKT-02243,Monterrey,Super Aki,16,1234.74,1234.74,1581.73,44.9,0.0,70.11,26.07,40.99,60.92,1279.64,1275.73,1738.83,-0.31,35.88
TKT-02244,Mérida,Super Aki,41,677.32,677.32,786.94,19.52,49.0,76.01,35.75,38.22,68.08,696.84,764.54,966.78,9.72,38.74
TKT-02245,CDMX,Super Aki,22,817.38,817.38,968.22,33.23,49.0,46.87,73.58,46.86,65.24,850.61,913.24,1153.91,7.36,35.66
TKT-02246,Monterrey,Super Aki,25,1689.68,1689.68,2096.06,53.6,49.0,78.32,35.97,49.46,55.86,1743.28,1788.14,2266.21,2.57,30.0
TKT-02247,Mérida,Walmart,22,458.86,458.86,589.68,19.66,0.0,67.86,69.42,54.11,59.11,478.52,512.97,786.07,7.2,64.27
TKT-02248,Puebla,Super Aki,20,925.86,925.86,1131.77,16.08,49.0,50.73,55.4,56.34,35.01,941.94,1031.2,1272.91,9.48,35.14
TKT-02249,Guadalajara,Super Aki,35,1549.31,1549.31,1894.91,20.81,49.0,73.47,74.51,45.95,61.75,1570.12,1644.26,2104.64,4.72,34.04
TKT-02250,Querétaro,Soriana,36,1709.34,1709.34,2034.59,41.74,49.0,80.68,43.16,27.88,47.0,1751.08,1786.22,2205.43,2.01,25.95
TKT-02251,Guadalajara,Soriana,13,1388.43,1388.43,1656.43,28.84,0.0,56.43,63.07,41.43,31.9,1417.27,1429.86,1807.83,0.89,27.56
TKT-02252,Puebla,Dunosusa,43,829.92,829.92,1013.38,25.22,39.0,85.43,66.97,37.39,39.31,855.14,906.31,1205.09,5.98,40.92
TKT-02253,Querétaro,Chedraui,27,748.46,748.46,905.04,65.4,39.0,83.91,62.16,26.85,52.29,813.86,814.31,1103.4,0.06,35.58
TKT-02254,Querétaro,La Comer,13,629.9,629.9,792.05,23.08,39.0,35.22,59.29,35.97,42.37,652.98,704.87,928.93,7.95,42.26
TKT-02255,CDMX,La Comer,10,732.08,732.08,905.71,69.78,0.0,90.97,36.2,36.08,36.14,801.86,768.16,1069.02,-4.2,33.32
TKT-02256,Monterrey,Bodega Aurrera,41,1212.1,1212.1,1494.89,30.31,39.0,48.27,76.58,30.0,45.45,1242.41,1281.1,1665.19,3.11,34.03
TKT-02257,Mérida,Super Aki,16,1241.73,1241.73,1581.56,27.43,49.0,90.83,78.42,44.46,40.97,1269.16,1335.19,1791.78,5.2,41.18
TKT-02258,Guadalajara,Dunosusa,30,1776.18,1776.18,2133.33,23.1,39.0,38.3,54.98,26.89,30.2,1799.28,1842.07,2256.81,2.38,25.43
TKT-02259,CDMX,La Comer,33,1713.18,1713.18,2178.14,21.45,39.0,71.48,74.05,34.48,50.2,1734.63,1786.66,2373.87,3.0,36.85
TKT-02260,Guadalajara,Soriana,15,1088.4,1088.4,1397.69,37.64,0.0,70.63,45.69,42.93,31.66,1126.04,1131.33,1545.67,0.47,37.27
TKT-02261,Puebla,Soriana,32,1782.1,1782.1,2294.84,67.33,49.0,39.6,51.19,58.9,31.08,1849.43,1890.0,2416.71,2.19,30.67
TKT-02262,CDMX,Super Aki,37,1481.79,1481.79,1844.61,24.24,0.0,68.54,71.84,33.49,77.17,1506.03,1515.28,2062.16,0.61,36.93
TKT-02263,Guadalajara,Bodega Aurrera,37,1358.25,1358.25,1672.63,32.96,39.0,81.24,61.01,27.7,46.14,1391.21,1424.95,1861.02,2.43,33.77
TKT-02264,Puebla,Bodega Aurrera,20,1185.41,1185.41,1487.79,25.06,49.0,52.98,66.05,40.09,57.93,1210.47,1274.5,1664.75,5.29,37.53
TKT-02265,CDMX,Chedraui,38,1768.35,1768.35,2086.44,33.53,0.0,35.78,51.86,33.64,45.05,1801.88,1801.99,2219.13,0.01,23.16
TKT-02266,Querétaro,Chedraui,14,1485.28,1485.28,1733.9,60.87,49.0,85.13,69.82,45.71,66.28,1546.15,1579.99,1955.13,2.19,26.45
TKT-02267,Monterrey,La Comer,43,1302.06,1302.06,1595.99,40.78,49.0,76.98,67.77,43.29,80.0,1342.84,1394.35,1820.74,3.84,35.59
TKT-02268,Guadalajara,Dunosusa,24,1308.68,1308.68,1628.08,27.16,39.0,90.83,71.94,33.32,39.58,1335.84,1381.0,1830.43,3.38,37.02
TKT-02269,CDMX,Super Aki,33,1431.02,1431.02,1704.68,31.83,39.0,41.45,27.62,55.22,77.54,1462.85,1525.24,1851.29,4.26,26.55
TKT-02270,Puebla,Soriana,44,941.65,941.65,1131.18,43.46,39.0,81.46,68.2,25.54,74.21,985.11,1006.19,1355.05,2.14,37.55
TKT-02271,Puebla,Chedraui,31,523.28,523.28,676.21,65.97,0.0,45.18,30.5,59.35,42.63,589.25,582.63,794.52,-1.12,34.84
TKT-02272,Guadalajara,La Comer,10,801.62,801.62,1005.24,66.1,49.0,81.97,34.37,30.38,48.25,867.72,881.0,1169.83,1.53,34.82
TKT-02273,Querétaro,Chedraui,32,1223.91,1223.91,1547.04,53.1,39.0,72.94,28.05,26.18,41.5,1277.01,1289.09,1689.53,0.95,32.3
TKT-02274,Mérida,Dunosusa,38,723.61,723.61,898.23,65.36,49.0,36.57,72.8,38.11,53.97,788.97,810.72,1061.57,2.76,34.55
TKT-02275,Querétaro,Soriana,35,593.98,593.98,738.85,44.32,49.0,65.89,59.4,41.35,64.62,638.3,684.33,928.76,7.21,45.51
TKT-02276,CDMX,Super Aki,39,1758.92,1758.92,2085.06,68.21,0.0,65.04,42.66,31.35,51.93,1827.13,1790.27,2244.69,-2.02,22.85
TKT-02277,Querétaro,Walmart,37,1100.63,1100.63,1356.0,24.9,49.0,49.12,70.23,45.09,50.11,1125.53,1194.72,1525.46,6.15,35.53
TKT-02278,Puebla,Super Aki,45,770.51,770.51,934.89,15.43,49.0,44.08,71.07,57.08,49.43,785.94,876.59,1099.47,11.53,39.89
TKT-02279,Monterrey,Soriana,16,1637.26,1637.26,2001.42,40.2,49.0,89.62,33.98,32.14,63.05,1677.46,1718.4,2188.07,2.44,30.44
TKT-02280,Puebla,Soriana,32,677.27,677.27,843.89,67.33,49.0,39.34,36.85,39.84,55.28,744.6,766.11,975.36,2.89,30.99
TKT-02281,Guadalajara,Dunosusa,20,1173.66,1173.66,1365.98,28.84,49.0,82.51,39.55,53.38,71.73,1202.5,1276.04,1559.77,6.12,29.71
TKT-02282,CDMX,Chedraui,10,1091.62,1091.62,1295.21,53.87,49.0,81.79,79.43,41.79,57.56,1145.49,1182.41,1513.99,3.22,32.17
TKT-02283,Querétaro,Dunosusa,11,1232.38,1232.38,1563.74,26.5,39.0,66.56,66.7,38.64,39.88,1258.88,1310.02,1736.88,4.06,37.97
TKT-02284,Mérida,Bodega Aurrera,25,976.97,976.97,1191.42,52.29,49.0,47.5,35.06,56.5,32.37,1029.26,1082.47,1306.35,5.17,26.92
TKT-02285,Mérida,Dunosusa,45,936.36,936.36,1120.72,27.56,39.0,60.44,72.01,32.18,56.26,963.92,1007.54,1309.43,4.53,35.84
TKT-02286,Querétaro,Dunosusa,20,616.27,616.27,737.24,41.79,39.0,81.86,57.82,41.62,79.92,658.06,696.89,956.84,5.9,45.4
TKT-02287,Guadalajara,Super Aki,28,1021.72,1021.72,1316.93,22.65,39.0,81.96,39.18,26.43,44.73,1044.37,1087.15,1482.8,4.1,41.98
TKT-02288,Mérida,Super Aki,35,963.27,963.27,1156.59,45.11,39.0,93.59,70.4,48.94,78.51,1008.38,1051.21,1399.09,4.25,38.75
TKT-02289,Monterrey,Walmart,43,533.51,533.51,655.6,21.86,0.0,69.58,50.68,38.96,49.94,555.37,572.47,825.8,3.08,48.69
TKT-02290,Monterrey,Chedraui,19,1746.82,1746.82,2083.63,17.26,39.0,92.09,57.07,26.85,30.75,1764.08,1812.67,2263.54,2.75,28.31
TKT-02291,Monterrey,La Comer,41,1245.39,1245.39,1499.2,15.21,0.0,49.92,56.81,48.52,30.22,1260.6,1293.91,1636.15,2.64,29.79
TKT-02292,Puebla,La Comer,15,1059.67,1059.67,1370.34,44.23,0.0,68.02,40.31,37.38,33.42,1103.9,1097.05,1512.09,-0.62,36.98
TKT-02293,Puebla,Dunosusa,40,1503.67,1503.67,1814.22,43.88,0.0,47.93,74.36,36.93,46.92,1547.55,1540.6,1983.43,-0.45,28.17
TKT-02294,Puebla,La Comer,42,581.47,581.47,676.45,18.57,49.0,72.77,58.17,50.33,51.66,600.04,680.8,859.05,13.46,43.17
TKT-02295,Monterrey,Dunosusa,27,889.94,889.94,1131.39,31.95,49.0,50.69,37.12,54.71,47.92,921.89,993.65,1267.12,7.78,37.45
TKT-02296,Guadalajara,Super Aki,30,761.18,761.18,917.02,17.03,0.0,44.75,38.44,25.36,30.2,778.21,786.54,1030.41,1.07,32.41
TKT-02297,Mérida,Soriana,43,1280.18,1280.18,1652.39,51.88,0.0,90.43,49.39,30.81,61.8,1332.06,1310.99,1854.01,-1.58,39.18
TKT-02298,CDMX,Walmart,13,532.67,532.67,682.24,51.64,49.0,88.35,53.23,25.5,73.27,584.31,607.17,897.09,3.91,53.53
TKT-02299,Puebla,Chedraui,23,1037.08,1037.08,1283.58,37.34,49.0,82.3,35.57,31.05,44.67,1074.42,1117.13,1446.12,3.98,34.6
TKT-02300,CDMX,Super Aki,35,1230.64,1230.64,1530.84,39.0,39.0,73.29,65.51,44.33,74.69,1269.64,1313.97,1744.33,3.49,37.39
TKT-02301,Monterrey,Walmart,35,1274.78,1274.78,1482.36,29.64,0.0,53.93,77.17,27.78,51.23,1304.42,1302.56,1664.69,-0.14,27.62
TKT-02302,Puebla,Soriana,44,1253.66,1253.66,1501.14,63.43,39.0,45.55,58.8,20.07,44.5,1317.09,1312.73,1649.99,-0.33,25.28
TKT-02303,Querétaro,La Comer,38,864.3,864.3,1059.85,44.52,39.0,92.43,28.79,29.82,44.09,908.82,933.12,1225.16,2.67,34.81
TKT-02304,Monterrey,Bodega Aurrera,34,1118.4,1118.4,1346.55,52.23,49.0,80.91,30.64,58.33,40.7,1170.63,1225.73,1498.8,4.71,28.03
TKT-02305,Querétaro,Bodega Aurrera,41,858.66,858.66,1001.31,35.86,0.0,53.91,27.3,28.65,66.91,894.52,887.31,1149.43,-0.81,28.5
TKT-02306,Puebla,Dunosusa,23,1348.78,1348.78,1669.22,25.54,39.0,69.22,40.58,46.61,53.81,1374.32,1434.39,1832.83,4.37,33.36
TKT-02307,Mérida,Chedraui,11,1734.18,1734.18,2036.73,45.4,49.0,53.78,79.33,40.71,64.72,1779.58,1823.89,2234.56,2.49,25.57
TKT-02308,Puebla,Dunosusa,35,545.55,545.55,681.48,35.69,0.0,62.9,41.87,59.74,37.53,581.24,605.29,823.78,4.14,41.73
TKT-02309,Querétaro,La Comer,43,1387.66,1387.66,1638.66,39.41,0.0,89.68,53.52,37.92,73.68,1427.07,1425.58,1855.54,-0.1,30.02
TKT-02310,Mérida,Dunosusa,11,1451.23,1451.23,1840.48,29.29,39.0,51.23,67.67,53.76,69.92,1480.52,1543.99,2029.3,4.29,37.07
TKT-02311,Querétaro,Bodega Aurrera,20,930.19,930.19,1137.17,19.63,0.0,48.68,58.1,39.73,31.13,949.82,969.92,1275.08,2.12,34.24
TKT-02312,Monterrey,Walmart,33,1521.5,1521.5,1865.06,31.75,49.0,83.82,48.12,57.36,40.71,1553.25,1627.86,2037.71,4.8,31.19
TKT-02313,Guadalajara,Super Aki,45,1053.36,1053.36,1264.67,65.08,49.0,65.29,59.86,39.69,78.8,1118.44,1142.05,1468.62,2.11,31.31
TKT-02314,CDMX,La Comer,33,1429.87,1429.87,1793.84,32.95,39.0,41.87,76.23,45.91,60.57,1462.82,1514.78,1972.51,3.55,34.84
TKT-02315,Monterrey,Soriana,31,986.61,986.61,1163.35,67.8,0.0,83.97,54.37,44.97,72.64,1054.41,1031.58,1374.33,-2.17,30.34
TKT-02316,Guadalajara,Soriana,43,628.06,628.06,751.61,46.68,0.0,81.86,79.19,20.12,35.16,674.74,648.18,947.82,-3.94,40.47
TKT-02317,Guadalajara,Dunosusa,30,847.14,847.14,1043.96,55.06,39.0,77.8,51.76,33.83,75.51,902.2,919.97,1249.03,1.97,38.44
TKT-02318,Mérida,Bodega Aurrera,23,1249.44,1249.44,1592.43,16.82,0.0,37.37,76.99,42.39,78.51,1266.26,1291.83,1785.3,2.02,40.99
TKT-02319,CDMX,Dunosusa,28,1233.9,1233.9,1507.19,39.13,39.0,74.65,77.86,50.68,64.56,1273.03,1323.58,1724.26,3.97,35.45
TKT-02320,Mérida,Bodega Aurrera,25,1460.85,1460.85,1851.19,41.05,39.0,48.09,67.92,55.75,73.1,1501.9,1555.6,2040.3,3.58,35.85
TKT-02321,Guadalajara,Walmart,14,1754.11,1754.11,2255.56,48.13,0.0,54.52,28.56,38.07,76.13,1802.24,1792.18,2414.77,-0.56,33.99
TKT-02322,Mérida,Bodega Aurrera,37,850.35,850.35,1003.96,59.4,49.0,41.38,69.09,59.76,70.78,909.75,959.11,1185.21,5.43,30.28
TKT-02323,Mérida,Soriana,12,1429.84,1429.84,1772.45,49.24,0.0,45.2,78.14,28.15,44.66,1479.08,1457.99,1940.45,-1.43,31.19
TKT-02324,Mérida,Soriana,13,1753.61,1753.61,2105.54,55.56,39.0,48.51,71.13,52.8,59.64,1809.17,1845.41,2284.82,2.0,26.29
TKT-02325,Mérida,Bodega Aurrera,40,1136.26,1136.26,1408.49,51.4,0.0,80.08,47.75,22.29,41.5,1187.66,1158.55,1577.82,-2.45,32.85
TKT-02326,Monterrey,Walmart,19,853.35,853.35,1023.91,39.84,0.0,57.99,61.09,40.91,63.38,893.19,894.26,1206.37,0.12,35.06
TKT-02327,Mérida,Bodega Aurrera,18,1437.42,1437.42,1726.71,58.88,39.0,54.1,63.72,37.1,38.62,1496.3,1513.52,1883.15,1.15,25.85
TKT-02328,Guadalajara,Bodega Aurrera,42,1477.6,1477.6,1745.81,57.32,39.0,79.4,62.79,41.4,51.07,1534.92,1558.0,1939.07,1.5,26.33
TKT-02329,Querétaro,Soriana,10,1011.74,1011.74,1174.32,63.64,49.0,70.43,49.87,53.45,68.11,1075.38,1114.19,1362.73,3.61,26.72
TKT-02330,Querétaro,Chedraui,32,1293.37,1293.37,1578.14,24.94,39.0,86.9,69.66,32.51,70.71,1318.31,1364.88,1805.41,3.53,36.95
TKT-02331,Querétaro,Walmart,35,1799.65,1799.65,2169.95,26.71,39.0,57.97,50.86,56.68,76.04,1826.36,1895.33,2354.82,3.78,28.94
TKT-02332,Monterrey,Dunosusa,20,1198.51,1198.51,1436.23,41.13,39.0,37.48,31.01,26.81,46.83,1239.64,1264.32,1551.55,1.99,25.16
TKT-02333,Guadalajara,Bodega Aurrera,36,754.03,754.03,954.32,62.63,39.0,70.12,25.63,58.84,74.04,816.66,851.87,1124.11,4.31,37.65
TKT-02334,Guadalajara,Soriana,32,1435.74,1435.74,1750.42,15.54,0.0,76.11,43.8,40.1,65.57,1451.28,1475.84,1935.9,1.69,33.39
TKT-02335,Puebla,Super Aki,32,562.39,562.39,706.15,58.52,49.0,52.08,72.24,35.01,59.25,620.91,646.4,889.72,4.11,43.29
TKT-02336,Mérida,Chedraui,25,613.53,613.53,717.76,19.95,39.0,55.05,69.18,56.16,76.51,633.48,708.69,918.5,11.87,44.99
TKT-02337,Mérida,Chedraui,12,1300.07,1300.07,1501.41,49.86,49.0,63.87,65.93,46.74,70.11,1349.93,1395.81,1701.32,3.4,26.03
TKT-02338,Puebla,La Comer,41,1718.41,1718.41,2061.16,36.51,49.0,64.92,73.82,58.95,32.64,1754.92,1826.36,2232.54,4.07,27.22
TKT-02339,Querétaro,Super Aki,41,1674.84,1674.84,2108.58,68.75,0.0,86.61,42.74,45.06,56.49,1743.59,1719.9,2294.42,-1.36,31.59
TKT-02340,Querétaro,Super Aki,37,436.92,436.92,537.93,60.2,0.0,49.33,76.83,55.15,39.21,497.12,492.07,703.3,-1.02,41.47
TKT-02341,Mérida,Dunosusa,26,1418.34,1418.34,1648.18,57.74,49.0,48.97,32.52,59.66,48.31,1476.08,1527.0,1777.98,3.45,20.45
TKT-02342,CDMX,Bodega Aurrera,29,487.98,487.98,606.42,68.65,49.0,36.89,72.17,57.98,46.98,556.63,594.96,762.46,6.89,36.98
TKT-02343,Monterrey,Super Aki,23,1302.5,1302.5,1623.89,56.74,0.0,53.6,77.98,32.67,71.33,1359.24,1335.17,1826.8,-1.77,34.4
TKT-02344,Guadalajara,Dunosusa,43,1743.9,1743.9,2022.65,59.2,0.0,82.67,45.81,29.63,47.74,1803.1,1773.53,2198.87,-1.64,21.95
TKT-02345,Guadalajara,Walmart,14,1250.84,1250.84,1587.49,56.45,49.0,80.81,72.21,46.96,36.21,1307.29,1346.8,1776.72,3.02,35.91
TKT-02346,CDMX,Bodega Aurrera,23,1054.62,1054.62,1265.61,57.68,49.0,42.5,48.95,44.97,57.22,1112.3,1148.59,1414.28,3.26,27.15
TKT-02347,Guadalajara,Dunosusa,40,1333.42,1333.42,1702.49,18.78,39.0,87.52,66.44,23.22,65.68,1352.2,1395.64,1922.13,3.21,42.15
TKT-02348,Guadalajara,Walmart,24,650.61,650.61,822.15,41.32,0.0,52.01,55.7,20.77,65.95,691.93,671.38,995.81,-2.97,43.92
TKT-02349,Guadalajara,Walmart,29,647.4,647.4,767.57,24.57,39.0,80.27,33.99,44.03,32.22,671.97,730.43,914.05,8.7,36.03
TKT-02350,Querétaro,Soriana,27,1437.59,1437.59,1811.03,63.82,49.0,85.87,48.7,50.53,43.35,1501.41,1537.12,1988.95,2.38,32.47
TKT-02351,Puebla,Chedraui,16,1386.25,1386.25,1650.17,19.07,0.0,79.23,54.06,38.38,50.52,1405.32,1424.63,1833.98,1.37,30.5
TKT-02352,CDMX,Dunosusa,17,416.37,416.37,509.21,56.76,0.0,48.09,56.64,55.65,71.34,473.13,472.02,685.28,-0.23,44.84
TKT-02353,Guadalajara,Soriana,40,465.0,465.0,576.48,29.36,39.0,77.63,76.23,59.01,40.92,494.36,563.01,771.26,13.89,56.01
TKT-02354,Mérida,Chedraui,36,1258.99,1258.99,1480.83,51.01,0.0,71.47,55.16,37.36,47.3,1310.0,1296.35,1654.76,-1.04,26.32
TKT-02355,Monterrey,Super Aki,44,1039.55,1039.55,1218.89,22.44,0.0,91.58,79.57,39.33,45.92,1061.99,1078.88,1435.96,1.59,35.21
TKT-02356,Querétaro,Soriana,30,1734.86,1734.86,2242.39,32.49,39.0,37.3,63.36,22.76,33.8,1767.35,1796.62,2376.85,1.66,34.49
TKT-02357,Querétaro,Chedraui,18,1617.26,1617.26,1937.57,39.16,39.0,55.01,59.22,46.94,60.52,1656.42,1703.2,2112.32,2.82,27.52
TKT-02358,Puebla,Bodega Aurrera,13,747.43,747.43,918.53,45.54,0.0,65.55,31.48,53.18,58.88,792.97,800.61,1074.44,0.96,35.5
TKT-02359,Querétaro,Bodega Aurrera,15,1105.79,1105.79,1282.73,41.15,0.0,46.24,44.39,42.69,53.55,1146.94,1148.48,1426.91,0.13,24.41
TKT-02360,CDMX,Dunosusa,29,1348.81,1348.81,1724.68,28.28,39.0,70.85,26.93,53.42,70.04,1377.09,1441.23,1892.5,4.66,37.43
TKT-02361,CDMX,Bodega Aurrera,45,862.79,862.79,1090.5,36.73,0.0,55.57,35.1,54.91,63.93,899.52,917.7,1245.1,2.02,38.42
TKT-02362,Guadalajara,Soriana,18,1146.54,1146.54,1385.13,21.99,0.0,91.66,55.83,49.19,31.64,1168.53,1195.73,1564.26,2.33,33.87
TKT-02363,Querétaro,Soriana,13,1336.46,1336.46,1733.39,51.61,0.0,87.26,64.98,31.69,63.56,1388.07,1368.15,1949.19,-1.44,40.42
TKT-02364,Querétaro,Soriana,34,1768.52,1768.52,2240.86,55.2,39.0,45.49,30.54,34.29,54.54,1823.72,1841.81,2371.43,0.99,30.03
TKT-02365,Puebla,Chedraui,30,1594.2,1594.2,1845.68,47.25,0.0,76.79,30.98,41.29,39.13,1641.45,1635.49,1992.58,-0.36,21.39
TKT-02366,Guadalajara,La Comer,26,559.19,559.19,678.39,39.51,49.0,62.53,56.46,39.01,51.15,598.7,647.2,848.53,8.1,41.73
TKT-02367,Querétaro,Super Aki,27,1182.28,1182.28,1372.93,25.03,0.0,47.75,48.87,56.81,75.94,1207.31,1239.09,1545.49,2.63,28.01
TKT-02368,Mérida,Bodega Aurrera,11,1298.31,1298.31,1653.36,17.43,39.0,64.31,46.45,23.55,41.01,1315.74,1360.86,1805.13,3.43,37.2
TKT-02369,Guadalajara,Chedraui,15,1762.44,1762.44,2029.88,45.37,39.0,49.14,39.24,54.91,52.53,1807.81,1856.35,2170.79,2.69,20.08
TKT-02370,Querétaro,Walmart,33,687.98,687.98,846.08,24.53,39.0,45.4,66.52,30.38,57.25,712.51,757.36,1015.25,6.29,42.49
TKT-02371,Querétaro,La Comer,42,1030.25,1030.25,1221.52,40.94,0.0,89.67,32.72,20.03,75.7,1071.19,1050.28,1419.61,-1.95,32.53
TKT-02372,CDMX,Walmart,20,855.41,855.41,1020.83,58.95,39.0,51.79,50.19,20.08,37.67,914.36,914.49,1160.48,0.01,26.92
TKT-02373,Puebla,Bodega Aurrera,27,921.69,921.69,1094.56,49.59,0.0,57.79,47.72,28.74,56.47,971.28,950.43,1256.54,-2.15,29.37
TKT-02374,Querétaro,La Comer,13,1246.87,1246.87,1524.38,48.64,39.0,57.52,56.07,54.51,69.05,1295.51,1340.38,1707.02,3.46,31.76
TKT-02375,CDMX,Soriana,18,1572.34,1572.34,1913.02,61.85,49.0,40.99,45.32,46.87,72.11,1634.19,1668.21,2071.44,2.08,26.76
TKT-02376,Guadalajara,Walmart,26,1348.51,1348.51,1654.84,49.82,49.0,63.12,28.63,34.1,47.77,1398.33,1431.61,1794.36,2.38,28.32
TKT-02377,Mérida,Dunosusa,15,873.43,873.43,1102.68,67.03,39.0,57.46,74.7,29.87,55.8,940.46,942.3,1290.64,0.2,37.23
TKT-02378,Puebla,Super Aki,37,677.33,677.33,835.87,66.97,49.0,40.14,53.76,57.08,63.29,744.3,783.41,993.06,5.25,33.42
TKT-02379,Puebla,Dunosusa,41,418.59,418.59,533.54,38.09,39.0,90.1,29.39,33.48,30.71,456.68,491.07,683.74,7.53,49.72
TKT-02380,Monterrey,Super Aki,17,1648.92,1648.92,2009.52,38.87,49.0,78.67,31.8,40.61,74.18,1687.79,1738.53,2194.17,3.01,30.0
TKT-02381,Guadalajara,Soriana,25,1010.95,1010.95,1228.05,17.56,0.0,71.83,77.43,33.96,57.95,1028.51,1044.91,1435.26,1.59,39.55
TKT-02382,Puebla,Chedraui,23,780.35,780.35,942.59,50.78,39.0,92.19,35.75,59.69,77.87,831.13,879.04,1148.4,5.76,38.17
TKT-02383,Puebla,Chedraui,42,1211.55,1211.55,1562.77,51.56,39.0,76.8,40.26,36.0,41.65,1263.11,1286.55,1721.48,1.86,36.29
TKT-02384,Mérida,Walmart,41,530.45,530.45,685.87,64.7,49.0,49.71,34.37,41.02,68.0,595.15,620.47,837.95,4.25,40.8
TKT-02385,Mérida,Super Aki,40,1330.66,1330.66,1681.14,52.41,39.0,83.18,49.46,33.39,39.14,1383.07,1403.05,1852.92,1.44,33.97
TKT-02386,Querétaro,Chedraui,39,1017.88,1017.88,1257.75,65.01,39.0,41.42,50.6,32.82,69.01,1082.89,1089.7,1418.78,0.63,31.02
TKT-02387,Mérida,La Comer,11,1037.11,1037.11,1301.34,24.18,39.0,63.3,55.15,37.82,47.75,1061.29,1113.93,1467.54,4.96,38.28
TKT-02388,Monterrey,Dunosusa,36,473.76,473.76,546.71,48.86,39.0,49.83,45.06,58.94,76.05,522.62,571.7,717.65,9.39,37.32
TKT-02389,Guadalajara,Soriana,18,615.78,615.78,727.15,44.05,0.0,41.07,67.82,41.96,58.76,659.83,657.74,894.8,-0.32,35.61
TKT-02390,Mérida,Bodega Aurrera,34,1060.88,1060.88,1340.78,46.26,49.0,68.7,35.98,41.41,71.55,1107.14,1151.29,1517.01,3.99,37.02
TKT-02391,Mérida,Chedraui,14,1182.0,1182.0,1437.83,19.76,0.0,54.18,32.8,23.65,30.56,1201.76,1205.65,1555.37,0.32,29.42
TKT-02392,Guadalajara,Walmart,36,1172.68,1172.68,1521.73,51.66,49.0,88.32,77.47,33.39,65.9,1224.34,1255.07,1753.42,2.51,43.21
TKT-02393,CDMX,La Comer,18,1766.24,1766.24,2123.13,23.71,0.0,60.46,35.27,33.62,67.82,1789.95,1799.86,2286.68,0.55,27.75
TKT-02394,Guadalajara,La Comer,25,531.57,531.57,667.1,65.95,0.0,70.21,43.39,47.95,55.68,597.52,579.52,836.38,-3.01,39.98
TKT-02395,Mérida,La Comer,33,1574.79,1574.79,1847.6,49.7,0.0,76.03,33.13,44.07,34.28,1624.49,1618.86,1991.04,-0.35,22.56
TKT-02396,Mérida,Chedraui,45,1360.09,1360.09,1699.1,16.92,49.0,62.88,63.45,47.57,79.94,1377.01,1456.66,1905.37,5.78,38.37
TKT-02397,Mérida,La Comer,28,1165.58,1165.58,1413.18,58.11,0.0,87.12,34.27,55.39,31.48,1223.69,1220.97,1566.05,-0.22,27.98
TKT-02398,Puebla,La Comer,31,1344.88,1344.88,1552.14,27.17,49.0,53.09,31.42,45.29,65.34,1372.05,1439.17,1701.99,4.89,24.05
TKT-02399,Querétaro,Walmart,28,757.03,757.03,984.1,55.34,0.0,94.49,57.97,23.36,70.57,812.37,780.39,1207.13,-3.94,48.59
TKT-02400,Querétaro,Super Aki,39,1238.01,1238.01,1508.58,29.59,0.0,54.2,78.71,45.32,36.21,1267.6,1283.33,1677.7,1.24,32.35
TKT-02401,Mérida,Walmart,45,705.52,705.52,908.76,55.51,0.0,46.03,47.59,38.26,62.35,761.03,743.78,1064.73,-2.27,39.91
TKT-02402,Mérida,Chedraui,30,817.97,817.97,951.9,43.28,39.0,70.59,79.28,52.02,52.27,861.25,908.99,1154.04,5.54,34.0
TKT-02403,Guadalajara,Walmart,18,1791.37,1791.37,2118.12,58.38,39.0,71.5,62.14,56.62,56.66,1849.75,1886.99,2308.42,2.01,24.8
TKT-02404,Guadalajara,Soriana,13,1782.02,1782.02,2134.81,31.8,49.0,76.51,77.15,44.95,60.44,1813.82,1875.97,2348.91,3.43,29.5
TKT-02405,Monterrey,Super Aki,38,1392.97,1392.97,1642.12,57.73,49.0,55.23,40.05,52.62,71.52,1450.7,1494.59,1808.92,3.03,24.69
TKT-02406,CDMX,Walmart,29,935.52,935.52,1194.36,52.18,39.0,53.89,54.21,28.34,56.79,987.7,1002.86,1359.25,1.53,37.62
TKT-02407,Guadalajara,Dunosusa,20,1192.19,1192.19,1371.98,39.84,39.0,93.99,37.75,48.92,65.89,1232.03,1280.11,1569.61,3.9,27.4
TKT-02408,Puebla,Walmart,22,523.74,523.74,660.36,21.29,39.0,71.71,51.92,58.4,66.11,545.03,621.14,850.1,13.96,55.97
TKT-02409,Querétaro,Dunosusa,39,1718.02,1718.02,2095.45,52.8,0.0,76.87,44.72,25.98,31.54,1770.82,1744.0,2248.58,-1.51,26.98
TKT-02410,Monterrey,Dunosusa,12,1583.34,1583.34,2046.55,66.05,39.0,59.9,52.51,53.31,59.45,1649.39,1675.65,2218.41,1.59,34.5
TKT-02411,Puebla,Soriana,44,990.11,990.11,1169.75,50.6,39.0,72.93,40.85,39.06,66.86,1040.71,1068.17,1350.39,2.64,29.76
TKT-02412,Monterrey,Bodega Aurrera,12,1528.0,1528.0,1968.68,30.85,49.0,71.24,62.0,52.41,75.94,1558.85,1629.41,2177.86,4.53,39.71
TKT-02413,Puebla,Dunosusa,30,1657.36,1657.36,1915.78,36.66,39.0,81.77,47.89,33.78,53.51,1694.02,1730.14,2098.95,2.13,23.9
TKT-02414,CDMX,Bodega Aurrera,41,1447.23,1447.23,1876.76,35.77,0.0,67.45,56.94,30.51,42.42,1483.0,1477.74,2043.57,-0.35,37.8
TKT-02415,Monterrey,Bodega Aurrera,25,1539.77,1539.77,1947.85,60.25,39.0,66.7,76.74,31.55,74.57,1600.02,1610.32,2165.86,0.64,35.36
TKT-02416,Mérida,Walmart,43,443.82,443.82,563.72,33.37,0.0,76.91,79.44,53.29,58.42,477.19,497.11,778.49,4.17,63.14
TKT-02417,Puebla,La Comer,23,1145.58,1145.58,1469.94,68.58,49.0,71.45,60.08,47.09,62.33,1214.16,1241.67,1663.8,2.27,37.03
TKT-02418,Guadalajara,Soriana,28,559.55,559.55,674.09,42.93,0.0,42.9,58.02,46.03,58.92,602.48,605.58,833.93,0.51,38.42
TKT-02419,Puebla,Dunosusa,30,966.59,966.59,1252.92,64.36,0.0,57.08,77.51,56.72,43.19,1030.95,1023.31,1430.7,-0.74,38.77
TKT-02420,Guadalajara,Bodega Aurrera,35,1742.82,1742.82,2088.43,32.59,0.0,93.23,62.18,57.9,49.0,1775.41,1800.72,2292.84,1.43,29.14
TKT-02421,CDMX,Walmart,14,1192.23,1192.23,1376.77,19.03,0.0,81.68,73.85,49.73,52.34,1211.26,1241.96,1584.64,2.53,30.83
TKT-02422,Guadalajara,La Comer,34,1760.17,1760.17,2201.64,60.24,39.0,91.18,27.8,48.22,74.28,1820.41,1847.39,2394.9,1.48,31.56
TKT-02423,Monterrey,Soriana,38,810.32,810.32,946.14,57.93,0.0,38.2,61.78,27.49,59.06,868.25,837.81,1105.18,-3.51,27.29
TKT-02424,Puebla,Bodega Aurrera,11,843.92,843.92,988.17,17.07,0.0,67.69,28.21,40.19,34.44,860.99,884.11,1118.51,2.69,29.91
TKT-02425,Mérida,Chedraui,17,1308.22,1308.22,1698.49,21.24,39.0,53.69,60.15,35.93,45.15,1329.46,1383.15,1857.48,4.04,39.72
TKT-02426,CDMX,Super Aki,32,1696.75,1696.75,2072.9,35.23,0.0,52.5,70.76,23.79,40.88,1731.98,1720.54,2237.04,-0.66,29.16
TKT-02427,Puebla,Bodega Aurrera,18,779.14,779.14,1008.3,66.5,39.0,69.76,78.89,38.2,79.28,845.64,856.34,1236.23,1.27,46.19
TKT-02428,Guadalajara,La Comer,16,404.42,404.42,510.87,38.89,49.0,92.99,58.98,21.93,42.43,443.31,475.35,705.27,7.23,59.09
TKT-02429,CDMX,Dunosusa,40,1476.84,1476.84,1741.19,64.36,39.0,51.68,66.85,38.98,32.97,1541.2,1554.82,1892.69,0.88,22.81
TKT-02430,Monterrey,Super Aki,14,1059.3,1059.3,1266.72,26.81,39.0,64.96,29.63,49.41,58.01,1086.11,1147.71,1419.32,5.67,30.68
TKT-02431,Monterrey,Soriana,12,1176.34,1176.34,1381.97,44.03,39.0,89.79,59.69,38.05,47.94,1220.37,1253.39,1579.39,2.71,29.42
TKT-02432,Mérida,Soriana,11,884.85,884.85,1091.05,30.16,39.0,59.87,76.25,44.52,64.28,915.01,968.37,1291.45,5.83,41.14
TKT-02433,CDMX,Dunosusa,11,1331.53,1331.53,1579.61,19.89,49.0,46.26,71.77,42.24,66.9,1351.42,1422.77,1764.54,5.28,30.57
TKT-02434,Guadalajara,La Comer,10,1749.58,1749.58,2116.52,65.82,39.0,43.58,74.96,36.66,63.22,1815.4,1825.24,2298.28,0.54,26.6
TKT-02435,Guadalajara,Walmart,15,1614.18,1614.18,1984.86,44.8,0.0,85.15,77.45,22.76,38.51,1658.98,1636.94,2185.97,-1.33,31.77
TKT-02436,Monterrey,Soriana,29,1761.97,1761.97,2222.53,38.55,0.0,61.86,47.47,43.04,60.67,1800.52,1805.01,2392.53,0.25,32.88
TKT-02437,Monterrey,Walmart,30,1391.36,1391.36,1725.27,59.55,49.0,64.52,79.96,51.37,42.89,1450.91,1491.73,1912.64,2.81,31.82
TKT-02438,Monterrey,La Comer,11,1054.4,1054.4,1221.72,69.3,0.0,86.92,59.77,41.66,69.9,1123.7,1096.06,1438.31,-2.46,28.0
TKT-02439,Guadalajara,Super Aki,11,1591.5,1591.5,1934.94,45.29,0.0,46.13,45.25,26.42,74.15,1636.79,1617.92,2100.47,-1.15,28.33
TKT-02440,Monterrey,Dunosusa,19,807.2,807.2,966.71,40.2,0.0,71.71,28.21,27.59,64.16,847.4,834.79,1130.79,-1.49,33.44
TKT-02441,Puebla,Soriana,18,594.45,594.45,692.11,57.66,0.0,35.78,39.13,51.16,43.36,652.11,645.61,810.38,-1.0,24.27
TKT-02442,Puebla,Super Aki,33,963.17,963.17,1147.9,61.72,49.0,45.42,74.03,27.31,49.16,1024.89,1039.48,1316.51,1.42,28.45
TKT-02443,CDMX,Soriana,29,1425.81,1425.81,1649.52,53.68,0.0,78.56,53.94,44.49,44.23,1479.49,1470.3,1826.25,-0.62,23.44
TKT-02444,Guadalajara,Dunosusa,33,1430.0,1430.0,1652.37,24.08,39.0,88.13,59.8,41.85,31.22,1454.08,1510.85,1831.52,3.9,25.96
TKT-02445,Querétaro,Soriana,28,770.99,770.99,978.29,56.27,49.0,54.83,31.6,22.01,48.21,827.26,842.0,1112.93,1.78,34.53
TKT-02446,Guadalajara,Chedraui,21,804.27,804.27,1025.36,63.4,49.0,85.27,72.61,56.41,33.32,867.67,909.68,1216.56,4.84,40.21
TKT-02447,CDMX,La Comer,28,1188.59,1188.59,1517.39,22.72,39.0,70.07,30.03,44.88,71.01,1211.31,1272.47,1688.5,5.05,39.39
TKT-02448,Guadalajara,Dunosusa,42,1758.02,1758.02,2209.83,25.31,39.0,91.97,39.66,45.82,41.95,1783.33,1842.84,2383.41,3.34,33.65
TKT-02449,Guadalajara,Bodega Aurrera,31,1439.95,1439.95,1717.2,67.49,39.0,50.65,48.94,38.78,70.73,1507.44,1517.73,1887.52,0.68,25.21
TKT-02450,Querétaro,Super Aki,42,1682.43,1682.43,1936.32,21.74,0.0,58.79,64.76,36.31,36.54,1704.17,1718.74,2096.41,0.85,23.02
TKT-02451,Monterrey,Chedraui,17,1229.6,1229.6,1537.44,40.83,39.0,72.32,34.52,57.98,56.93,1270.43,1326.58,1701.21,4.42,33.91
TKT-02452,Monterrey,La Comer,22,1740.35,1740.35,2134.3,64.94,0.0,46.69,76.5,24.88,54.83,1805.29,1765.23,2312.32,-2.22,28.09
TKT-02453,Monterrey,Soriana,40,599.16,599.16,751.02,22.55,0.0,86.54,55.65,26.24,67.98,621.71,625.4,961.19,0.59,54.6
TKT-02454,CDMX,La Comer,15,1660.25,1660.25,1936.53,61.03,49.0,58.37,71.25,22.45,65.97,1721.28,1731.7,2132.12,0.61,23.87
TKT-02455,Guadalajara,Dunosusa,20,1699.2,1699.2,2034.78,21.35,49.0,53.11,36.21,56.09,64.98,1720.55,1804.29,2189.08,4.87,27.23
TKT-02456,Querétaro,Super Aki,43,1039.41,1039.41,1286.78,37.92,39.0,65.29,69.56,20.5,38.64,1077.33,1098.91,1460.27,2.0,35.55
TKT-02457,Querétaro,Super Aki,20,719.59,719.59,909.07,61.52,0.0,94.99,66.73,29.9,32.59,781.11,749.49,1103.38,-4.05,41.26
TKT-02458,CDMX,Dunosusa,34,1428.05,1428.05,1781.15,62.09,49.0,38.81,79.64,39.11,64.96,1490.14,1516.16,1964.56,1.75,31.84
TKT-02459,CDMX,Super Aki,24,753.15,753.15,929.88,27.15,49.0,82.14,40.73,51.92,48.55,780.3,854.07,1101.3,9.45,41.14
TKT-02460,Mérida,Soriana,12,1168.06,1168.06,1472.2,51.6,0.0,73.33,52.29,28.16,31.57,1219.66,1196.22,1629.39,-1.92,33.59
TKT-02461,Monterrey,Dunosusa,23,1368.99,1368.99,1718.44,42.94,0.0,56.53,38.76,33.35,44.02,1411.93,1402.34,1857.75,-0.68,31.58
TKT-02462,Monterrey,Dunosusa,20,1447.94,1447.94,1732.32,28.84,49.0,93.61,52.92,41.16,67.84,1476.78,1538.1,1946.69,4.15,31.82
TKT-02463,CDMX,Soriana,40,1133.83,1133.83,1370.91,28.47,0.0,37.06,36.42,40.71,62.51,1162.3,1174.54,1506.9,1.05,29.65
TKT-02464,Monterrey,Chedraui,27,1767.8,1767.8,2226.08,67.15,49.0,67.46,31.77,20.81,33.56,1834.95,1837.61,2358.87,0.14,28.55
TKT-02465,CDMX,La Comer,18,510.87,510.87,615.79,32.82,39.0,74.62,58.91,34.33,40.18,543.69,584.2,789.5,7.45,45.21
TKT-02466,Querétaro,La Comer,14,1441.67,1441.67,1697.32,48.42,49.0,61.96,32.33,57.28,32.36,1490.09,1547.95,1823.97,3.88,22.41
TKT-02467,CDMX,Bodega Aurrera,19,1611.23,1611.23,2028.39,51.07,49.0,44.19,49.04,38.81,71.41,1662.3,1699.04,2193.03,2.21,31.93
TKT-02468,Querétaro,Dunosusa,32,998.75,998.75,1289.1,29.9,39.0,53.64,62.17,36.09,72.15,1028.65,1073.84,1477.06,4.39,43.59
TKT-02469,Guadalajara,Dunosusa,12,1660.03,1660.03,2083.07,43.96,49.0,89.55,35.47,42.14,47.25,1703.99,1751.17,2255.34,2.77,32.36
TKT-02470,Puebla,Super Aki,35,1039.86,1039.86,1322.79,17.79,49.0,59.87,32.98,40.6,74.32,1057.65,1129.46,1489.96,6.79,40.87
TKT-02471,Monterrey,Bodega Aurrera,26,675.96,675.96,779.62,63.16,39.0,61.48,41.03,46.07,42.46,739.12,761.03,924.59,2.96,25.09
TKT-02472,Mérida,Bodega Aurrera,33,1164.22,1164.22,1467.82,36.69,39.0,58.52,63.8,26.2,30.43,1200.91,1229.42,1620.57,2.37,34.95
TKT-02473,CDMX,La Comer,43,1173.45,1173.45,1450.88,67.87,0.0,37.67,29.05,20.89,41.61,1241.32,1194.34,1559.21,-3.78,25.61
TKT-02474,Guadalajara,Dunosusa,43,525.87,525.87,613.52,21.06,49.0,50.78,44.85,29.16,35.98,546.93,604.03,745.13,10.44,36.24
TKT-02475,Mérida,Super Aki,13,881.45,881.45,1130.5,47.42,49.0,65.9,31.14,48.23,74.9,928.87,978.68,1302.44,5.36,40.22
TKT-02476,Guadalajara,Super Aki,21,570.91,570.91,732.24,63.01,39.0,89.33,48.49,51.03,58.91,633.92,660.94,928.97,4.26,46.54
TKT-02477,Puebla,Walmart,10,727.91,727.91,909.53,19.34,39.0,91.19,71.27,38.67,33.01,747.25,805.58,1105.0,7.81,47.88
TKT-02478,Monterrey,Super Aki,30,952.74,952.74,1131.0,63.7,0.0,37.62,70.29,47.87,34.97,1016.44,1000.61,1273.88,-1.56,25.33
TKT-02479,CDMX,Dunosusa,37,761.89,761.89,983.37,50.29,49.0,45.85,74.95,56.67,65.71,812.18,867.56,1169.88,6.82,44.04
TKT-02480,Guadalajara,Super Aki,31,975.89,975.89,1226.21,56.96,0.0,54.74,79.66,25.22,59.44,1032.85,1001.11,1420.05,-3.07,37.49
TKT-02481,Querétaro,Dunosusa,35,1215.03,1215.03,1461.48,64.23,49.0,53.63,40.53,33.95,62.41,1279.26,1297.98,1618.05,1.46,26.48
TKT-02482,Guadalajara,Soriana,43,1275.64,1275.64,1589.06,55.88,0.0,67.8,55.86,41.73,41.97,1331.52,1317.37,1754.69,-1.06,31.78
TKT-02483,Querétaro,Bodega Aurrera,33,758.61,758.61,889.73,28.64,49.0,56.8,66.34,42.52,47.97,787.25,850.13,1060.84,7.99,34.75
TKT-02484,Monterrey,Chedraui,33,1121.28,1121.28,1445.99,46.97,49.0,50.79,42.82,50.8,52.48,1168.25,1221.08,1592.08,4.52,36.28
TKT-02485,Guadalajara,Chedraui,29,796.06,796.06,977.79,25.27,39.0,62.37,68.91,24.76,54.65,821.33,859.82,1163.72,4.69,41.69
TKT-02486,Monterrey,Chedraui,39,1040.46,1040.46,1203.02,48.32,0.0,38.99,41.51,46.03,76.45,1088.78,1086.49,1359.97,-0.21,24.91
TKT-02487,Monterrey,Super Aki,25,1536.27,1536.27,1799.41,50.91,49.0,82.72,56.96,30.68,66.47,1587.18,1615.95,2005.56,1.81,26.36
TKT-02488,Monterrey,Walmart,44,601.69,601.69,727.26,29.97,49.0,52.74,79.61,41.36,36.27,631.66,692.05,895.88,9.56,41.83
TKT-02489,Monterrey,Soriana,40,1386.04,1386.04,1660.64,39.27,0.0,69.12,76.21,33.23,48.11,1425.31,1419.27,1854.08,-0.42,30.08
TKT-02490,Puebla,Chedraui,38,1220.77,1220.77,1586.18,15.32,39.0,40.32,72.04,54.77,46.7,1236.09,1314.54,1745.24,6.35,41.19
TKT-02491,CDMX,Walmart,26,890.46,890.46,1031.17,50.46,39.0,57.12,41.31,59.14,77.82,940.92,988.6,1207.42,5.07,28.32
TKT-02492,Guadalajara,Dunosusa,14,1050.51,1050.51,1296.61,54.32,0.0,92.87,30.47,42.09,56.51,1104.83,1092.6,1476.46,-1.11,33.64
TKT-02493,CDMX,Chedraui,16,628.16,628.16,790.09,25.97,39.0,50.27,76.3,21.1,74.27,654.13,688.26,990.93,5.22,51.49
TKT-02494,Monterrey,La Comer,39,1302.85,1302.85,1519.67,50.84,39.0,71.2,48.59,38.06,54.0,1353.69,1379.91,1693.46,1.94,25.1
TKT-02495,Monterrey,Dunosusa,34,1580.73,1580.73,1917.24,41.96,49.0,60.2,67.43,39.93,57.88,1622.69,1669.66,2102.75,2.89,29.58
TKT-02496,Querétaro,Soriana,13,1718.83,1718.83,2205.07,37.72,0.0,35.28,25.03,43.6,61.54,1756.55,1762.43,2326.92,0.33,32.47
TKT-02497,CDMX,Walmart,39,1009.71,1009.71,1277.08,27.4,39.0,79.76,61.21,29.64,57.36,1037.11,1078.35,1475.41,3.98,42.26
TKT-02498,Guadalajara,Dunosusa,43,499.05,499.05,576.18,26.75,49.0,42.43,65.74,54.22,39.67,525.8,602.27,724.02,14.54,37.7
TKT-02499,Querétaro,La Comer,30,1772.72,1772.72,2283.5,33.32,39.0,94.69,60.42,56.1,31.14,1806.04,1867.82,2469.75,3.42,36.75
TKT-02500,Guadalajara,Chedraui,23,957.75,957.75,1170.16,27.95,0.0,40.45,72.06,36.8,49.24,985.7,994.55,1331.91,0.9,35.12
