clave_articulo,descripcion_articulo,capacidad,gramaje,unidad_medida,enriquecido,fecha_alta,descripcion_producto,identificador_canasta_basica,razon_social,desc_linea_departamental,canasta_basica,cve_marca_propia,%_impuesto_ieps_articulo,periodo_reporta
15002,azucar estandar envasada,1,1,kg,0,1990-01-01,azucar estandar,S,"ingenio san sebastian, s.a. de c.v.",azucar,1,0,0,2018-01-01 al 2018-06-30
15010,azucar estandar envasada,1,500,gr,0,2017-10-21,azucar estandar,S,"ingenio san sebastian, s.a. de c.v.",azucar,1,0,0,2018-01-01 al 2018-06-30
16001,azucar estandar a granel,1,1,kg,0,1990-01-01,azucar estandar,S,"ingenio santa clara, s.a. de c.v.",azucar,0,0,0,2018-01-01 al 2018-06-30
17013,manteca lata los corrales no.16 (14.4kg),1,14,kg,0,2009-07-17,manteca de cerdo,S,"abast. de carne los corrales, s.a. de c.v.",abarr. y art. de farmacia no grav,0,0,0,2018-01-01 al 2018-06-30
17014,manteca lata los corrales  no. 8,1,7,kg,0,2009-07-17,manteca de cerdo,S,"abast. de carne los corrales, s.a. de c.v.",abarr. y art. de farmacia no grav,0,0,0,2018-01-01 al 2018-06-30
17015,manteca lata los corrales  no. 4 (3.4kg),1,3,kg,0,2009-07-17,manteca de cerdo,S,"abast. de carne los corrales, s.a. de c.v.",abarr. y art. de farmacia no grav,0,0,0,2018-01-01 al 2018-06-30
17016,manteca de cerdo los corrales lata,1,840,gr,0,2015-02-03,manteca de cerdo,S,"abast. de carne los corrales, s.a. de c.v.",abarr. y art. de farmacia no grav,0,0,0,2018-01-01 al 2018-06-30
17017,manteca de cerdo los corrales bolsa,1,1,kg,0,2015-02-03,manteca de cerdo,S,"abast. de carne los corrales, s.a. de c.v.",abarr. y art. de farmacia no grav,0,0,0,2018-01-01 al 2018-06-30
22003,horchata surena,12,700,ml,0,1990-01-01,concentrado liquido para refrescos,N,"agroindustria broca y abreu, s.a. de c.v.",abarr. y art. de farmacia grav,0,0,0,2018-01-01 al 2018-06-30
22004,horchata surena sab arroz/canela,12,500,ml,0,2003-02-04,concentrado liquido para refrescos,N,"agroindustria broca y abreu, s.a. de c.v.",abarr. y art. de farmacia grav,0,0,0,2018-01-01 al 2018-06-30
22005,horchata surena bolsita,36,200,ml,0,1996-08-15,concentrado liquido para refrescos,N,"agroindustria broca y abreu, s.a. de c.v.",abarr. y art. de farmacia grav,0,0,0,2018-01-01 al 2018-06-30
22006,avena en polvo c/cacao,12,400,gr,0,2013-12-03,avena,N,"agroindustria broca y abreu, s.a. de c.v.",pago abarrotes gravado ieps (propio,0,0,8,2018-01-01 al 2018-06-30
22007,avena en polvo sabor fresa,12,400,gr,0,2013-12-03,avena,N,"agroindustria broca y abreu, s.a. de c.v.",pago abarrotes gravado ieps (propio,0,0,8,2018-01-01 al 2018-06-30
22008,avena en polvo c/canela,12,400,gr,0,2013-12-03,avena,N,"agroindustria broca y abreu, s.a. de c.v.",pago abarrotes gravado ieps (propio,0,0,8,2018-01-01 al 2018-06-30
33044,detergente en polvo voltex ultra,20,500,gr,0,2018-08-02,detergente en polvo,S,alejandro salido campoy,abarr. y art. de farmacia grav,0,0,0,2018-01-01 al 2018-06-30
60001,blanqueador cloro dar,12,1,lt,0,1990-01-01,blanqueadores,S,blanqueadores superiores sa de cv,abarr. y art. de farmacia grav,0,0,0,2018-01-01 al 2018-06-30
60002,blanqueador el nevado,24,500,ml,0,1990-01-01,blanqueadores,S,blanqueadores superiores sa de cv,abarr. y art. de farmacia grav,0,0,0,2018-01-01 al 2018-06-30
67049,cafe tost y mol con azucar marino,40,250,gr,0,1990-01-01,cafe tostado y molido,S,"cafe el marino, s.a. de c.v.",abarr. y art. de farmacia no grav,0,0,0,2018-01-01 al 2018-06-30
67050,cafe tost y mol c/azucar bsa c/15 sob 30,360,30,gr,0,1990-01-01,cafe tostado y molido,S,"cafe el marino, s.a. de c.v.",abarr. y art. de farmacia no grav,0,0,0,2018-01-01 al 2018-06-30
67068,batichoco bolsa,25,400,gr,0,1998-08-27,chocolate en polvo,S,"cafe el marino, s.a. de c.v.",pago abarrotes gravado ieps (propio,0,0,8,2018-01-01 al 2018-06-30
67082,nectar chabacano,24,340,ml,1,2005-03-16,nectares,S,"cafe el marino, s.a. de c.v.",abarr no grav decreto 2006,0,0,0,2018-01-01 al 2018-06-30
67083,nectar durazno,24,340,ml,1,2005-03-16,nectares,S,"cafe el marino, s.a. de c.v.",abarr no grav decreto 2006,0,0,0,2018-01-01 al 2018-06-30
67085,nectar mango,24,340,ml,1,2005-03-16,nectares,S,"cafe el marino, s.a. de c.v.",abarr no grav decreto 2006,0,0,0,2018-01-01 al 2018-06-30
67087,nectar guayaba,24,340,ml,1,2005-03-16,nectares,S,"cafe el marino, s.a. de c.v.",abarr no grav decreto 2006,0,0,0,2018-01-01 al 2018-06-30
67088,nectar manzana,24,340,ml,1,2005-03-16,nectares,S,"cafe el marino, s.a. de c.v.",abarr no grav decreto 2006,0,0,0,2018-01-01 al 2018-06-30
67089,nectar pera,24,340,ml,1,2005-03-16,nectares,S,"cafe el marino, s.a. de c.v.",abarr no grav decreto 2006,0,0,0,2018-01-01 al 2018-06-30
67090,nectar chabacano pina,24,340,ml,1,2005-03-16,nectares,S,"cafe el marino, s.a. de c.v.",abarr no grav decreto 2006,0,0,0,2018-01-01 al 2018-06-30
67091,cafe soluble golet refil sobre,12,100,gr,0,2011-03-02,cafe soluble,S,"cafe el marino, s.a. de c.v.",abarr. y art. de farmacia no grav,0,0,0,2018-01-01 al 2018-06-30
67092,cafe tostado en grano 100% puro bolsa,36,250,gr,0,2013-06-06,cafe tostado y molido,S,"cafe el marino, s.a. de c.v.",abarr. y art. de farmacia no grav,0,0,0,2018-01-01 al 2018-06-30
69009,frijol la sierra negro,24,440,gr,0,1990-01-01,frijoles enlatados,N,"sabormex, s.a. de .c.v.",abarr. y art. de farmacia no grav,0,0,0,2018-01-01 al 2018-06-30
69010,frijol bayo la sierra,24,440,gr,0,1990-01-01,frijoles enlatados,N,"sabormex, s.a. de .c.v.",abarr. y art. de farmacia no grav,0,0,0,2018-01-01 al 2018-06-30
69157,salsa catsup clemente jacques,24,225,gr,0,2002-02-13,salsa catsup,N,"sabormex, s.a. de .c.v.",abarr. y art. de farmacia no grav,0,0,0,2018-01-01 al 2018-06-30
69159,vinagre blanco clemente jacques,24,500,ml,0,2002-02-13,vinagre,N,"sabormex, s.a. de .c.v.",abarr. y art. de farmacia no grav,0,0,0,2018-01-01 al 2018-06-30
69160,salsa catsup clemente jacques,24,390,gr,0,2002-02-13,salsa catsup,N,"sabormex, s.a. de .c.v.",abarr. y art. de farmacia no grav,0,0,0,2018-01-01 al 2018-06-30
69161,chicharo seleccionado clemente jacques,24,220,gr,0,2002-02-13,chicharo,N,"sabormex, s.a. de .c.v.",abarr. y art. de farmacia no grav,0,0,0,2018-01-01 al 2018-06-30
69163,chicharo con zanahoria clemente jacques,24,220,gr,0,2002-02-13,chicharo con zanahoria,N,"sabormex, s.a. de .c.v.",abarr. y art. de farmacia no grav,0,0,0,2018-01-01 al 2018-06-30
69165,elote en grano clemente jacques,24,220,gr,0,2002-02-13,elote,N,"sabormex, s.a. de .c.v.",abarr. y art. de farmacia no grav,0,0,0,2018-01-01 al 2018-06-30
69174,chicharo seleccionado clemente jacques,24,420,gr,0,2002-09-19,chicharo,N,"sabormex, s.a. de .c.v.",abarr. y art. de farmacia no grav,0,0,0,2018-01-01 al 2018-06-30
69175,chicharo con zanahoria clemente jacques,24,420,gr,0,2002-09-19,chicharo con zanahoria,N,"sabormex, s.a. de .c.v.",abarr. y art. de farmacia no grav,0,0,0,2018-01-01 al 2018-06-30
69176,elote en grano clemente jacques,24,410,gr,0,2002-09-19,elote,N,"sabormex, s.a. de .c.v.",abarr. y art. de farmacia no grav,0,0,0,2018-01-01 al 2018-06-30
69177,chiles jalapenos en rajas clemente jacq.,24,220,gr,0,2002-10-23,chiles jalapenos en rajas,S,"sabormex, s.a. de .c.v.",abarr. y art. de farmacia no grav,0,0,0,2018-01-01 al 2018-06-30
69178,chiles jalapenos enteros clemente jacq.,24,220,gr,0,2002-10-23,chiles jalapenos enteros,S,"sabormex, s.a. de .c.v.",abarr. y art. de farmacia no grav,0,0,0,2018-01-01 al 2018-06-30
69196,cocktail de frutas en almibar,12,850,gr,0,2003-10-28,frutas enlatadas,N,"sabormex, s.a. de .c.v.",abarr. y art. de farmacia no grav,0,0,0,2018-01-01 al 2018-06-30
69197,duraznos mitades en almibar,12,820,gr,0,2003-10-28,frutas enlatadas,N,"sabormex, s.a. de .c.v.",abarr. y art. de farmacia no grav,0,0,0,2018-01-01 al 2018-06-30
69233,chiles jalapanos enteros clemente jacq,6,2800,gr,0,2004-11-16,chiles jalapenos enteros,S,"sabormex, s.a. de .c.v.",abarr. y art. de farmacia no grav,0,0,0,2018-01-01 al 2018-06-30
69237,salsa ranchera vidrio clemente jacques,24,210,gr,0,2005-02-16,salsas caseras,N,"sabormex, s.a. de .c.v.",abarr. y art. de farmacia no grav,0,0,0,2018-01-01 al 2018-06-30
69298,ensalada de verduras,24,410,gr,0,2005-10-07,diversos vegetales envasados,N,"sabormex, s.a. de .c.v.",abarr. y art. de farmacia no grav,0,0,0,2018-01-01 al 2018-06-30
69304,pina en rebanadas clemente jacq,12,800,gr,0,2006-04-27,frutas enlatadas,N,"sabormex, s.a. de .c.v.",abarr. y art. de farmacia no grav,0,0,0,2018-01-01 al 2018-06-30
69313,cafe oro soluble frasco,12,50,gr,0,2007-01-17,cafe soluble,S,"sabormex, s.a. de .c.v.",abarr. y art. de farmacia no grav,0,0,0,2018-01-01 al 2018-06-30
69314,cafe legal soluble regular 50 gr.,12,50,gr,0,2007-11-30,cafe soluble,S,"sabormex, s.a. de .c.v.",abarr. y art. de farmacia no grav,0,0,0,2018-01-01 al 2018-06-30
69317,frijol molido negros la sierra,24,440,gr,0,2008-03-12,frijoles enlatados,N,"sabormex, s.a. de .c.v.",abarr. y art. de farmacia no grav,0,0,0,2018-01-01 al 2018-06-30
69318,frijol molido bayos la sierra,24,440,gr,0,2008-03-12,frijoles enlatados,N,"sabormex, s.a. de .c.v.",abarr. y art. de farmacia no grav,0,0,0,2018-01-01 al 2018-06-30
69319,frijol refrito claro la sierra,24,440,gr,0,2008-03-12,frijoles enlatados,N,"sabormex, s.a. de .c.v.",abarr. y art. de farmacia no grav,0,0,0,2018-01-01 al 2018-06-30
69334,cafe tostado familiar,720,20,gr,0,2008-07-14,cafe tostado y molido,S,"sabormex, s.a. de .c.v.",abarr. y art. de farmacia no grav,0,0,0,2018-01-01 al 2018-06-30
69335,cafe sol. internacional,12,100,gr,0,2008-07-14,cafe soluble,S,"sabormex, s.a. de .c.v.",abarr. y art. de farmacia no grav,0,0,0,2018-01-01 al 2018-06-30
69336,cafe soluble internacional,12,50,gr,0,2008-07-14,cafe soluble,S,"sabormex, s.a. de .c.v.",abarr. y art. de farmacia no grav,0,0,0,2018-01-01 al 2018-06-30
69337,salsa catsup clemente jacques,20,225,gr,0,2008-08-19,salsa catsup,N,"sabormex, s.a. de .c.v.",abarr. y art. de farmacia no grav,0,0,0,2018-01-01 al 2018-06-30
69338,salsa catsup clemente jacques,20,390,gr,0,2008-08-19,salsa catsup,N,"sabormex, s.a. de .c.v.",abarr. y art. de farmacia no grav,0,0,0,2018-01-01 al 2018-06-30
69341,cafe trad. de cordoba mezc c/azucar,30,250,gr,0,2009-03-30,cafe tostado y molido,S,"sabormex, s.a. de .c.v.",abarr. y art. de farmacia no grav,0,0,0,2018-01-01 al 2018-06-30
69342,cafe legal soluble regualr 100 gr,12,100,gr,0,2009-06-09,cafe soluble,S,"sabormex, s.a. de .c.v.",abarr. y art. de farmacia no grav,0,0,0,2018-01-01 al 2018-06-30
69343,cafe soluble oro puro,12,100,gr,0,2009-06-09,cafe soluble,S,"sabormex, s.a. de .c.v.",abarr. y art. de farmacia no grav,0,0,0,2018-01-01 al 2018-06-30
69344,cafe legal tradicional,24,200,gr,0,2009-11-27,cafe soluble,S,"sabormex, s.a. de .c.v.",abarr. y art. de farmacia no grav,0,0,0,2018-01-01 al 2018-06-30
69345,cafe legal tradicional y canela 200 grs,24,200,gr,0,2009-11-27,cafe soluble,S,"sabormex, s.a. de .c.v.",abarr. y art. de farmacia no grav,0,0,0,2018-01-01 al 2018-06-30
69366,mermelada fresa c jacq,24,270,gr,0,2012-10-04,mermelada,N,"sabormex, s.a. de .c.v.",abarr. y art. de farmacia no grav,0,0,0,2018-01-01 al 2018-06-30
69368,cafe internacional sobre 6/20/10gr,120,10,gr,0,2013-07-26,cafe soluble,S,"sabormex, s.a. de .c.v.",abarr. y art. de farmacia no grav,0,0,0,2018-01-01 al 2018-06-30
69370,mermelada de fresa clemente jacques,12,470,gr,0,2014-07-04,mermelada,N,"sabormex, s.a. de .c.v.",abarr. y art. de farmacia no grav,0,0,0,2018-01-01 al 2018-06-30
69374,frijol con chorizo la sierra,12,440,gr,0,2015-05-06,frijoles enlatados,N,"sabormex, s.a. de .c.v.",abarr. y art. de farmacia no grav,0,0,0,2018-01-01 al 2018-06-30
69377,cafe legal 6 paq. c/60 s/30 gr. c/u,360,30,gr,0,2015-11-26,cafe tostado y molido,S,"sabormex, s.a. de .c.v.",abarr. y art. de farmacia no grav,0,0,0,2018-01-01 al 2018-06-30
69378,chile jalapeno en rajas clemente jacq.,24,380,gr,0,2017-04-05,chiles jalapenos en rajas,S,"sabormex, s.a. de .c.v.",abarr. y art. de farmacia no grav,0,0,0,2018-01-01 al 2018-06-30
69379,chile jalapeno rajas rojas clemente jacq,24,220,gr,0,2017-11-22,chiles jalapenos en rajas,S,"sabormex, s.a. de .c.v.",abarr. y art. de farmacia no grav,0,0,0,2018-01-01 al 2018-06-30
81006,choc. en polvo multichoco vainilla,30,400,gr,0,1990-01-01,chocolate en polvo,S,"chocolateria jalisciense, s.a. de c.v.",pago abarrotes gravado ieps (propio,0,0,8,2018-01-01 al 2018-06-30
81009,multichoco,36,250,gr,0,1996-10-07,chocolate en polvo,S,"chocolateria jalisciense, s.a. de c.v.",pago abarrotes gravado ieps (propio,0,0,8,2018-01-01 al 2018-06-30
81012,chocolate en polvo choco rey,24,400,gr,0,2000-06-12,chocolate en polvo,S,"chocolateria jalisciense, s.a. de c.v.",pago abarrotes gravado ieps (propio,0,0,8,2018-01-01 al 2018-06-30
81017,chocolate en polvo sedesol-diconsa,30,400,gr,1,2009-02-17,chocolate en polvo,S,"chocolateria jalisciense, s.a. de c.v.",pago abarrotes gravado ieps (propio,1,1,8,2018-01-01 al 2018-06-30
81020,chocolate en polvo nutrichoco,24,375,gr,1,2012-08-24,chocolate en polvo,S,"chocolateria jalisciense, s.a. de c.v.",pago abarrotes gravado ieps (propio,0,0,8,2018-01-01 al 2018-06-30
81021,chocolate en polvo chokocho,24,375,gr,1,2012-08-24,chocolate en polvo,S,"chocolateria jalisciense, s.a. de c.v.",pago abarrotes gravado ieps (propio,0,0,8,2018-01-01 al 2018-06-30
81023,chocolate en polvo inst. 20 exh (20x25gr,20,500,gr,0,2014-03-03,chocolate en polvo,S,"chocolateria jalisciense, s.a. de c.v.",pago abarrotes gravado ieps (propio,0,0,8,2018-01-01 al 2018-06-30
81024,gelatina nutrichoco,30,190,gr,1,2014-03-03,gelatinas,N,"chocolateria jalisciense, s.a. de c.v.",pago abarrotes gravado ieps (propio,0,0,8,2018-01-01 al 2018-06-30
116004,chile jalapeno costena,6,2800,gr,0,1990-01-01,chiles jalapenos enteros,S,"conservas la costena, s.a. de c.v.",abarr. y art. de farmacia no grav,0,0,0,2018-01-01 al 2018-06-30
116005,chile jalapeno costena,48,220,gr,0,1990-01-01,chiles jalapenos enteros,S,"conservas la costena, s.a. de c.v.",abarr. y art. de farmacia no grav,1,0,0,2018-01-01 al 2018-06-30
116006,chile jalapeno costena,24,380,gr,0,1990-01-01,chiles jalapenos enteros,S,"conservas la costena, s.a. de c.v.",abarr. y art. de farmacia no grav,0,0,0,2018-01-01 al 2018-06-30
116012,chile serrano costena,24,380,gr,0,1990-01-01,chiles serranos,S,"conservas la costena, s.a. de c.v.",abarr. y art. de farmacia no grav,0,0,0,2018-01-01 al 2018-06-30
116021,rajas jalapeno costena,48,220,gr,0,1990-01-01,chiles jalapenos en rajas,S,"conservas la costena, s.a. de c.v.",abarr. y art. de farmacia no grav,0,0,0,2018-01-01 al 2018-06-30
116022,rajas jalapeno costena,24,380,gr,0,1990-01-01,chiles jalapenos en rajas,S,"conservas la costena, s.a. de c.v.",abarr. y art. de farmacia no grav,0,0,0,2018-01-01 al 2018-06-30
116037,duraznos en almibar mitades,12,820,gr,0,1990-01-01,frutas enlatadas,N,"conservas la costena, s.a. de c.v.",abarr. y art. de farmacia no grav,0,0,0,2018-01-01 al 2018-06-30
116042,pina rebanada en almibar costena,12,800,gr,0,1990-01-01,frutas enlatadas,N,"conservas la costena, s.a. de c.v.",abarr. y art. de farmacia no grav,0,0,0,2018-01-01 al 2018-06-30
116043,vinagre blanco cana,24,535,ml,0,1990-01-01,vinagre,N,"conservas la costena, s.a. de c.v.",abarr. y art. de farmacia no grav,0,0,0,2018-01-01 al 2018-06-30
116052,frijoles refritos negros la costena,12,580,gr,0,1990-01-01,frijoles enlatados,N,"conservas la costena, s.a. de c.v.",abarr. y art. de farmacia no grav,0,0,0,2018-01-01 al 2018-06-30
116053,frijoles refritos bayos la costena,12,580,gr,0,1990-01-01,frijoles enlatados,N,"conservas la costena, s.a. de c.v.",abarr. y art. de farmacia no grav,0,0,0,2018-01-01 al 2018-06-30
116055,frijoles enteros bayos la costena,12,560,gr,0,1990-01-01,frijoles enlatados,N,"conservas la costena, s.a. de c.v.",abarr. y art. de farmacia no grav,0,0,0,2018-01-01 al 2018-06-30
116061,mole en pasta vaso la costena,12,235,gr,0,1990-01-01,moles,N,"conservas la costena, s.a. de c.v.",abarr. y art. de farmacia no grav,0,0,0,2018-01-01 al 2018-06-30
116062,mangos rebanados en almibar,12,800,gr,0,1990-01-01,frutas enlatadas,N,"conservas la costena, s.a. de c.v.",abarr. y art. de farmacia no grav,0,0,0,2018-01-01 al 2018-06-30
116068,pure de tomate cond. combibloc,24,210,gr,0,1997-10-21,pure de tomate,N,"conservas la costena, s.a. de c.v.",abarr. y art. de farmacia no grav,0,0,0,2018-01-01 al 2018-06-30
116069,salsa picante en botella,12,370,ml,0,1997-10-21,salsa picante,N,"conservas la costena, s.a. de c.v.",abarr. y art. de farmacia no grav,0,0,0,2018-01-01 al 2018-06-30
116079,chiles chipotles,40,105,gr,0,1998-12-02,chiles chipotles,S,"conservas la costena, s.a. de c.v.",abarr. y art. de farmacia no grav,0,0,0,2018-01-01 al 2018-06-30
116080,chiles serranos,40,105,gr,0,1998-12-02,chiles serranos,S,"conservas la costena, s.a. de c.v.",abarr. y art. de farmacia no grav,0,0,0,2018-01-01 al 2018-06-30
116081,rajas de jalapenos,40,105,gr,0,1998-12-02,chiles jalapenos en rajas,S,"conservas la costena, s.a. de c.v.",abarr. y art. de farmacia no grav,0,0,0,2018-01-01 al 2018-06-30
116085,coctel de frutas,12,850,gr,0,1999-04-19,frutas enlatadas,N,"conservas la costena, s.a. de c.v.",abarr. y art. de farmacia no grav,0,0,0,2018-01-01 al 2018-06-30
116087,frijol refrito negro la costena,12,400,gr,0,1999-06-01,frijoles enlatados,N,"conservas la costena, s.a. de c.v.",abarr. y art. de farmacia no grav,0,0,0,2018-01-01 al 2018-06-30
116090,pina en trocitos en almibar,12,800,gr,0,2000-01-25,frutas enlatadas,N,"conservas la costena, s.a. de c.v.",abarr. y art. de farmacia no grav,0,0,0,2018-01-01 al 2018-06-30
116107,mayonesa con jugo de limones fco,24,105,gr,1,2000-09-04,mayonesas,S,"conservas la costena, s.a. de c.v.",abarr. y art. de farmacia no grav,0,0,0,2018-01-01 al 2018-06-30
116113,pure de tomate cond. combibloc,24,350,gr,0,2000-09-29,pure de tomate,N,"conservas la costena, s.a. de c.v.",abarr. y art. de farmacia no grav,0,0,0,2018-01-01 al 2018-06-30
116117,mayonesa aderezo ensalada,12,420,gr,1,2002-05-14,mayonesas,S,"conservas la costena, s.a. de c.v.",abarr. y art. de farmacia no grav,0,0,0,2018-01-01 al 2018-06-30
116119,grano de elote costena lata,24,220,gr,0,2002-05-14,elote,N,"conservas la costena, s.a. de c.v.",abarr. y art. de farmacia no grav,0,0,0,2018-01-01 al 2018-06-30
116120,chicharo la costena,24,220,gr,0,2002-05-14,chicharo,N,"conservas la costena, s.a. de c.v.",abarr. y art. de farmacia no grav,0,0,0,2018-01-01 al 2018-06-30
116121,ensalada de verdura,24,220,gr,0,2002-05-14,diversos vegetales envasados,N,"conservas la costena, s.a. de c.v.",abarr. y art. de farmacia no grav,0,0,0,2018-01-01 al 2018-06-30
116122,chile jalapeno costena,12,780,gr,0,2002-10-01,chiles jalapenos enteros,S,"conservas la costena, s.a. de c.v.",abarr. y art. de farmacia no grav,0,0,0,2018-01-01 al 2018-06-30
116123,rajas jalapeno costena,12,820,gr,0,2002-10-01,chiles jalapenos en rajas,S,"conservas la costena, s.a. de c.v.",abarr. y art. de farmacia no grav,0,0,0,2018-01-01 al 2018-06-30
116125,pure de tomate costena,12,800,gr,0,2003-01-27,pure de tomate,N,"conservas la costena, s.a. de c.v.",abarr. y art. de farmacia no grav,0,0,0,2018-01-01 al 2018-06-30
116126,chicharos la costena,24,420,gr,0,2003-03-03,chicharo,N,"conservas la costena, s.a. de c.v.",abarr. y art. de farmacia no grav,0,0,0,2018-01-01 al 2018-06-30
116127,ensalada de verduras,24,410,gr,0,2003-03-03,diversos vegetales envasados,N,"conservas la costena, s.a. de c.v.",abarr. y art. de farmacia no grav,0,0,0,2018-01-01 al 2018-06-30
116129,chicharos con zanahorias,24,220,gr,0,2003-03-03,chicharo con zanahoria,N,"conservas la costena, s.a. de c.v.",abarr. y art. de farmacia no grav,0,0,0,2018-01-01 al 2018-06-30
116136,mermelada fresa costena,12,270,gr,0,2004-06-18,mermelada,N,"conservas la costena, s.a. de c.v.",abarr. y art. de farmacia no grav,0,0,0,2018-01-01 al 2018-06-30
116137,mermelada de fresa costena,12,540,gr,0,2004-12-02,mermelada,N,"conservas la costena, s.a. de c.v.",abarr. y art. de farmacia no grav,0,0,0,2018-01-01 al 2018-06-30
116138,mayonesa con jugo de limones fco,12,725,gr,1,2005-05-13,mayonesas,S,"conservas la costena, s.a. de c.v.",abarr. y art. de farmacia no grav,0,0,0,2018-01-01 al 2018-06-30
116139,mayonesa con jugo de limones fco,12,385,gr,1,2005-05-13,mayonesas,S,"conservas la costena, s.a. de c.v.",abarr. y art. de farmacia no grav,0,0,0,2018-01-01 al 2018-06-30
116140,mayonesa con jugo de limones fco,12,190,gr,1,2005-05-13,mayonesas,S,"conservas la costena, s.a. de c.v.",abarr. y art. de farmacia no grav,0,0,0,2018-01-01 al 2018-06-30
116145,mayonesa c/limon la costena,4,3600,gr,0,2005-10-07,mayonesas,S,"conservas la costena, s.a. de c.v.",abarr. y art. de farmacia no grav,0,0,0,2018-01-01 al 2018-06-30
116151,frijoles refritos rancherita,12,445,gr,0,2005-11-03,frijoles enlatados,N,"conservas la costena, s.a. de c.v.",abarr. y art. de farmacia no grav,0,0,0,2018-01-01 al 2018-06-30
116154,frijoles refritos rancherita,24,234,gr,0,2005-11-03,frijoles enlatados,N,"conservas la costena, s.a. de c.v.",abarr. y art. de farmacia no grav,0,0,0,2018-01-01 al 2018-06-30
116160,rajas rojas la costena,24,220,gr,0,2006-11-24,chiles jalapenos en rajas,S,"conservas la costena, s.a. de c.v.",abarr. y art. de farmacia no grav,0,0,0,2018-01-01 al 2018-06-30
116161,chile chipotle la costena,24,220,gr,0,2006-11-24,chiles chipotles,S,"conservas la costena, s.a. de c.v.",abarr. y art. de farmacia no grav,0,0,0,2018-01-01 al 2018-06-30
116162,chile serrano costena,24,220,gr,0,2007-01-31,chiles serranos,S,"conservas la costena, s.a. de c.v.",abarr. y art. de farmacia no grav,0,0,0,2018-01-01 al 2018-06-30
116163,chile jalapeno en rodajas costena,24,220,gr,0,2007-01-31,chiles jalapenos en rajas,S,"conservas la costena, s.a. de c.v.",abarr. y art. de farmacia no grav,0,0,0,2018-01-01 al 2018-06-30
116164,jalapenos picados,24,220,gr,0,2007-01-31,chiles jalapenos en rajas,S,"conservas la costena, s.a. de c.v.",abarr. y art. de farmacia no grav,0,0,0,2018-01-01 al 2018-06-30
116165,frijoles charrros,12,560,gr,0,2007-08-07,frijoles enlatados,N,"conservas la costena, s.a. de c.v.",abarr. y art. de farmacia no grav,0,0,0,2018-01-01 al 2018-06-30
116166,crema de champinon la costena,12,430,gr,0,2007-10-12,diversas sopas envasadas y enlatadas,N,"conservas la costena, s.a. de c.v.",abarr. y art. de farmacia no grav,0,0,0,2018-01-01 al 2018-06-30
116167,crema de elote la costena,12,430,gr,0,2007-10-12,diversas sopas envasadas y enlatadas,N,"conservas la costena, s.a. de c.v.",abarr. y art. de farmacia no grav,0,0,0,2018-01-01 al 2018-06-30
116168,pozole rojo,12,810,gr,0,2007-10-12,diversas comidas preparadas,N,"conservas la costena, s.a. de c.v.",abarr. y art. de farmacia no grav,0,0,0,2018-01-01 al 2018-06-30
116169,pure de tomate cond. combibloc,12,1000,gr,0,2008-12-02,pure de tomate,N,"conservas la costena, s.a. de c.v.",abarr. y art. de farmacia no grav,0,0,0,2018-01-01 al 2018-06-30
116171,frijoles bayos ref. rancherita bolsa,24,430,gr,0,2009-06-08,frijoles enlatados,N,"conservas la costena, s.a. de c.v.",abarr. y art. de farmacia no grav,0,0,0,2018-01-01 al 2018-06-30
116172,frijoles negros ref. rancherita bolsa,24,430,gr,0,2009-06-08,frijoles enlatados,N,"conservas la costena, s.a. de c.v.",abarr. y art. de farmacia no grav,0,0,0,2018-01-01 al 2018-06-30
116176,salsa de chile habanero verde,24,150,gr,0,2010-11-25,salsas caseras,N,"conservas la costena, s.a. de c.v.",abarr. y art. de farmacia no grav,0,0,0,2018-01-01 al 2018-06-30
116177,salsa de chile habanero roja,24,150,gr,0,2010-11-25,salsas caseras,N,"conservas la costena, s.a. de c.v.",abarr. y art. de farmacia no grav,0,0,0,2018-01-01 al 2018-06-30
116178,frijoles stilo ranch,12,410,gr,0,2010-11-25,frijoles enlatados,N,"conservas la costena, s.a. de c.v.",abarr. y art. de farmacia no grav,0,0,0,2018-01-01 al 2018-06-30
116179,mayonesa light la costena,24,370,gr,1,2011-02-22,mayonesas,S,"conservas la costena, s.a. de c.v.",abarr. y art. de farmacia no grav,0,0,0,2018-01-01 al 2018-06-30
116180,grano de elote costena lata,24,410,gr,0,2011-04-29,elote,N,"conservas la costena, s.a. de c.v.",abarr. y art. de farmacia no grav,0,0,0,2018-01-01 al 2018-06-30
116182,cacahuate japones,50,55,gr,0,2012-10-12,dulces y caramelos,N,"conservas la costena, s.a. de c.v.",pago abarrotes gravado ieps (propio,0,0,8,2018-01-01 al 2018-06-30
116187,pure de tomate condimen.,24,220,gr,0,2013-03-26,pure de tomate,N,"conservas la costena, s.a. de c.v.",abarr. y art. de farmacia no grav,0,0,0,2018-01-01 al 2018-06-30
116188,salsa mexicana verde,24,220,gr,0,2013-03-26,salsas caseras,N,"conservas la costena, s.a. de c.v.",abarr. y art. de farmacia no grav,0,0,0,2018-01-01 al 2018-06-30
116192,salsa mexicana casera,24,220,gr,0,2015-03-04,salsas caseras,N,"conservas la costena, s.a. de c.v.",abarr. y art. de farmacia no grav,0,0,0,2018-01-01 al 2018-06-30
116193,salsa catsup pet caja,24,220,gr,0,2016-02-25,salsa catsup,N,"conservas la costena, s.a. de c.v.",abarr. y art. de farmacia no grav,0,0,0,2018-01-01 al 2018-06-30
116195,mayonesa aderezo ensalada,12,210,gr,0,2016-02-25,mayonesas,S,"conservas la costena, s.a. de c.v.",abarr. y art. de farmacia no grav,0,0,0,2018-01-01 al 2018-06-30
116196,chicharo con zanahoria la costena,24,420,gr,0,2018-01-26,chicharo,N,"conservas la costena, s.a. de c.v.",abarr. y art. de farmacia no grav,0,0,0,2018-01-01 al 2018-06-30
116197,salsa catsup pet brill,24,320,gr,0,2018-09-25,salsa catsup,N,"conservas la costena, s.a. de c.v.",abarr. y art. de farmacia no grav,0,0,0,2018-01-01 al 2018-06-30
130029,detergente paloma,20,900,gr,0,2003-05-09,detergente en polvo,S,"detergentes y jabones sasil, s.a.p.i. de c.v.",abarr. y art. de farmacia grav,0,0,0,2018-01-01 al 2018-06-30
130030,detergente paloma,40,450,gr,0,2003-05-09,detergente en polvo,S,"detergentes y jabones sasil, s.a.p.i. de c.v.",abarr. y art. de farmacia grav,0,0,0,2018-01-01 al 2018-06-30
130031,detergente biosol,20,900,gr,0,2003-05-09,detergente en polvo,S,"detergentes y jabones sasil, s.a.p.i. de c.v.",abarr. y art. de farmacia grav,0,0,0,2018-01-01 al 2018-06-30
130034,det. multiusos arcoiris aroma floral,20,900,gr,0,2003-05-09,detergente en polvo,S,"detergentes y jabones sasil, s.a.p.i. de c.v.",abarr. y art. de farmacia grav,0,0,0,2018-01-01 al 2018-06-30
130040,jabon de lavanderia titan rosa c/env.,20,350,gr,0,2008-10-22,jabon de lavanderia,S,"detergentes y jabones sasil, s.a.p.i. de c.v.",abarr. y art. de farmacia grav,0,0,0,2018-01-01 al 2018-06-30
130044,jabon de lavanderia moro,20,350,gr,0,2009-02-18,jabon de lavanderia,S,"detergentes y jabones sasil, s.a.p.i. de c.v.",abarr. y art. de farmacia grav,0,0,0,2018-01-01 al 2018-06-30
130045,jabon de lavanderia arco iris rosa,20,350,gr,0,2009-10-26,jabon de lavanderia,S,"detergentes y jabones sasil, s.a.p.i. de c.v.",abarr. y art. de farmacia grav,0,0,0,2018-01-01 al 2018-06-30
130046,jabon de lavanderia arco iris blanco,20,350,gr,0,2009-10-26,jabon de lavanderia,S,"detergentes y jabones sasil, s.a.p.i. de c.v.",abarr. y art. de farmacia grav,0,0,0,2018-01-01 al 2018-06-30
130048,detergente marca propia,20,1,kg,0,2012-09-24,detergente en polvo,S,"detergentes y jabones sasil, s.a.p.i. de c.v.",abarr. y art. de farmacia grav,1,1,0,2018-01-01 al 2018-06-30
131006,salsa picante san luis,20,210,ml,0,2008-09-29,salsa picante,N,detersol s.a. de c.v.,abarr. y art. de farmacia no grav,0,0,0,2018-01-01 al 2018-06-30
131014,salsa san luis botella,12,1000,gr,0,2010-08-26,salsa picante,N,detersol s.a. de c.v.,abarr. y art. de farmacia no grav,0,0,0,2018-01-01 al 2018-06-30
131015,salsa san luis botella,20,490,gr,0,2010-08-26,salsa picante,N,detersol s.a. de c.v.,abarr. y art. de farmacia no grav,0,0,0,2018-01-01 al 2018-06-30
131016,salsa san luis,12,1510,gr,0,2010-08-26,salsa picante,N,detersol s.a. de c.v.,abarr. y art. de farmacia no grav,0,0,0,2018-01-01 al 2018-06-30
173001,alubia chica envasada el fresno,1,500,gr,0,1990-01-01,alubia,S,"empacadora el fresno, s.a. de c.v.",abarr. y art. de farmacia no grav,0,0,0,2018-01-01 al 2018-06-30
173010,maiz palomero el fresno,1,500,gr,0,1990-01-01,maiz palomero,N,"empacadora el fresno, s.a. de c.v.",abarr. y art. de farmacia no grav,0,0,0,2018-01-01 al 2018-06-30
173017,lenteja chica envasada el fresno,1,500,gr,0,2004-11-25,lentejas,S,"empacadora el fresno, s.a. de c.v.",abarr. y art. de farmacia no grav,1,0,0,2018-01-01 al 2018-06-30
173021,frijol negro san luis envasado,1,1,kg,0,2010-05-10,frijol envasado,S,"empacadora el fresno, s.a. de c.v.",frijol,1,0,0,2018-01-01 al 2018-06-30
173022,frijol pinto saltillo envasado,1,1,kg,0,2010-09-08,frijol envasado,S,"empacadora el fresno, s.a. de c.v.",frijol,0,0,0,2018-01-01 al 2018-06-30
173023,frijol negro jamapa a granel,1,1,kg,0,2010-09-08,frijol a granel,S,"empacadora el fresno, s.a. de c.v.",frijol,0,0,0,2018-01-01 al 2018-06-30
173024,frijol negro jamapa envasado,1,1,kg,0,2010-09-08,frijol envasado,S,"empacadora el fresno, s.a. de c.v.",frijol,1,0,0,2018-01-01 al 2018-06-30
173026,frijol negro san luis a granel,1,1,kg,0,2011-01-13,frijol a granel,S,"empacadora el fresno, s.a. de c.v.",frijol,0,0,0,2018-01-01 al 2018-06-30
173028,frijol negro queretaro envasado,1,1,kg,0,2011-03-10,frijol envasado,S,"empacadora el fresno, s.a. de c.v.",frijol,1,0,0,2018-01-01 al 2018-06-30
173029,frijol negro queretaro a granel,1,1,kg,0,2011-03-10,frijol a granel,S,"empacadora el fresno, s.a. de c.v.",frijol,0,0,0,2018-01-01 al 2018-06-30
173030,frijol flor de mayo a granel,1,1,kg,0,2011-03-10,frijol a granel,S,"empacadora el fresno, s.a. de c.v.",frijol,0,0,0,2018-01-01 al 2018-06-30
173031,frijol flor de mayo envasado,1,1,kg,0,2011-09-06,frijol envasado,S,"empacadora el fresno, s.a. de c.v.",frijol,0,0,0,2018-01-01 al 2018-06-30
173034,arroz g largo 5% envasado,1,1,kg,0,2013-05-07,arroz envasado,S,"empacadora el fresno, s.a. de c.v.",arroz,1,0,0,2018-01-01 al 2018-06-30
173037,alubia chica,1,1,kg,0,2015-02-27,alubia,S,"empacadora el fresno, s.a. de c.v.",abarr. y art. de farmacia no grav,0,0,0,2018-01-01 al 2018-06-30
173038,haba pelada el fresno,1,1,kg,0,2015-02-27,haba pelada,S,"empacadora el fresno, s.a. de c.v.",abarr. y art. de farmacia no grav,0,0,0,2018-01-01 al 2018-06-30
173039,garbanza envasada el fresno,1,1,kg,0,2015-11-05,garbanzo,S,"empacadora el fresno, s.a. de c.v.",abarr. y art. de farmacia no grav,0,0,0,2018-01-01 al 2018-06-30
173040,garbanza envasada el fresno,1,500,gr,0,2015-11-05,garbanzo,S,"empacadora el fresno, s.a. de c.v.",abarr. y art. de farmacia no grav,0,0,0,2018-01-01 al 2018-06-30
173041,haba pelada envasada el fresno,1,500,gr,0,2015-11-05,haba pelada,S,"empacadora el fresno, s.a. de c.v.",abarr. y art. de farmacia no grav,0,0,0,2018-01-01 al 2018-06-30
173042,mole rojo,12,1,kg,0,2018-02-09,moles,N,"empacadora el fresno, s.a. de c.v.",abarr. y art. de farmacia no grav,0,0,0,2018-01-01 al 2018-06-30
173043,mazapan,350,25,gr,0,2018-03-20,dulces y caramelos,N,"empacadora el fresno, s.a. de c.v.",pago abarrotes gravado ieps (propio,0,0,8,2018-01-01 al 2018-06-30
185014,gelatina en polvo chispa surtido,50,170,gr,1,1990-01-01,gelatinas,N,martinez gonzalez ernestina,pago abarrotes gravado ieps (propio,0,0,8,2018-01-01 al 2018-06-30
217038,detergente biologico foca,4,5,kg,0,1997-11-18,detergente en polvo,S,"fabrica de jabon la corona, s.a. de c.v.",abarr. y art. de farmacia grav,0,0,0,2018-01-01 al 2018-06-30
217042,detergente biologico foca,10,2,kg,0,1990-01-01,detergente en polvo,S,"fabrica de jabon la corona, s.a. de c.v.",abarr. y art. de farmacia grav,0,0,0,2018-01-01 al 2018-06-30
217046,jabon tocador rosa venus,30,200,gr,0,1990-01-01,jabones de tocador,S,"fabrica de jabon la corona, s.a. de c.v.",abarr. y art. de farmacia grav,0,0,0,2018-01-01 al 2018-06-30
217047,jabon tocador rosa venus,40,150,gr,0,1990-01-01,jabones de tocador,S,"fabrica de jabon la corona, s.a. de c.v.",abarr. y art. de farmacia grav,0,0,0,2018-01-01 al 2018-06-30
217048,jabon tocador rosa venus,60,100,gr,0,1990-01-01,jabones de tocador,S,"fabrica de jabon la corona, s.a. de c.v.",abarr. y art. de farmacia grav,0,0,0,2018-01-01 al 2018-06-30
217049,jabon tocador tepeyac lujo amarillo,40,150,gr,0,1999-05-27,jabones de tocador,S,"fabrica de jabon la corona, s.a. de c.v.",abarr. y art. de farmacia grav,0,0,0,2018-01-01 al 2018-06-30
217050,jabon tocador tepeyac lujo verde,40,150,gr,0,1999-05-27,jabones de tocador,S,"fabrica de jabon la corona, s.a. de c.v.",abarr. y art. de farmacia grav,0,0,0,2018-01-01 al 2018-06-30
217051,jabon tocador tepeyac lujo rosa,40,150,gr,0,1999-05-27,jabones de tocador,S,"fabrica de jabon la corona, s.a. de c.v.",abarr. y art. de farmacia grav,0,0,0,2018-01-01 al 2018-06-30
217052,jabon tocador tepeyac lujo amarillo,60,100,gr,0,1999-05-27,jabones de tocador,S,"fabrica de jabon la corona, s.a. de c.v.",abarr. y art. de farmacia grav,0,0,0,2018-01-01 al 2018-06-30
217054,jabon tocador tepeyac lujo rosa,60,100,gr,0,1999-05-27,jabones de tocador,S,"fabrica de jabon la corona, s.a. de c.v.",abarr. y art. de farmacia grav,0,0,0,2018-01-01 al 2018-06-30
217065,jabon lavanderia tepeyac amarillo s/env.,25,400,gr,0,1999-05-27,jabon de lavanderia,S,"fabrica de jabon la corona, s.a. de c.v.",abarr. y art. de farmacia grav,0,0,0,2018-01-01 al 2018-06-30
217067,jabon lavanderia corona amarillo,25,400,gr,0,1990-01-01,jabon de lavanderia,S,"fabrica de jabon la corona, s.a. de c.v.",abarr. y art. de farmacia grav,0,0,0,2018-01-01 al 2018-06-30
217068,jabon lavanderia corona amarillo,50,200,gr,0,1990-01-01,jabon de lavanderia,S,"fabrica de jabon la corona, s.a. de c.v.",abarr. y art. de farmacia grav,0,0,0,2018-01-01 al 2018-06-30
217069,jabon lavanderia zote rosa,25,400,gr,0,1990-01-01,jabon de lavanderia,S,"fabrica de jabon la corona, s.a. de c.v.",abarr. y art. de farmacia grav,0,0,0,2018-01-01 al 2018-06-30
217070,jabon lavanderia zote blanco,25,400,gr,0,1990-01-01,jabon de lavanderia,S,"fabrica de jabon la corona, s.a. de c.v.",abarr. y art. de farmacia grav,0,0,0,2018-01-01 al 2018-06-30
217071,jabon lavanderia zote rosa,50,200,gr,0,1990-01-01,jabon de lavanderia,S,"fabrica de jabon la corona, s.a. de c.v.",abarr. y art. de farmacia grav,0,0,0,2018-01-01 al 2018-06-30
217072,jabon lavanderia zote blanco,50,200,gr,0,1990-01-01,jabon de lavanderia,S,"fabrica de jabon la corona, s.a. de c.v.",abarr. y art. de farmacia grav,0,0,0,2018-01-01 al 2018-06-30
217073,detergente biologico foca,10,1,kg,0,1990-01-01,detergente en polvo,S,"fabrica de jabon la corona, s.a. de c.v.",abarr. y art. de farmacia grav,1,0,0,2018-01-01 al 2018-06-30
217074,detergente biologico foca grande,20,500,gr,0,1990-01-01,detergente en polvo,S,"fabrica de jabon la corona, s.a. de c.v.",abarr. y art. de farmacia grav,0,0,0,2018-01-01 al 2018-06-30
217075,detergente biologico foca mediano,40,250,gr,0,1990-01-01,detergente en polvo,S,"fabrica de jabon la corona, s.a. de c.v.",abarr. y art. de farmacia grav,0,0,0,2018-01-01 al 2018-06-30
217076,detergente roma moteado economico,10,1,kg,0,1990-01-01,detergente en polvo,S,"fabrica de jabon la corona, s.a. de c.v.",abarr. y art. de farmacia grav,0,0,0,2018-01-01 al 2018-06-30
217077,detergente roma moteado grande,20,500,gr,0,1990-01-01,detergente en polvo,S,"fabrica de jabon la corona, s.a. de c.v.",abarr. y art. de farmacia grav,0,0,0,2018-01-01 al 2018-06-30
217078,detergente roma moteado mediano,40,250,gr,0,1990-01-01,detergente en polvo,S,"fabrica de jabon la corona, s.a. de c.v.",abarr. y art. de farmacia grav,0,0,0,2018-01-01 al 2018-06-30
217082,detergente suavizante puro sol,10,1,kg,0,1990-01-01,detergente en polvo,S,"fabrica de jabon la corona, s.a. de c.v.",abarr. y art. de farmacia grav,0,0,0,2018-01-01 al 2018-06-30
217083,detergente suavizante puro sol,20,500,gr,0,1990-01-01,detergente en polvo,S,"fabrica de jabon la corona, s.a. de c.v.",abarr. y art. de farmacia grav,0,0,0,2018-01-01 al 2018-06-30
217084,detergente suavizante puro sol,40,250,gr,0,1990-01-01,detergente en polvo,S,"fabrica de jabon la corona, s.a. de c.v.",abarr. y art. de farmacia grav,0,0,0,2018-01-01 al 2018-06-30
217085,crema dental briden,25,100,ml,0,1990-01-01,cremas dentales,S,"fabrica de jabon la corona, s.a. de c.v.",abarr. y art. de farmacia grav,0,0,0,2018-01-01 al 2018-06-30
217087,aceite comestible vegetal 1-2-3,12,1,lt,0,1990-01-01,aceite vegetal comestible,S,"fabrica de jabon la corona, s.a. de c.v.",abarr. y art. de farmacia no grav,0,0,0,2018-01-01 al 2018-06-30
217095,jabon de tocador venus rosa,40,150,gr,0,1990-01-01,jabones de tocador,S,"fabrica de jabon la corona, s.a. de c.v.",abarr. y art. de farmacia grav,0,0,0,2018-01-01 al 2018-06-30
217096,aceite comestible vegetal 1-2-3,24,500,ml,0,1990-01-01,aceite vegetal comestible,S,"fabrica de jabon la corona, s.a. de c.v.",abarr. y art. de farmacia no grav,0,0,0,2018-01-01 al 2018-06-30
217122,detergente blanca nieves,4,5,kg,0,1999-05-27,detergente en polvo,S,"fabrica de jabon la corona, s.a. de c.v.",abarr. y art. de farmacia grav,0,0,0,2018-01-01 al 2018-06-30
217123,detergente blanca nieves,10,2,kg,0,1999-05-27,detergente en polvo,S,"fabrica de jabon la corona, s.a. de c.v.",abarr. y art. de farmacia grav,0,0,0,2018-01-01 al 2018-06-30
217124,detergente blanca nieves,10,1,kg,0,1999-05-27,detergente en polvo,S,"fabrica de jabon la corona, s.a. de c.v.",abarr. y art. de farmacia grav,0,0,0,2018-01-01 al 2018-06-30
217125,detergente blanca nieves,20,500,gr,0,1999-05-27,detergente en polvo,S,"fabrica de jabon la corona, s.a. de c.v.",abarr. y art. de farmacia grav,0,0,0,2018-01-01 al 2018-06-30
217126,detergente blanca nieves,40,250,gr,0,1999-05-27,detergente en polvo,S,"fabrica de jabon la corona, s.a. de c.v.",abarr. y art. de farmacia grav,0,0,0,2018-01-01 al 2018-06-30
217137,jabon de lavanderia corona rosa c/env.,25,400,gr,0,2001-04-27,jabon de lavanderia,S,"fabrica de jabon la corona, s.a. de c.v.",abarr. y art. de farmacia grav,0,0,0,2018-01-01 al 2018-06-30
217216,detergente liquido foca,12,1,lt,0,2005-10-05,detergente liquido,N,"fabrica de jabon la corona, s.a. de c.v.",abarr. y art. de farmacia grav,0,0,0,2018-01-01 al 2018-06-30
217217,shampoo p/ropa blanca nieves,12,1,lt,0,2005-10-05,suavizantes de tela,N,"fabrica de jabon la corona, s.a. de c.v.",abarr. y art. de farmacia grav,0,0,0,2018-01-01 al 2018-06-30
217223,detergente lavatrastes briloza,10,1,kg,0,2006-04-07,detergente en polvo,S,"fabrica de jabon la corona, s.a. de c.v.",abarr. y art. de farmacia grav,0,0,0,2018-01-01 al 2018-06-30
217224,detergente lavatrastes briloza,20,500,gr,0,2006-04-07,detergente en polvo,S,"fabrica de jabon la corona, s.a. de c.v.",abarr. y art. de farmacia grav,0,0,0,2018-01-01 al 2018-06-30
217225,jabon de lavanderia zote azul,25,400,gr,0,2006-04-07,jabon de lavanderia,S,"fabrica de jabon la corona, s.a. de c.v.",abarr. y art. de farmacia grav,0,0,0,2018-01-01 al 2018-06-30
217226,jabon de toc neutro e hipoalergen tersso,50,120,gr,0,2006-09-08,jabones de tocador,S,"fabrica de jabon la corona, s.a. de c.v.",abarr. y art. de farmacia grav,0,0,0,2018-01-01 al 2018-06-30
217227,jabon de toc neutro e hipoalergen tersso,30,200,gr,0,2006-09-08,jabones de tocador,S,"fabrica de jabon la corona, s.a. de c.v.",abarr. y art. de farmacia grav,0,0,0,2018-01-01 al 2018-06-30
217229,jabon de tocador manilva,40,150,gr,0,2008-05-21,jabones de tocador,S,"fabrica de jabon la corona, s.a. de c.v.",abarr. y art. de farmacia grav,0,0,0,2018-01-01 al 2018-06-30
217230,jabon de lavanderia daroma,25,400,gr,0,2008-09-25,jabon de lavanderia,S,"fabrica de jabon la corona, s.a. de c.v.",abarr. y art. de farmacia grav,0,0,0,2018-01-01 al 2018-06-30
217233,jabon lavanderia zote blanco,60,100,gr,0,2010-06-22,jabon de lavanderia,S,"fabrica de jabon la corona, s.a. de c.v.",abarr. y art. de farmacia grav,0,0,0,2018-01-01 al 2018-06-30
217234,jabon lavanderia zote rosa,60,100,gr,0,2010-06-22,jabon de lavanderia,S,"fabrica de jabon la corona, s.a. de c.v.",abarr. y art. de farmacia grav,0,0,0,2018-01-01 al 2018-06-30
217235,detergente liquido briloza,12,730,ml,0,2010-06-22,detergente liquido,N,"fabrica de jabon la corona, s.a. de c.v.",abarr. y art. de farmacia grav,0,0,0,2018-01-01 al 2018-06-30
220020,papel higienico perla 200 hojas dobles,24,4,pz,0,1997-04-30,papel higienico,S,"fabricas de papel potosi, s.a. de c.v.",abarr. y art. de farmacia grav,0,0,0,2018-01-01 al 2018-06-30
220022,papel higienico marca real 200 h.d.,24,4,pz,0,1999-01-26,papel higienico,S,"fabricas de papel potosi, s.a. de c.v.",abarr. y art. de farmacia grav,0,0,0,2018-01-01 al 2018-06-30
220027,papel higienico perla 500 hojas,12,4,pz,0,2004-02-16,papel higienico,S,"fabricas de papel potosi, s.a. de c.v.",abarr. y art. de farmacia grav,0,0,0,2018-01-01 al 2018-06-30
220032,papel higienico hogar 300 hd,12,4,pz,0,2013-04-04,papel higienico,S,"fabricas de papel potosi, s.a. de c.v.",abarr. y art. de farmacia grav,0,0,0,2018-01-01 al 2018-06-30
220036,papel higienico hogar 400 hd,12,4,pz,0,2016-10-24,papel higienico,S,"fabricas de papel potosi, s.a. de c.v.",abarr. y art. de farmacia grav,0,0,0,2018-01-01 al 2018-06-30
220037,servilleta menu bco. 125 h 24x25 cm,48,125,pz,0,2016-10-24,servilletas,N,"fabricas de papel potosi, s.a. de c.v.",abarr. y art. de farmacia grav,0,0,0,2018-01-01 al 2018-06-30
220038,servilleta perla 125h  24x25cm,48,125,pz,0,2016-10-24,servilletas,N,"fabricas de papel potosi, s.a. de c.v.",abarr. y art. de farmacia grav,0,0,0,2018-01-01 al 2018-06-30
231014,gall. gran soda,15,145,gr,0,1990-01-01,galletas diversas,S,"galletera richaud hermanos, s.a. de c.v.",abarr. y art. de farmacia no grav,0,0,0,2018-01-01 al 2018-06-30
231015,gall. soda mil 10 paq.,10,130,gr,0,1990-01-01,galletas diversas,S,"galletera richaud hermanos, s.a. de c.v.",abarr. y art. de farmacia no grav,0,0,0,2018-01-01 al 2018-06-30
231017,gall. delicias rich,12,140,gr,0,1990-01-01,galletas diversas,S,"galletera richaud hermanos, s.a. de c.v.",pago abarrotes gravado ieps (propio,0,0,8,2018-01-01 al 2018-06-30
231039,galletas canelocas,10,140,gr,0,1998-09-23,galletas diversas,S,"galletera richaud hermanos, s.a. de c.v.",pago abarrotes gravado ieps (propio,0,0,8,2018-01-01 al 2018-06-30
231043,galleta animalitos richaud,6,800,gr,0,2001-07-09,galletas basicas,S,"galletera richaud hermanos, s.a. de c.v.",pago abarrotes gravado ieps (propio,0,0,8,2018-01-01 al 2018-06-30
231046,galleta ovalbol richaud,6,800,gr,0,2001-07-09,galletas diversas,S,"galletera richaud hermanos, s.a. de c.v.",pago abarrotes gravado ieps (propio,0,0,8,2018-01-01 al 2018-06-30
231049,galleta ovalbol grande richaud,6,800,gr,0,2001-07-09,galletas diversas,S,"galletera richaud hermanos, s.a. de c.v.",pago abarrotes gravado ieps (propio,0,0,8,2018-01-01 al 2018-06-30
231052,galletas animalitos,12,150,gr,0,2003-09-11,galletas basicas,S,"galletera richaud hermanos, s.a. de c.v.",pago abarrotes gravado ieps (propio,0,0,8,2018-01-01 al 2018-06-30
231054,galletas ovalbol rich,30,150,gr,0,2004-02-18,galletas diversas,S,"galletera richaud hermanos, s.a. de c.v.",pago abarrotes gravado ieps (propio,0,0,8,2018-01-01 al 2018-06-30
231057,galletas globiricos,14,135,gr,0,2007-08-31,galletas diversas,S,"galletera richaud hermanos, s.a. de c.v.",abarr. y art. de farmacia no grav,0,0,0,2018-01-01 al 2018-06-30
231060,galletas bizcochitos,14,150,gr,0,2009-05-08,galletas diversas,S,"galletera richaud hermanos, s.a. de c.v.",abarr. y art. de farmacia no grav,0,0,0,2018-01-01 al 2018-06-30
231061,galleta soda mil sabor queso,15,60,gr,0,2009-05-08,galletas diversas,S,"galletera richaud hermanos, s.a. de c.v.",pago abarrotes gravado ieps (propio,0,0,8,2018-01-01 al 2018-06-30
231062,galleta soda mil sabor especias,15,60,gr,0,2009-05-08,galletas diversas,S,"galletera richaud hermanos, s.a. de c.v.",pago abarrotes gravado ieps (propio,0,0,8,2018-01-01 al 2018-06-30
231063,galleta soda mil integral,15,60,gr,0,2009-05-08,galletas diversas,S,"galletera richaud hermanos, s.a. de c.v.",pago abarrotes gravado ieps (propio,0,0,8,2018-01-01 al 2018-06-30
231064,galleta veletas sabor coco,6,800,gr,0,2009-05-08,galletas diversas,S,"galletera richaud hermanos, s.a. de c.v.",pago abarrotes gravado ieps (propio,0,0,8,2018-01-01 al 2018-06-30
233008,galleta dora,1,1,kg,1,1990-01-01,galletas diversas,S,"galletera de puebla, s.a. de c.v.",pago abarrotes gravado ieps (propio,0,0,8,2018-01-01 al 2018-06-30
233012,galleta maria,1,1,kg,1,1990-01-01,galletas basicas,S,"galletera de puebla, s.a. de c.v.",pago abarrotes gravado ieps (propio,0,0,8,2018-01-01 al 2018-06-30
233026,galleta surtido fiesta,1,1,kg,1,1990-01-01,galletas diversas,S,"galletera de puebla, s.a. de c.v.",pago abarrotes gravado ieps (propio,0,0,8,2018-01-01 al 2018-06-30
233028,galletas animalitos gapsa,12,500,gr,1,1990-01-01,galletas basicas,S,"galletera de puebla, s.a. de c.v.",pago abarrotes gravado ieps (propio,0,0,8,2018-01-01 al 2018-06-30
233074,pasta sopa macarron,20,200,gr,0,1990-01-01,pastas para sopa largas,S,"galletera de puebla, s.a. de c.v.",abarr. y art. de farmacia no grav,0,0,0,2018-01-01 al 2018-06-30
233077,galleta rosi gapsa,30,75,gr,1,1990-01-01,galletas diversas,S,"galletera de puebla, s.a. de c.v.",pago abarrotes gravado ieps (propio,0,0,8,2018-01-01 al 2018-06-30
233079,galletas de animalitos gapsa,6,1,kg,1,1990-01-01,galletas basicas,S,"galletera de puebla, s.a. de c.v.",pago abarrotes gravado ieps (propio,0,0,8,2018-01-01 al 2018-06-30
233117,galleta surtido felicidad el burrito,30,250,gr,1,2000-06-09,galletas diversas,S,"galletera de puebla, s.a. de c.v.",pago abarrotes gravado ieps (propio,0,0,8,2018-01-01 al 2018-06-30
233118,galletas marias rollo,30,204,gr,1,2004-03-18,galletas basicas,S,"galletera de puebla, s.a. de c.v.",pago abarrotes gravado ieps (propio,0,0,8,2018-01-01 al 2018-06-30
233131,galleta surtido brindis,16,750,gr,1,2008-10-23,galletas diversas,S,"galletera de puebla, s.a. de c.v.",pago abarrotes gravado ieps (propio,0,0,8,2018-01-01 al 2018-06-30
233132,galleta surtido festival,10,500,gr,1,2008-12-01,galletas diversas,S,"galletera de puebla, s.a. de c.v.",pago abarrotes gravado ieps (propio,0,0,8,2018-01-01 al 2018-06-30
233135,galleta surtido fiesta,1,800,gr,1,2009-07-08,galletas diversas,S,"galletera de puebla, s.a. de c.v.",pago abarrotes gravado ieps (propio,0,0,8,2018-01-01 al 2018-06-30
233139,galleta goyescas,6,125,gr,0,2014-04-29,galletas diversas,S,"galletera de puebla, s.a. de c.v.",pago abarrotes gravado ieps (propio,0,0,8,2018-01-01 al 2018-06-30
233140,galleta poblanita,8,80,gr,0,2014-04-29,galletas diversas,S,"galletera de puebla, s.a. de c.v.",pago abarrotes gravado ieps (propio,0,0,8,2018-01-01 al 2018-06-30
233141,galleta angelopolitana,3,200,gr,0,2014-04-29,galletas diversas,S,"galletera de puebla, s.a. de c.v.",pago abarrotes gravado ieps (propio,0,0,8,2018-01-01 al 2018-06-30
233142,pasta sopa caracol gapsa,20,200,gr,0,2014-12-03,pastas para sopa huecas,S,"galletera de puebla, s.a. de c.v.",abarr. y art. de farmacia no grav,0,0,0,2018-01-01 al 2018-06-30
233143,pasta sopa codo gapsa,20,200,gr,0,2014-11-18,pastas para sopa huecas,S,"galletera de puebla, s.a. de c.v.",abarr. y art. de farmacia no grav,0,0,0,2018-01-01 al 2018-06-30
233144,pasta sopa pluma gapsa,20,200,gr,0,2014-11-18,pastas para sopa huecas,S,"galletera de puebla, s.a. de c.v.",abarr. y art. de farmacia no grav,0,0,0,2018-01-01 al 2018-06-30
233145,pasta sopa spaguetti gapsa,20,200,gr,0,2014-11-18,pastas para sopa largas,S,"galletera de puebla, s.a. de c.v.",abarr. y art. de farmacia no grav,0,0,0,2018-01-01 al 2018-06-30
233146,pasta sopa fideo grueso gapsa,20,180,gr,0,2014-11-18,pastas para sopa fideo,S,"galletera de puebla, s.a. de c.v.",abarr. y art. de farmacia no grav,0,0,0,2018-01-01 al 2018-06-30
233147,pasta sopa tallarin gapsa,20,180,gr,0,2014-11-18,pastas para sopa menudas,S,"galletera de puebla, s.a. de c.v.",abarr. y art. de farmacia no grav,0,0,0,2018-01-01 al 2018-06-30
233148,galletas tru-kis,10,330,gr,0,2018-02-20,galletas diversas,S,"galletera de puebla, s.a. de c.v.",pago abarrotes gravado ieps (propio,0,0,8,2018-01-01 al 2018-06-30
233149,galletas marias,20,170,gr,0,2018-02-20,galletas basicas,S,"galletera de puebla, s.a. de c.v.",pago abarrotes gravado ieps (propio,0,0,8,2018-01-01 al 2018-06-30
234002,gall de animalitos enriquecida la italia,20,200,gr,1,2001-12-06,galletas basicas,S,"galletera italiana, s.a. de c.v.",pago abarrotes gravado ieps (propio,0,0,8,2018-01-01 al 2018-06-30
234003,gall de animalitos enriquecida la italia,6,1,kg,1,2001-12-06,galletas basicas,S,"galletera italiana, s.a. de c.v.",pago abarrotes gravado ieps (propio,0,0,8,2018-01-01 al 2018-06-30
234005,galleta maria italiana,1,1,kg,1,1990-01-01,galletas basicas,S,"galletera italiana, s.a. de c.v.",pago abarrotes gravado ieps (propio,0,0,8,2018-01-01 al 2018-06-30
234006,gall marias enriquecida la italiana,30,200,gr,1,2001-12-06,galletas basicas,S,"galletera italiana, s.a. de c.v.",pago abarrotes gravado ieps (propio,0,0,8,2018-01-01 al 2018-06-30
234055,galleta ovalada gisa,1,5,kg,1,2000-11-10,galletas diversas,S,"galletera italiana, s.a. de c.v.",pago abarrotes gravado ieps (propio,0,0,8,2018-01-01 al 2018-06-30
234058,galleta tradicional gisa,6,1,kg,0,2005-04-08,galletas diversas,S,"galletera italiana, s.a. de c.v.",pago abarrotes gravado ieps (propio,0,0,8,2018-01-01 al 2018-06-30
234059,galleta maria gisa bobina metalizada,20,170,gr,0,2005-05-30,galletas basicas,S,"galletera italiana, s.a. de c.v.",pago abarrotes gravado ieps (propio,0,0,8,2018-01-01 al 2018-06-30
234060,galleta pringuita,20,360,gr,0,2005-06-20,galletas diversas,S,"galletera italiana, s.a. de c.v.",pago abarrotes gravado ieps (propio,0,0,8,2018-01-01 al 2018-06-30
234065,galleta polvorones de naranja gisa,20,240,gr,0,2005-12-01,galletas diversas,S,"galletera italiana, s.a. de c.v.",pago abarrotes gravado ieps (propio,0,0,8,2018-01-01 al 2018-06-30
234071,galleta choco animalitos  gisa,18,80,gr,0,2009-07-20,galletas diversas,S,"galletera italiana, s.a. de c.v.",pago abarrotes gravado ieps (propio,0,0,8,2018-01-01 al 2018-06-30
234072,surtido exquisito,12,1,kg,0,2010-01-25,galletas diversas,S,"galletera italiana, s.a. de c.v.",pago abarrotes gravado ieps (propio,0,0,8,2018-01-01 al 2018-06-30
234074,galleta surtido capri gisa,12,500,gr,0,2010-11-25,galletas diversas,S,"galletera italiana, s.a. de c.v.",pago abarrotes gravado ieps (propio,0,0,8,2018-01-01 al 2018-06-30
234086,gall animalitos a granel gisa,1,5,kg,0,2014-04-25,galletas basicas,S,"galletera italiana, s.a. de c.v.",pago abarrotes gravado ieps (propio,0,0,8,2018-01-01 al 2018-06-30
234087,gall animalitos gisa bolsa,12,500,gr,0,2014-04-25,galletas basicas,S,"galletera italiana, s.a. de c.v.",pago abarrotes gravado ieps (propio,0,0,8,2018-01-01 al 2018-06-30
234088,gall animalitos s/choco gisa,36,65,gr,0,2014-04-25,galletas basicas,S,"galletera italiana, s.a. de c.v.",pago abarrotes gravado ieps (propio,0,0,8,2018-01-01 al 2018-06-30
234089,mini polvoron naranja gisa,36,75,gr,0,2014-04-25,galletas diversas,S,"galletera italiana, s.a. de c.v.",pago abarrotes gravado ieps (propio,0,0,8,2018-01-01 al 2018-06-30
234090,mini ricitos de canela gisa,36,75,gr,0,2014-04-25,galletas diversas,S,"galletera italiana, s.a. de c.v.",pago abarrotes gravado ieps (propio,0,0,8,2018-01-01 al 2018-06-30
234091,gall ovalada bolsa gisa,6,1,kg,0,2014-04-25,galletas diversas,S,"galletera italiana, s.a. de c.v.",pago abarrotes gravado ieps (propio,0,0,8,2018-01-01 al 2018-06-30
234092,polvoron de avena integral gisa,210,25,gr,0,2014-04-25,galletas diversas,S,"galletera italiana, s.a. de c.v.",pago abarrotes gravado ieps (propio,0,0,8,2018-01-01 al 2018-06-30
234093,pringuitas de chocolate gisa,10,240,gr,0,2014-04-25,galletas diversas,S,"galletera italiana, s.a. de c.v.",pago abarrotes gravado ieps (propio,0,0,8,2018-01-01 al 2018-06-30
234094,galleta maria gisa,30,160,gr,0,2014-04-28,galletas basicas,S,"galletera italiana, s.a. de c.v.",pago abarrotes gravado ieps (propio,0,0,8,2018-01-01 al 2018-06-30
234096,galleta surtido rico,12,305,gr,1,2014-09-23,galletas diversas,S,"galletera italiana, s.a. de c.v.",pago abarrotes gravado ieps (propio,0,0,8,2018-01-01 al 2018-06-30
234097,surtido rico,6,610,gr,0,2014-09-23,galletas diversas,S,"galletera italiana, s.a. de c.v.",pago abarrotes gravado ieps (propio,0,0,8,2018-01-01 al 2018-06-30
234099,galleta integral polvoron sab. naranja,12,500,gr,0,2015-07-24,galletas diversas,S,"galletera italiana, s.a. de c.v.",pago abarrotes gravado ieps (propio,0,0,8,2018-01-01 al 2018-06-30
234100,galleta integral de avena gisa,210,30,gr,0,2017-07-21,pastas para sopa menudas,S,"galletera italiana, s.a. de c.v.",pago abarrotes gravado ieps (propio,0,0,8,2018-01-01 al 2018-06-30
234101,galleta polvorones de naranja gisa,12,500,gr,0,2017-11-10,galletas diversas,S,"galletera italiana, s.a. de c.v.",pago abarrotes gravado ieps (propio,0,0,8,2018-01-01 al 2018-06-30
234102,galletas de animalitos diconsa,6,1,kg,0,2017-12-19,galletas basicas,S,"galletera italiana, s.a. de c.v.",pago abarrotes gravado ieps (propio,1,1,8,2018-01-01 al 2018-06-30
237001,polvo para gelatina juy 25 pc agua,25,200,gr,1,1998-05-19,gelatinas,N,"gelatinas juy, s.a. de c.v.",abarr. y art. de farmacia no grav,0,0,0,2018-01-01 al 2018-06-30
237003,polvo para gelatina juy 25 pc leche,25,180,gr,1,1998-05-19,gelatinas,N,"gelatinas juy, s.a. de c.v.",abarr. y art. de farmacia no grav,0,0,0,2018-01-01 al 2018-06-30
249001,harina de trigo noroeste,1,10,kg,0,1990-01-01,harina de trigo,S,"harinera de sinaloa, s.a. de c.v.",abarr. y art. de farmacia no grav,0,0,0,2018-01-01 al 2018-06-30
249002,harina de trigo noroeste,1,5,kg,0,1990-01-01,harina de trigo,S,"harinera de sinaloa, s.a. de c.v.",abarr. y art. de farmacia no grav,0,0,0,2018-01-01 al 2018-06-30
249004,harina de trigo noroeste,10,1,kg,1,1990-01-01,harina de trigo,S,"harinera de sinaloa, s.a. de c.v.",abarr. y art. de farmacia no grav,0,0,0,2018-01-01 al 2018-06-30
249005,harina de trigo sanalona,1,44,kg,0,1990-01-01,harina de trigo,S,"harinera de sinaloa, s.a. de c.v.",abarr. y art. de farmacia no grav,0,0,0,2018-01-01 al 2018-06-30
249007,harina de trigo sanalona,10,1,kg,0,2009-05-15,harina de trigo,S,"harinera de sinaloa, s.a. de c.v.",abarr. y art. de farmacia no grav,0,0,0,2018-01-01 al 2018-06-30
249008,harina de trigo sanson,1,44,kg,0,2009-05-15,harina de trigo,S,"harinera de sinaloa, s.a. de c.v.",abarr. y art. de farmacia no grav,0,0,0,2018-01-01 al 2018-06-30
249010,harina de trigo integral noroeste,10,1,kg,0,2011-09-07,harina de trigo,S,"harinera de sinaloa, s.a. de c.v.",abarr. y art. de farmacia no grav,0,0,0,2018-01-01 al 2018-06-30
268001,aceite maravilla 100% canola 1 lt,12,1,lt,0,1990-01-01,aceite vegetal comestible,S,"industrial aceitera, s.a. de c.v.",abarr. y art. de farmacia no grav,0,0,0,2018-01-01 al 2018-06-30
268002,aceite maravilla 100% canola 1/2 lt,24,500,ml,0,1990-01-01,aceite vegetal comestible,S,"industrial aceitera, s.a. de c.v.",abarr. y art. de farmacia no grav,0,0,0,2018-01-01 al 2018-06-30
268006,aceite vegetal la nina 1 lt,12,1,lt,0,1990-01-01,aceite vegetal comestible,S,"industrial aceitera, s.a. de c.v.",abarr. y art. de farmacia no grav,0,0,0,2018-01-01 al 2018-06-30
268011,aceite vegetal la nina 1/2 lt,24,500,ml,0,1998-08-28,aceite vegetal comestible,S,"industrial aceitera, s.a. de c.v.",abarr. y art. de farmacia no grav,0,0,0,2018-01-01 al 2018-06-30
270002,jabon de lavanderia fama cafe,25,400,gr,0,1990-01-01,jabon de lavanderia,S,"industrial la fama, s.a. de c.v.",abarr. y art. de farmacia grav,0,0,0,2018-01-01 al 2018-06-30
270027,jabon de lavanderia irex rosa,20,400,gr,0,2001-04-27,jabon de lavanderia,S,"industrial la fama, s.a. de c.v.",abarr. y art. de farmacia grav,0,0,0,2018-01-01 al 2018-06-30
270051,jabon de lav. facil rosa c/env.,20,350,gr,0,2008-05-22,jabon de lavanderia,S,"industrial la fama, s.a. de c.v.",abarr. y art. de farmacia grav,0,0,0,2018-01-01 al 2018-06-30
270053,jabon de lav. nave s/env.,25,400,gr,0,2009-03-30,jabon de lavanderia,S,"industrial la fama, s.a. de c.v.",abarr. y art. de farmacia grav,0,0,0,2018-01-01 al 2018-06-30
270054,jabon de tocador antibacterial zaz,20,125,gr,0,2010-02-18,jabones de tocador,S,"industrial la fama, s.a. de c.v.",abarr. y art. de farmacia grav,0,0,0,2018-01-01 al 2018-06-30
270055,jabon de tocador naturalis spa,24,125,gr,0,2011-03-09,jabones de tocador,S,"industrial la fama, s.a. de c.v.",abarr. y art. de farmacia grav,0,0,0,2018-01-01 al 2018-06-30
270056,jabon de lavanderia fama cafe c/e,20,400,gr,0,2011-11-30,jabon de lavanderia,S,"industrial la fama, s.a. de c.v.",abarr. y art. de farmacia grav,0,0,0,2018-01-01 al 2018-06-30
270060,jabon de lavanderia facil antibacterial,20,350,gr,0,2016-08-12,jabon de lavanderia,S,"industrial la fama, s.a. de c.v.",abarr. y art. de farmacia grav,0,0,0,2018-01-01 al 2018-06-30
270061,jabon de lavanderia presto sin env,20,350,gr,0,2016-08-12,jabon de lavanderia,S,"industrial la fama, s.a. de c.v.",abarr. y art. de farmacia grav,0,0,0,2018-01-01 al 2018-06-30
284039,insecticida aerosol casa y jardin,24,426,ml,0,1990-01-01,insecticidas y raticidas,N,"industrias h24, s.a. de c.v.",abarr. y art. de farmacia grav,0,0,0,2018-01-01 al 2018-06-30
284041,insecticida aerosol cucarachicida,24,429,ml,0,1990-01-01,insecticidas y raticidas,N,"industrias h24, s.a. de c.v.",abarr. y art. de farmacia grav,0,0,0,2018-01-01 al 2018-06-30
284051,insecticida aerosol poder fulminante,24,285,gr,0,1999-07-20,insecticidas y raticidas,N,"industrias h24, s.a. de c.v.",abarr. y art. de farmacia grav,0,0,0,2018-01-01 al 2018-06-30
284054,insecticida aerosol mata bichos,24,309,gr,0,2009-06-10,insecticidas y raticidas,N,"industrias h24, s.a. de c.v.",abarr. y art. de farmacia grav,0,0,0,2018-01-01 al 2018-06-30
284055,insecticida aerosol domestico,24,426,ml,0,2009-07-08,insecticidas y raticidas,N,"industrias h24, s.a. de c.v.",abarr. y art. de farmacia grav,0,0,0,2018-01-01 al 2018-06-30
284056,repelente de insectos,24,170,gr,0,2016-02-18,insecticidas y raticidas,N,"industrias h24, s.a. de c.v.",abarr. y art. de farmacia grav,0,0,0,2018-01-01 al 2018-06-30
287090,veladora vaso limon fama,20,1,pz,0,2007-09-25,veladoras,N,"luz eterna, s.a. de c.v.",abarr. y art. de farmacia grav,0,0,0,2018-01-01 al 2018-06-30
287091,vela 60 luz eterna,144,1,pz,0,2007-09-25,velas,N,"luz eterna, s.a. de c.v.",abarr. y art. de farmacia grav,0,0,0,2018-01-01 al 2018-06-30
287092,san judas tadeo,12,1,pz,0,2007-09-25,veladoras,N,"luz eterna, s.a. de c.v.",abarr. y art. de farmacia grav,0,0,0,2018-01-01 al 2018-06-30
287093,veladora imagen varias,12,1,pz,0,2007-09-25,veladoras,N,"luz eterna, s.a. de c.v.",abarr. y art. de farmacia grav,0,0,0,2018-01-01 al 2018-06-30
287095,virgen de guadalupe,12,1,pz,0,2007-09-25,veladoras,N,"luz eterna, s.a. de c.v.",abarr. y art. de farmacia grav,0,0,0,2018-01-01 al 2018-06-30
287096,veladora vaso limon luz eterna,20,1,pz,0,2007-09-25,veladoras,N,"luz eterna, s.a. de c.v.",abarr. y art. de farmacia grav,0,0,0,2018-01-01 al 2018-06-30
287097,veladora vaso regio fama,20,1,pz,0,2007-09-25,veladoras,N,"luz eterna, s.a. de c.v.",abarr. y art. de farmacia grav,0,0,0,2018-01-01 al 2018-06-30
287098,veladora vaso rosita fama,20,1,pz,0,2007-09-25,veladoras,N,"luz eterna, s.a. de c.v.",abarr. y art. de farmacia grav,0,0,0,2018-01-01 al 2018-06-30
287099,veladora vaso rosita luz eterna,20,1,pz,0,2007-09-25,veladoras,N,"luz eterna, s.a. de c.v.",abarr. y art. de farmacia grav,0,0,0,2018-01-01 al 2018-06-30
287100,veladora vaso regio luz eterna,20,1,pz,0,2007-09-25,veladoras,N,"luz eterna, s.a. de c.v.",abarr. y art. de farmacia grav,0,0,0,2018-01-01 al 2018-06-30
287101,veladora vaso cubero luz eterna,20,1,pz,0,2007-09-25,veladoras,N,"luz eterna, s.a. de c.v.",abarr. y art. de farmacia grav,0,0,0,2018-01-01 al 2018-06-30
287102,veladora vaso cafetero luz eterna,20,1,pz,0,2007-09-25,veladoras,N,"luz eterna, s.a. de c.v.",abarr. y art. de farmacia grav,0,0,0,2018-01-01 al 2018-06-30
287103,veladora vaso muralla la fama,20,1,pz,0,2007-09-25,veladoras,N,"luz eterna, s.a. de c.v.",abarr. y art. de farmacia grav,0,0,0,2018-01-01 al 2018-06-30
287104,veladora imagen san judas tadeo fama,12,1,pz,0,2009-08-18,veladoras,N,"luz eterna, s.a. de c.v.",abarr. y art. de farmacia grav,0,0,0,2018-01-01 al 2018-06-30
287105,veladora imagen fama varias,12,1,pz,0,2009-08-18,veladoras,N,"luz eterna, s.a. de c.v.",abarr. y art. de farmacia grav,0,0,0,2018-01-01 al 2018-06-30
287106,veladora centenario fama,20,1,pz,0,2009-08-18,veladoras,N,"luz eterna, s.a. de c.v.",abarr. y art. de farmacia grav,0,0,0,2018-01-01 al 2018-06-30
287107,veladora cafetero fama,20,1,pz,0,2009-08-18,veladoras,N,"luz eterna, s.a. de c.v.",abarr. y art. de farmacia grav,0,0,0,2018-01-01 al 2018-06-30
287108,velad img chica san judas tadeo luz eter,24,1,pz,0,2009-08-18,veladoras,N,"luz eterna, s.a. de c.v.",abarr. y art. de farmacia grav,0,0,0,2018-01-01 al 2018-06-30
287109,velad img chica virgen de gpe luz eterna,24,1,pz,0,2009-08-18,veladoras,N,"luz eterna, s.a. de c.v.",abarr. y art. de farmacia grav,0,0,0,2018-01-01 al 2018-06-30
287110,veladora ecologico media semana,12,1,pz,0,2009-08-18,veladoras,N,"luz eterna, s.a. de c.v.",abarr. y art. de farmacia grav,0,0,0,2018-01-01 al 2018-06-30
287111,veladora ecologico semanal,12,1,pz,0,2009-08-18,veladoras,N,"luz eterna, s.a. de c.v.",abarr. y art. de farmacia grav,0,0,0,2018-01-01 al 2018-06-30
287112,vela #80 luz eterna cajilla,96,1,pz,0,2012-11-21,velas,N,"luz eterna, s.a. de c.v.",abarr. y art. de farmacia grav,0,0,0,2018-01-01 al 2018-06-30
288001,aceite mixto patrona,12,1,lt,0,1990-01-01,aceite vegetal comestible,S,"industrial patrona, s.a. de c.v.",abarr. y art. de farmacia no grav,1,0,0,2018-01-01 al 2018-06-30
288002,aceite mixto patrona,24,500,ml,0,1999-06-07,aceite vegetal comestible,S,"industrial patrona, s.a. de c.v.",abarr. y art. de farmacia no grav,0,0,0,2018-01-01 al 2018-06-30
288007,aceite vegetal mixto patrona,8,1500,ml,0,2000-12-15,aceite vegetal comestible,S,"industrial patrona, s.a. de c.v.",abarr. y art. de farmacia no grav,0,0,0,2018-01-01 al 2018-06-30
288014,aceite puro de maiz patrona,12,1000,ml,0,2000-12-15,aceite vegetal comestible,S,"industrial patrona, s.a. de c.v.",abarr. y art. de farmacia no grav,0,0,0,2018-01-01 al 2018-06-30
288026,aceite vegetal comestible el faro,12,900,ml,0,2006-11-28,aceite vegetal comestible,S,"industrial patrona, s.a. de c.v.",abarr. y art. de farmacia no grav,0,0,0,2018-01-01 al 2018-06-30
288027,aceite canoil,12,1,lt,0,2008-02-28,aceite vegetal comestible,S,"industrial patrona, s.a. de c.v.",abarr. y art. de farmacia no grav,0,0,0,2018-01-01 al 2018-06-30
288031,aceite de canola patrona,2,5000,ml,0,2012-04-20,aceite vegetal comestible,S,"industrial patrona, s.a. de c.v.",abarr. y art. de farmacia no grav,0,0,0,2018-01-01 al 2018-06-30
288033,aceite puro de soya patrona garrafa,4,3,lt,0,2016-02-17,aceite vegetal comestible,S,"industrial patrona, s.a. de c.v.",abarr. y art. de farmacia no grav,0,0,0,2018-01-01 al 2018-06-30
294004,blanqueador bandera,24,480,ml,0,1990-01-01,blanqueadores,S,"jabonera la espuma, s.a. de c.v.",abarr. y art. de farmacia grav,0,0,0,2018-01-01 al 2018-06-30
294007,blanqueador bandera concentrado,6,3800,ml,0,2006-04-27,blanqueadores,S,"jabonera la espuma, s.a. de c.v.",abarr. y art. de farmacia grav,0,0,0,2018-01-01 al 2018-06-30
294008,blanqueador bandera aroma lavanda,6,3800,ml,0,2006-04-27,blanqueadores,S,"jabonera la espuma, s.a. de c.v.",abarr. y art. de farmacia grav,0,0,0,2018-01-01 al 2018-06-30
294009,blanqueador bandera aroma limon,6,3800,ml,0,2006-04-27,blanqueadores,S,"jabonera la espuma, s.a. de c.v.",abarr. y art. de farmacia grav,0,0,0,2018-01-01 al 2018-06-30
294015,blanqueador bandera,12,960,ml,0,2008-02-20,blanqueadores,S,"jabonera la espuma, s.a. de c.v.",abarr. y art. de farmacia grav,0,0,0,2018-01-01 al 2018-06-30
294016,blanqueador bandera,8,2,lt,0,2008-02-20,blanqueadores,S,"jabonera la espuma, s.a. de c.v.",abarr. y art. de farmacia grav,0,0,0,2018-01-01 al 2018-06-30
311002,bano redondo no. 1 con asa,1,1,pz,0,1990-01-01,utensilios de lamina galvanizada,N,"la ideal, s.a. de c.v.",art. de hogar y jarcieria grav,0,0,0,2018-01-01 al 2018-06-30
311003,bano redondo no. 5,1,1,pz,0,1990-01-01,utensilios de lamina galvanizada,N,"la ideal, s.a. de c.v.",art. de hogar y jarcieria grav,0,0,0,2018-01-01 al 2018-06-30
311004,bano redondo no. 3,1,1,pz,0,1990-01-01,utensilios de lamina galvanizada,N,"la ideal, s.a. de c.v.",art. de hogar y jarcieria grav,0,0,0,2018-01-01 al 2018-06-30
311005,bano redondo a,1,1,pz,0,1990-01-01,utensilios de lamina galvanizada,N,"la ideal, s.a. de c.v.",art. de hogar y jarcieria grav,0,0,0,2018-01-01 al 2018-06-30
311006,bano redondo no. 0,1,1,pz,0,1990-01-01,utensilios de lamina galvanizada,N,"la ideal, s.a. de c.v.",art. de hogar y jarcieria grav,0,0,0,2018-01-01 al 2018-06-30
311007,bano redondo no. 1,1,1,pz,0,1990-01-01,utensilios de lamina galvanizada,N,"la ideal, s.a. de c.v.",art. de hogar y jarcieria grav,0,0,0,2018-01-01 al 2018-06-30
311008,bano redondo no. 2,1,1,pz,0,1990-01-01,utensilios de lamina galvanizada,N,"la ideal, s.a. de c.v.",art. de hogar y jarcieria grav,0,0,0,2018-01-01 al 2018-06-30
311009,bano redondo no. 4,1,1,pz,0,1990-01-01,utensilios de lamina galvanizada,N,"la ideal, s.a. de c.v.",art. de hogar y jarcieria grav,0,0,0,2018-01-01 al 2018-06-30
311010,bano redondo no. 6,1,1,pz,0,1990-01-01,utensilios de lamina galvanizada,N,"la ideal, s.a. de c.v.",art. de hogar y jarcieria grav,0,0,0,2018-01-01 al 2018-06-30
311017,cubeta americana no. 12,1,1,pz,0,1990-01-01,utensilios de lamina galvanizada,N,"la ideal, s.a. de c.v.",art. de hogar y jarcieria grav,0,0,0,2018-01-01 al 2018-06-30
311018,cubeta americana no. 14,1,1,pz,0,1990-01-01,utensilios de lamina galvanizada,N,"la ideal, s.a. de c.v.",art. de hogar y jarcieria grav,0,0,0,2018-01-01 al 2018-06-30
311019,cubeta americana no. 18,1,1,pz,0,1990-01-01,utensilios de lamina galvanizada,N,"la ideal, s.a. de c.v.",art. de hogar y jarcieria grav,0,0,0,2018-01-01 al 2018-06-30
311020,cubeta americana no. 10,1,1,pz,0,1990-01-01,utensilios de lamina galvanizada,N,"la ideal, s.a. de c.v.",art. de hogar y jarcieria grav,0,0,0,2018-01-01 al 2018-06-30
311021,cubeta americana no. 16,1,1,pz,0,1990-01-01,utensilios de lamina galvanizada,N,"la ideal, s.a. de c.v.",art. de hogar y jarcieria grav,0,0,0,2018-01-01 al 2018-06-30
311022,cubeta americana no. 20,1,1,pz,0,1990-01-01,utensilios de lamina galvanizada,N,"la ideal, s.a. de c.v.",art. de hogar y jarcieria grav,0,0,0,2018-01-01 al 2018-06-30
311023,cubeta americana no. 4,1,1,pz,0,1990-01-01,utensilios de lamina galvanizada,N,"la ideal, s.a. de c.v.",art. de hogar y jarcieria grav,0,0,0,2018-01-01 al 2018-06-30
311024,cubeta americana no. 6,1,1,pz,0,1990-01-01,utensilios de lamina galvanizada,N,"la ideal, s.a. de c.v.",art. de hogar y jarcieria grav,0,0,0,2018-01-01 al 2018-06-30
311025,cubeta americana no. 8,1,1,pz,0,1990-01-01,utensilios de lamina galvanizada,N,"la ideal, s.a. de c.v.",art. de hogar y jarcieria grav,0,0,0,2018-01-01 al 2018-06-30
311032,jicara con asa no. 12,1,1,pz,0,1990-01-01,utensilios de lamina galvanizada,N,"la ideal, s.a. de c.v.",art. de hogar y jarcieria grav,0,0,0,2018-01-01 al 2018-06-30
311034,jicara sin asa no. 4,1,1,pz,0,1990-01-01,utensilios de lamina galvanizada,N,"la ideal, s.a. de c.v.",art. de hogar y jarcieria grav,0,0,0,2018-01-01 al 2018-06-30
311036,jicara sin asa no. 6,1,1,pz,0,1990-01-01,utensilios de lamina galvanizada,N,"la ideal, s.a. de c.v.",art. de hogar y jarcieria grav,0,0,0,2018-01-01 al 2018-06-30
311038,lavatrastos no. 1,1,1,pz,0,1990-01-01,utensilios de lamina galvanizada,N,"la ideal, s.a. de c.v.",art. de hogar y jarcieria grav,0,0,0,2018-01-01 al 2018-06-30
311039,lavatrastos no. 2,1,1,pz,0,1990-01-01,utensilios de lamina galvanizada,N,"la ideal, s.a. de c.v.",art. de hogar y jarcieria grav,0,0,0,2018-01-01 al 2018-06-30
311040,lavatrastos no. 3,1,1,pz,0,1990-01-01,utensilios de lamina galvanizada,N,"la ideal, s.a. de c.v.",art. de hogar y jarcieria grav,0,0,0,2018-01-01 al 2018-06-30
311045,bano redondo no. 7,1,1,pz,0,1990-01-01,utensilios de lamina galvanizada,N,"la ideal, s.a. de c.v.",art. de hogar y jarcieria grav,0,0,0,2018-01-01 al 2018-06-30
311050,bano redondo b,1,1,pz,0,1990-01-01,utensilios de lamina galvanizada,N,"la ideal, s.a. de c.v.",art. de hogar y jarcieria grav,0,0,0,2018-01-01 al 2018-06-30
311052,olla recta c/tapa no. 22,1,1,pz,0,2008-01-01,utensilios de aluminio y acero,N,"la ideal, s.a. de c.v.",art. de hogar y jarcieria grav,0,0,0,2018-01-01 al 2018-06-30
311054,budinera no. 22,1,1,pz,0,2008-01-01,utensilios de aluminio y acero,N,"la ideal, s.a. de c.v.",art. de hogar y jarcieria grav,0,0,0,2018-01-01 al 2018-06-30
311055,jarra 1.5 lts.,1,1,pz,0,2008-01-01,utensilios de aluminio y acero,N,"la ideal, s.a. de c.v.",art. de hogar y jarcieria grav,0,0,0,2018-01-01 al 2018-06-30
311056,olla cazo no. 22,1,1,pz,0,2008-01-01,utensilios de aluminio y acero,N,"la ideal, s.a. de c.v.",art. de hogar y jarcieria grav,0,0,0,2018-01-01 al 2018-06-30
311057,sarten no. 22,1,1,pz,0,2008-01-01,utensilios de aluminio y acero,N,"la ideal, s.a. de c.v.",art. de hogar y jarcieria grav,0,0,0,2018-01-01 al 2018-06-30
311059,pocillo no. 10,1,1,pz,0,2008-01-01,utensilios de aluminio y acero,N,"la ideal, s.a. de c.v.",art. de hogar y jarcieria grav,0,0,0,2018-01-01 al 2018-06-30
311063,jicara con asa no. 8,1,1,pz,0,1990-01-01,utensilios de lamina galvanizada,N,"la ideal, s.a. de c.v.",art. de hogar y jarcieria grav,0,0,0,2018-01-01 al 2018-06-30
311101,taza de plastico,1,4,pz,0,1999-06-23,utensilios d/plastico madera y vidrio,N,"la ideal, s.a. de c.v.",art. de hogar y jarcieria grav,0,0,0,2018-01-01 al 2018-06-30
311102,tazon alto salsera s/tapa rojo azul,1,4,pz,0,1999-06-23,utensilios d/plastico madera y vidrio,N,"la ideal, s.a. de c.v.",art. de hogar y jarcieria grav,0,0,0,2018-01-01 al 2018-06-30
311108,bano redondo no. 8,1,1,pz,0,2001-05-29,utensilios de lamina galvanizada,N,"la ideal, s.a. de c.v.",art. de hogar y jarcieria grav,0,0,0,2018-01-01 al 2018-06-30
311121,cubeta americana no.2,1,1,pz,0,2008-06-27,utensilios de lamina galvanizada,N,"la ideal, s.a. de c.v.",art. de hogar y jarcieria grav,0,0,0,2018-01-01 al 2018-06-30
311122,vaporera con tapa 30 lts.,1,1,pz,0,2008-06-27,utensilios de aluminio y acero,N,"la ideal, s.a. de c.v.",miscelaneos grav,0,0,0,2018-01-01 al 2018-06-30
311123,plato cafetero de 15 cm,1,4,pz,0,2009-06-03,utensilios d/plastico madera y vidrio,N,"la ideal, s.a. de c.v.",art. de hogar y jarcieria grav,0,0,0,2018-01-01 al 2018-06-30
311124,plato para dulce,1,6,pz,0,2009-06-03,utensilios d/plastico madera y vidrio,N,"la ideal, s.a. de c.v.",art. de hogar y jarcieria grav,0,0,0,2018-01-01 al 2018-06-30
311125,vaso mediano de 375 ml,1,4,pz,0,2009-06-03,utensilios d/plastico madera y vidrio,N,"la ideal, s.a. de c.v.",art. de hogar y jarcieria grav,0,0,0,2018-01-01 al 2018-06-30
311126,vaso chico de 250 ml,1,6,pz,0,2009-06-03,utensilios d/plastico madera y vidrio,N,"la ideal, s.a. de c.v.",art. de hogar y jarcieria grav,0,0,0,2018-01-01 al 2018-06-30
311127,plato redondo grande,1,4,pz,0,2009-06-17,utensilios d/plastico madera y vidrio,N,"la ideal, s.a. de c.v.",art. de hogar y jarcieria grav,0,0,0,2018-01-01 al 2018-06-30
311128,tazon chico,1,6,pz,0,2009-06-17,utensilios d/plastico madera y vidrio,N,"la ideal, s.a. de c.v.",art. de hogar y jarcieria grav,0,0,0,2018-01-01 al 2018-06-30
311129,tazon grande,1,4,pz,0,2009-06-17,utensilios d/plastico madera y vidrio,N,"la ideal, s.a. de c.v.",art. de hogar y jarcieria grav,0,0,0,2018-01-01 al 2018-06-30
311130,tarro,1,4,pz,0,2009-06-17,utensilios d/plastico madera y vidrio,N,"la ideal, s.a. de c.v.",art. de hogar y jarcieria grav,0,0,0,2018-01-01 al 2018-06-30
311132,sarten frie facil,1,1,pz,0,2010-02-04,utensilios de aluminio y acero,N,"la ideal, s.a. de c.v.",art. de hogar y jarcieria grav,0,0,0,2018-01-01 al 2018-06-30
311138,tortilladora color negro,1,1,pz,0,2010-05-18,utensilios de aluminio y acero,N,"la ideal, s.a. de c.v.",art. de hogar y jarcieria grav,0,0,0,2018-01-01 al 2018-06-30
311139,tortilladora varios colores,1,1,pz,0,2010-05-18,utensilios de aluminio y acero,N,"la ideal, s.a. de c.v.",art. de hogar y jarcieria grav,0,0,0,2018-01-01 al 2018-06-30
312134,pasta enriq. macarroncel ital,20,200,gr,1,1990-01-01,pastas para sopa largas,S,"la italiana, s.a. de c.v.",abarr. y art. de farmacia no grav,0,0,0,2018-01-01 al 2018-06-30
312135,pasta enriq. almeja ital,20,200,gr,1,1990-01-01,pastas para sopa huecas,S,"la italiana, s.a. de c.v.",abarr. y art. de farmacia no grav,0,0,0,2018-01-01 al 2018-06-30
312136,pasta enriq. car. ch. ital.,20,200,gr,1,1990-01-01,pastas para sopa huecas,S,"la italiana, s.a. de c.v.",abarr. y art. de farmacia no grav,0,0,0,2018-01-01 al 2018-06-30
312137,pasta codo lis. ital,20,200,gr,1,1990-01-01,pastas para sopa huecas,S,"la italiana, s.a. de c.v.",abarr. y art. de farmacia no grav,0,0,0,2018-01-01 al 2018-06-30
312139,pasta enriq. estr. med.ital,20,200,gr,1,1990-01-01,pastas para sopa menudas,S,"la italiana, s.a. de c.v.",abarr. y art. de farmacia no grav,0,0,0,2018-01-01 al 2018-06-30
312140,pasta para sopa fideo cambray ital.,20,180,gr,1,1990-01-01,pastas para sopa fideo,S,"la italiana, s.a. de c.v.",abarr. y art. de farmacia no grav,1,0,0,2018-01-01 al 2018-06-30
312141,pasta para sopa fideo delgado ital.,20,180,gr,1,1990-01-01,pastas para sopa fideo,S,"la italiana, s.a. de c.v.",abarr. y art. de farmacia no grav,0,0,0,2018-01-01 al 2018-06-30
312142,pasta para sopa fideo grueso ital.,20,180,gr,1,1990-01-01,pastas para sopa fideo,S,"la italiana, s.a. de c.v.",abarr. y art. de farmacia no grav,0,0,0,2018-01-01 al 2018-06-30
312144,pasta enriq. lenteja ital.,20,200,gr,1,1990-01-01,pastas para sopa menudas,S,"la italiana, s.a. de c.v.",abarr. y art. de farmacia no grav,0,0,0,2018-01-01 al 2018-06-30
312145,pasta enriquecida letra ital azul,20,200,gr,1,2001-12-07,pastas para sopa menudas,S,"la italiana, s.a. de c.v.",abarr. y art. de farmacia no grav,0,0,0,2018-01-01 al 2018-06-30
312146,pasta enriq. monito ital.,20,200,gr,1,1990-01-01,pastas para sopa menudas,S,"la italiana, s.a. de c.v.",abarr. y art. de farmacia no grav,0,0,0,2018-01-01 al 2018-06-30
312147,pasta enriq. mono mediano ital,20,200,gr,1,1990-01-01,pastas para sopa menudas,S,"la italiana, s.a. de c.v.",abarr. y art. de farmacia no grav,0,0,0,2018-01-01 al 2018-06-30
312148,pasta enriq. ojito ital.,20,200,gr,1,1990-01-01,pastas para sopa menudas,S,"la italiana, s.a. de c.v.",abarr. y art. de farmacia no grav,0,0,0,2018-01-01 al 2018-06-30
312149,pasta enriq. pepita ital.,20,200,gr,1,1990-01-01,pastas para sopa menudas,S,"la italiana, s.a. de c.v.",abarr. y art. de farmacia no grav,0,0,0,2018-01-01 al 2018-06-30
312150,pasta enriq. pescadito ital.,20,200,gr,1,1990-01-01,pastas para sopa menudas,S,"la italiana, s.a. de c.v.",abarr. y art. de farmacia no grav,0,0,0,2018-01-01 al 2018-06-30
312151,pasta enriq. pluma ch. ital.,20,200,gr,1,1990-01-01,pastas para sopa huecas,S,"la italiana, s.a. de c.v.",abarr. y art. de farmacia no grav,0,0,0,2018-01-01 al 2018-06-30
312152,pasta enriq. pluma gde.ital.,20,200,gr,1,1990-01-01,pastas para sopa huecas,S,"la italiana, s.a. de c.v.",abarr. y art. de farmacia no grav,0,0,0,2018-01-01 al 2018-06-30
312153,pasta enriq. sombrero ital.,20,200,gr,1,1990-01-01,pastas para sopa menudas,S,"la italiana, s.a. de c.v.",abarr. y art. de farmacia no grav,0,0,0,2018-01-01 al 2018-06-30
312154,pasta enriquecida spaguetti ital azul,20,200,gr,1,2001-12-07,pastas para sopa largas,S,"la italiana, s.a. de c.v.",abarr. y art. de farmacia no grav,0,0,0,2018-01-01 al 2018-06-30
312158,pasta enriquecida caracol med ital azul,20,200,gr,1,2001-12-07,pastas para sopa huecas,S,"la italiana, s.a. de c.v.",abarr. y art. de farmacia no grav,0,0,0,2018-01-01 al 2018-06-30
312159,pasta enriquecida codo med ital azul,20,200,gr,1,2001-12-07,pastas para sopa huecas,S,"la italiana, s.a. de c.v.",abarr. y art. de farmacia no grav,0,0,0,2018-01-01 al 2018-06-30
312160,pasta p/sopa fideo cortado italpasta,20,200,gr,1,1990-01-01,pastas para sopa fideo,S,"la italiana, s.a. de c.v.",abarr. y art. de farmacia no grav,0,0,0,2018-01-01 al 2018-06-30
312171,pasta p/sopa tia cata fideo cortado,20,200,gr,0,1990-01-01,pastas para sopa fideo,S,"la italiana, s.a. de c.v.",abarr. y art. de farmacia no grav,0,0,0,2018-01-01 al 2018-06-30
312173,pasta p/sopa tia cata codo chico liso,20,200,gr,0,1990-01-01,pastas para sopa huecas,S,"la italiana, s.a. de c.v.",abarr. y art. de farmacia no grav,0,0,0,2018-01-01 al 2018-06-30
312183,pasta enriq italpasta tallarin cadejo,20,180,gr,1,2005-04-08,pastas para sopa largas,S,"la italiana, s.a. de c.v.",abarr. y art. de farmacia no grav,0,0,0,2018-01-01 al 2018-06-30
312193,pasta enriq. tall. largo ital,20,200,gr,1,2008-04-21,pastas para sopa largas,S,"la italiana, s.a. de c.v.",abarr. y art. de farmacia no grav,0,0,0,2018-01-01 al 2018-06-30
312200,pasta p/sopa italpasta fideo rojo,20,180,gr,1,2010-03-01,pastas para sopa fideo,S,"la italiana, s.a. de c.v.",abarr. y art. de farmacia no grav,0,0,0,2018-01-01 al 2018-06-30
312201,pasta p/sopa italpasta caracol gde n.2,20,200,gr,1,2010-03-01,pastas para sopa huecas,S,"la italiana, s.a. de c.v.",abarr. y art. de farmacia no grav,0,0,0,2018-01-01 al 2018-06-30
312202,pasta p/sopa italpasta codo rayado,20,200,gr,1,2010-03-01,pastas para sopa huecas,S,"la italiana, s.a. de c.v.",abarr. y art. de farmacia no grav,0,0,0,2018-01-01 al 2018-06-30
312203,pasta p/sopa italpasta pluma rayada,20,200,gr,1,2010-03-01,pastas para sopa huecas,S,"la italiana, s.a. de c.v.",abarr. y art. de farmacia no grav,0,0,0,2018-01-01 al 2018-06-30
312204,pasta para sopa spaguetti integral,20,200,gr,0,2010-04-23,pastas para sopa largas,S,"la italiana, s.a. de c.v.",abarr. y art. de farmacia no grav,0,0,0,2018-01-01 al 2018-06-30
312205,pasta p/sopa codo  integral italpasta,20,200,gr,0,2010-06-14,pastas para sopa huecas,S,"la italiana, s.a. de c.v.",abarr. y art. de farmacia no grav,0,0,0,2018-01-01 al 2018-06-30
312212,pasta para sopa spaguetti italpasta,20,200,gr,1,2013-10-16,pastas para sopa largas,S,"la italiana, s.a. de c.v.",abarr. y art. de farmacia no grav,0,0,0,2018-01-01 al 2018-06-30
312217,pasta sopa integral estrella italpasta,20,200,gr,0,2015-03-06,pastas para sopa menudas,S,"la italiana, s.a. de c.v.",abarr. y art. de farmacia no grav,0,0,0,2018-01-01 al 2018-06-30
312218,arroz g largo 5% envasado,1,1,kg,0,2015-07-15,arroz envasado,S,"la italiana, s.a. de c.v.",arroz,0,0,0,2018-01-01 al 2018-06-30
312219,arroz m. filipino 5% envasado,1,1,kg,0,2015-08-13,arroz envasado,S,"la italiana, s.a. de c.v.",arroz,0,0,0,2018-01-01 al 2018-06-30
312220,arroz g largo 5% envasado,1,500,gr,0,2015-11-23,arroz envasado,S,"la italiana, s.a. de c.v.",arroz,0,0,0,2018-01-01 al 2018-06-30
312224,pasta para sopa spaguetti tia cata,20,200,gr,0,2017-01-06,pastas para sopa largas,S,"la italiana, s.a. de c.v.",abarr. y art. de farmacia no grav,1,0,0,2018-01-01 al 2018-06-30
312225,pasta p/sopa fideo sedesol diconsa,20,200,gr,1,2017-06-15,pastas para sopa fideo,S,"la italiana, s.a. de c.v.",abarr. y art. de farmacia no grav,1,1,0,2018-01-01 al 2018-06-30
312226,pasta p/sopa codo sedesol diconsa,20,200,gr,1,2017-06-15,pastas para sopa huecas,S,"la italiana, s.a. de c.v.",abarr. y art. de farmacia no grav,1,1,0,2018-01-01 al 2018-06-30
312227,pasta p/sopa spaguetti sedesol diconsa,20,200,gr,1,2017-06-15,pastas para sopa largas,S,"la italiana, s.a. de c.v.",abarr. y art. de farmacia no grav,1,1,0,2018-01-01 al 2018-06-30
312228,pasta p/sopa fideo grues sedesol diconsa,20,200,gr,1,2017-06-15,pastas para sopa fideo,S,"la italiana, s.a. de c.v.",abarr. y art. de farmacia no grav,1,1,0,2018-01-01 al 2018-06-30
312229,pasta p/sopa letra sedesol diconsa,20,200,gr,1,2017-06-15,pastas para sopa menudas,S,"la italiana, s.a. de c.v.",abarr. y art. de farmacia no grav,1,1,0,2018-01-01 al 2018-06-30
312230,pasta p/sopa caracol gra sedesol diconsa,20,200,gr,1,2017-06-15,pastas para sopa huecas,S,"la italiana, s.a. de c.v.",abarr. y art. de farmacia no grav,1,1,0,2018-01-01 al 2018-06-30
312231,pasta p/sopa codo grande sedesol diconsa,20,200,gr,1,2017-06-15,pastas para sopa huecas,S,"la italiana, s.a. de c.v.",abarr. y art. de farmacia no grav,1,1,0,2018-01-01 al 2018-06-30
312232,sopa de pasta c/soya y verd caralci,10,1,kg,0,2017-10-05,pastas para sopa menudas,S,"la italiana, s.a. de c.v.",abarr. y art. de farmacia no grav,0,0,0,2018-01-01 al 2018-06-30
312601,pasta para sopa estrella mediana,20,200,gr,0,2004-04-06,pastas para sopa menudas,S,"la italiana, s.a. de c.v.",abarr. y art. de farmacia no grav,0,0,0,2018-01-01 al 2018-06-30
343001,harina de trigo fina san blas,10,1,kg,1,1990-01-01,harina de trigo,S,"molino harinero san blas, s.a. de c.v.",abarr. y art. de farmacia no grav,1,0,0,2018-01-01 al 2018-06-30
343002,harina de trigo fina san blas,1,44,kg,1,1990-01-01,harina de trigo,S,"molino harinero san blas, s.a. de c.v.",abarr. y art. de farmacia no grav,0,0,0,2018-01-01 al 2018-06-30
343005,harina de trigo fina omega,1,10,kg,0,1990-01-01,harina de trigo,S,"molino harinero san blas, s.a. de c.v.",abarr. y art. de farmacia no grav,0,0,0,2018-01-01 al 2018-06-30
343008,arroz g largo 5% a granel,1,1,kg,0,1990-01-01,arroz a granel,S,"molino harinero san blas, s.a. de c.v.",arroz,0,0,0,2018-01-01 al 2018-06-30
343009,arroz g largo 5% envasado,1,1,kg,0,1990-01-01,arroz envasado,S,"molino harinero san blas, s.a. de c.v.",arroz,1,0,0,2018-01-01 al 2018-06-30
343013,arroz g largo 15% envasado,1,1,kg,0,1996-11-25,arroz envasado,S,"molino harinero san blas, s.a. de c.v.",arroz,1,0,0,2018-01-01 al 2018-06-30
343019,arroz g largo 15% envasado tia cata,1,1,kg,0,2000-04-13,arroz envasado,S,"molino harinero san blas, s.a. de c.v.",arroz,1,0,0,2018-01-01 al 2018-06-30
343020,arroz g largo 5% envasado pionera,1,500,gr,0,2000-05-24,arroz envasado,S,"molino harinero san blas, s.a. de c.v.",arroz,0,0,0,2018-01-01 al 2018-06-30
343022,harina para hot cakes,10,1,kg,1,2003-03-05,harina para hotcakes,N,"molino harinero san blas, s.a. de c.v.",abarr. y art. de farmacia no grav,0,0,0,2018-01-01 al 2018-06-30
343030,arroz g largo 5% envasado,1,250,gr,0,2012-07-06,arroz envasado,S,"molino harinero san blas, s.a. de c.v.",arroz,0,0,0,2018-01-01 al 2018-06-30
343031,arroz g largo 5% envasado precocido,1,750,gr,0,2012-07-25,arroz envasado,S,"molino harinero san blas, s.a. de c.v.",arroz,0,0,0,2018-01-01 al 2018-06-30
343032,arroz 1/2 grano largo a granel,1,1,kg,0,2013-03-26,arroz a granel,S,"molino harinero san blas, s.a. de c.v.",arroz,0,0,0,2018-01-01 al 2018-06-30
343034,harina de trigo integral san blas,10,1,kg,0,2013-12-10,harina de trigo,S,"molino harinero san blas, s.a. de c.v.",abarr. y art. de farmacia no grav,0,0,0,2018-01-01 al 2018-06-30
343035,harina de maiz san blas,10,1,kg,1,2016-04-19,harina de maiz,S,"molino harinero san blas, s.a. de c.v.",harina de maiz,1,0,0,2018-01-01 al 2018-06-30
343036,harina de trigo fina cuspide,1,44,kg,0,2016-04-19,harina de trigo,S,"molino harinero san blas, s.a. de c.v.",abarr. y art. de farmacia no grav,0,0,0,2018-01-01 al 2018-06-30
343204,tazas,1,1,pz,0,2017-11-02,utensilios d/plastico madera y vidrio,N,"molino harinero san blas, s.a. de c.v.",art. de hogar y jarcieria grav,0,0,0,2018-01-01 al 2018-06-30
345001,harina de trigo gallos,1,5,kg,0,1990-01-01,harina de trigo,S,"molino la fama, s.a. de c.v.",abarr. y art. de farmacia no grav,0,0,0,2018-01-01 al 2018-06-30
345002,harina de trigo gallos,10,1,kg,0,1990-01-01,harina de trigo,S,"molino la fama, s.a. de c.v.",abarr. y art. de farmacia no grav,0,0,0,2018-01-01 al 2018-06-30
345003,harina de trigo gallos,1,44,kg,0,1990-01-01,harina de trigo,S,"molino la fama, s.a. de c.v.",abarr. y art. de farmacia no grav,0,0,0,2018-01-01 al 2018-06-30
346005,harina de maiz vitaminada,10,1,kg,1,2015-10-14,harina de maiz,S,molinos azteca sa de cv,harina de maiz,0,0,0,2018-01-01 al 2018-06-30
346007,harina de maiz maseca amarilla,10,1,kg,1,2015-10-14,harina de maiz,S,molinos azteca sa de cv,harina de maiz,0,0,0,2018-01-01 al 2018-06-30
346008,harina de maiz maseca azul,10,1,kg,1,2015-10-14,harina de maiz,S,molinos azteca sa de cv,harina de maiz,0,0,0,2018-01-01 al 2018-06-30
346012,harina de maiz antojitos,10,1,kg,1,2015-10-14,harina de maiz,S,molinos azteca sa de cv,harina de maiz,1,0,0,2018-01-01 al 2018-06-30
346013,harina de maiz nixtamalizado tamal,10,1,kg,1,2017-06-29,harina de maiz,S,molinos azteca sa de cv,harina de maiz,0,0,0,2018-01-01 al 2018-06-30
346014,harina de maiz sedesol diconsa,10,1,kg,1,2018-01-25,harina de maiz mimasa,S,molinos azteca sa de cv,harina de maiz,1,1,0,2018-01-01 al 2018-06-30
397041,galletas rikas,10,200,gr,0,1990-01-01,galletas diversas,S,"productos de harina, s.a. de c.v.",pago abarrotes gravado ieps (propio,0,0,8,2018-01-01 al 2018-06-30
397045,pasta para sopa fideo rojo,24,200,gr,0,1990-01-01,pastas para sopa fideo,S,"productos de harina, s.a. de c.v.",abarr. y art. de farmacia no grav,0,0,0,2018-01-01 al 2018-06-30
397093,galletas biscochitos super,12,150,gr,0,1997-01-30,galletas diversas,S,"productos de harina, s.a. de c.v.",abarr. y art. de farmacia no grav,0,0,0,2018-01-01 al 2018-06-30
397094,galletas globitos donde,12,150,gr,0,1997-01-30,galletas diversas,S,"productos de harina, s.a. de c.v.",abarr. y art. de farmacia no grav,0,0,0,2018-01-01 al 2018-06-30
397098,galletas bizcochitos,12,150,gr,0,1997-03-10,galletas diversas,S,"productos de harina, s.a. de c.v.",abarr. y art. de farmacia no grav,0,0,0,2018-01-01 al 2018-06-30
397104,galletas mini dips donde,12,150,gr,0,1997-06-09,galletas diversas,S,"productos de harina, s.a. de c.v.",abarr. y art. de farmacia no grav,0,0,0,2018-01-01 al 2018-06-30
397145,galletas soda chica,12,160,gr,0,2007-06-20,galletas diversas,S,"productos de harina, s.a. de c.v.",abarr. y art. de farmacia no grav,0,0,0,2018-01-01 al 2018-06-30
397146,galletas soles donde,10,180,gr,0,2010-03-01,galletas diversas,S,"productos de harina, s.a. de c.v.",pago abarrotes gravado ieps (propio,0,0,8,2018-01-01 al 2018-06-30
397147,galletas aviones,12,160,gr,0,2011-10-12,galletas diversas,S,"productos de harina, s.a. de c.v.",pago abarrotes gravado ieps (propio,0,0,8,2018-01-01 al 2018-06-30
397148,galletas campechanas,12,160,gr,0,2011-10-12,galletas diversas,S,"productos de harina, s.a. de c.v.",pago abarrotes gravado ieps (propio,0,0,8,2018-01-01 al 2018-06-30
397149,galletas animalitos,10,150,gr,0,2012-04-03,galletas basicas,S,"productos de harina, s.a. de c.v.",pago abarrotes gravado ieps (propio,0,0,8,2018-01-01 al 2018-06-30
397158,galletas limon donde,10,180,gr,0,2013-08-14,galletas diversas,S,"productos de harina, s.a. de c.v.",pago abarrotes gravado ieps (propio,0,0,8,2018-01-01 al 2018-06-30
413004,polvo rexal p/hornear,100,50,gr,0,1990-01-01,polvo para hornear,N,"productos mexicanos, s.a. de c.v.",abarr. y art. de farmacia no grav,0,0,0,2018-01-01 al 2018-06-30
413005,polvo rexal p/hornear,50,150,gr,0,1990-01-01,polvo para hornear,N,"productos mexicanos, s.a. de c.v.",abarr. y art. de farmacia no grav,0,0,0,2018-01-01 al 2018-06-30
413013,polvo rexal para hornear,50,250,gr,0,1996-08-02,polvo para hornear,N,"productos mexicanos, s.a. de c.v.",abarr. y art. de farmacia no grav,0,0,0,2018-01-01 al 2018-06-30
413015,polvo para hornear continental,100,100,gr,0,1996-11-06,polvo para hornear,N,"productos mexicanos, s.a. de c.v.",abarr. y art. de farmacia no grav,0,0,0,2018-01-01 al 2018-06-30
413016,polvo para hornear continental,48,200,gr,0,1996-11-06,polvo para hornear,N,"productos mexicanos, s.a. de c.v.",abarr. y art. de farmacia no grav,0,0,0,2018-01-01 al 2018-06-30
413017,polvo para hornear continental,24,400,gr,0,1996-11-06,polvo para hornear,N,"productos mexicanos, s.a. de c.v.",abarr. y art. de farmacia no grav,0,0,0,2018-01-01 al 2018-06-30
413019,polvo rexal p/hornear,60,100,gr,0,2001-08-27,polvo para hornear,N,"productos mexicanos, s.a. de c.v.",abarr. y art. de farmacia no grav,0,0,0,2018-01-01 al 2018-06-30
413029,jarabe maple promesa,24,300,ml,0,2009-11-09,miel,N,"productos mexicanos, s.a. de c.v.",abarr. y art. de farmacia no grav,0,0,0,2018-01-01 al 2018-06-30
413030,jarabe vainilla promesa,24,300,ml,0,2009-11-09,miel,N,"productos mexicanos, s.a. de c.v.",abarr. y art. de farmacia no grav,0,0,0,2018-01-01 al 2018-06-30
413031,polvo para hornear continental,1,15,kg,0,2017-04-05,polvo para hornear,N,"productos mexicanos, s.a. de c.v.",abarr. y art. de farmacia no grav,0,0,0,2018-01-01 al 2018-06-30
413032,polvo para hornear continental env,30,500,gr,0,2017-04-28,polvo para hornear,N,"productos mexicanos, s.a. de c.v.",abarr. y art. de farmacia no grav,0,0,0,2018-01-01 al 2018-06-30
414001,cal,1,25,kg,0,1990-01-01,cal para construccion,N,productos mitza s.a de c.v.,miscelaneos grav,0,0,0,2018-01-01 al 2018-06-30
414004,cal procal,1,25,kg,0,2004-03-11,cal para construccion,N,productos mitza s.a de c.v.,miscelaneos grav,0,0,0,2018-01-01 al 2018-06-30
433002,talco boratado dos caras,48,125,gr,0,1990-01-01,articulos de uso personal,N,"proquimia laboratorios, s.a. de c.v.",perfumeria y art de tocador grav,0,0,0,2018-01-01 al 2018-06-30
433003,talco boratado dos caras,24,250,gr,0,1990-01-01,articulos de uso personal,N,"proquimia laboratorios, s.a. de c.v.",perfumeria y art de tocador grav,0,0,0,2018-01-01 al 2018-06-30
433023,limpiador frescolim lavanda,24,500,ml,0,2003-05-13,limpiadores liquidos,N,"proquimia laboratorios, s.a. de c.v.",abarr. y art. de farmacia grav,0,0,0,2018-01-01 al 2018-06-30
433024,limpiador frescolim agua marina,24,500,ml,0,2003-05-13,limpiadores liquidos,N,"proquimia laboratorios, s.a. de c.v.",abarr. y art. de farmacia grav,0,0,0,2018-01-01 al 2018-06-30
433044,talco dos caras tradicional bote,24,150,gr,0,2001-08-10,articulos de uso personal,N,"proquimia laboratorios, s.a. de c.v.",perfumeria y art de tocador grav,0,0,0,2018-01-01 al 2018-06-30
433045,talco dos caras alcanforado bote,24,150,gr,0,2001-08-10,articulos de uso personal,N,"proquimia laboratorios, s.a. de c.v.",perfumeria y art de tocador grav,0,0,0,2018-01-01 al 2018-06-30
433046,talco dos caras baby bote,24,150,gr,0,2001-08-10,articulos de uso personal,N,"proquimia laboratorios, s.a. de c.v.",perfumeria y art de tocador grav,0,0,0,2018-01-01 al 2018-06-30
433047,limpiador frescolim baby,24,500,ml,0,2003-05-13,limpiadores liquidos,N,"proquimia laboratorios, s.a. de c.v.",abarr. y art. de farmacia grav,0,0,0,2018-01-01 al 2018-06-30
433049,talco dos caras aroma baby bolsa,30,250,gr,0,2003-06-11,articulos de uso personal,N,"proquimia laboratorios, s.a. de c.v.",perfumeria y art de tocador grav,0,0,0,2018-01-01 al 2018-06-30
433052,blanqueador azul ultramar timon sobre,400,10,gr,0,2004-11-24,blanqueadores,S,"proquimia laboratorios, s.a. de c.v.",abarr. y art. de farmacia grav,0,0,0,2018-01-01 al 2018-06-30
433053,talco floral bolsa,30,250,gr,0,2006-06-14,articulos de uso personal,N,"proquimia laboratorios, s.a. de c.v.",perfumeria y art de tocador grav,0,0,0,2018-01-01 al 2018-06-30
433055,azul ultramar,20,150,gr,0,2006-06-14,limpiadores en polvo,N,"proquimia laboratorios, s.a. de c.v.",abarr. y art. de farmacia grav,0,0,0,2018-01-01 al 2018-06-30
433057,polegia el timon,30,200,gr,0,2009-05-12,limpiadores en polvo,N,"proquimia laboratorios, s.a. de c.v.",abarr. y art. de farmacia grav,0,0,0,2018-01-01 al 2018-06-30
433064,polegia el timon,20,400,gr,0,2010-06-22,limpiadores en polvo,N,"proquimia laboratorios, s.a. de c.v.",abarr. y art. de farmacia grav,0,0,0,2018-01-01 al 2018-06-30
433065,polegia el timon,15,1,kg,0,2017-03-08,limpiadores en polvo,N,"proquimia laboratorios, s.a. de c.v.",abarr. y art. de farmacia grav,0,0,0,2018-01-01 al 2018-06-30
433066,limpiador frescolim lavanda,12,980,ml,0,2017-05-04,limpiadores liquidos,N,"proquimia laboratorios, s.a. de c.v.",abarr. y art. de farmacia grav,0,0,0,2018-01-01 al 2018-06-30
433067,limpiador frescolim bambu,12,980,ml,0,2017-05-04,limpiadores liquidos,N,"proquimia laboratorios, s.a. de c.v.",abarr. y art. de farmacia grav,0,0,0,2018-01-01 al 2018-06-30
433068,limpiador frescolim bebe,12,980,ml,0,2017-05-04,limpiadores liquidos,N,"proquimia laboratorios, s.a. de c.v.",abarr. y art. de farmacia grav,0,0,0,2018-01-01 al 2018-06-30
433069,limpiador frescolim repelente,12,980,ml,0,2017-05-04,limpiadores liquidos,N,"proquimia laboratorios, s.a. de c.v.",abarr. y art. de farmacia grav,0,0,0,2018-01-01 al 2018-06-30
433070,limpiador frescolim pino,12,980,ml,0,2017-05-04,limpiadores liquidos,N,"proquimia laboratorios, s.a. de c.v.",abarr. y art. de farmacia grav,0,0,0,2018-01-01 al 2018-06-30
447001,crema blanca real,72,95,gr,0,1990-01-01,cremas para uso personal,N,"saflosa industria real, s.a. de c.v.",perfumeria y art de tocador grav,0,0,0,2018-01-01 al 2018-06-30
447030,crema real mediana,48,220,gr,0,2015-09-01,cremas para uso personal,N,"saflosa industria real, s.a. de c.v.",perfumeria y art de tocador grav,0,0,0,2018-01-01 al 2018-06-30
447031,shampoo real crematizado,12,900,ml,0,2016-03-31,shampoo y acondicionadores,N,"saflosa industria real, s.a. de c.v.",perfumeria y art de tocador grav,0,0,0,2018-01-01 al 2018-06-30
447032,enjuague real rosa,12,900,ml,0,2016-03-31,shampoo y acondicionadores,N,"saflosa industria real, s.a. de c.v.",perfumeria y art de tocador grav,0,0,0,2018-01-01 al 2018-06-30
447033,shampoo real miel y trigo,12,900,ml,0,2016-03-31,shampoo y acondicionadores,N,"saflosa industria real, s.a. de c.v.",perfumeria y art de tocador grav,0,0,0,2018-01-01 al 2018-06-30
447034,shampoo real huevo,12,900,ml,0,2016-03-31,shampoo y acondicionadores,N,"saflosa industria real, s.a. de c.v.",perfumeria y art de tocador grav,0,0,0,2018-01-01 al 2018-06-30
447035,shampoo real jojoba,12,900,ml,0,2016-03-31,shampoo y acondicionadores,N,"saflosa industria real, s.a. de c.v.",perfumeria y art de tocador grav,0,0,0,2018-01-01 al 2018-06-30
447036,shampoo real herbal,12,900,ml,0,2016-03-31,shampoo y acondicionadores,N,"saflosa industria real, s.a. de c.v.",perfumeria y art de tocador grav,0,0,0,2018-01-01 al 2018-06-30
447037,shampoo real aceite de oliva,12,900,ml,0,2016-03-31,shampoo y acondicionadores,N,"saflosa industria real, s.a. de c.v.",perfumeria y art de tocador grav,0,0,0,2018-01-01 al 2018-06-30
447038,shampoo real manzanilla,12,900,ml,0,2016-03-31,shampoo y acondicionadores,N,"saflosa industria real, s.a. de c.v.",perfumeria y art de tocador grav,0,0,0,2018-01-01 al 2018-06-30
447039,shampoo real sabila,12,900,ml,0,2016-03-31,shampoo y acondicionadores,N,"saflosa industria real, s.a. de c.v.",perfumeria y art de tocador grav,0,0,0,2018-01-01 al 2018-06-30
447040,crema blanca real,36,95,gr,0,2018-09-28,cremas para uso personal,N,"saflosa industria real, s.a. de c.v.",perfumeria y art de tocador grav,0,0,0,2018-01-01 al 2018-06-30
447041,crema real mediana,24,220,gr,0,2018-09-28,cremas para uso personal,N,"saflosa industria real, s.a. de c.v.",perfumeria y art de tocador grav,0,0,0,2018-01-01 al 2018-06-30
452015,sal com ref fluor la fina saco,1,50,kg,0,1990-01-01,sal molida y refinada,S,"sales del istmo,s.a.de c.v.",abarr. y art. de farmacia no grav,0,0,0,2018-01-01 al 2018-06-30
452024,sal com ref yod cisne bote,12,1,kg,0,2007-05-02,sal molida y refinada,S,"sales del istmo,s.a.de c.v.",abarr. y art. de farmacia no grav,0,0,0,2018-01-01 al 2018-06-30
452025,sal com ref yod la fina bote,12,1,kg,0,2007-05-02,sal molida y refinada,S,"sales del istmo,s.a.de c.v.",abarr. y art. de farmacia no grav,0,0,0,2018-01-01 al 2018-06-30
452026,sal com ref yod la fina bote,16,250,gr,0,2007-05-02,sal molida y refinada,S,"sales del istmo,s.a.de c.v.",abarr. y art. de farmacia no grav,0,0,0,2018-01-01 al 2018-06-30
452027,sal com ref fluor cisne bote,12,1,kg,0,2007-05-02,sal molida y refinada,S,"sales del istmo,s.a.de c.v.",abarr. y art. de farmacia no grav,0,0,0,2018-01-01 al 2018-06-30
452028,sal com ref fluor la fina bote,12,1,kg,0,2007-05-02,sal molida y refinada,S,"sales del istmo,s.a.de c.v.",abarr. y art. de farmacia no grav,0,0,0,2018-01-01 al 2018-06-30
452029,sal com ref fluor y yod la fina paquete,25,500,gr,0,2007-05-02,sal molida y refinada,S,"sales del istmo,s.a.de c.v.",abarr. y art. de farmacia no grav,0,0,0,2018-01-01 al 2018-06-30
452030,sal la fina yodatada y fluorada bote,16,250,gr,0,2007-05-02,sal molida y refinada,S,"sales del istmo,s.a.de c.v.",abarr. y art. de farmacia no grav,0,0,0,2018-01-01 al 2018-06-30
452031,sal com ref yod bakara bolsa,20,1,kg,0,2009-01-28,sal molida y refinada,S,"sales del istmo,s.a.de c.v.",abarr. y art. de farmacia no grav,0,0,0,2018-01-01 al 2018-06-30
452032,sal com ref yod la fina bolsa,20,1,kg,0,2009-01-28,sal molida y refinada,S,"sales del istmo,s.a.de c.v.",abarr. y art. de farmacia no grav,0,0,0,2018-01-01 al 2018-06-30
452033,sal com. ref. yod. fluor klara bolsa,20,1,kg,0,2009-01-28,sal molida y refinada,S,"sales del istmo,s.a.de c.v.",abarr. y art. de farmacia no grav,0,0,0,2018-01-01 al 2018-06-30
452034,sal com ref fluor la fina bolsa,20,1,kg,0,2009-01-28,sal molida y refinada,S,"sales del istmo,s.a.de c.v.",abarr. y art. de farmacia no grav,0,0,0,2018-01-01 al 2018-06-30
452035,sal com. ref. yod. fluor cisne bolsa,20,1,kg,0,2009-01-28,sal molida y refinada,S,"sales del istmo,s.a.de c.v.",abarr. y art. de farmacia no grav,0,0,0,2018-01-01 al 2018-06-30
452036,sal com. ref. yod. klara bolsa,20,1,kg,0,2009-01-28,sal molida y refinada,S,"sales del istmo,s.a.de c.v.",abarr. y art. de farmacia no grav,0,0,0,2018-01-01 al 2018-06-30
452037,sal com la fina c/chile y limon,16,125,gr,0,2009-03-13,sal molida y refinada,S,"sales del istmo,s.a.de c.v.",abarr. y art. de farmacia no grav,0,0,0,2018-01-01 al 2018-06-30
452040,bote la fina yodado,12,120,gr,0,2009-03-13,sal molida y refinada,S,"sales del istmo,s.a.de c.v.",abarr. y art. de farmacia no grav,0,0,0,2018-01-01 al 2018-06-30
452041,bote la fina yodado floururado,12,120,gr,0,2009-03-13,sal molida y refinada,S,"sales del istmo,s.a.de c.v.",abarr. y art. de farmacia no grav,0,0,0,2018-01-01 al 2018-06-30
452042,sal com ref yod bolsa diconsa,20,1,kg,0,2012-06-27,sal molida y refinada,S,"sales del istmo,s.a.de c.v.",abarr. y art. de farmacia no grav,1,1,0,2018-01-01 al 2018-06-30
452043,sal com ref yod fluorurada bolsa diconsa,20,1,kg,0,2012-06-27,sal molida y refinada,S,"sales del istmo,s.a.de c.v.",abarr. y art. de farmacia no grav,1,1,0,2018-01-01 al 2018-06-30
457004,jabon toc. lirio neutro,50,150,gr,0,1990-01-01,jabones de tocador,S,"sanchez y martin, s.a. de c.v.",abarr. y art. de farmacia grav,0,0,0,2018-01-01 al 2018-06-30
457009,detergente lirio biologico,20,500,gr,0,1997-08-11,detergente en polvo,S,"sanchez y martin, s.a. de c.v.",abarr. y art. de farmacia grav,0,0,0,2018-01-01 al 2018-06-30
457015,jabon de tocador lirio neutro,100,100,gr,0,2000-04-28,jabones de tocador,S,"sanchez y martin, s.a. de c.v.",abarr. y art. de farmacia grav,0,0,0,2018-01-01 al 2018-06-30
457018,detergente lavatrastes lirio,20,500,gr,0,2000-05-19,detergente en polvo,S,"sanchez y martin, s.a. de c.v.",abarr. y art. de farmacia grav,0,0,0,2018-01-01 al 2018-06-30
457023,jabon lirio ama. lav. s/e,25,400,gr,0,2006-06-23,jabon de lavanderia,S,"sanchez y martin, s.a. de c.v.",abarr. y art. de farmacia grav,0,0,0,2018-01-01 al 2018-06-30
457025,jabon de tocador lirio dermatologico,100,100,gr,0,2008-11-05,jabones de tocador,S,"sanchez y martin, s.a. de c.v.",abarr. y art. de farmacia grav,0,0,0,2018-01-01 al 2018-06-30
457026,jabon de tocador lirio surtido,60,150,gr,0,2008-11-05,jabones de tocador,S,"sanchez y martin, s.a. de c.v.",abarr. y art. de farmacia grav,0,0,0,2018-01-01 al 2018-06-30
457030,det multiusos util granel,1,10,kg,0,2008-11-05,detergente en polvo,S,"sanchez y martin, s.a. de c.v.",abarr. y art. de farmacia grav,0,0,0,2018-01-01 al 2018-06-30
457031,det multiusos util,10,1,kg,0,2008-11-05,detergente en polvo,S,"sanchez y martin, s.a. de c.v.",abarr. y art. de farmacia grav,0,0,0,2018-01-01 al 2018-06-30
457038,det. multiusos util.,20,500,gr,0,2012-04-12,detergente en polvo,S,"sanchez y martin, s.a. de c.v.",abarr. y art. de farmacia grav,0,0,0,2018-01-01 al 2018-06-30
457040,detergete multiusos,1,5,kg,0,2014-07-14,detergente en polvo,S,"sanchez y martin, s.a. de c.v.",abarr. y art. de farmacia grav,0,0,0,2018-01-01 al 2018-06-30
457041,jabon de lavanderia util,50,200,gr,0,2014-07-14,jabon de lavanderia,S,"sanchez y martin, s.a. de c.v.",abarr. y art. de farmacia grav,0,0,0,2018-01-01 al 2018-06-30
457042,jabon de lavanderia util,20,350,gr,0,2014-07-14,jabon de lavanderia,S,"sanchez y martin, s.a. de c.v.",abarr. y art. de farmacia grav,0,0,0,2018-01-01 al 2018-06-30
457043,jabon lirio de lavanderia amarillo c/e,50,200,gr,0,2014-07-14,jabon de lavanderia,S,"sanchez y martin, s.a. de c.v.",abarr. y art. de farmacia grav,0,0,0,2018-01-01 al 2018-06-30
457046,jabon de toc. lirio avena y miel,50,150,gr,0,2017-08-04,jabones de tocador,S,"sanchez y martin, s.a. de c.v.",abarr. y art. de farmacia grav,0,0,0,2018-01-01 al 2018-06-30
457047,jabon de tocador lirio coco,50,150,gr,0,2017-08-04,jabones de tocador,S,"sanchez y martin, s.a. de c.v.",abarr. y art. de farmacia grav,0,0,0,2018-01-01 al 2018-06-30
457048,jabon de tocador lirio coco,50,200,gr,0,2017-08-04,jabones de tocador,S,"sanchez y martin, s.a. de c.v.",abarr. y art. de farmacia grav,0,0,0,2018-01-01 al 2018-06-30
457049,d bold 3 flores amores cj 500gr24pz12kg,24,500,gr,0,2018-03-14,detergente en polvo,S,"sanchez y martin, s.a. de c.v.",abarr. y art. de farmacia grav,0,0,0,2018-01-01 al 2018-06-30
457050,d bold 3 flores amores cj 850gr18pz15.3k,18,850,gr,0,2018-03-14,detergente en polvo,S,"sanchez y martin, s.a. de c.v.",abarr. y art. de farmacia grav,0,0,0,2018-01-01 al 2018-06-30
479005,cafe puro k-cero,20,250,gr,0,2000-01-03,cafe tostado y molido,S,"tostadores y molinos, s.a. de c.v.",abarr. y art. de farmacia no grav,0,0,0,2018-01-01 al 2018-06-30
479008,chocolate de mesa oso,25,200,gr,0,2000-01-03,chocolate de mesa,S,"tostadores y molinos, s.a. de c.v.",pago abarrotes gravado ieps (propio,0,0,8,2018-01-01 al 2018-06-30
501018,polvillo pinolcho,10,400,gr,0,2009-06-01,preparados para bebidas,N,productos reforma y/o fanny santo magana,pago abarrotes gravado ieps (propio,0,0,8,2018-01-01 al 2018-06-30
501019,avena con cacao avecao,10,400,gr,0,2010-12-24,avena,N,productos reforma y/o fanny santo magana,pago abarrotes gravado ieps (propio,0,0,8,2018-01-01 al 2018-06-30
501020,avena a la canela pelicano,10,400,gr,0,2011-03-23,avena,N,productos reforma y/o fanny santo magana,abarr. y art. de farmacia no grav,0,0,0,2018-01-01 al 2018-06-30
501021,pinole reforma,10,400,gr,0,2011-03-23,preparados para bebidas,N,productos reforma y/o fanny santo magana,abarr. y art. de farmacia no grav,0,0,0,2018-01-01 al 2018-06-30
516007,soya texturizada natural trozo chico,48,330,gr,1,1996-06-13,soya texturizada,N,"nutrim. y complementos alimenticios, s.a. de c.v.",abarr. y art. de farmacia no grav,0,0,0,2018-01-01 al 2018-06-30
516008,soya texturizada natural trozo mediano,48,330,gr,1,1996-06-13,soya texturizada,N,"nutrim. y complementos alimenticios, s.a. de c.v.",abarr. y art. de farmacia no grav,0,0,0,2018-01-01 al 2018-06-30
516028,soya texturizada sabor natural,18,1,kg,1,2011-03-24,soya texturizada,N,"nutrim. y complementos alimenticios, s.a. de c.v.",abarr. y art. de farmacia no grav,0,0,0,2018-01-01 al 2018-06-30
532092,panal chicolastic classic med.,12,14,pz,0,1998-10-15,panales desechables,N,"productos internacionales mabe, s.a. de c.v.","acc. p/bebe, ropa y calzado grav",0,0,0,2018-01-01 al 2018-06-30
532093,panal chicolastic classic gde.,12,14,pz,0,1998-10-15,panales desechables,N,"productos internacionales mabe, s.a. de c.v.","acc. p/bebe, ropa y calzado grav",0,0,0,2018-01-01 al 2018-06-30
532151,panal classic chico,12,14,pz,0,2005-09-27,panales desechables,N,"productos internacionales mabe, s.a. de c.v.","acc. p/bebe, ropa y calzado grav",0,0,0,2018-01-01 al 2018-06-30
532152,panal classic extra grande,12,14,pz,0,2005-09-27,panales desechables,N,"productos internacionales mabe, s.a. de c.v.","acc. p/bebe, ropa y calzado grav",0,0,0,2018-01-01 al 2018-06-30
532202,panal classic ahorra pack chico,4,40,pz,0,2006-02-24,panales desechables,N,"productos internacionales mabe, s.a. de c.v.","acc. p/bebe, ropa y calzado grav",0,0,0,2018-01-01 al 2018-06-30
532203,panal classic ahorra pack mediano,4,40,pz,0,2006-02-24,panales desechables,N,"productos internacionales mabe, s.a. de c.v.","acc. p/bebe, ropa y calzado grav",0,0,0,2018-01-01 al 2018-06-30
532204,panal classic ahorra pack grande,4,40,pz,0,2006-02-24,panales desechables,N,"productos internacionales mabe, s.a. de c.v.","acc. p/bebe, ropa y calzado grav",0,0,0,2018-01-01 al 2018-06-30
532205,panal classic ahorra pack extra grande,4,40,pz,0,2006-02-24,panales desechables,N,"productos internacionales mabe, s.a. de c.v.","acc. p/bebe, ropa y calzado grav",0,0,0,2018-01-01 al 2018-06-30
532206,panal kiddies 3,4,40,pz,0,2006-02-24,panales desechables,N,"productos internacionales mabe, s.a. de c.v.","acc. p/bebe, ropa y calzado grav",0,0,0,2018-01-01 al 2018-06-30
532207,panal kiddies 4,4,40,pz,0,2006-02-24,panales desechables,N,"productos internacionales mabe, s.a. de c.v.","acc. p/bebe, ropa y calzado grav",0,0,0,2018-01-01 al 2018-06-30
532208,panal kiddies 5,4,40,pz,0,2006-02-24,panales desechables,N,"productos internacionales mabe, s.a. de c.v.","acc. p/bebe, ropa y calzado grav",0,0,0,2018-01-01 al 2018-06-30
532209,panal kiddies 2,4,40,pz,0,2006-02-24,panales desechables,N,"productos internacionales mabe, s.a. de c.v.","acc. p/bebe, ropa y calzado grav",0,0,0,2018-01-01 al 2018-06-30
532213,panal kiddies mediano,6,12,pz,0,2007-06-04,panales desechables,N,"productos internacionales mabe, s.a. de c.v.","acc. p/bebe, ropa y calzado grav",0,0,0,2018-01-01 al 2018-06-30
532214,panal kiddies grande,6,12,pz,0,2007-06-04,panales desechables,N,"productos internacionales mabe, s.a. de c.v.","acc. p/bebe, ropa y calzado grav",0,0,0,2018-01-01 al 2018-06-30
532215,toalla fiore anatomica c/alas,24,14,pz,0,2007-11-07,toallas sanitarias,N,"productos internacionales mabe, s.a. de c.v.",abarr. y art. de farmacia grav,0,0,0,2018-01-01 al 2018-06-30
532217,toalla fem fiore ultradelgada c/alas,24,14,pz,0,2007-11-28,toallas sanitarias,N,"productos internacionales mabe, s.a. de c.v.",abarr. y art. de farmacia grav,0,0,0,2018-01-01 al 2018-06-30
532219,toalla fem. fiore noche  16 pz,12,16,pz,0,2016-06-18,toallas sanitarias,N,"productos internacionales mabe, s.a. de c.v.",abarr. y art. de farmacia grav,0,0,0,2018-01-01 al 2018-06-30
532220,toalla humeda chicolastic classic,12,80,pz,0,2016-10-10,panuelos desechables,N,"productos internacionales mabe, s.a. de c.v.",abarr. y art. de farmacia grav,0,0,0,2018-01-01 al 2018-06-30
532221,toalla humeda chicolastic classic,24,48,pz,0,2016-10-10,panuelos desechables,N,"productos internacionales mabe, s.a. de c.v.",abarr. y art. de farmacia grav,0,0,0,2018-01-01 al 2018-06-30
533011,arroz g largo 5% a granel,1,1,kg,0,1990-01-01,arroz a granel,S,"schettino hermanos, s. de r.l. de c.v.",arroz,0,0,0,2018-01-01 al 2018-06-30
533019,arroz m filipino 1/2 a granel,1,1,kg,0,1999-07-29,arroz a granel,S,"schettino hermanos, s. de r.l. de c.v.",arroz,0,0,0,2018-01-01 al 2018-06-30
533033,frijol flor de mayo envasado,1,1,kg,0,2003-07-10,frijol envasado,S,"schettino hermanos, s. de r.l. de c.v.",frijol,1,0,0,2018-01-01 al 2018-06-30
533035,lenteja chica envasada schettino,1,500,gr,0,2003-10-21,lentejas,S,"schettino hermanos, s. de r.l. de c.v.",abarr. y art. de farmacia no grav,1,0,0,2018-01-01 al 2018-06-30
533036,frijol negro jamapa a granel,1,1,kg,0,2004-02-20,frijol a granel,S,"schettino hermanos, s. de r.l. de c.v.",frijol,0,0,0,2018-01-01 al 2018-06-30
533037,frijol negro san luis envasado,1,1,kg,0,2005-02-17,frijol envasado,S,"schettino hermanos, s. de r.l. de c.v.",frijol,1,0,0,2018-01-01 al 2018-06-30
533043,arroz g largo 5% envasado schettino,1,1,kg,0,2006-07-05,arroz envasado,S,"schettino hermanos, s. de r.l. de c.v.",arroz,1,0,0,2018-01-01 al 2018-06-30
533050,arroz g largo 5% envasado schettino,1,500,gr,0,2008-07-08,arroz envasado,S,"schettino hermanos, s. de r.l. de c.v.",arroz,0,0,0,2018-01-01 al 2018-06-30
533051,frijol pinto saltillo envasado,1,1,kg,0,2009-01-30,frijol envasado,S,"schettino hermanos, s. de r.l. de c.v.",frijol,1,0,0,2018-01-01 al 2018-06-30
533053,frijol negro jamapa envasado,1,1,kg,0,2010-03-19,frijol envasado,S,"schettino hermanos, s. de r.l. de c.v.",frijol,1,0,0,2018-01-01 al 2018-06-30
533057,arroz g largo 5% envasado precocido,1,750,gr,0,2012-08-14,arroz envasado,S,"schettino hermanos, s. de r.l. de c.v.",arroz,0,0,0,2018-01-01 al 2018-06-30
533062,arroz g largo 5% envasado precocido,1,1,kg,0,2015-12-22,arroz envasado,S,"schettino hermanos, s. de r.l. de c.v.",arroz,0,0,0,2018-01-01 al 2018-06-30
533063,avena en hojuelas,1,1,kg,0,2017-11-09,avena,N,"schettino hermanos, s. de r.l. de c.v.",abarr. y art. de farmacia no grav,0,0,0,2018-01-01 al 2018-06-30
533064,garbanzo envasado,1,1,kg,0,2018-03-02,garbanzo,S,"schettino hermanos, s. de r.l. de c.v.",abarr. y art. de farmacia no grav,0,0,0,2018-01-01 al 2018-06-30
572004,azucar estandar a granel,1,1,kg,0,2002-02-13,azucar estandar,S,"profcan, s.a. de c.v.",azucar,0,0,0,2018-01-01 al 2018-06-30
572005,azucar estandar envasada,1,1,kg,0,2002-02-13,azucar estandar,S,"profcan, s.a. de c.v.",azucar,1,0,0,2018-01-01 al 2018-06-30
572010,azucar estandar envasada,1,500,gr,0,2013-07-30,azucar estandar,S,"profcan, s.a. de c.v.",azucar,0,0,0,2018-01-01 al 2018-06-30
574007,arroz g largo 5% a granel,1,1,kg,0,1990-01-01,arroz a granel,S,indus. de prod. agricolas de la cuenca del papaloapan s.a. de c.v.,arroz,0,0,0,2018-01-01 al 2018-06-30
574010,arroz g largo 5% envasado,1,1,kg,0,1990-01-01,arroz envasado,S,indus. de prod. agricolas de la cuenca del papaloapan s.a. de c.v.,arroz,1,0,0,2018-01-01 al 2018-06-30
574012,arroz g largo 1/2 a granel,1,1,kg,0,1990-01-01,arroz a granel,S,indus. de prod. agricolas de la cuenca del papaloapan s.a. de c.v.,arroz,0,0,0,2018-01-01 al 2018-06-30
574035,arroz g largo 5% envasado prima,1,500,gr,0,2001-10-17,arroz envasado,S,indus. de prod. agricolas de la cuenca del papaloapan s.a. de c.v.,arroz,0,0,0,2018-01-01 al 2018-06-30
574058,arroz g.largo 5% envasado integral,1,1,kg,0,2012-10-08,arroz envasado,S,indus. de prod. agricolas de la cuenca del papaloapan s.a. de c.v.,arroz,0,0,0,2018-01-01 al 2018-06-30
574064,arroz g. largo 5% envasado precocido,1,900,gr,0,2014-11-10,arroz envasado,S,indus. de prod. agricolas de la cuenca del papaloapan s.a. de c.v.,arroz,0,0,0,2018-01-01 al 2018-06-30
592001,cafe dos estrellas,20,50,gr,0,1990-01-01,cafe tostado y molido,S,"jocape, s.a.",abarr. y art. de farmacia no grav,0,0,0,2018-01-01 al 2018-06-30
592002,cafe dos estrellas,10,100,gr,0,1990-01-01,cafe tostado y molido,S,"jocape, s.a.",abarr. y art. de farmacia no grav,0,0,0,2018-01-01 al 2018-06-30
592003,cafe dos estrellas,20,250,gr,0,1990-01-01,cafe tostado y molido,S,"jocape, s.a.",abarr. y art. de farmacia no grav,0,0,0,2018-01-01 al 2018-06-30
618001,azucar estandar a granel,1,1,kg,0,1990-01-01,azucar estandar,S,"ingenio de huixtla, s.a. de c.v.",azucar,0,0,0,2018-01-01 al 2018-06-30
618004,azucar estandar envasada,1,1,kg,0,2004-08-02,azucar estandar,S,"ingenio de huixtla, s.a. de c.v.",azucar,1,0,0,2018-01-01 al 2018-06-30
653001,aceite comestible cristal,12,1,lt,0,1990-01-01,aceite vegetal comestible,S,"aceites grasas y derivados, s.a. de c.v.",abarr. y art. de farmacia no grav,1,0,0,2018-01-01 al 2018-06-30
653003,aceite comestible cristal,24,500,ml,0,1990-01-01,aceite vegetal comestible,S,"aceites grasas y derivados, s.a. de c.v.",abarr. y art. de farmacia no grav,0,0,0,2018-01-01 al 2018-06-30
653005,aceite cristal puro de maiz,12,1,lt,0,2004-07-26,aceite vegetal comestible,S,"aceites grasas y derivados, s.a. de c.v.",abarr. y art. de farmacia no grav,0,0,0,2018-01-01 al 2018-06-30
653008,manteca vegetal cristal,12,1,kg,0,1997-08-18,manteca vegetal,S,"aceites grasas y derivados, s.a. de c.v.",abarr. y art. de farmacia no grav,0,0,0,2018-01-01 al 2018-06-30
653009,aceite cristal vegetal,8,1500,ml,0,1998-11-24,aceite vegetal comestible,S,"aceites grasas y derivados, s.a. de c.v.",abarr. y art. de farmacia no grav,0,0,0,2018-01-01 al 2018-06-30
653020,aceite cristal vegetal mixto,2,5,lt,0,2000-07-18,aceite vegetal comestible,S,"aceites grasas y derivados, s.a. de c.v.",abarr. y art. de farmacia no grav,0,0,0,2018-01-01 al 2018-06-30
653022,aceite comestible kartamus,12,900,ml,0,2005-07-06,aceite vegetal comestible,S,"aceites grasas y derivados, s.a. de c.v.",abarr. y art. de farmacia no grav,0,0,0,2018-01-01 al 2018-06-30
653023,aceite canoil,12,1,lt,0,2008-02-28,aceite vegetal comestible,S,"aceites grasas y derivados, s.a. de c.v.",abarr. y art. de farmacia no grav,0,0,0,2018-01-01 al 2018-06-30
718001,azucar estandar a granel,1,1,kg,0,2006-05-08,azucar estandar,S,"central motzorongo, s.a. de c.v.",azucar,0,0,0,2018-01-01 al 2018-06-30
750008,azucar estandar envasada 8a,1,1,kg,0,2006-02-09,azucar estandar,S,"ochoa comercial, s.a. de c.v.",azucar,1,0,0,2018-01-01 al 2018-06-30
750009,arroz g largo 5% envasado 8a,1,1,kg,0,2005-05-06,arroz envasado,S,"ochoa comercial, s.a. de c.v.",arroz,1,0,0,2018-01-01 al 2018-06-30
750029,arroz g largo 5% envasado 8a,1,500,gr,0,2007-04-30,arroz envasado,S,"ochoa comercial, s.a. de c.v.",arroz,0,0,0,2018-01-01 al 2018-06-30
750038,huevo cascaron,360,1,pz,0,2014-04-04,huevo fresco,N,"ochoa comercial, s.a. de c.v.",productos perecederos,0,0,0,2018-01-01 al 2018-06-30
776005,cereal trigo inflado tikiss,16,500,gr,1,2006-03-16,cereales en hojuelas,S,"selecto productos, s.a. de c.v.",pago abarrotes gravado ieps (propio,0,0,8,2018-01-01 al 2018-06-30
776006,cereal trigo inflado tikiss,150,50,gr,1,2006-03-16,cereales en hojuelas,S,"selecto productos, s.a. de c.v.",pago abarrotes gravado ieps (propio,0,0,8,2018-01-01 al 2018-06-30
776009,cereal trigo inflado tikiss,70,100,gr,1,2005-10-13,cereales en hojuelas,S,"selecto productos, s.a. de c.v.",pago abarrotes gravado ieps (propio,0,0,8,2018-01-01 al 2018-06-30
776015,cereal trigo inflado tikiss chocolate,16,500,gr,1,2008-07-14,cereales en hojuelas,S,"selecto productos, s.a. de c.v.",pago abarrotes gravado ieps (propio,0,0,8,2018-01-01 al 2018-06-30
776016,cereal trigo inflado tikiss chocolate,32,250,gr,1,2008-07-14,cereales en hojuelas,S,"selecto productos, s.a. de c.v.",pago abarrotes gravado ieps (propio,0,0,8,2018-01-01 al 2018-06-30
776018,cereal trigo inflado,32,250,gr,1,2011-03-24,cereales en hojuelas,S,"selecto productos, s.a. de c.v.",pago abarrotes gravado ieps (propio,0,0,8,2018-01-01 al 2018-06-30
776019,avena tikis tradicional bolsa,36,400,gr,0,2014-06-16,avena,N,"selecto productos, s.a. de c.v.",abarr. y art. de farmacia no grav,0,0,0,2018-01-01 al 2018-06-30
777009,flan congelli vainilla,48,120,gr,1,1990-01-01,flanes,N,"con alimentos, s.a. de c.v.",abarr. y art. de farmacia no grav,0,0,0,2018-01-01 al 2018-06-30
777010,chocolate en polvo con-choco bolsa,24,400,gr,0,1990-01-01,chocolate en polvo,S,"con alimentos, s.a. de c.v.",pago abarrotes gravado ieps (propio,0,0,8,2018-01-01 al 2018-06-30
777050,gelatina congelli sabores surtidos,48,170,gr,1,1998-03-02,gelatinas,N,"con alimentos, s.a. de c.v.",abarr. y art. de farmacia no grav,0,0,0,2018-01-01 al 2018-06-30
777059,consome de pollo ya`sta 100 est de 8 cub,100,96,gr,0,2000-04-28,consomes,S,"con alimentos, s.a. de c.v.",abarr. y art. de farmacia no grav,0,0,0,2018-01-01 al 2018-06-30
777103,concentrado de arroz princesa,12,960,ml,0,2008-07-15,concentrado liquido para refrescos,N,"con alimentos, s.a. de c.v.",abarr. y art. de farmacia no grav,0,0,0,2018-01-01 al 2018-06-30
777104,concentrado de arroz princesa,12,500,ml,0,2008-07-15,concentrado liquido para refrescos,N,"con alimentos, s.a. de c.v.",abarr. y art. de farmacia no grav,0,0,0,2018-01-01 al 2018-06-30
777105,concentrado de arroz princesa,15,700,ml,0,2008-07-15,concentrado liquido para refrescos,N,"con alimentos, s.a. de c.v.",abarr. y art. de farmacia no grav,0,0,0,2018-01-01 al 2018-06-30
777106,concentrado de coco princesa,12,500,ml,0,2008-07-15,concentrado liquido para refrescos,N,"con alimentos, s.a. de c.v.",abarr. y art. de farmacia no grav,0,0,0,2018-01-01 al 2018-06-30
777107,horchata princesa,84,150,ml,0,2008-07-15,concentrado liquido para refrescos,N,"con alimentos, s.a. de c.v.",abarr. y art. de farmacia no grav,0,0,0,2018-01-01 al 2018-06-30
777108,concentrado de tamarindo vitro princesa,84,125,ml,0,2008-07-15,concentrado liquido para refrescos,N,"con alimentos, s.a. de c.v.",abarr. y art. de farmacia grav,0,0,0,2018-01-01 al 2018-06-30
777109,concentrado de jamaica vitro princesa,84,125,ml,0,2008-07-15,concentrado liquido para refrescos,N,"con alimentos, s.a. de c.v.",abarr. y art. de farmacia grav,0,0,0,2018-01-01 al 2018-06-30
777120,gelatina ya sta surtida,24,35,gr,1,2011-07-11,gelatinas,N,"con alimentos, s.a. de c.v.",abarr. y art. de farmacia no grav,0,0,0,2018-01-01 al 2018-06-30
777121,harina para hot cakes pronto,12,350,gr,1,2011-11-14,harina para hotcakes,N,"con alimentos, s.a. de c.v.",abarr. y art. de farmacia no grav,0,0,0,2018-01-01 al 2018-06-30
777122,harina para hot cakes pronto,12,500,gr,1,2011-11-14,harina para hotcakes,N,"con alimentos, s.a. de c.v.",abarr. y art. de farmacia no grav,0,0,0,2018-01-01 al 2018-06-30
777123,flan pronto vainilla c/caramelo,24,136,gr,1,2011-11-16,flanes,N,"con alimentos, s.a. de c.v.",abarr. y art. de farmacia no grav,0,0,0,2018-01-01 al 2018-06-30
777124,gelatina pronto gelat mix,24,84,gr,1,2011-11-16,gelatinas,N,"con alimentos, s.a. de c.v.",abarr. y art. de farmacia no grav,0,0,0,2018-01-01 al 2018-06-30
777132,flan c/caramelo yasta,24,85,gr,1,2014-05-08,flanes,N,"con alimentos, s.a. de c.v.",abarr. y art. de farmacia no grav,0,0,0,2018-01-01 al 2018-06-30
777134,hojuelas p/ preparar pure de papa ya´sta,4,500,gr,0,2017-04-05,diversos vegetales envasados,N,"con alimentos, s.a. de c.v.",abarr. y art. de farmacia no grav,0,0,0,2018-01-01 al 2018-06-30
777135,chocolate en polvo chocokiwi,2,350,gr,0,2017-11-09,chocolate de mesa,S,"con alimentos, s.a. de c.v.",pago abarrotes gravado ieps (propio,0,0,8,2018-01-01 al 2018-06-30
777136,chocolate en polvo choco kiwi,24,350,gr,0,2017-11-14,chocolate en polvo,S,"con alimentos, s.a. de c.v.",pago abarrotes gravado ieps (propio,0,0,8,2018-01-01 al 2018-06-30
787003,salvado,1,30,kg,0,1990-01-01,alimentos pecuarios,N,"molinos del fenix, s.a. de c.v",insumos agropecuarios no grav,0,0,0,2018-01-01 al 2018-06-30
787004,salvadillo,1,45,kg,0,1990-01-01,alimentos pecuarios,N,"molinos del fenix, s.a. de c.v",insumos agropecuarios no grav,0,0,0,2018-01-01 al 2018-06-30
787047,harina de trigo pavo,10,1,kg,0,2009-05-06,harina de trigo,S,"molinos del fenix, s.a. de c.v",abarr. y art. de farmacia no grav,0,0,0,2018-01-01 al 2018-06-30
787048,harina de trigo lirio,10,1,kg,0,2009-05-06,harina de trigo,S,"molinos del fenix, s.a. de c.v",abarr. y art. de farmacia no grav,0,0,0,2018-01-01 al 2018-06-30
787049,harina de trigo pavo,1,44,kg,1,2013-10-02,harina de trigo,S,"molinos del fenix, s.a. de c.v",abarr. y art. de farmacia no grav,0,0,0,2018-01-01 al 2018-06-30
787050,harina de trigo angelito,1,44,kg,1,2013-10-02,harina de trigo,S,"molinos del fenix, s.a. de c.v",abarr. y art. de farmacia no grav,0,0,0,2018-01-01 al 2018-06-30
787051,harina de trigo lirio,1,44,kg,1,2013-10-02,harina de trigo,S,"molinos del fenix, s.a. de c.v",abarr. y art. de farmacia no grav,0,0,0,2018-01-01 al 2018-06-30
787052,harina la perla tradicional,1,44,kg,0,2016-10-14,harina de trigo,S,"molinos del fenix, s.a. de c.v",abarr. y art. de farmacia no grav,0,0,0,2018-01-01 al 2018-06-30
787053,harina la perla,10,1,kg,0,2016-10-14,harina de trigo,S,"molinos del fenix, s.a. de c.v",abarr. y art. de farmacia no grav,0,0,0,2018-01-01 al 2018-06-30
812094,duraznos el almibar la pasiega mitades,24,820,gr,0,1999-07-21,frutas enlatadas,N,"industria agricola carredana, s.a. de c.v.",abarr. y art. de farmacia no grav,0,0,0,2018-01-01 al 2018-06-30
812095,pina en almibar la pasiega rebanadas,24,800,gr,0,1999-07-21,frutas enlatadas,N,"industria agricola carredana, s.a. de c.v.",abarr. y art. de farmacia no grav,0,0,0,2018-01-01 al 2018-06-30
812097,cocktail de frutas en almibar,24,820,gr,0,1999-07-21,frutas enlatadas,N,"industria agricola carredana, s.a. de c.v.",abarr. y art. de farmacia no grav,0,0,0,2018-01-01 al 2018-06-30
812103,pina en almibar la pasiega trozos,24,800,gr,0,2008-05-28,frutas enlatadas,N,"industria agricola carredana, s.a. de c.v.",abarr. y art. de farmacia no grav,0,0,0,2018-01-01 al 2018-06-30
812107,aceite oliva borges botella12x250,12,250,ml,0,2010-06-30,aceite vegetal comestible,S,"industria agricola carredana, s.a. de c.v.",abarr. y art. de farmacia no grav,0,0,0,2018-01-01 al 2018-06-30
836005,azucar estandar a granel,1,1,kg,0,2004-05-27,azucar estandar,S,"corporativo sureste comercial, s.a. de c.v.",azucar,0,0,0,2018-01-01 al 2018-06-30
836006,azucar estandar envasada,1,1,kg,0,2004-05-27,azucar estandar,S,"corporativo sureste comercial, s.a. de c.v.",azucar,0,0,0,2018-01-01 al 2018-06-30
836007,arroz g largo 5% envasado,1,1,kg,0,2014-02-06,arroz envasado,S,"corporativo sureste comercial, s.a. de c.v.",arroz,0,0,0,2018-01-01 al 2018-06-30
836008,arroz g largo 5%  granel,1,1,kg,0,2014-02-11,arroz a granel,S,"corporativo sureste comercial, s.a. de c.v.",arroz,0,0,0,2018-01-01 al 2018-06-30
836009,frijol negro san luis a granel,1,1,kg,0,2017-07-12,frijol a granel,S,"corporativo sureste comercial, s.a. de c.v.",frijol,0,0,0,2018-01-01 al 2018-06-30
942001,salsa picante vicam,20,355,ml,0,1990-01-01,salsa picante,N,"sierra grande alimentos, s.a. de c.v.",abarr. y art. de farmacia no grav,0,0,0,2018-01-01 al 2018-06-30
942003,salsa casera mexicana sierra grande,48,220,gr,0,1990-01-01,salsas caseras,N,"sierra grande alimentos, s.a. de c.v.",abarr. y art. de farmacia no grav,0,0,0,2018-01-01 al 2018-06-30
942010,carne barbacoa de res sierra gde.,48,220,gr,0,1998-09-02,diversas carnes envasadas,N,"sierra grande alimentos, s.a. de c.v.",abarr. y art. de farmacia no grav,0,0,0,2018-01-01 al 2018-06-30
942012,carne c/chile colorado sierra gde.,48,220,gr,0,1998-09-02,diversas carnes envasadas,N,"sierra grande alimentos, s.a. de c.v.",abarr. y art. de farmacia no grav,0,0,0,2018-01-01 al 2018-06-30
942020,chilorio sierra grande,48,220,gr,0,2003-07-31,chilorio,N,"sierra grande alimentos, s.a. de c.v.",abarr. y art. de farmacia no grav,0,0,0,2018-01-01 al 2018-06-30
942021,chilorio sierra grande,24,425,gr,0,2003-07-31,chilorio,N,"sierra grande alimentos, s.a. de c.v.",abarr. y art. de farmacia no grav,0,0,0,2018-01-01 al 2018-06-30
942022,carne endiablada de res  tierra grande,48,175,gr,0,2007-07-26,diversas carnes envasadas,N,"sierra grande alimentos, s.a. de c.v.",abarr. y art. de farmacia no grav,0,0,0,2018-01-01 al 2018-06-30
942023,menudo de res  tierra grande,24,425,gr,0,2007-07-26,diversas carnes envasadas,N,"sierra grande alimentos, s.a. de c.v.",abarr. y art. de farmacia no grav,0,0,0,2018-01-01 al 2018-06-30
942024,menudo de res  tierra grande,24,836,gr,0,2007-07-26,diversas carnes envasadas,N,"sierra grande alimentos, s.a. de c.v.",abarr. y art. de farmacia no grav,0,0,0,2018-01-01 al 2018-06-30
942025,menudo con chile   tierra grande,24,425,gr,0,2007-07-26,diversas carnes envasadas,N,"sierra grande alimentos, s.a. de c.v.",abarr. y art. de farmacia no grav,0,0,0,2018-01-01 al 2018-06-30
942026,menudo con chile   tierra grande,24,836,gr,0,2007-07-26,diversas carnes envasadas,N,"sierra grande alimentos, s.a. de c.v.",abarr. y art. de farmacia no grav,0,0,0,2018-01-01 al 2018-06-30
942027,pozole de cerdo  tierra grande,24,425,gr,0,2007-07-26,maiz cacahuazintle,N,"sierra grande alimentos, s.a. de c.v.",abarr. y art. de farmacia no grav,0,0,0,2018-01-01 al 2018-06-30
942028,pozole de cerdo  tierra grande,24,836,gr,0,2007-07-26,maiz cacahuazintle,N,"sierra grande alimentos, s.a. de c.v.",abarr. y art. de farmacia no grav,0,0,0,2018-01-01 al 2018-06-30
942029,carne barbacoa de res tierra grande,24,425,gr,0,2007-08-22,diversas carnes envasadas,N,"sierra grande alimentos, s.a. de c.v.",abarr. y art. de farmacia no grav,0,0,0,2018-01-01 al 2018-06-30
942030,carne c/chile colorado tierra grande,24,425,gr,0,2007-08-22,diversas carnes envasadas,N,"sierra grande alimentos, s.a. de c.v.",abarr. y art. de farmacia no grav,0,0,0,2018-01-01 al 2018-06-30
942031,maiz blanco pozolero en lata tierra gde.,6,3100,gr,0,2007-08-22,maiz cacahuazintle,N,"sierra grande alimentos, s.a. de c.v.",abarr. y art. de farmacia no grav,0,0,0,2018-01-01 al 2018-06-30
942032,salsa chile colorado tierra grande,48,283,gr,0,2007-08-22,salsa picante,N,"sierra grande alimentos, s.a. de c.v.",abarr. y art. de farmacia no grav,0,0,0,2018-01-01 al 2018-06-30
942033,frijoles refritos tierra grande,48,234,gr,0,2007-08-22,frijoles enlatados,N,"sierra grande alimentos, s.a. de c.v.",abarr. y art. de farmacia no grav,0,0,0,2018-01-01 al 2018-06-30
942034,frijoles refritos tierra grande,24,453,gr,0,2007-08-22,frijoles enlatados,N,"sierra grande alimentos, s.a. de c.v.",abarr. y art. de farmacia no grav,0,0,0,2018-01-01 al 2018-06-30
942035,frijoles refritos tierra grande,24,830,gr,0,2007-08-22,frijoles enlatados,N,"sierra grande alimentos, s.a. de c.v.",abarr. y art. de farmacia no grav,0,0,0,2018-01-01 al 2018-06-30
942042,carne cocida deshebrada de res tierra gr,6,3,kg,0,2008-07-22,diversas carnes envasadas,N,"sierra grande alimentos, s.a. de c.v.",abarr. y art. de farmacia no grav,0,0,0,2018-01-01 al 2018-06-30
942043,carne cocida deshebrada de cerdo tierra,6,3,kg,0,2008-07-22,diversas carnes envasadas,N,"sierra grande alimentos, s.a. de c.v.",abarr. y art. de farmacia no grav,0,0,0,2018-01-01 al 2018-06-30
942044,carne deshebrada de res,48,220,gr,0,2008-07-22,diversas carnes envasadas,N,"sierra grande alimentos, s.a. de c.v.",abarr. y art. de farmacia no grav,0,0,0,2018-01-01 al 2018-06-30
942045,carne deshebrada de res,24,425,gr,0,2008-07-22,diversas carnes envasadas,N,"sierra grande alimentos, s.a. de c.v.",abarr. y art. de farmacia no grav,0,0,0,2018-01-01 al 2018-06-30
942046,carne deshebrada de cerdo,48,220,gr,0,2008-07-22,diversas carnes envasadas,N,"sierra grande alimentos, s.a. de c.v.",abarr. y art. de farmacia no grav,0,0,0,2018-01-01 al 2018-06-30
942047,carne deshebrada de cerdo,24,425,gr,0,2008-07-22,diversas carnes envasadas,N,"sierra grande alimentos, s.a. de c.v.",abarr. y art. de farmacia no grav,0,0,0,2018-01-01 al 2018-06-30
942050,birria de res tierra grande,48,220,gr,0,2013-11-20,diversas carnes envasadas,N,"sierra grande alimentos, s.a. de c.v.",abarr. y art. de farmacia no grav,0,0,0,2018-01-01 al 2018-06-30
942051,birria de res tierra grande,24,425,gr,0,2013-11-20,diversas carnes envasadas,N,"sierra grande alimentos, s.a. de c.v.",abarr. y art. de farmacia no grav,0,0,0,2018-01-01 al 2018-06-30
942052,chilorio de cerdo tierra grande,48,283,gr,0,2013-11-20,chilorio,N,"sierra grande alimentos, s.a. de c.v.",abarr. y art. de farmacia no grav,0,0,0,2018-01-01 al 2018-06-30
942053,carne deshebrada con chile,24,425,gr,0,2017-04-24,diversas carnes envasadas,N,"sierra grande alimentos, s.a. de c.v.",abarr. y art. de farmacia no grav,0,0,0,2018-01-01 al 2018-06-30
942054,maiz pozolero tierra grande,6,3100,gr,0,2017-07-07,maiz cacahuazintle,N,"sierra grande alimentos, s.a. de c.v.",abarr. y art. de farmacia no grav,0,0,0,2018-01-01 al 2018-06-30
942055,carne de res tierra grande,24,1,kg,0,2018-01-24,diversas carnes envasadas,N,"sierra grande alimentos, s.a. de c.v.",abarr. y art. de farmacia no grav,0,0,0,2018-01-01 al 2018-06-30
942056,barbacoa de res tierra grande,24,1,kg,0,2018-01-24,diversas carnes envasadas,N,"sierra grande alimentos, s.a. de c.v.",abarr. y art. de farmacia no grav,0,0,0,2018-01-01 al 2018-06-30
942057,carne de cerdo maciza tierra grande,24,1,kg,0,2018-01-24,diversas carnes envasadas,N,"sierra grande alimentos, s.a. de c.v.",abarr. y art. de farmacia no grav,0,0,0,2018-01-01 al 2018-06-30
960023,arroz g largo 5% envasado paisa rojo,1,1,kg,0,1999-07-13,arroz envasado,S,"mexicana de arroz, s.a. de c.v.",arroz,1,0,0,2018-01-01 al 2018-06-30
960028,arroz g largo 5% envasado paisa rojo,1,500,gr,0,2002-05-31,arroz envasado,S,"mexicana de arroz, s.a. de c.v.",arroz,0,0,0,2018-01-01 al 2018-06-30
960029,arroz g largo 5% envasado paisa rojo,1,250,gr,0,2002-05-31,arroz envasado,S,"mexicana de arroz, s.a. de c.v.",arroz,0,0,0,2018-01-01 al 2018-06-30
960035,lenteja chica envasada paisa,1,1,kg,0,2003-03-31,lentejas,S,"mexicana de arroz, s.a. de c.v.",abarr. y art. de farmacia no grav,0,0,0,2018-01-01 al 2018-06-30
960036,lenteja chica envasada paisa,1,500,gr,0,2004-07-05,lentejas,S,"mexicana de arroz, s.a. de c.v.",abarr. y art. de farmacia no grav,1,0,0,2018-01-01 al 2018-06-30
960043,frijol pinto saltillo envasado,1,1,kg,0,2007-05-15,frijol envasado,S,"mexicana de arroz, s.a. de c.v.",frijol,1,0,0,2018-01-01 al 2018-06-30
960045,frijol negro san luis envasado,1,1,kg,0,2008-07-10,frijol envasado,S,"mexicana de arroz, s.a. de c.v.",frijol,1,0,0,2018-01-01 al 2018-06-30
960048,frijol pinto bill-z envasado,1,500,gr,0,2012-03-22,frijol envasado,S,"mexicana de arroz, s.a. de c.v.",frijol,0,0,0,2018-01-01 al 2018-06-30
960049,frijol negro jamapa a granel,1,1,kg,0,2012-10-25,frijol a granel,S,"mexicana de arroz, s.a. de c.v.",frijol,0,0,0,2018-01-01 al 2018-06-30
982022,media crema natura tam 1/4,27,250,ml,0,2009-03-04,crema de leche,N,"pasteurizadora maulec, s.a.p.i  de c.v.",abarr. y art. de farmacia no grav,0,0,0,2018-01-01 al 2018-06-30
982026,natura tamariz producto lacteo,12,1,lt,1,2013-01-31,formula lacteas,S,"pasteurizadora maulec, s.a.p.i  de c.v.",abarr. y art. de farmacia no grav,0,0,0,2018-01-01 al 2018-06-30
982027,leche entera natura tamariz,12,1,lt,0,2014-06-09,leche evaporada y concentrada,S,"pasteurizadora maulec, s.a.p.i  de c.v.",abarr. y art. de farmacia no grav,0,0,0,2018-01-01 al 2018-06-30
982028,leche semi descremada natura tamariz,12,1,lt,0,2014-06-09,leche evaporada y concentrada,S,"pasteurizadora maulec, s.a.p.i  de c.v.",abarr. y art. de farmacia no grav,0,0,0,2018-01-01 al 2018-06-30
982029,leche light natura tamariz,12,1,lt,0,2014-06-09,leche evaporada y concentrada,S,"pasteurizadora maulec, s.a.p.i  de c.v.",abarr. y art. de farmacia no grav,0,0,0,2018-01-01 al 2018-06-30
982030,producto lacteo combinado clarissa,12,1,lt,0,2016-02-17,formula lacteas,S,"pasteurizadora maulec, s.a.p.i  de c.v.",abarr. y art. de farmacia no grav,0,0,0,2018-01-01 al 2018-06-30
982031,natura tam leche semi choco,27,236,ml,1,2016-04-06,leche saborizada,N,"pasteurizadora maulec, s.a.p.i  de c.v.",abarr. y art. de farmacia no grav,0,0,0,2018-01-01 al 2018-06-30
982032,natura tam leche semi fresa,27,236,ml,1,2016-04-06,leche saborizada,N,"pasteurizadora maulec, s.a.p.i  de c.v.",abarr. y art. de farmacia no grav,0,0,0,2018-01-01 al 2018-06-30
982033,natura tam leche semi vainilla,27,236,ml,1,2016-04-06,leche saborizada,N,"pasteurizadora maulec, s.a.p.i  de c.v.",abarr. y art. de farmacia no grav,0,0,0,2018-01-01 al 2018-06-30
999001,harina de trigo san rafael,1,44,kg,0,1990-01-01,harina de trigo,S,"molino de trigo san rafael, s.a. de c.v.",abarr. y art. de farmacia no grav,0,0,0,2018-01-01 al 2018-06-30
999004,harina de trigo san rafael,10,1,kg,0,2001-09-25,harina de trigo,S,"molino de trigo san rafael, s.a. de c.v.",abarr. y art. de farmacia no grav,0,0,0,2018-01-01 al 2018-06-30
999006,salvado de trigo,1,40,kg,0,1998-05-26,alimentos pecuarios,N,"molino de trigo san rafael, s.a. de c.v.",insumos agropecuarios no grav,0,0,0,2018-01-01 al 2018-06-30
999009,harina  hot cakes el sabor de la abuela,10,800,gr,1,2013-11-20,harina para hotcakes,N,"molino de trigo san rafael, s.a. de c.v.",abarr. y art. de farmacia no grav,0,0,0,2018-01-01 al 2018-06-30
1002001,harina de trigo central,1,44,kg,0,1990-01-01,harina de trigo,S,"molino central, s.a. de c.v.",abarr. y art. de farmacia no grav,0,0,0,2018-01-01 al 2018-06-30
1002010,harina de trigo cisne,10,1,kg,0,2012-12-10,harina de trigo,S,"molino central, s.a. de c.v.",abarr. y art. de farmacia no grav,0,0,0,2018-01-01 al 2018-06-30
1002011,harina de trigo cisne,1,10,kg,0,2012-12-10,harina de trigo,S,"molino central, s.a. de c.v.",abarr. y art. de farmacia no grav,0,0,0,2018-01-01 al 2018-06-30
1002012,harina de trigo extra fina talpita,10,1,kg,0,2018-09-25,harina de trigo,S,"molino central, s.a. de c.v.",abarr. y art. de farmacia no grav,0,0,0,2018-01-01 al 2018-06-30
1086013,aceite para motor sae 40,12,750,ml,0,2000-08-07,aceites lubricantes,N,"lubricantes y aditivos de la paz, s.a. de c.v.",miscelaneos grav,0,0,0,2018-01-01 al 2018-06-30
1086014,aceite para transmision automatica,12,750,ml,0,2000-08-07,aceites lubricantes,N,"lubricantes y aditivos de la paz, s.a. de c.v.",miscelaneos grav,0,0,0,2018-01-01 al 2018-06-30
1101059,crema d elice tarro,24,200,gr,0,2002-03-06,cremas para uso personal,N,"corporacion cosmetica mexicana, s.a. de c.v.",perfumeria y art de tocador grav,0,0,0,2018-01-01 al 2018-06-30
1101060,crema d elice tarro,24,450,gr,0,2002-03-06,cremas para uso personal,N,"corporacion cosmetica mexicana, s.a. de c.v.",perfumeria y art de tocador grav,0,0,0,2018-01-01 al 2018-06-30
1101061,crema miel/abeja p normal y reseca d eli,24,200,ml,0,2002-03-06,cremas para uso personal,N,"corporacion cosmetica mexicana, s.a. de c.v.",perfumeria y art de tocador grav,0,0,0,2018-01-01 al 2018-06-30
1101062,crema miel/abeja p normal y reseca d eli,24,450,ml,0,2002-03-06,cremas para uso personal,N,"corporacion cosmetica mexicana, s.a. de c.v.",perfumeria y art de tocador grav,0,0,0,2018-01-01 al 2018-06-30
1101071,gel para cabello delice,48,250,gr,0,2009-12-07,fijadores para cabello,N,"corporacion cosmetica mexicana, s.a. de c.v.",perfumeria y art de tocador grav,0,0,0,2018-01-01 al 2018-06-30
1111034,pasta para sopa la aurora menuda,30,200,gr,0,2013-07-03,pastas para sopa huecas,S,"fabrica de pastas alim. la aurora, s.a. de c.v.",abarr. y art. de farmacia no grav,0,0,0,2018-01-01 al 2018-06-30
1111037,pasta para sopa spaguetti la aurora,30,200,gr,1,2013-09-27,pastas para sopa largas,S,"fabrica de pastas alim. la aurora, s.a. de c.v.",abarr. y art. de farmacia no grav,0,0,0,2018-01-01 al 2018-06-30
1111040,p/sopa fortificada la aurora codo med,30,200,gr,1,2015-09-14,pastas para sopa huecas,S,"fabrica de pastas alim. la aurora, s.a. de c.v.",abarr. y art. de farmacia no grav,1,0,0,2018-01-01 al 2018-06-30
1111041,pasta p/sopa fortificada aurora tubetti,30,200,gr,1,2015-09-14,pastas para sopa huecas,S,"fabrica de pastas alim. la aurora, s.a. de c.v.",abarr. y art. de farmacia no grav,1,0,0,2018-01-01 al 2018-06-30
1111042,pasta p/sopa fortificada la aurora mono,30,200,gr,1,2015-09-14,pastas para sopa menudas,S,"fabrica de pastas alim. la aurora, s.a. de c.v.",abarr. y art. de farmacia no grav,1,0,0,2018-01-01 al 2018-06-30
1111043,pasta p/sopa fortificada aurora caracol,30,200,gr,0,2015-09-14,pastas para sopa huecas,S,"fabrica de pastas alim. la aurora, s.a. de c.v.",abarr. y art. de farmacia no grav,1,0,0,2018-01-01 al 2018-06-30
1111044,p/sopa fort aurora fideo cortado delgado,30,200,gr,1,2015-09-14,pastas para sopa fideo,S,"fabrica de pastas alim. la aurora, s.a. de c.v.",abarr. y art. de farmacia no grav,1,0,0,2018-01-01 al 2018-06-30
1132015,linterna panasonic bf-109pa/yb c/2 pil d,1,1,pz,0,2003-11-18,linternas,N,"panasonic de mexico, s.a. de c.v.",miscelaneos grav,0,0,0,2018-01-01 al 2018-06-30
1132026,linterna panasonic bf-103 pa/yp s/pilas,12,1,pz,0,2006-01-26,linternas,N,"panasonic de mexico, s.a. de c.v.",miscelaneos grav,0,0,0,2018-01-01 al 2018-06-30
1132028,pila panasonic aa carbon,12,1,pz,0,2008-04-22,pilas,N,"panasonic de mexico, s.a. de c.v.",miscelaneos grav,0,0,0,2018-01-01 al 2018-06-30
1132029,pila panasonic d carbon,24,1,pz,0,2008-04-22,pilas,N,"panasonic de mexico, s.a. de c.v.",miscelaneos grav,0,0,0,2018-01-01 al 2018-06-30
1132030,pila panasonic alcalina aa,1,1,pz,0,2009-03-25,pilas,N,"panasonic de mexico, s.a. de c.v.",miscelaneos grav,0,0,0,2018-01-01 al 2018-06-30
1132031,pila panasonic carbon aaa,1,1,pz,0,2009-03-25,pilas,N,"panasonic de mexico, s.a. de c.v.",miscelaneos grav,0,0,0,2018-01-01 al 2018-06-30
1132032,pila seca 6v tornillo carbon,1,1,pz,0,2011-02-03,pilas,N,"panasonic de mexico, s.a. de c.v.",miscelaneos grav,0,0,0,2018-01-01 al 2018-06-30
1132039,foco ahorrador 15w luz calida,12,1,pz,0,2015-11-10,focos,N,"panasonic de mexico, s.a. de c.v.",miscelaneos grav,0,0,0,2018-01-01 al 2018-06-30
1132040,foco ahorrador 15w luz fria,12,1,pz,0,2015-11-10,focos,N,"panasonic de mexico, s.a. de c.v.",miscelaneos grav,0,0,0,2018-01-01 al 2018-06-30
1132041,foco ahorrador 20w luz calida,12,1,pz,0,2015-11-10,focos,N,"panasonic de mexico, s.a. de c.v.",miscelaneos grav,0,0,0,2018-01-01 al 2018-06-30
1132042,foco ahorrador 20w luz fria,12,1,pz,0,2015-11-10,focos,N,"panasonic de mexico, s.a. de c.v.",miscelaneos grav,0,0,0,2018-01-01 al 2018-06-30
1132043,foco ahorrador 23w luz calida,12,1,pz,0,2015-11-10,focos,N,"panasonic de mexico, s.a. de c.v.",miscelaneos grav,0,0,0,2018-01-01 al 2018-06-30
1132044,foco ahorrador 23w luz fria,12,1,pz,0,2015-11-10,focos,N,"panasonic de mexico, s.a. de c.v.",miscelaneos grav,0,0,0,2018-01-01 al 2018-06-30
1135019,leche liconsa entera polvo fortificada,36,240,gr,1,2004-03-19,leche en polvo,S,"liconsa, s.a. de c.v.",abarr. y art. de farmacia no grav,1,0,0,2018-01-01 al 2018-06-30
1135020,leche liconsa parcial desc pvo fresa,36,240,gr,1,2004-03-22,leche saborizada,N,"liconsa, s.a. de c.v.",abarr. y art. de farmacia no grav,0,0,0,2018-01-01 al 2018-06-30
1135021,leche liconsa parcial desc pvo vainilla,36,240,gr,1,2004-03-22,leche saborizada,N,"liconsa, s.a. de c.v.",abarr. y art. de farmacia no grav,0,0,0,2018-01-01 al 2018-06-30
1135022,leche liconsa parcial desc pvo chocolate,36,240,gr,1,2004-03-22,leche saborizada,N,"liconsa, s.a. de c.v.",abarr. y art. de farmacia no grav,0,0,0,2018-01-01 al 2018-06-30
1135023,leche subsidiada padron liconsa,36,240,gr,1,2004-03-22,leche subsidiada,S,"liconsa, s.a. de c.v.",leche subsidiada,0,0,0,2018-01-01 al 2018-06-30
1135024,leche subsidiada cdi liconsa,36,240,gr,1,2004-03-22,leche subsidiada,S,"liconsa, s.a. de c.v.",leche subsidiada,0,0,0,2018-01-01 al 2018-06-30
1135028,leche comercial institucional #,36,240,gr,1,2006-05-01,leche en polvo,S,"liconsa, s.a. de c.v.",abarr. y art. de farmacia no grav,1,0,0,2018-01-01 al 2018-06-30
1135034,leche liconsa plus entera,12,1,lt,1,2008-12-11,leche evaporada y concentrada,S,"liconsa, s.a. de c.v.",abarr. y art. de farmacia no grav,0,0,0,2018-01-01 al 2018-06-30
1135037,leche subsidiada parc descre fort,36,240,gr,1,2009-01-26,leche subsidiada,S,"liconsa, s.a. de c.v.",leche subsidiada,0,0,0,2018-01-01 al 2018-06-30
1135044,leche brick descremada,27,250,ml,1,2009-03-09,leche evaporada y concentrada,S,"liconsa, s.a. de c.v.",abarr. y art. de farmacia no grav,0,0,0,2018-01-01 al 2018-06-30
1135045,leche liconsa plus semidescremada,12,1,lt,1,2009-03-09,leche evaporada y concentrada,S,"liconsa, s.a. de c.v.",abarr. y art. de farmacia no grav,0,0,0,2018-01-01 al 2018-06-30
1135046,leche liconsa plus descremada,12,1,lt,1,2009-03-09,leche evaporada y concentrada,S,"liconsa, s.a. de c.v.",abarr. y art. de farmacia no grav,0,0,0,2018-01-01 al 2018-06-30
1135060,leche liconsa plus semi sabor chocolate,27,250,ml,1,2011-01-13,leche saborizada,N,"liconsa, s.a. de c.v.",abarr. y art. de farmacia no grav,0,0,0,2018-01-01 al 2018-06-30
1135061,leche liconsa plus semi sabor fresa,27,250,ml,1,2011-01-13,leche saborizada,N,"liconsa, s.a. de c.v.",abarr. y art. de farmacia no grav,0,0,0,2018-01-01 al 2018-06-30
1135062,leche liconsa plus semi sabor vainilla,27,250,ml,1,2011-01-13,leche saborizada,N,"liconsa, s.a. de c.v.",abarr. y art. de farmacia no grav,0,0,0,2018-01-01 al 2018-06-30
1135068,leche semidesc fort p/adultos subsidiada,36,210,gr,1,2011-11-11,leche subsidiada,S,"liconsa, s.a. de c.v.",leche subsidiada,0,0,0,2018-01-01 al 2018-06-30
1135069,leche semidesc fortificada  subsidiada,36,210,gr,1,2012-02-21,leche subsidiada,S,"liconsa, s.a. de c.v.",leche subsidiada,0,0,0,2018-01-01 al 2018-06-30
1135070,leche subsidiada padron liconsa,36,210,gr,1,2012-02-21,leche subsidiada,S,"liconsa, s.a. de c.v.",leche subsidiada,0,0,0,2018-01-01 al 2018-06-30
1135071,leche subsidiada cdi liconsa,36,210,gr,1,2012-02-21,leche subsidiada,S,"liconsa, s.a. de c.v.",leche subsidiada,0,0,0,2018-01-01 al 2018-06-30
1135072,leche liconsa semidescremada pvo fort,36,210,gr,1,2012-07-24,leche en polvo,S,"liconsa, s.a. de c.v.",abarr. y art. de farmacia no grav,0,0,0,2018-01-01 al 2018-06-30
1135074,leche liconsa plus deslactosada,12,1,lt,1,2012-11-21,leche evaporada y concentrada,S,"liconsa, s.a. de c.v.",abarr. y art. de farmacia no grav,0,0,0,2018-01-01 al 2018-06-30
1135076,leche liquida ultrapasteurizada,12,1,lt,1,2014-07-01,leche evaporada y concentrada,S,"liconsa, s.a. de c.v.",abarr. y art. de farmacia no grav,0,0,0,2018-01-01 al 2018-06-30
1135077,leche uht plus natural descrem,12,1,lt,1,2015-03-19,leche evaporada y concentrada,S,"liconsa, s.a. de c.v.",abarr. y art. de farmacia no grav,0,0,0,2018-01-01 al 2018-06-30
1135078,leche semidescremada uht natural,27,250,ml,0,2016-02-29,leche evaporada y concentrada,S,"liconsa, s.a. de c.v.",abarr. y art. de farmacia no grav,0,0,0,2018-01-01 al 2018-06-30
1135079,mezcla de leche con g.v. r/grasa fort fr,36,210,gr,1,2016-05-18,leche subsidiada,S,"liconsa, s.a. de c.v.",leche subsidiada,0,0,0,2018-01-01 al 2018-06-30
1135080,mezcla de leche con g.v. r/grasa fort fr,36,210,gr,1,2017-07-25,leche subsidiada,S,"liconsa, s.a. de c.v.",complem. alim. sector salud grav,0,0,0,2018-01-01 al 2018-06-30
1135127,leche descremada ultrapasteurizada uht,27,250,ml,1,2013-10-21,leche evaporada y concentrada,S,"liconsa, s.a. de c.v.",abarr. y art. de farmacia no grav,0,0,0,2018-01-01 al 2018-06-30
1135129,bebida lactea nutrisano imss,32,240,gr,0,2018-04-26,bebidas sector salud,S,"liconsa, s.a. de c.v.",complem. alim. sector salud grav,0,0,0,2018-01-01 al 2018-06-30
1135130,bebida lactea nutrisano ssa,32,240,gr,0,2018-04-26,bebidas sector salud,S,"liconsa, s.a. de c.v.",complem. alim. sector salud grav,0,0,0,2018-01-01 al 2018-06-30
1135131,papilla nutrisano sabor vainilla imss,30,264,gr,0,2018-04-26,papillas sector salud,S,"liconsa, s.a. de c.v.",complem. alim. sector salud grav,0,0,0,2018-01-01 al 2018-06-30
1135132,papilla nutrisano sabor vainilla ssa,30,264,gr,0,2018-04-26,papillas sector salud,S,"liconsa, s.a. de c.v.",complem. alim. sector salud grav,0,0,0,2018-01-01 al 2018-06-30
1135133,papilla nutrisano sabor mango imss,30,264,gr,0,2018-04-26,papillas sector salud,S,"liconsa, s.a. de c.v.",complem. alim. sector salud grav,0,0,0,2018-01-01 al 2018-06-30
1135134,papilla nutrisano sabor mango ssa,30,264,gr,0,2018-04-26,papillas sector salud,S,"liconsa, s.a. de c.v.",complem. alim. sector salud grav,0,0,0,2018-01-01 al 2018-06-30
1135135,papilla nutrisano sabor durazno imss,30,264,gr,0,2018-04-26,papillas sector salud,S,"liconsa, s.a. de c.v.",complem. alim. sector salud grav,0,0,0,2018-01-01 al 2018-06-30
1135136,papilla nutrisano sabor durazno ssa,30,264,gr,0,2018-04-26,papillas sector salud,S,"liconsa, s.a. de c.v.",complem. alim. sector salud grav,0,0,0,2018-01-01 al 2018-06-30
1135137,papilla nutrisano sabor chocolate imss,30,264,gr,0,2018-04-26,papillas sector salud,S,"liconsa, s.a. de c.v.",complem. alim. sector salud grav,0,0,0,2018-01-01 al 2018-06-30
1135138,papilla nutrisano sabor chocolate ssa,30,264,gr,0,2018-04-26,papillas sector salud,S,"liconsa, s.a. de c.v.",complem. alim. sector salud grav,0,0,0,2018-01-01 al 2018-06-30
1135169,complemento para mujeres fresa,40,260,gr,1,2010-11-04,bebidas sector salud,S,"liconsa, s.a. de c.v.",complementos alimenticios distribuc,0,0,0,2018-01-01 al 2018-06-30
1135172,micro nutrien pvo vita nino 1/60/1g imss,1,60,pz,1,2011-06-21,preparados para bebidas,N,"liconsa, s.a. de c.v.",complem. alim. sector salud grav,0,0,0,2018-01-01 al 2018-06-30
1135174,papilla nutrisano sab chocolate imss,36,264,gr,1,2011-06-21,papillas sector salud,S,"liconsa, s.a. de c.v.",complem. alim. sector salud grav,0,0,0,2018-01-01 al 2018-06-30
1135175,papilla nutrisano sab mango imss,36,264,gr,1,2011-06-21,papillas sector salud,S,"liconsa, s.a. de c.v.",complem. alim. sector salud grav,0,0,0,2018-01-01 al 2018-06-30
1135176,papilla nutrisano sab durazno imss,36,264,gr,1,2011-06-21,papillas sector salud,S,"liconsa, s.a. de c.v.",complem. alim. sector salud grav,0,0,0,2018-01-01 al 2018-06-30
1135181,nutrivida tabletas 60/tabletas imss,1,1,pz,0,2011-06-21,medicinas de patente,N,"liconsa, s.a. de c.v.",complem. alim. sector salud grav,0,0,0,2018-01-01 al 2018-06-30
1135184,micro nutrien pvo vita nino 1/60/1g ssa,1,60,pz,1,2011-07-12,preparados para bebidas,N,"liconsa, s.a. de c.v.",complem. alim. sector salud grav,0,0,0,2018-01-01 al 2018-06-30
1135193,nutrivida tabletas 60/tabletas ssa,1,1,pz,1,2011-07-12,medicinas de patente,N,"liconsa, s.a. de c.v.",complem. alim. sector salud grav,0,0,0,2018-01-01 al 2018-06-30
1135229,bebida lactea nutrisano imss,32,240,gr,0,2018-04-26,bebidas sector salud,S,"liconsa, s.a. de c.v.",complem. alim. sector salud grav,0,0,0,2018-01-01 al 2018-06-30
1135230,bebida lactea nutrisano ssa,32,240,gr,0,2018-04-26,bebidas sector salud,S,"liconsa, s.a. de c.v.",complem. alim. sector salud grav,0,0,0,2018-01-01 al 2018-06-30
1135231,papilla nutrisano sabor vainilla imss,30,264,gr,0,2018-04-26,papillas sector salud,S,"liconsa, s.a. de c.v.",complem. alim. sector salud grav,0,0,0,2018-01-01 al 2018-06-30
1135232,papilla nutrisano sabor vainilla ssa,30,264,gr,0,2018-04-26,papillas sector salud,S,"liconsa, s.a. de c.v.",complem. alim. sector salud grav,0,0,0,2018-01-01 al 2018-06-30
1135233,papilla nutrisano sabor mango imss0,30,264,gr,0,2018-04-26,papillas sector salud,S,"liconsa, s.a. de c.v.",complem. alim. sector salud grav,0,0,0,2018-01-01 al 2018-06-30
1135234,papilla nutrisano sabor mango ssa,30,264,gr,0,2018-04-26,papillas sector salud,S,"liconsa, s.a. de c.v.",complem. alim. sector salud grav,0,0,0,2018-01-01 al 2018-06-30
1135235,papilla nutrisano sabor durazno imss,30,264,gr,0,2018-04-26,papillas sector salud,S,"liconsa, s.a. de c.v.",complem. alim. sector salud grav,0,0,0,2018-01-01 al 2018-06-30
1135236,papilla nutrisano sabor durazno ssa,30,264,gr,0,2018-04-26,papillas sector salud,S,"liconsa, s.a. de c.v.",complem. alim. sector salud grav,0,0,0,2018-01-01 al 2018-06-30
1135237,papilla nutrisano sabor chocolate imss,30,264,gr,0,2018-04-26,papillas sector salud,S,"liconsa, s.a. de c.v.",complem. alim. sector salud grav,0,0,0,2018-01-01 al 2018-06-30
1135238,papilla nutrisano sabor chocolate ssa,30,264,gr,0,2018-04-26,papillas sector salud,S,"liconsa, s.a. de c.v.",complem. alim. sector salud grav,0,0,0,2018-01-01 al 2018-06-30
1135272,micro nutrien pvo vita nino 1/60/1g imss,1,60,pz,1,2011-06-21,preparados para bebidas,N,"liconsa, s.a. de c.v.",complem. alim. sector salud grav,0,0,0,2018-01-01 al 2018-06-30
1135274,papilla nutrisano sab chocolate imss,36,264,gr,1,2011-06-21,papillas sector salud,S,"liconsa, s.a. de c.v.",complem. alim. sector salud grav,0,0,0,2018-01-01 al 2018-06-30
1135275,papilla nutrisano sab mango imss,36,264,gr,1,2011-06-21,papillas sector salud,S,"liconsa, s.a. de c.v.",complem. alim. sector salud grav,0,0,0,2018-01-01 al 2018-06-30
1135276,papilla nutrisano sab durazno imss,36,264,gr,1,2011-06-21,papillas sector salud,S,"liconsa, s.a. de c.v.",complem. alim. sector salud grav,0,0,0,2018-01-01 al 2018-06-30
1135281,nutrivida tabletas 60/tabletas imss,1,1,pz,0,2011-06-21,medicinas de patente,N,"liconsa, s.a. de c.v.",complem. alim. sector salud grav,0,0,0,2018-01-01 al 2018-06-30
1135284,micro nutrien pvo vita nino 1/60/1g ssa,1,60,pz,1,2011-07-12,preparados para bebidas,N,"liconsa, s.a. de c.v.",complem. alim. sector salud grav,0,0,0,2018-01-01 al 2018-06-30
1135293,nutrivida tabletas 60/tabletas ssa,1,1,pz,0,2011-07-12,medicinas de patente,N,"liconsa, s.a. de c.v.",complem. alim. sector salud grav,0,0,0,2018-01-01 al 2018-06-30
1135298,leche en polvo grasa vegetal,1,500,gr,1,2013-07-02,leche en polvo,S,"liconsa, s.a. de c.v.",abarr. y art. de farmacia no grav,0,0,0,2018-01-01 al 2018-06-30
1135299,leche semidescremada en polvo,1,500,gr,1,2013-07-02,leche en polvo,S,"liconsa, s.a. de c.v.",abarr. y art. de farmacia no grav,0,0,0,2018-01-01 al 2018-06-30
1135329,bebida lactea nutrisano imss,32,240,gr,0,2018-04-26,bebidas sector salud,S,"liconsa, s.a. de c.v.",complem. alim. sector salud grav,0,0,0,2018-01-01 al 2018-06-30
1135330,bebida lactea nutrisano ssa,32,240,gr,0,2018-04-26,bebidas sector salud,S,"liconsa, s.a. de c.v.",complem. alim. sector salud grav,0,0,0,2018-01-01 al 2018-06-30
1135331,papilla nutrisano sabor vainilla imss,30,264,gr,0,2018-04-26,papillas sector salud,S,"liconsa, s.a. de c.v.",complem. alim. sector salud grav,0,0,0,2018-01-01 al 2018-06-30
1135332,papilla nutrisano sabor vainilla ssa,30,264,gr,0,2018-04-26,papillas sector salud,S,"liconsa, s.a. de c.v.",complem. alim. sector salud grav,0,0,0,2018-01-01 al 2018-06-30
1135333,papilla nutrisano sabor mango imss,30,264,gr,0,2018-04-26,papillas sector salud,S,"liconsa, s.a. de c.v.",complem. alim. sector salud grav,0,0,0,2018-01-01 al 2018-06-30
1135334,papilla nutrisano sabor mango ssa,30,264,gr,0,2018-04-26,papillas sector salud,S,"liconsa, s.a. de c.v.",complem. alim. sector salud grav,0,0,0,2018-01-01 al 2018-06-30
1135335,papilla nutrisano sabor durazno imss,30,264,gr,0,2018-04-26,papillas sector salud,S,"liconsa, s.a. de c.v.",complem. alim. sector salud grav,0,0,0,2018-01-01 al 2018-06-30
1135336,papilla nutrisano sabor durazno ssa,30,264,gr,0,2018-04-26,papillas sector salud,S,"liconsa, s.a. de c.v.",complem. alim. sector salud grav,0,0,0,2018-01-01 al 2018-06-30
1135337,papilla nutrisano sabor chocolate imss,30,264,gr,0,2018-04-26,papillas sector salud,S,"liconsa, s.a. de c.v.",complem. alim. sector salud grav,0,0,0,2018-01-01 al 2018-06-30
1135338,papilla nutrisano sabor chocolate ssa,30,264,gr,0,2018-04-26,papillas sector salud,S,"liconsa, s.a. de c.v.",complem. alim. sector salud grav,0,0,0,2018-01-01 al 2018-06-30
1135372,micro nutrien pvo vita nino 1/60/1g imss,1,60,pz,1,2011-06-21,preparados para bebidas,N,"liconsa, s.a. de c.v.",complem. alim. sector salud grav,0,0,0,2018-01-01 al 2018-06-30
1135374,papilla nutrisano sab chocolate imss,36,264,gr,1,2011-06-21,papillas sector salud,S,"liconsa, s.a. de c.v.",complem. alim. sector salud grav,0,0,0,2018-01-01 al 2018-06-30
1135375,papilla nutrisano sab mango imss,36,264,gr,1,2011-06-21,papillas sector salud,S,"liconsa, s.a. de c.v.",complem. alim. sector salud grav,0,0,0,2018-01-01 al 2018-06-30
1135376,papilla nutrisano sab durazno imss,36,264,gr,1,2011-06-21,papillas sector salud,S,"liconsa, s.a. de c.v.",complem. alim. sector salud grav,0,0,0,2018-01-01 al 2018-06-30
1135381,nutrivida tabletas 60/tabletas imss,1,1,pz,0,2011-06-21,medicinas de patente,N,"liconsa, s.a. de c.v.",complem. alim. sector salud grav,0,0,0,2018-01-01 al 2018-06-30
1135384,micro nutrien pvo vita nino 1/60/1g ssa,1,60,pz,1,2011-07-12,preparados para bebidas,N,"liconsa, s.a. de c.v.",complem. alim. sector salud grav,0,0,0,2018-01-01 al 2018-06-30
1135393,nutrivida tabletas 60/tabletas ssa,1,1,pz,0,2011-07-12,medicinas de patente,N,"liconsa, s.a. de c.v.",complem. alim. sector salud grav,0,0,0,2018-01-01 al 2018-06-30
1135429,bebida lactea nutrisano imss,32,240,gr,0,2018-04-26,bebidas sector salud,S,"liconsa, s.a. de c.v.",complem. alim. sector salud grav,0,0,0,2018-01-01 al 2018-06-30
1135430,bebida lactea nutrisano ssa,32,240,gr,0,2018-04-26,bebidas sector salud,S,"liconsa, s.a. de c.v.",complem. alim. sector salud grav,0,0,0,2018-01-01 al 2018-06-30
1135431,papilla nutrisano sabor vainilla imss,30,264,gr,0,2018-04-26,papillas sector salud,S,"liconsa, s.a. de c.v.",complem. alim. sector salud grav,0,0,0,2018-01-01 al 2018-06-30
1135432,papilla nutrisano sabor vainilla ssa,30,264,gr,0,2018-04-26,papillas sector salud,S,"liconsa, s.a. de c.v.",complem. alim. sector salud grav,0,0,0,2018-01-01 al 2018-06-30
1135433,papilla nutrisano sabor mango imss,30,264,gr,0,2018-04-26,papillas sector salud,S,"liconsa, s.a. de c.v.",complem. alim. sector salud grav,0,0,0,2018-01-01 al 2018-06-30
1135434,papilla nutrisano sabor mango ssa,30,264,gr,0,2018-04-26,papillas sector salud,S,"liconsa, s.a. de c.v.",complem. alim. sector salud grav,0,0,0,2018-01-01 al 2018-06-30
1135435,papilla nutrisano sabor durazno imss,30,264,gr,0,2018-04-26,papillas sector salud,S,"liconsa, s.a. de c.v.",complem. alim. sector salud grav,0,0,0,2018-01-01 al 2018-06-30
1135436,papilla nutrisano sabor durazno ssa,30,264,gr,0,2018-04-26,papillas sector salud,S,"liconsa, s.a. de c.v.",complem. alim. sector salud grav,0,0,0,2018-01-01 al 2018-06-30
1135437,papilla nutrisano sabor chocolate imss,30,264,gr,0,2018-04-26,papillas sector salud,S,"liconsa, s.a. de c.v.",complem. alim. sector salud grav,0,0,0,2018-01-01 al 2018-06-30
1135438,papilla nutrisano sabor chocolate ssa,30,264,gr,0,2018-04-26,papillas sector salud,S,"liconsa, s.a. de c.v.",complem. alim. sector salud grav,0,0,0,2018-01-01 al 2018-06-30
1135472,micro nutrien pvo vita nino 1/60/1g imss,1,60,pz,1,2011-06-21,preparados para bebidas,N,"liconsa, s.a. de c.v.",complem. alim. sector salud grav,0,0,0,2018-01-01 al 2018-06-30
1135474,papilla nutrisano sab chocolate imss,36,264,gr,1,2011-06-21,papillas sector salud,S,"liconsa, s.a. de c.v.",complem. alim. sector salud grav,0,0,0,2018-01-01 al 2018-06-30
1135475,papilla nutrisano sab mango imss,36,264,gr,1,2011-06-21,papillas sector salud,S,"liconsa, s.a. de c.v.",complem. alim. sector salud grav,0,0,0,2018-01-01 al 2018-06-30
1135476,papilla nutrisano sab durazno imss,36,264,gr,1,2011-06-21,papillas sector salud,S,"liconsa, s.a. de c.v.",complem. alim. sector salud grav,0,0,0,2018-01-01 al 2018-06-30
1135481,nutrivida tabletas 60/tabletas imss,1,1,pz,0,2011-06-21,medicinas de patente,N,"liconsa, s.a. de c.v.",complem. alim. sector salud grav,0,0,0,2018-01-01 al 2018-06-30
1135484,micro nutrien pvo vita nino 1/60/1g ssa,1,60,pz,1,2011-07-12,preparados para bebidas,N,"liconsa, s.a. de c.v.",complem. alim. sector salud grav,0,0,0,2018-01-01 al 2018-06-30
1135493,nutrivida tabletas 60/tabletas ssa,1,1,pz,0,2011-07-12,medicinas de patente,N,"liconsa, s.a. de c.v.",complem. alim. sector salud grav,0,0,0,2018-01-01 al 2018-06-30
1135529,bebida lactea nutrisano imss,32,240,gr,0,2018-04-26,bebidas sector salud,S,"liconsa, s.a. de c.v.",complem. alim. sector salud grav,0,0,0,2018-01-01 al 2018-06-30
1135530,bebida lactea nutrisano ssa,32,240,gr,0,2018-04-26,bebidas sector salud,S,"liconsa, s.a. de c.v.",complem. alim. sector salud grav,0,0,0,2018-01-01 al 2018-06-30
1135531,papilla nutrisano sabor vainilla imss,30,264,gr,0,2018-04-26,papillas sector salud,S,"liconsa, s.a. de c.v.",complem. alim. sector salud grav,0,0,0,2018-01-01 al 2018-06-30
1135532,papilla nutrisano sabor vainilla ssa,30,264,gr,0,2018-04-26,papillas sector salud,S,"liconsa, s.a. de c.v.",complem. alim. sector salud grav,0,0,0,2018-01-01 al 2018-06-30
1135533,papilla nutrisano sabor mango imss,30,264,gr,0,2018-04-26,papillas sector salud,S,"liconsa, s.a. de c.v.",complem. alim. sector salud grav,0,0,0,2018-01-01 al 2018-06-30
1135534,papilla nutrisano sabor mango ssa,30,264,gr,0,2018-04-26,papillas sector salud,S,"liconsa, s.a. de c.v.",complem. alim. sector salud grav,0,0,0,2018-01-01 al 2018-06-30
1135535,papilla nutrisano sabor durazno imss,30,264,gr,0,2018-04-26,papillas sector salud,S,"liconsa, s.a. de c.v.",complem. alim. sector salud grav,0,0,0,2018-01-01 al 2018-06-30
1135536,papilla nutrisano sabor durazno ssa,30,264,gr,0,2018-04-26,papillas sector salud,S,"liconsa, s.a. de c.v.",complem. alim. sector salud grav,0,0,0,2018-01-01 al 2018-06-30
1135537,papilla nutrisano sabor chocolate imss,30,264,gr,0,2018-04-26,papillas sector salud,S,"liconsa, s.a. de c.v.",complem. alim. sector salud grav,0,0,0,2018-01-01 al 2018-06-30
1135538,papilla nutrisano sabor chocolate ssa,30,264,gr,0,2018-04-26,papillas sector salud,S,"liconsa, s.a. de c.v.",complem. alim. sector salud grav,0,0,0,2018-01-01 al 2018-06-30
1135572,micro nutrien pvo vita nino 1/60/1g imss,1,60,pz,1,2011-06-21,preparados para bebidas,N,"liconsa, s.a. de c.v.",complem. alim. sector salud grav,0,0,0,2018-01-01 al 2018-06-30
1135574,papilla nutrisano sab chocolate imss,36,264,gr,1,2011-06-21,papillas sector salud,S,"liconsa, s.a. de c.v.",complem. alim. sector salud grav,0,0,0,2018-01-01 al 2018-06-30
1135575,papilla nutrisano sab mango imss,36,264,gr,1,2011-06-21,papillas sector salud,S,"liconsa, s.a. de c.v.",complem. alim. sector salud grav,0,0,0,2018-01-01 al 2018-06-30
1135576,papilla nutrisano sab durazno imss,36,264,gr,1,2011-06-21,papillas sector salud,S,"liconsa, s.a. de c.v.",complem. alim. sector salud grav,0,0,0,2018-01-01 al 2018-06-30
1135581,nutrivida tabletas 60/tabletas imss,1,1,pz,0,2011-06-21,medicinas de patente,N,"liconsa, s.a. de c.v.",complem. alim. sector salud grav,0,0,0,2018-01-01 al 2018-06-30
1135584,micro nutrien pvo vita nino 1/60/1g ssa,1,60,pz,1,2011-07-12,preparados para bebidas,N,"liconsa, s.a. de c.v.",complem. alim. sector salud grav,0,0,0,2018-01-01 al 2018-06-30
1135593,nutrivida tabletas 60/tabletas ssa,1,1,pz,0,2011-07-12,medicinas de patente,N,"liconsa, s.a. de c.v.",complem. alim. sector salud grav,0,0,0,2018-01-01 al 2018-06-30
1135629,bebida lactea nutrisano imss,32,240,gr,0,2018-04-26,bebidas sector salud,S,"liconsa, s.a. de c.v.",complem. alim. sector salud grav,0,0,0,2018-01-01 al 2018-06-30
1135630,bebida lactea nutrisano ssa,32,240,gr,0,2018-04-26,bebidas sector salud,S,"liconsa, s.a. de c.v.",complem. alim. sector salud grav,0,0,0,2018-01-01 al 2018-06-30
1135631,papilla nutrisano sabor vainilla imss,30,264,gr,0,2018-04-26,papillas sector salud,S,"liconsa, s.a. de c.v.",complem. alim. sector salud grav,0,0,0,2018-01-01 al 2018-06-30
1135632,papilla nutrisano sabor vainilla ssa,30,264,gr,0,2018-04-26,papillas sector salud,S,"liconsa, s.a. de c.v.",complem. alim. sector salud grav,0,0,0,2018-01-01 al 2018-06-30
1135633,papilla nutrisano sabor mango imss,30,264,gr,0,2018-04-26,papillas sector salud,S,"liconsa, s.a. de c.v.",complem. alim. sector salud grav,0,0,0,2018-01-01 al 2018-06-30
1135634,papilla nutrisano sabor mango ssa,30,264,gr,0,2018-04-26,papillas sector salud,S,"liconsa, s.a. de c.v.",complem. alim. sector salud grav,0,0,0,2018-01-01 al 2018-06-30
1135635,papilla nutrisano sabor durazno imss,30,264,gr,0,2018-04-26,papillas sector salud,S,"liconsa, s.a. de c.v.",complem. alim. sector salud grav,0,0,0,2018-01-01 al 2018-06-30
1135636,papilla nutrisano sabor durazno ssa,30,264,gr,0,2018-04-26,papillas sector salud,S,"liconsa, s.a. de c.v.",complem. alim. sector salud grav,0,0,0,2018-01-01 al 2018-06-30
1135637,papilla nutrisano sabor chocolate imss,30,264,gr,0,2018-04-26,papillas sector salud,S,"liconsa, s.a. de c.v.",complem. alim. sector salud grav,0,0,0,2018-01-01 al 2018-06-30
1135638,papilla nutrisano sabor chocolate ssa,30,264,gr,0,2018-04-26,papillas sector salud,S,"liconsa, s.a. de c.v.",complem. alim. sector salud grav,0,0,0,2018-01-01 al 2018-06-30
1135672,micro nutrien pvo vita nino 1/60/1g imss,1,60,pz,1,2011-06-21,preparados para bebidas,N,"liconsa, s.a. de c.v.",complem. alim. sector salud grav,0,0,0,2018-01-01 al 2018-06-30
1135674,papilla nutrisano sab chocolate imss,36,264,gr,1,2011-06-21,papillas sector salud,S,"liconsa, s.a. de c.v.",complem. alim. sector salud grav,0,0,0,2018-01-01 al 2018-06-30
1135675,papilla nutrisano sab mango imss,36,264,gr,1,2011-06-21,papillas sector salud,S,"liconsa, s.a. de c.v.",complem. alim. sector salud grav,0,0,0,2018-01-01 al 2018-06-30
1135676,papilla nutrisano sab durazno imss,36,264,gr,1,2011-06-21,papillas sector salud,S,"liconsa, s.a. de c.v.",complem. alim. sector salud grav,0,0,0,2018-01-01 al 2018-06-30
1135681,nutrivida tabletas 60/tabletas imss,1,1,pz,0,2011-06-21,medicinas de patente,N,"liconsa, s.a. de c.v.",complem. alim. sector salud grav,0,0,0,2018-01-01 al 2018-06-30
1135684,micro nutrien pvo vita nino 1/60/1g ssa,1,60,pz,1,2011-07-12,preparados para bebidas,N,"liconsa, s.a. de c.v.",complem. alim. sector salud grav,0,0,0,2018-01-01 al 2018-06-30
1135693,nutrivida tabletas 60/tabletas ssa,1,1,pz,0,2011-07-12,medicinas de patente,N,"liconsa, s.a. de c.v.",complem. alim. sector salud grav,0,0,0,2018-01-01 al 2018-06-30
1135698,mezcla leche c/grasa veg. red. en grasa,36,210,gr,1,2013-07-18,leche subsidiada,S,"liconsa, s.a. de c.v.",leche subsidiada,0,0,0,2018-01-01 al 2018-06-30
1135699,leche uht entera liconsa,12,1,lt,1,2014-05-12,leche evaporada y concentrada,S,"liconsa, s.a. de c.v.",abarr. y art. de farmacia no grav,0,0,0,2018-01-01 al 2018-06-30
1136336,papilla nutrisano sabor durazno ssa,30,264,gr,0,2018-04-26,papillas sector salud,S,"interfire, s.a. de c.v.",complem. alim. sector salud grav,0,0,0,2018-01-01 al 2018-06-30
1137337,papilla nutrisano sabor chocolate imss,30,264,gr,0,2018-04-26,papillas sector salud,S,macario quintero torres,complem. alim. sector salud grav,0,0,0,2018-01-01 al 2018-06-30
1148020,bolsa poliet nat c/fuelles 40+15x15x70,500,1,pz,0,2008-02-19,bolsas para despensas,N,"poly peliculas impresas, s.a. de c.v.",miscelaneos grav,0,0,0,2018-01-01 al 2018-06-30
1159002,cloro patito,20,480,ml,0,1999-10-21,blanqueadores,S,"quimica goncal, s.a. de c.v.",abarr. y art. de farmacia grav,0,0,0,2018-01-01 al 2018-06-30
1159004,cloro patito,15,960,ml,0,1990-01-01,blanqueadores,S,"quimica goncal, s.a. de c.v.",abarr. y art. de farmacia grav,0,0,0,2018-01-01 al 2018-06-30
1159007,acido muriatex,24,420,ml,0,1990-01-01,acido muriatico,N,"quimica goncal, s.a. de c.v.",abarr. y art. de farmacia grav,0,0,0,2018-01-01 al 2018-06-30
1159008,acido muriatex,15,750,ml,0,1990-01-01,acido muriatico,N,"quimica goncal, s.a. de c.v.",abarr. y art. de farmacia grav,0,0,0,2018-01-01 al 2018-06-30
1159009,acido muriatex,15,960,ml,0,1990-01-01,acido muriatico,N,"quimica goncal, s.a. de c.v.",abarr. y art. de farmacia grav,0,0,0,2018-01-01 al 2018-06-30
1159019,alcohol san jose desnaturalizado 70 g.,24,220,ml,0,1996-06-25,alcohol,N,"quimica goncal, s.a. de c.v.",abarr. y art. de farmacia grav,0,0,0,2018-01-01 al 2018-06-30
1159020,alcohol san jose desnaturalizado 70 g.,24,420,ml,0,1996-06-25,alcohol,N,"quimica goncal, s.a. de c.v.",abarr. y art. de farmacia grav,0,0,0,2018-01-01 al 2018-06-30
1159039,cloro 10,15,1,lt,0,2012-04-27,blanqueadores,S,"quimica goncal, s.a. de c.v.",abarr. y art. de farmacia grav,0,0,0,2018-01-01 al 2018-06-30
1162027,pasta p/sopa fideo sedesol diconsa,20,200,gr,1,2013-04-05,pastas para sopa fideo,S,"pastas alimenticias laziali, s.a. de c.v.",abarr. y art. de farmacia no grav,1,1,0,2018-01-01 al 2018-06-30
1162029,pasta p/sopa spaguetti sedesol diconsa,20,200,gr,1,2013-04-05,pastas para sopa largas,S,"pastas alimenticias laziali, s.a. de c.v.",abarr. y art. de farmacia no grav,1,1,0,2018-01-01 al 2018-06-30
1162035,pasta para sopa caracol 2 millco,20,200,gr,0,2014-03-13,pastas para sopa huecas,S,"pastas alimenticias laziali, s.a. de c.v.",abarr. y art. de farmacia no grav,0,0,0,2018-01-01 al 2018-06-30
1162038,pasta para sopa codo 2 millco,20,200,gr,0,2014-03-13,pastas para sopa huecas,S,"pastas alimenticias laziali, s.a. de c.v.",abarr. y art. de farmacia no grav,0,0,0,2018-01-01 al 2018-06-30
1162040,pasta para sopa codo 4 millco,20,200,gr,0,2014-03-13,pastas para sopa huecas,S,"pastas alimenticias laziali, s.a. de c.v.",abarr. y art. de farmacia no grav,0,0,0,2018-01-01 al 2018-06-30
1162044,pasta para sopa fideo precortado millco,20,200,gr,0,2014-03-13,pastas para sopa fideo,S,"pastas alimenticias laziali, s.a. de c.v.",abarr. y art. de farmacia no grav,0,0,0,2018-01-01 al 2018-06-30
1162045,pasta para sopa lengua millco,20,200,gr,0,2014-03-13,pastas para sopa menudas,S,"pastas alimenticias laziali, s.a. de c.v.",abarr. y art. de farmacia no grav,0,0,0,2018-01-01 al 2018-06-30
1162047,pasta para sopa estrella millco,20,200,gr,0,2014-03-13,pastas para sopa menudas,S,"pastas alimenticias laziali, s.a. de c.v.",abarr. y art. de farmacia no grav,0,0,0,2018-01-01 al 2018-06-30
1162048,pasta para sopa letra millco,20,200,gr,0,2014-03-13,pastas para sopa menudas,S,"pastas alimenticias laziali, s.a. de c.v.",abarr. y art. de farmacia no grav,0,0,0,2018-01-01 al 2018-06-30
1162049,pasta para sopa mono millco,20,200,gr,0,2014-03-13,pastas para sopa menudas,S,"pastas alimenticias laziali, s.a. de c.v.",abarr. y art. de farmacia no grav,0,0,0,2018-01-01 al 2018-06-30
1162055,pasta para sopa spaguetti natural millco,20,200,gr,0,2015-06-23,pastas para sopa largas,S,"pastas alimenticias laziali, s.a. de c.v.",abarr. y art. de farmacia no grav,0,0,0,2018-01-01 al 2018-06-30
1162056,pasta para sopa spaguetti integral millc,20,200,gr,0,2015-06-23,pastas para sopa largas,S,"pastas alimenticias laziali, s.a. de c.v.",abarr. y art. de farmacia no grav,0,0,0,2018-01-01 al 2018-06-30
1162057,pasta para sopa fideo precortado 0,20,200,gr,0,2015-06-23,pastas para sopa fideo,S,"pastas alimenticias laziali, s.a. de c.v.",abarr. y art. de farmacia no grav,0,0,0,2018-01-01 al 2018-06-30
1162058,pasta para sopa spaguetti laziali,20,200,gr,0,2015-11-20,pastas para sopa largas,S,"pastas alimenticias laziali, s.a. de c.v.",abarr. y art. de farmacia no grav,0,0,0,2018-01-01 al 2018-06-30
1162059,pasta para sopa fideo laziali,20,200,gr,0,2015-11-20,pastas para sopa fideo,S,"pastas alimenticias laziali, s.a. de c.v.",abarr. y art. de farmacia no grav,0,0,0,2018-01-01 al 2018-06-30
1162060,pasta para sopa codo 2 laziali,20,200,gr,0,2015-11-20,pastas para sopa huecas,S,"pastas alimenticias laziali, s.a. de c.v.",abarr. y art. de farmacia no grav,0,0,0,2018-01-01 al 2018-06-30
1162061,pasta para sopa letra laziali,20,200,gr,0,2015-11-20,pastas para sopa menudas,S,"pastas alimenticias laziali, s.a. de c.v.",abarr. y art. de farmacia no grav,0,0,0,2018-01-01 al 2018-06-30
1162062,pasta para sopa estrella laziali,20,200,gr,0,2015-11-20,pastas para sopa menudas,S,"pastas alimenticias laziali, s.a. de c.v.",abarr. y art. de farmacia no grav,0,0,0,2018-01-01 al 2018-06-30
1162063,pasta para sopa spaguetti laziali,80,200,gr,0,2016-01-28,pastas para sopa largas,S,"pastas alimenticias laziali, s.a. de c.v.",abarr. y art. de farmacia no grav,0,0,0,2018-01-01 al 2018-06-30
1162064,pasta para sopa fideo laziali,80,200,gr,0,2016-01-28,pastas para sopa fideo,S,"pastas alimenticias laziali, s.a. de c.v.",abarr. y art. de farmacia no grav,0,0,0,2018-01-01 al 2018-06-30
1162066,pasta para sopa codito laziali,80,200,gr,0,2016-01-28,pastas para sopa huecas,S,"pastas alimenticias laziali, s.a. de c.v.",abarr. y art. de farmacia no grav,0,0,0,2018-01-01 al 2018-06-30
1162070,pasta para sopa integral  millco,80,200,gr,0,2016-03-03,pastas para sopa menudas,S,"pastas alimenticias laziali, s.a. de c.v.",abarr. y art. de farmacia no grav,0,0,0,2018-01-01 al 2018-06-30
1162072,pasta integral para sopa codito millco,80,200,gr,0,2017-03-24,pastas para sopa huecas,S,"pastas alimenticias laziali, s.a. de c.v.",insumos agropecuarios no grav,0,0,0,2018-01-01 al 2018-06-30
1168033,barra de amaranto con cacahuate y pasas,300,25,gr,0,2015-05-28,productos a base de amaranto,S,mancera mendoza hector javier,pago abarrotes gravado ieps (propio,0,0,8,2018-01-01 al 2018-06-30
1168034,atole de amaranto con avena,1,1,kg,0,2016-03-31,productos a base de amaranto,S,mancera mendoza hector javier,pago abarrotes gravado ieps (propio,0,0,8,2018-01-01 al 2018-06-30
1168035,amarantole surtido con leche y azucar,72,120,gr,1,2016-05-25,productos a base de amaranto,S,mancera mendoza hector javier,pago abarrotes gravado ieps (propio,0,0,8,2018-01-01 al 2018-06-30
1180033,ensalada de atun clasica tuny,48,135,gr,1,2010-04-08,diversos pescados y mariscos enlatado,N,"marindustrias, s.a. de c.v.",abarr. y art. de farmacia no grav,0,0,0,2018-01-01 al 2018-06-30
1180035,atun en aceite ancla,48,140,gr,0,2010-10-14,atun enlatado,S,"marindustrias, s.a. de c.v.",abarr. y art. de farmacia no grav,0,0,0,2018-01-01 al 2018-06-30
1180036,atun en agua ancla,48,140,gr,0,2010-10-14,atun enlatado,S,"marindustrias, s.a. de c.v.",abarr. y art. de farmacia no grav,0,0,0,2018-01-01 al 2018-06-30
1180037,atun en aceite tuny clasico,48,140,gr,1,2011-01-21,atun enlatado,S,"marindustrias, s.a. de c.v.",abarr. y art. de farmacia no grav,0,0,0,2018-01-01 al 2018-06-30
1180038,atun en agua tuny clasico,48,140,gr,1,2011-01-21,atun enlatado,S,"marindustrias, s.a. de c.v.",abarr. y art. de farmacia no grav,0,0,0,2018-01-01 al 2018-06-30
1180039,atun aceite tuny standard,48,140,gr,0,2011-01-21,atun enlatado,S,"marindustrias, s.a. de c.v.",abarr. y art. de farmacia no grav,0,0,0,2018-01-01 al 2018-06-30
1180040,atun  agua  tuny standard,48,140,gr,0,2011-01-21,atun enlatado,S,"marindustrias, s.a. de c.v.",abarr. y art. de farmacia no grav,0,0,0,2018-01-01 al 2018-06-30
1180043,3 atunes aceite tuny + 1 ensalada gratis,12,555,gr,0,2016-04-11,atun enlatado,S,"marindustrias, s.a. de c.v.",abarr. y art. de farmacia no grav,0,0,0,2018-01-01 al 2018-06-30
1180045,sardina en salsa de tomate ancla,24,425,gr,0,2017-03-28,sardina enlatada,S,"marindustrias, s.a. de c.v.",abarr. y art. de farmacia no grav,0,0,0,2018-01-01 al 2018-06-30
1180046,atun en agua ancla,14,1020,gr,0,2017-04-25,atun enlatado,S,"marindustrias, s.a. de c.v.",abarr. y art. de farmacia no grav,0,0,0,2018-01-01 al 2018-06-30
1180047,lomo atun en agua tuny,24,295,gr,0,2018-01-26,atun enlatado,S,"marindustrias, s.a. de c.v.",abarr. y art. de farmacia no grav,0,0,0,2018-01-01 al 2018-06-30
1180048,3 atun agua tuny + 1 atun tuny pre esp,12,560,gr,0,2018-02-16,atun enlatado,S,"marindustrias, s.a. de c.v.",abarr. y art. de farmacia no grav,0,0,0,2018-01-01 al 2018-06-30
1180049,3 atun aceite tuny + 1 atun tuny pre esp,12,560,gr,0,2018-02-16,atun enlatado,S,"marindustrias, s.a. de c.v.",abarr. y art. de farmacia no grav,0,0,0,2018-01-01 al 2018-06-30
1180050,lomo de atun en agua tuny pouch,24,75,gr,0,2018-08-03,atun enlatado,S,"marindustrias, s.a. de c.v.",abarr. y art. de farmacia no grav,0,0,0,2018-01-01 al 2018-06-30
1180051,lomo de atun en aceite tuny pouch,24,75,gr,0,2018-08-03,atun enlatado,S,"marindustrias, s.a. de c.v.",abarr. y art. de farmacia no grav,0,0,0,2018-01-01 al 2018-06-30
1180052,lomo de atun en agua tuny jumbo,24,295,gr,0,2018-08-03,atun enlatado,S,"marindustrias, s.a. de c.v.",abarr. y art. de farmacia no grav,0,0,0,2018-01-01 al 2018-06-30
1180053,lomo de atun en aceite tuny jumbo,24,295,gr,0,2018-08-03,atun enlatado,S,"marindustrias, s.a. de c.v.",abarr. y art. de farmacia no grav,0,0,0,2018-01-01 al 2018-06-30
1180054,sardina en salsa de tomate ancla,24,425,gr,0,2018-08-03,atun enlatado,S,"marindustrias, s.a. de c.v.",abarr. y art. de farmacia no grav,0,0,0,2018-01-01 al 2018-06-30
1189008,leche uht 2000 roja,12,1000,ml,1,1998-01-28,leche evaporada y concentrada,S,"ganaderos productores de leche pura, s.a.p.i de c.v.",abarr. y art. de farmacia no grav,0,0,0,2018-01-01 al 2018-06-30
1189011,leche uht sabor chocolate,12,1000,ml,1,1998-03-05,leche saborizada,N,"ganaderos productores de leche pura, s.a.p.i de c.v.",abarr. y art. de farmacia no grav,0,0,0,2018-01-01 al 2018-06-30
1189012,leche uht sabor fresa,12,1000,ml,1,1998-03-05,leche saborizada,N,"ganaderos productores de leche pura, s.a.p.i de c.v.",abarr. y art. de farmacia no grav,0,0,0,2018-01-01 al 2018-06-30
1189018,leche uht c/g veg. mca. fortileche tetra,12,1000,ml,1,2001-06-25,leche evaporada y concentrada,S,"ganaderos productores de leche pura, s.a.p.i de c.v.",abarr. y art. de farmacia no grav,0,0,0,2018-01-01 al 2018-06-30
1189031,leche en polvo c/grasa butirica alpura,1,1800,gr,1,2008-04-24,leche en polvo,S,"ganaderos productores de leche pura, s.a.p.i de c.v.",abarr. y art. de farmacia no grav,0,0,0,2018-01-01 al 2018-06-30
1189032,leche en polvo c/grasa butirica alpura,1,500,gr,1,2008-04-24,leche en polvo,S,"ganaderos productores de leche pura, s.a.p.i de c.v.",abarr. y art. de farmacia no grav,0,0,0,2018-01-01 al 2018-06-30
1189033,leche en pvo. c/g veg. mca. fortileche,1,500,gr,1,2008-04-24,leche en polvo,S,"ganaderos productores de leche pura, s.a.p.i de c.v.",abarr. y art. de farmacia no grav,0,0,0,2018-01-01 al 2018-06-30
1189034,leche alpura kids polvo,1,500,gr,1,2008-04-24,leche en polvo,S,"ganaderos productores de leche pura, s.a.p.i de c.v.",abarr. y art. de farmacia no grav,0,0,0,2018-01-01 al 2018-06-30
1189042,leche uht deslactosada,12,1,lt,1,2014-05-20,leche evaporada y concentrada,S,"ganaderos productores de leche pura, s.a.p.i de c.v.",abarr. y art. de farmacia no grav,0,0,0,2018-01-01 al 2018-06-30
1189043,leche uht 2000 azul,27,250,ml,1,2014-05-20,leche evaporada y concentrada,S,"ganaderos productores de leche pura, s.a.p.i de c.v.",abarr. y art. de farmacia no grav,0,0,0,2018-01-01 al 2018-06-30
1189044,leche uht 2000 roja,27,250,ml,1,2014-05-20,leche evaporada y concentrada,S,"ganaderos productores de leche pura, s.a.p.i de c.v.",abarr. y art. de farmacia no grav,0,0,0,2018-01-01 al 2018-06-30
1189046,leche uht deslactosada,27,250,ml,1,2014-05-20,leche evaporada y concentrada,S,"ganaderos productores de leche pura, s.a.p.i de c.v.",abarr. y art. de farmacia no grav,0,0,0,2018-01-01 al 2018-06-30
1189047,leche saborizada uht chocolate,27,250,ml,1,2014-05-20,leche saborizada,N,"ganaderos productores de leche pura, s.a.p.i de c.v.",abarr. y art. de farmacia no grav,0,0,0,2018-01-01 al 2018-06-30
1189048,leche saborizada uht fresa,27,250,ml,1,2014-05-20,leche saborizada,N,"ganaderos productores de leche pura, s.a.p.i de c.v.",abarr. y art. de farmacia no grav,0,0,0,2018-01-01 al 2018-06-30
1189049,leche saborizada uht vainilla,27,250,ml,1,2014-05-20,leche saborizada,N,"ganaderos productores de leche pura, s.a.p.i de c.v.",abarr. y art. de farmacia no grav,0,0,0,2018-01-01 al 2018-06-30
1189050,media crema alpura uht,27,250,ml,0,2014-05-20,crema de leche,N,"ganaderos productores de leche pura, s.a.p.i de c.v.",abarr. y art. de farmacia no grav,0,0,0,2018-01-01 al 2018-06-30
1189051,leche uht 2000 azul,12,1,lt,0,2015-01-06,leche evaporada y concentrada,S,"ganaderos productores de leche pura, s.a.p.i de c.v.",abarr. y art. de farmacia no grav,0,0,0,2018-01-01 al 2018-06-30
1189052,leche uht 2000 light,12,1,lt,0,2015-01-06,leche evaporada y concentrada,S,"ganaderos productores de leche pura, s.a.p.i de c.v.",abarr. y art. de farmacia no grav,0,0,0,2018-01-01 al 2018-06-30
1189053,leche entera lac del,12,1,lt,0,2015-01-06,leche evaporada y concentrada,S,"ganaderos productores de leche pura, s.a.p.i de c.v.",abarr. y art. de farmacia no grav,0,0,0,2018-01-01 al 2018-06-30
1189054,leche en polvo entera,50,240,gr,1,2015-01-22,leche en polvo,S,"ganaderos productores de leche pura, s.a.p.i de c.v.",abarr. y art. de farmacia no grav,0,0,0,2018-01-01 al 2018-06-30
1189055,leche semidescremada lac del,12,1,lt,1,2015-02-20,leche evaporada y concentrada,S,"ganaderos productores de leche pura, s.a.p.i de c.v.",abarr. y art. de farmacia no grav,0,0,0,2018-01-01 al 2018-06-30
1189056,leche descremada uht lac del,12,1,lt,1,2016-08-22,leche evaporada y concentrada,S,"ganaderos productores de leche pura, s.a.p.i de c.v.",abarr. y art. de farmacia no grav,0,0,0,2018-01-01 al 2018-06-30
1189057,leche lac del semidescremada,12,1,lt,1,2017-06-29,leche evaporada y concentrada,S,"ganaderos productores de leche pura, s.a.p.i de c.v.",abarr. y art. de farmacia no grav,0,0,0,2018-01-01 al 2018-06-30
1242011,agua purificada gugar,12,1500,ml,0,1996-09-30,agua purificada menor de 10 litros,N,"gugar soda, s.a. de c.v.",abarr no grav decreto 2006,0,0,0,2018-01-01 al 2018-06-30
1242022,bebida de frutas friko sabores surtidos,24,250,ml,1,2002-01-29,bebidas de fruta,N,"gugar soda, s.a. de c.v.",abarr. y art. de farmacia grav,0,0,0,2018-01-01 al 2018-06-30
1242034,naranjada citrus puch,24,500,ml,0,2010-02-23,bebidas de fruta,N,"gugar soda, s.a. de c.v.",abarr. y art. de farmacia grav,0,0,0,2018-01-01 al 2018-06-30
1242037,agua purificada gugar,24,600,ml,0,2012-10-10,agua purificada menor de 10 litros,N,"gugar soda, s.a. de c.v.",abarr no grav decreto 2006,0,0,0,2018-01-01 al 2018-06-30
1242038,bebida gugarin figura,24,180,ml,0,2014-02-11,bebidas de fruta,N,"gugar soda, s.a. de c.v.",abarr. y art. de farmacia grav,0,0,0,2018-01-01 al 2018-06-30
1242039,agua purificada gugar,20,250,ml,0,2014-02-11,agua purificada menor de 10 litros,N,"gugar soda, s.a. de c.v.",abarr no grav decreto 2006,0,0,0,2018-01-01 al 2018-06-30
1242040,agua purificada gugar,12,1000,ml,0,2014-02-11,agua purificada menor de 10 litros,N,"gugar soda, s.a. de c.v.",abarr no grav decreto 2006,0,0,0,2018-01-01 al 2018-06-30
1242041,agua saborizada gugar jamaica,12,600,ml,0,2014-10-31,agua purificada menor de 10 litros,N,"gugar soda, s.a. de c.v.",abarr. y art. de farmacia grav,0,0,0,2018-01-01 al 2018-06-30
1242042,agua saborizada gugar limon,12,600,ml,0,2014-10-31,agua purificada menor de 10 litros,N,"gugar soda, s.a. de c.v.",abarr. y art. de farmacia grav,0,0,0,2018-01-01 al 2018-06-30
1298001,harina de trigo globo,1,10,kg,0,1996-11-14,harina de trigo,S,"harinas, s.a. de c.v.",abarr. y art. de farmacia no grav,0,0,0,2018-01-01 al 2018-06-30
1298002,harina de trigo globo,1,44,kg,0,1996-11-14,harina de trigo,S,"harinas, s.a. de c.v.",abarr. y art. de farmacia no grav,0,0,0,2018-01-01 al 2018-06-30
1298003,harina de trigo globo,1,5,kg,0,1996-11-14,harina de trigo,S,"harinas, s.a. de c.v.",abarr. y art. de farmacia no grav,0,0,0,2018-01-01 al 2018-06-30
1298004,harina de trigo globo,10,1,kg,0,1996-11-14,harina de trigo,S,"harinas, s.a. de c.v.",abarr. y art. de farmacia no grav,0,0,0,2018-01-01 al 2018-06-30
1298010,lechero 12% rol.,1,40,kg,0,1999-01-11,alimentos pecuarios,N,"harinas, s.a. de c.v.",insumos agropecuarios no grav,0,0,0,2018-01-01 al 2018-06-30
1298011,eng. corral 12% rol.,1,40,kg,0,1999-01-11,alimentos pecuarios,N,"harinas, s.a. de c.v.",insumos agropecuarios no grav,0,0,0,2018-01-01 al 2018-06-30
1298012,harinolina 40% p.c.,1,40,kg,0,1999-01-11,alimentos pecuarios,N,"harinas, s.a. de c.v.",insumos agropecuarios no grav,0,0,0,2018-01-01 al 2018-06-30
1298015,econocerdo 12% p.c.,1,40,kg,0,1999-01-11,alimentos pecuarios,N,"harinas, s.a. de c.v.",insumos agropecuarios no grav,0,0,0,2018-01-01 al 2018-06-30
1298019,mezcla 012,1,40,kg,0,1999-01-15,alimentos pecuarios,N,"harinas, s.a. de c.v.",insumos agropecuarios no grav,0,0,0,2018-01-01 al 2018-06-30
1298024,salvadillo de trigo,40,1,kg,0,1999-07-16,alimentos pecuarios,N,"harinas, s.a. de c.v.",insumos agropecuarios no grav,0,0,0,2018-01-01 al 2018-06-30
1298032,salvadillo de trigo,50,1,kg,0,2008-01-08,alimentos pecuarios,N,"harinas, s.a. de c.v.",insumos agropecuarios no grav,0,0,0,2018-01-01 al 2018-06-30
1369002,harina de trigo marca selecta,1,44,kg,1,1997-12-16,harina de trigo,S,"molinera de mexico, s.a. de c.v.",abarr. y art. de farmacia no grav,0,0,0,2018-01-01 al 2018-06-30
1369003,harina de trigo selecta,1,10,kg,1,1997-12-16,harina de trigo,S,"molinera de mexico, s.a. de c.v.",abarr. y art. de farmacia no grav,0,0,0,2018-01-01 al 2018-06-30
1369004,harina de trigo selecta,1,5,kg,0,1997-12-16,harina de trigo,S,"molinera de mexico, s.a. de c.v.",abarr. y art. de farmacia no grav,0,0,0,2018-01-01 al 2018-06-30
1369005,harina de trigo selecta,10,1,kg,1,1997-12-16,harina de trigo,S,"molinera de mexico, s.a. de c.v.",abarr. y art. de farmacia no grav,0,0,0,2018-01-01 al 2018-06-30
1369028,harina de trigo el diluvio,10,1,kg,0,1999-07-26,harina de trigo,S,"molinera de mexico, s.a. de c.v.",abarr. y art. de farmacia no grav,0,0,0,2018-01-01 al 2018-06-30
1369045,harina de trigo marca monterrey,10,1,kg,0,2005-11-03,harina de trigo,S,"molinera de mexico, s.a. de c.v.",abarr. y art. de farmacia no grav,0,0,0,2018-01-01 al 2018-06-30
1369050,salvado,1,40,kg,0,2006-02-21,alimentos pecuarios,N,"molinera de mexico, s.a. de c.v.",insumos agropecuarios no grav,0,0,0,2018-01-01 al 2018-06-30
1369058,harina de trigo selecta tortilla,1,44,kg,0,2012-05-25,harina de trigo,S,"molinera de mexico, s.a. de c.v.",abarr. y art. de farmacia no grav,0,0,0,2018-01-01 al 2018-06-30
1369059,harina de trigo mayran tortilla,1,44,kg,0,2012-05-25,harina de trigo,S,"molinera de mexico, s.a. de c.v.",abarr. y art. de farmacia no grav,0,0,0,2018-01-01 al 2018-06-30
1369060,harina de trigo mayran,1,44,kg,0,2012-05-25,harina de trigo,S,"molinera de mexico, s.a. de c.v.",abarr. y art. de farmacia no grav,0,0,0,2018-01-01 al 2018-06-30
1369061,harina de trigo selecta,1,44,kg,0,2012-05-25,harina de trigo,S,"molinera de mexico, s.a. de c.v.",abarr. y art. de farmacia no grav,0,0,0,2018-01-01 al 2018-06-30
1369062,harina de trigo selecta,1,10,kg,0,2012-05-25,harina de trigo,S,"molinera de mexico, s.a. de c.v.",abarr. y art. de farmacia no grav,0,0,0,2018-01-01 al 2018-06-30
1369063,harina de trigo selecta,1,5,kg,1,2012-05-25,harina de trigo,S,"molinera de mexico, s.a. de c.v.",abarr. y art. de farmacia no grav,0,0,0,2018-01-01 al 2018-06-30
1369064,harina de trigo selecta tortilla artes.,1,44,kg,1,2012-05-25,harina de trigo,S,"molinera de mexico, s.a. de c.v.",abarr. y art. de farmacia no grav,0,0,0,2018-01-01 al 2018-06-30
1369065,harina de trigo selecta extra blanca,1,44,kg,1,2012-05-25,harina de trigo,S,"molinera de mexico, s.a. de c.v.",abarr. y art. de farmacia no grav,0,0,0,2018-01-01 al 2018-06-30
1369066,harina de trigo selecta extra blanca,10,1,kg,1,2012-05-25,harina de trigo,S,"molinera de mexico, s.a. de c.v.",abarr. y art. de farmacia no grav,0,0,0,2018-01-01 al 2018-06-30
1369067,harina de trigo mayran panadero,1,44,kg,0,2012-05-25,harina de trigo,S,"molinera de mexico, s.a. de c.v.",abarr. y art. de farmacia no grav,0,0,0,2018-01-01 al 2018-06-30
1369068,harina de trigo integral,10,1,kg,0,2017-09-26,harina de trigo,S,"molinera de mexico, s.a. de c.v.",abarr. y art. de farmacia no grav,1,0,0,2018-01-01 al 2018-06-30
1389075,confrutta nectar durazno,12,1,lt,1,2013-09-12,nectares,S,"valle redondo, s.a. de c.v.",abarr no grav decreto 2006,0,0,0,2018-01-01 al 2018-06-30
1389076,confrutta nectar mango,12,1,lt,1,2013-09-12,nectares,S,"valle redondo, s.a. de c.v.",abarr no grav decreto 2006,0,0,0,2018-01-01 al 2018-06-30
1389077,confrutta jugo manzana,12,1,lt,1,2013-09-12,nectares,S,"valle redondo, s.a. de c.v.",abarr no grav decreto 2006,0,0,0,2018-01-01 al 2018-06-30
1389085,jugo uva natura,40,200,ml,1,2017-03-31,jugos,S,"valle redondo, s.a. de c.v.",abarr no grav decreto 2006,0,0,0,2018-01-01 al 2018-06-30
1389086,nectar sonrisa naranja,40,200,ml,0,2017-03-31,nectares,S,"valle redondo, s.a. de c.v.",abarr no grav decreto 2006,0,0,0,2018-01-01 al 2018-06-30
1389087,nectar sonrisa manzana,40,200,ml,0,2017-03-31,nectares,S,"valle redondo, s.a. de c.v.",abarr no grav decreto 2006,0,0,0,2018-01-01 al 2018-06-30
1392001,arroz g largo 5% envasado,1,1,kg,0,1997-05-15,arroz envasado,S,"arrocera del bajio, s.a. de c.v.",arroz,1,0,0,2018-01-01 al 2018-06-30
1392002,arroz g largo 15% envasado,1,1,kg,0,1997-05-15,arroz envasado,S,"arrocera del bajio, s.a. de c.v.",arroz,1,0,0,2018-01-01 al 2018-06-30
1392007,lenteja chica envasada ole,1,500,gr,0,2003-02-07,lentejas,S,"arrocera del bajio, s.a. de c.v.",abarr. y art. de farmacia no grav,1,0,0,2018-01-01 al 2018-06-30
1392013,arroz m filipino 1/2 a granel,1,1,kg,0,2004-07-14,arroz a granel,S,"arrocera del bajio, s.a. de c.v.",arroz,0,0,0,2018-01-01 al 2018-06-30
1392017,frijol pinto saltillo envasado,1,1,kg,0,2006-07-11,frijol envasado,S,"arrocera del bajio, s.a. de c.v.",frijol,0,0,0,2018-01-01 al 2018-06-30
1392019,arroz g largo 5% envasado,1,500,gr,0,2008-05-30,arroz envasado,S,"arrocera del bajio, s.a. de c.v.",arroz,0,0,0,2018-01-01 al 2018-06-30
1396043,leche semidesc fort. plus,36,240,gr,1,2011-06-27,leche en polvo,S,"d m mexicana, s.a de c.v.",abarr. y art. de farmacia no grav,0,0,0,2018-01-01 al 2018-06-30
1396062,leche descremada pvo fort plus natural,40,210,gr,1,2014-01-16,leche en polvo,S,"d m mexicana, s.a de c.v.",abarr. y art. de farmacia no grav,0,0,0,2018-01-01 al 2018-06-30
1396066,formula con hierro lactantes 0 a 12 mese,20,120,gr,1,2014-03-31,leche en polvo,S,"d m mexicana, s.a de c.v.",abarr. y art. de farmacia no grav,0,0,0,2018-01-01 al 2018-06-30
1396067,formula lactea c/grasa vegetal pvo fort,20,120,gr,1,2014-03-31,formula lacteas,S,"d m mexicana, s.a de c.v.",abarr. y art. de farmacia no grav,0,0,0,2018-01-01 al 2018-06-30
1396068,leche entera en polvo fortificada plus,20,120,gr,1,2014-03-31,leche en polvo,S,"d m mexicana, s.a de c.v.",abarr. y art. de farmacia no grav,0,0,0,2018-01-01 al 2018-06-30
1396069,alimento lacteo sab con cereal integral,24,50,gr,0,2014-03-31,preparados para bebidas,N,"d m mexicana, s.a de c.v.",abarr. y art. de farmacia no grav,0,0,0,2018-01-01 al 2018-06-30
1396073,leche entera fortificada,36,500,gr,1,2015-02-03,leche en polvo,S,"d m mexicana, s.a de c.v.",abarr. y art. de farmacia no grav,0,0,0,2018-01-01 al 2018-06-30
1396075,complemento alim sure nutrition 6-11 mes,36,500,gr,0,2016-03-04,complementos alimenticios,N,"d m mexicana, s.a de c.v.",abarr. y art. de farmacia no grav,0,0,0,2018-01-01 al 2018-06-30
1396076,leche en polvo grasa vegetal,36,500,gr,1,2016-08-11,leche en polvo,S,"d m mexicana, s.a de c.v.",abarr. y art. de farmacia no grav,0,0,0,2018-01-01 al 2018-06-30
1396078,leche semidescremada en polvo lechelak,1,25,kg,1,2017-04-05,leche en polvo,S,"d m mexicana, s.a de c.v.",abarr. y art. de farmacia no grav,0,0,0,2018-01-01 al 2018-06-30
1396079,leche semidescremada en polvo lechelak,20,1,kg,1,2017-04-05,leche en polvo,S,"d m mexicana, s.a de c.v.",abarr. y art. de farmacia no grav,0,0,0,2018-01-01 al 2018-06-30
1400008,palillo econobolsa pop charola 2x80x200,160,1,pz,0,2008-03-14,palillos,N,"productos practicos de madera, s.a. de c.v.",art. de hogar y jarcieria grav,0,0,0,2018-01-01 al 2018-06-30
1442009,cafe monky cristal frasco,24,50,gr,0,2000-03-07,cafe soluble,S,"general de solubles, s.a.",abarr. y art. de farmacia no grav,0,0,0,2018-01-01 al 2018-06-30
1442010,cafe monky cristal frasco,12,100,gr,0,2000-03-07,cafe soluble,S,"general de solubles, s.a.",abarr. y art. de farmacia no grav,0,0,0,2018-01-01 al 2018-06-30
1442011,cafe monky cristal frasco,12,200,gr,0,2000-03-07,cafe soluble,S,"general de solubles, s.a.",abarr. y art. de farmacia no grav,0,0,0,2018-01-01 al 2018-06-30
1447013,alambre de puas iowa imp chil 30kg 4ptas,1,30,kg,0,2003-01-15,herramientas p/el campo y kits de limp.,N,"fierro y lamina de zinc, s.a de c.v.",miscelaneos grav,0,0,0,2018-01-01 al 2018-06-30
1447014,clavo con cabeza de 2,1,1,kg,0,2003-06-19,herramientas p/el campo y kits de limp.,N,"fierro y lamina de zinc, s.a de c.v.",miscelaneos grav,0,0,0,2018-01-01 al 2018-06-30
1447015,clavo con cabeza de 2 1/2,1,1,kg,0,2003-06-19,herramientas p/el campo y kits de limp.,N,"fierro y lamina de zinc, s.a de c.v.",miscelaneos grav,0,0,0,2018-01-01 al 2018-06-30
1447016,clavo con cabeza de 3,1,1,kg,0,2003-06-19,herramientas p/el campo y kits de limp.,N,"fierro y lamina de zinc, s.a de c.v.",miscelaneos grav,0,0,0,2018-01-01 al 2018-06-30
1447020,grapa galvanizada de 1,1,1,kg,0,2003-06-19,herramientas p/el campo y kits de limp.,N,"fierro y lamina de zinc, s.a de c.v.",miscelaneos grav,0,0,0,2018-01-01 al 2018-06-30
1447021,grapa galvanizada de 1 1/2,1,1,kg,0,2003-06-19,herramientas p/el campo y kits de limp.,N,"fierro y lamina de zinc, s.a de c.v.",miscelaneos grav,0,0,0,2018-01-01 al 2018-06-30
1447022,grapa galvanizada de 1 1/4,1,1,kg,0,2003-06-19,herramientas p/el campo y kits de limp.,N,"fierro y lamina de zinc, s.a de c.v.",miscelaneos grav,0,0,0,2018-01-01 al 2018-06-30
1447023,lamina galv cal 32/3x1.83 mts,1,1,pz,0,2004-04-12,laminas para construccion,N,"fierro y lamina de zinc, s.a de c.v.",miscelaneos grav,0,0,0,2018-01-01 al 2018-06-30
1447024,lamina galv cal 32/3x2.44 mts,1,1,pz,0,2004-04-12,laminas para construccion,N,"fierro y lamina de zinc, s.a de c.v.",miscelaneos grav,0,0,0,2018-01-01 al 2018-06-30
1447025,lamina galv cal 32/3x3.05 mts,1,1,pz,0,2004-04-12,laminas para construccion,N,"fierro y lamina de zinc, s.a de c.v.",miscelaneos grav,0,0,0,2018-01-01 al 2018-06-30
1447026,lamina galv cal 32/3x3.66 mts,1,1,pz,0,2004-04-12,laminas para construccion,N,"fierro y lamina de zinc, s.a de c.v.",miscelaneos grav,0,0,0,2018-01-01 al 2018-06-30
1447027,alambre de puas clase 1 300m 14k,1,1,pz,0,2017-08-04,herramientas p/el campo y kits de limp.,N,"fierro y lamina de zinc, s.a de c.v.",miscelaneos grav,0,0,0,2018-01-01 al 2018-06-30
1451020,huevo en polvo omeletto,20,1,kg,0,2011-03-07,huevo deshidratado,N,procesadora mexicana de productos agropecuarios sa,abarr. y art. de farmacia no grav,0,0,0,2018-01-01 al 2018-06-30
1515001,horchata deliciosa,12,700,ml,0,1998-06-01,concentrado liquido para refrescos,N,"productora de alimentos mexicanos, s.a. de c.v.",abarr no grav decreto 2006,0,0,0,2018-01-01 al 2018-06-30
1515002,horchata deliciosa bolsa,24,180,ml,0,1998-06-01,concentrado liquido para refrescos,N,"productora de alimentos mexicanos, s.a. de c.v.",abarr no grav decreto 2006,0,0,0,2018-01-01 al 2018-06-30
1515003,avena en hojuelas rivero,48,250,gr,0,2002-09-18,avena,N,"productora de alimentos mexicanos, s.a. de c.v.",abarr. y art. de farmacia no grav,0,0,0,2018-01-01 al 2018-06-30
1515004,avena en hojuelas rivero,30,400,gr,0,2002-09-18,avena,N,"productora de alimentos mexicanos, s.a. de c.v.",abarr. y art. de farmacia no grav,0,0,0,2018-01-01 al 2018-06-30
1515008,horchata deliciosa,12,500,ml,0,2010-08-10,concentrado liquido para refrescos,N,"productora de alimentos mexicanos, s.a. de c.v.",abarr no grav decreto 2006,0,0,0,2018-01-01 al 2018-06-30
1515009,horchata coco deliciosa,12,700,ml,0,2011-11-09,concentrado liquido para refrescos,N,"productora de alimentos mexicanos, s.a. de c.v.",abarr no grav decreto 2006,0,0,0,2018-01-01 al 2018-06-30
1515010,jarabe de jamaica deliciosa,12,700,ml,0,2011-11-09,concentrado liquido para refrescos,N,"productora de alimentos mexicanos, s.a. de c.v.",abarr no grav decreto 2006,0,0,0,2018-01-01 al 2018-06-30
1515011,jarabe de tamarindo deliciosa,12,700,ml,0,2011-11-09,concentrado liquido para refrescos,N,"productora de alimentos mexicanos, s.a. de c.v.",abarr no grav decreto 2006,0,0,0,2018-01-01 al 2018-06-30
1520006,vaso iglu liso economico,24,1,pz,0,2010-07-20,veladoras,N,"industrias juan diego, s.a. de c.v.",abarr. y art. de farmacia grav,0,0,0,2018-01-01 al 2018-06-30
1520007,florero mexicano parafina,12,1,pz,0,2010-07-20,veladoras,N,"industrias juan diego, s.a. de c.v.",abarr. y art. de farmacia grav,0,0,0,2018-01-01 al 2018-06-30
1520008,vaso mistico chico parafina,24,1,pz,0,2010-07-20,veladoras,N,"industrias juan diego, s.a. de c.v.",abarr. y art. de farmacia grav,0,0,0,2018-01-01 al 2018-06-30
1520009,vaso imag surtidas 3-t 6 dias pasta cya,12,1,pz,0,2010-07-20,veladoras,N,"industrias juan diego, s.a. de c.v.",abarr. y art. de farmacia grav,0,0,0,2018-01-01 al 2018-06-30
1520010,vaso limonero liso economico,20,1,pz,0,2010-07-20,veladoras,N,"industrias juan diego, s.a. de c.v.",abarr. y art. de farmacia grav,0,0,0,2018-01-01 al 2018-06-30
1520011,vaso conico decorado economico,24,1,pz,0,2010-07-20,veladoras,N,"industrias juan diego, s.a. de c.v.",abarr. y art. de farmacia grav,0,0,0,2018-01-01 al 2018-06-30
1520012,vaso primavera economico,20,1,pz,0,2010-07-20,veladoras,N,"industrias juan diego, s.a. de c.v.",abarr. y art. de farmacia grav,0,0,0,2018-01-01 al 2018-06-30
1520013,vaso primavera c/v imp,20,1,pz,0,2010-07-20,veladoras,N,"industrias juan diego, s.a. de c.v.",abarr. y art. de farmacia grav,0,0,0,2018-01-01 al 2018-06-30
1520014,veladora san juan dlego metalica # 2 esp,100,1,pz,0,2010-07-20,veladoras,N,"industrias juan diego, s.a. de c.v.",abarr. y art. de farmacia grav,0,0,0,2018-01-01 al 2018-06-30
1520015,vela 301 sta tereslta imp blanca 16x6,6,1,pz,0,2010-07-20,velas,N,"industrias juan diego, s.a. de c.v.",abarr. y art. de farmacia grav,0,0,0,2018-01-01 al 2018-06-30
1520016,veladora no. 4 envuelta imp,60,1,pz,0,2010-07-20,veladoras,N,"industrias juan diego, s.a. de c.v.",abarr. y art. de farmacia grav,0,0,0,2018-01-01 al 2018-06-30
1520017,veladora no 7 cono imp 20 p,20,1,pz,0,2010-07-20,veladoras,N,"industrias juan diego, s.a. de c.v.",abarr. y art. de farmacia grav,0,0,0,2018-01-01 al 2018-06-30
1520018,cafetero portales grande parafina,24,1,pz,0,2010-07-20,veladoras,N,"industrias juan diego, s.a. de c.v.",abarr. y art. de farmacia grav,0,0,0,2018-01-01 al 2018-06-30
1520019,vaso cruz parafina,48,1,pz,0,2010-07-20,veladoras,N,"industrias juan diego, s.a. de c.v.",abarr. y art. de farmacia grav,0,0,0,2018-01-01 al 2018-06-30
1520020,vaso mistico grecas parafina,12,1,pz,0,2010-07-20,veladoras,N,"industrias juan diego, s.a. de c.v.",abarr. y art. de farmacia grav,0,0,0,2018-01-01 al 2018-06-30
1520021,vaso conico virgen de guadalupe c/v imp,24,1,pz,0,2010-07-20,veladoras,N,"industrias juan diego, s.a. de c.v.",abarr. y art. de farmacia grav,0,0,0,2018-01-01 al 2018-06-30
1520022,veladora san juan dlego env. no. 5 imp,40,1,pz,0,2010-07-20,veladoras,N,"industrias juan diego, s.a. de c.v.",abarr. y art. de farmacia grav,0,0,0,2018-01-01 al 2018-06-30
1520023,medio cirio sta teresita blanco 207,10,1,pz,0,2010-07-20,veladoras,N,"industrias juan diego, s.a. de c.v.",abarr. y art. de farmacia grav,0,0,0,2018-01-01 al 2018-06-30
1520024,vaso cafetero oceano c/v imp,24,1,pz,0,2010-07-20,veladoras,N,"industrias juan diego, s.a. de c.v.",abarr. y art. de farmacia grav,0,0,0,2018-01-01 al 2018-06-30
1520025,vaso limonero liso c/v imp,20,1,pz,0,2010-07-20,veladoras,N,"industrias juan diego, s.a. de c.v.",abarr. y art. de farmacia grav,0,0,0,2018-01-01 al 2018-06-30
1520026,veladora san juan dlego metalica no. 6 i,120,1,pz,0,2010-07-20,veladoras,N,"industrias juan diego, s.a. de c.v.",abarr. y art. de farmacia grav,0,0,0,2018-01-01 al 2018-06-30
1520027,veladora envuelta 1-a pasta,100,1,pz,0,2010-07-20,veladoras,N,"industrias juan diego, s.a. de c.v.",abarr. y art. de farmacia grav,0,0,0,2018-01-01 al 2018-06-30
1520028,vela 303 sta. teresita imp. blanca i4x10,10,1,pz,0,2010-07-20,velas,N,"industrias juan diego, s.a. de c.v.",abarr. y art. de farmacia grav,0,0,0,2018-01-01 al 2018-06-30
1520029,san jose no. 6 cono,25,1,pz,0,2010-07-20,veladoras,N,"industrias juan diego, s.a. de c.v.",abarr. y art. de farmacia grav,0,0,0,2018-01-01 al 2018-06-30
1521003,spaghetti fior di pasta,20,200,gr,0,1998-06-19,pastas para sopa largas,S,"pastas molisaba, s.a. de c.v.",abarr. y art. de farmacia no grav,0,0,0,2018-01-01 al 2018-06-30
1521004,concha fior di pasta,20,200,gr,0,1998-06-19,pastas para sopa huecas,S,"pastas molisaba, s.a. de c.v.",abarr. y art. de farmacia no grav,0,0,0,2018-01-01 al 2018-06-30
1521005,estrellita fior di pasta,20,200,gr,0,1998-06-19,pastas para sopa menudas,S,"pastas molisaba, s.a. de c.v.",abarr. y art. de farmacia no grav,0,0,0,2018-01-01 al 2018-06-30
1521007,codo fior di pasta,20,200,gr,0,1998-06-19,pastas para sopa huecas,S,"pastas molisaba, s.a. de c.v.",abarr. y art. de farmacia no grav,0,0,0,2018-01-01 al 2018-06-30
1521008,pluma fior di pasta,20,200,gr,0,1998-06-19,pastas para sopa huecas,S,"pastas molisaba, s.a. de c.v.",abarr. y art. de farmacia no grav,0,0,0,2018-01-01 al 2018-06-30
1521009,fusilli fior di pasta,20,200,gr,0,1998-06-19,pastas para sopa huecas,S,"pastas molisaba, s.a. de c.v.",abarr. y art. de farmacia no grav,0,0,0,2018-01-01 al 2018-06-30
1521011,alfabeto fior di pasta,20,200,gr,0,1998-06-19,pastas para sopa menudas,S,"pastas molisaba, s.a. de c.v.",abarr. y art. de farmacia no grav,0,0,0,2018-01-01 al 2018-06-30
1521012,fideo cambray fior,20,200,gr,0,1998-06-19,pastas para sopa fideo,S,"pastas molisaba, s.a. de c.v.",abarr. y art. de farmacia no grav,0,0,0,2018-01-01 al 2018-06-30
1521013,fideo mediano fior di pasta,20,200,gr,0,1998-06-19,pastas para sopa fideo,S,"pastas molisaba, s.a. de c.v.",abarr. y art. de farmacia no grav,0,0,0,2018-01-01 al 2018-06-30
1521019,semilla de melon fior di pasta,20,200,gr,0,2003-03-04,pastas para sopa menudas,S,"pastas molisaba, s.a. de c.v.",abarr. y art. de farmacia no grav,0,0,0,2018-01-01 al 2018-06-30
1522055,galleta integral tipo polvoron s/naranja,16,500,gr,0,2016-08-25,galletas diversas,S,"compania alimenticia rivera romo, s.a. de c.v.",pago abarrotes gravado ieps (propio,0,0,8,2018-01-01 al 2018-06-30
1528001,cerillo maya c/50 pz,50,10,pz,0,1998-06-26,cerillos,N,"fabrica de cerillos y fosforos la independiente, s.a. de c.v.",abarr. y art. de farmacia grav,0,0,0,2018-01-01 al 2018-06-30
1537001,pascual boing tetra brik sabores,27,250,ml,1,1998-07-10,bebidas de fruta gravados,N,"sociedad cooperativa trabajadores de pascual, s.c.l.",abarr. y art. de farmacia grav,0,0,0,2018-01-01 al 2018-06-30
1537003,pascual boing tetra brik sabores,24,500,ml,1,1998-07-10,bebidas de fruta gravados,N,"sociedad cooperativa trabajadores de pascual, s.c.l.",abarr. y art. de farmacia grav,0,0,0,2018-01-01 al 2018-06-30
1537004,pascual boing tetra brik sabores,12,1,lt,1,1998-07-10,bebidas de fruta gravados,N,"sociedad cooperativa trabajadores de pascual, s.c.l.",abarr. y art. de farmacia grav,0,0,0,2018-01-01 al 2018-06-30
1537026,agua purificada pascual,24,500,ml,0,2004-06-10,agua purificada menor de 10 litros,N,"sociedad cooperativa trabajadores de pascual, s.c.l.",abarr no grav decreto 2006,0,0,0,2018-01-01 al 2018-06-30
1537027,agua purificada pascual,12,1500,ml,0,2004-06-10,agua purificada menor de 10 litros,N,"sociedad cooperativa trabajadores de pascual, s.c.l.",abarr no grav decreto 2006,0,0,0,2018-01-01 al 2018-06-30
1537040,pascual boing lata sabores,24,335,ml,1,2001-11-09,bebidas de fruta gravados,N,"sociedad cooperativa trabajadores de pascual, s.c.l.",abarr. y art. de farmacia grav,0,0,0,2018-01-01 al 2018-06-30
1537052,pascual boing tetra gemina sabores,12,1,lt,1,2018-04-17,bebidas de fruta gravados,N,"sociedad cooperativa trabajadores de pascual, s.c.l.",abarr. y art. de farmacia grav,0,0,0,2018-01-01 al 2018-06-30
1537053,pascual boing lata sabores,24,340,ml,1,2018-04-17,bebidas de fruta gravados,N,"sociedad cooperativa trabajadores de pascual, s.c.l.",abarr. y art. de farmacia grav,0,0,0,2018-01-01 al 2018-06-30
1539027,cafe soluble freskaf en frasco #,12,50,gr,0,2006-05-01,cafe soluble,S,"cafe tostado de exportacion, s.a. de c.v.",abarr. y art. de farmacia no grav,0,0,0,2018-01-01 al 2018-06-30
1539028,cafe los portales 100% puro fco. estd.,12,50,gr,0,2007-06-13,cafe soluble,S,"cafe tostado de exportacion, s.a. de c.v.",abarr. y art. de farmacia no grav,0,0,0,2018-01-01 al 2018-06-30
1539029,cafe los portales 100% puro fco. estd.,12,100,gr,0,2007-06-13,cafe soluble,S,"cafe tostado de exportacion, s.a. de c.v.",abarr. y art. de farmacia no grav,0,0,0,2018-01-01 al 2018-06-30
1539030,cafe los portales 100% puro fco. estd.,12,200,gr,0,2007-06-13,cafe soluble,S,"cafe tostado de exportacion, s.a. de c.v.",abarr. y art. de farmacia no grav,0,0,0,2018-01-01 al 2018-06-30
1539035,cafe soluble freskaf,12,100,gr,0,2013-12-10,cafe soluble,S,"cafe tostado de exportacion, s.a. de c.v.",abarr. y art. de farmacia no grav,0,0,0,2018-01-01 al 2018-06-30
1553001,pasta romana caracol chico,20,200,gr,0,1998-11-06,pastas para sopa huecas,S,"trigos industrializados de mexico, s.a. de c.v.",abarr. y art. de farmacia no grav,0,0,0,2018-01-01 al 2018-06-30
1553002,pasta romana codito,20,200,gr,0,1998-11-06,pastas para sopa huecas,S,"trigos industrializados de mexico, s.a. de c.v.",abarr. y art. de farmacia no grav,0,0,0,2018-01-01 al 2018-06-30
1553005,pasta romana fideo mediano,20,200,gr,0,1998-11-06,pastas para sopa fideo,S,"trigos industrializados de mexico, s.a. de c.v.",abarr. y art. de farmacia no grav,0,0,0,2018-01-01 al 2018-06-30
1553008,pasta romana spaguetti,20,200,gr,0,1998-11-06,pastas para sopa largas,S,"trigos industrializados de mexico, s.a. de c.v.",abarr. y art. de farmacia no grav,0,0,0,2018-01-01 al 2018-06-30
1569002,alcohol cisne desnaturalizado,24,500,ml,0,1998-10-01,alcohol,N,"alcoholes san gabriel, s.a. de c.v.",abarr. y art. de farmacia grav,0,0,0,2018-01-01 al 2018-06-30
1569003,alcohol cisne desnaturalizado,50,250,ml,0,1998-10-01,alcohol,N,"alcoholes san gabriel, s.a. de c.v.",abarr. y art. de farmacia grav,0,0,0,2018-01-01 al 2018-06-30
1569004,alcohol cisne desnaturalizado,60,125,ml,0,1998-10-01,alcohol,N,"alcoholes san gabriel, s.a. de c.v.",abarr. y art. de farmacia grav,0,0,0,2018-01-01 al 2018-06-30
1584011,toalla de 1/2 bano,1,1,pz,0,2008-11-28,ropa,N,"colap, s.a. de c.v.","acc. p/bebe, ropa y calzado grav",0,0,0,2018-01-01 al 2018-06-30
1613002,escoba de mijo 7 hilos,1,1,pz,0,1999-01-25,"escobas, escobetas y cepillos",N,benjamin arturo perez y perez,art. de hogar y jarcieria grav,0,0,0,2018-01-01 al 2018-06-30
1613007,escoba de plastico t/cepillo,1,1,pz,0,1999-01-25,"escobas, escobetas y cepillos",N,benjamin arturo perez y perez,art. de hogar y jarcieria grav,0,0,0,2018-01-01 al 2018-06-30
1613008,jerga de color,1,1,pz,0,1999-01-25,franelas y jergas,N,benjamin arturo perez y perez,art. de hogar y jarcieria grav,0,0,0,2018-01-01 al 2018-06-30
1613010,cepillo de mano,1,1,pz,0,2002-05-13,"escobas, escobetas y cepillos",N,benjamin arturo perez y perez,art. de hogar y jarcieria grav,0,0,0,2018-01-01 al 2018-06-30
1613019,escoba de plastico 5 hilos,1,1,pz,0,2005-04-08,"escobas, escobetas y cepillos",N,benjamin arturo perez y perez,art. de hogar y jarcieria grav,0,0,0,2018-01-01 al 2018-06-30
1613020,jalador metalico de 40 cm ancho,1,1,pz,0,2005-11-14,trapeadores y mechudos,N,benjamin arturo perez y perez,art. de hogar y jarcieria grav,0,0,0,2018-01-01 al 2018-06-30
1613021,jalador base plast c/baston de madera 40,1,1,pz,0,2005-11-14,trapeadores y mechudos,N,benjamin arturo perez y perez,art. de hogar y jarcieria grav,0,0,0,2018-01-01 al 2018-06-30
1613023,mechudo de pabilo forjado,1,1,pz,0,2006-05-02,trapeadores y mechudos,N,benjamin arturo perez y perez,art. de hogar y jarcieria grav,0,0,0,2018-01-01 al 2018-06-30
1613026,cubeta de plastico 10 lt,1,1,pz,0,2009-06-09,utensilios d/plastico madera y vidrio,N,benjamin arturo perez y perez,art. de hogar y jarcieria grav,0,0,0,2018-01-01 al 2018-06-30
1613029,guante de latex rojo,1,2,pz,0,2009-06-23,guantes de hule,N,benjamin arturo perez y perez,art. de hogar y jarcieria grav,0,0,0,2018-01-01 al 2018-06-30
1613038,fibra sintetica verde,1,3,pz,0,2017-03-21,fibras y estropajos,N,benjamin arturo perez y perez,art. de hogar y jarcieria grav,0,0,0,2018-01-01 al 2018-06-30
1613039,fibra esponja verde,1,2,pz,0,2017-03-21,fibras y estropajos,N,benjamin arturo perez y perez,art. de hogar y jarcieria grav,0,0,0,2018-01-01 al 2018-06-30
1617003,sal de cocina yod yavaros,25,1,kg,0,2004-09-09,sal en grano,N,cia. salinera de yavaros.s.a.,abarr. y art. de farmacia no grav,0,0,0,2018-01-01 al 2018-06-30
1680001,escoba los frayles 6 hilos,12,1,pz,0,1999-07-09,"escobas, escobetas y cepillos",N,heraclio bernal bernal,art. de hogar y jarcieria grav,0,0,0,2018-01-01 al 2018-06-30
1680002,trapeador los frayles 400 gr.,12,1,pz,0,1999-07-09,trapeadores y mechudos,N,heraclio bernal bernal,art. de hogar y jarcieria grav,0,0,0,2018-01-01 al 2018-06-30
1680003,trapeador los frayles 800 gr.,12,1,pz,0,1999-07-09,trapeadores y mechudos,N,heraclio bernal bernal,art. de hogar y jarcieria grav,0,0,0,2018-01-01 al 2018-06-30
1680004,escoba de coco doc. los frayles,12,1,pz,0,2014-05-21,"escobas, escobetas y cepillos",N,heraclio bernal bernal,art. de hogar y jarcieria grav,0,0,0,2018-01-01 al 2018-06-30
1685017,frijol negro san luis envasado,1,1,kg,0,2001-09-11,frijol envasado,S,"empacadora de semillas zaragoza, s.a. de c.v.",frijol,0,0,0,2018-01-01 al 2018-06-30
1685025,frijol flor de mayo a granel,1,1,kg,0,2003-11-11,frijol a granel,S,"empacadora de semillas zaragoza, s.a. de c.v.",frijol,0,0,0,2018-01-01 al 2018-06-30
1685027,frijol flor de mayo envasado,1,1,kg,0,2004-10-28,frijol envasado,S,"empacadora de semillas zaragoza, s.a. de c.v.",frijol,1,0,0,2018-01-01 al 2018-06-30
1685036,frijol negro queretaro a granel,1,1,kg,0,2005-10-21,frijol a granel,S,"empacadora de semillas zaragoza, s.a. de c.v.",frijol,0,0,0,2018-01-01 al 2018-06-30
1685055,lenteja chica envasada el labrador,1,500,gr,0,2008-07-07,lentejas,S,"empacadora de semillas zaragoza, s.a. de c.v.",abarr. y art. de farmacia no grav,1,0,0,2018-01-01 al 2018-06-30
1685056,alubia chica envasada el labrador,1,500,gr,0,2009-10-23,alubia,S,"empacadora de semillas zaragoza, s.a. de c.v.",abarr. y art. de farmacia no grav,0,0,0,2018-01-01 al 2018-06-30
1685057,alubia chica envasada el labrador,1,1,kg,0,2010-02-11,alubia,S,"empacadora de semillas zaragoza, s.a. de c.v.",abarr. y art. de farmacia no grav,0,0,0,2018-01-01 al 2018-06-30
1685059,maiz palomero el labrador,1,500,gr,0,2012-02-21,maiz palomero,N,"empacadora de semillas zaragoza, s.a. de c.v.",abarr. y art. de farmacia no grav,0,0,0,2018-01-01 al 2018-06-30
1685060,garbanza el labrador,1,1,kg,0,2012-02-21,garbanzo,S,"empacadora de semillas zaragoza, s.a. de c.v.",abarr. y art. de farmacia no grav,0,0,0,2018-01-01 al 2018-06-30
1685061,haba pelada el labrador,1,500,gr,0,2012-02-21,haba pelada,S,"empacadora de semillas zaragoza, s.a. de c.v.",abarr. y art. de farmacia no grav,0,0,0,2018-01-01 al 2018-06-30
1685062,garbanza el labrador,1,500,gr,0,2012-02-21,garbanzo,S,"empacadora de semillas zaragoza, s.a. de c.v.",abarr. y art. de farmacia no grav,0,0,0,2018-01-01 al 2018-06-30
1685068,azucar estandar envasada,1,1,kg,0,2014-02-18,azucar estandar,S,"empacadora de semillas zaragoza, s.a. de c.v.",azucar,1,0,0,2018-01-01 al 2018-06-30
1685070,frijol negro queretaro envasado,1,1,kg,0,2014-03-19,frijol envasado,S,"empacadora de semillas zaragoza, s.a. de c.v.",frijol,0,0,0,2018-01-01 al 2018-06-30
1685077,haba pelada el labrador,1,1,kg,0,2015-11-05,haba pelada,S,"empacadora de semillas zaragoza, s.a. de c.v.",abarr. y art. de farmacia no grav,0,0,0,2018-01-01 al 2018-06-30
1685079,frijol pinto saltillo envasado,1,1,kg,0,2017-03-15,frijol envasado,S,"empacadora de semillas zaragoza, s.a. de c.v.",frijol,0,0,0,2018-01-01 al 2018-06-30
1690002,alcohol desnaturalizado del rey,40,110,ml,0,1999-08-13,alcohol,N,"desinfectantes del sureste, s.a. de c.v.",abarr. y art. de farmacia grav,0,0,0,2018-01-01 al 2018-06-30
1690003,acido muriatico r.h.,24,500,ml,0,2004-08-04,acido muriatico,N,"desinfectantes del sureste, s.a. de c.v.",abarr. y art. de farmacia grav,0,0,0,2018-01-01 al 2018-06-30
1690004,acido muriatico r.h.,24,250,ml,0,2004-08-04,acido muriatico,N,"desinfectantes del sureste, s.a. de c.v.",abarr. y art. de farmacia grav,0,0,0,2018-01-01 al 2018-06-30
1690005,blanqueador cloro-max,20,500,ml,0,1999-08-13,blanqueadores,S,"desinfectantes del sureste, s.a. de c.v.",abarr. y art. de farmacia grav,0,0,0,2018-01-01 al 2018-06-30
1690008,blanqueador cloro-max bolsa verde,60,200,ml,0,1999-08-13,blanqueadores,S,"desinfectantes del sureste, s.a. de c.v.",abarr. y art. de farmacia grav,0,0,0,2018-01-01 al 2018-06-30
1690011,acido muriatico r.h.,12,1,lt,0,2004-08-04,acido muriatico,N,"desinfectantes del sureste, s.a. de c.v.",abarr. y art. de farmacia grav,0,0,0,2018-01-01 al 2018-06-30
1690014,alcohol desnaturalizado del rey,24,220,ml,0,2014-12-04,alcohol,N,"desinfectantes del sureste, s.a. de c.v.",abarr. y art. de farmacia grav,0,0,0,2018-01-01 al 2018-06-30
1690015,pastilla sanitaria del rey lavanda,50,1,pz,0,2018-09-24,desinfectantes,N,"desinfectantes del sureste, s.a. de c.v.",abarr. y art. de farmacia grav,0,0,0,2018-01-01 al 2018-06-30
1690016,blanqueador cloro-max,32,400,ml,0,2018-09-24,blanqueadores,S,"desinfectantes del sureste, s.a. de c.v.",abarr. y art. de farmacia grav,0,0,0,2018-01-01 al 2018-06-30
1738001,escoba de plastico 5 hilos,12,1,pz,0,1999-11-12,"escobas, escobetas y cepillos",N,ma. guadalupe perez gonzalez,art. de hogar y jarcieria grav,0,0,0,2018-01-01 al 2018-06-30
1738002,trapeador de hilo,12,1,pz,0,1999-11-12,trapeadores y mechudos,N,ma. guadalupe perez gonzalez,art. de hogar y jarcieria grav,0,0,0,2018-01-01 al 2018-06-30
1738003,trapeador de pabilo,12,1,pz,0,1999-11-12,trapeadores y mechudos,N,ma. guadalupe perez gonzalez,art. de hogar y jarcieria grav,0,0,0,2018-01-01 al 2018-06-30
1738004,trapeador magitel,12,1,pz,0,1999-11-12,trapeadores y mechudos,N,ma. guadalupe perez gonzalez,art. de hogar y jarcieria grav,0,0,0,2018-01-01 al 2018-06-30
1738006,escoba de espiga,12,1,pz,0,2005-04-01,"escobas, escobetas y cepillos",N,ma. guadalupe perez gonzalez,art. de hogar y jarcieria grav,0,0,0,2018-01-01 al 2018-06-30
1738007,escoba de abanico gde de plastico,24,1,pz,0,2009-12-21,"escobas, escobetas y cepillos",N,ma. guadalupe perez gonzalez,art. de hogar y jarcieria grav,0,0,0,2018-01-01 al 2018-06-30
1738008,escoba de abanico corta de plastico,30,1,pz,0,2009-12-21,"escobas, escobetas y cepillos",N,ma. guadalupe perez gonzalez,art. de hogar y jarcieria grav,0,0,0,2018-01-01 al 2018-06-30
1753004,frijol negro san luis a granel,1,1,kg,0,1999-12-08,frijol a granel,S,"semillas concentradas ojo de agua, s.p.r. de r.i.",frijol,0,0,0,2018-01-01 al 2018-06-30
1753009,frijol garbancillo a granel,1,1,kg,0,2001-03-12,frijol a granel,S,"semillas concentradas ojo de agua, s.p.r. de r.i.",frijol,0,0,0,2018-01-01 al 2018-06-30
1753011,frijol negro san luis envasado,1,1,kg,0,2001-06-15,frijol envasado,S,"semillas concentradas ojo de agua, s.p.r. de r.i.",frijol,1,0,0,2018-01-01 al 2018-06-30
1753013,frijol flor de mayo envasado,1,1,kg,0,2001-11-05,frijol envasado,S,"semillas concentradas ojo de agua, s.p.r. de r.i.",frijol,1,0,0,2018-01-01 al 2018-06-30
1753019,frijol bayo gordo envasado,1,1,kg,0,2008-02-19,frijol envasado,S,"semillas concentradas ojo de agua, s.p.r. de r.i.",frijol,0,0,0,2018-01-01 al 2018-06-30
1753021,frijol pinto saltillo envasado,1,1,kg,0,2008-04-03,frijol envasado,S,"semillas concentradas ojo de agua, s.p.r. de r.i.",frijol,1,0,0,2018-01-01 al 2018-06-30
1753025,frijol negro jamapa envasado,1,1,kg,0,2012-04-12,frijol envasado,S,"semillas concentradas ojo de agua, s.p.r. de r.i.",frijol,1,0,0,2018-01-01 al 2018-06-30
1753026,frijol negro jamapa a granel,1,1,kg,0,2012-07-11,frijol a granel,S,"semillas concentradas ojo de agua, s.p.r. de r.i.",frijol,0,0,0,2018-01-01 al 2018-06-30
1767005,frijol negro san luis a granel,1,1,kg,0,1999-12-23,frijol a granel,S,"tres estrellas de rio grande, s.p.r. de r.i.",frijol,0,0,0,2018-01-01 al 2018-06-30
1767006,frijol negro san luis envasado,1,1,kg,0,1999-12-23,frijol envasado,S,"tres estrellas de rio grande, s.p.r. de r.i.",frijol,0,0,0,2018-01-01 al 2018-06-30
1784003,galletas animalitos moderna 5 bol.,5,1,kg,1,2000-01-17,galletas basicas,S,"productos alimenticios la moderna, s.a. de c.v.",pago abarrotes gravado ieps (propio,0,0,8,2018-01-01 al 2018-06-30
1784004,galletas de animalitos zookies 20 bol.,20,340,gr,1,2000-01-17,galletas basicas,S,"productos alimenticios la moderna, s.a. de c.v.",pago abarrotes gravado ieps (propio,0,0,8,2018-01-01 al 2018-06-30
1784005,galletas marias la moderna rollo,20,170,gr,1,2000-01-17,galletas basicas,S,"productos alimenticios la moderna, s.a. de c.v.",pago abarrotes gravado ieps (propio,0,0,8,2018-01-01 al 2018-06-30
1784025,galletas marianitas 20 paq.,20,185,gr,1,2000-01-17,galletas diversas,S,"productos alimenticios la moderna, s.a. de c.v.",pago abarrotes gravado ieps (propio,0,0,8,2018-01-01 al 2018-06-30
1784062,pasta para sopa la perla estrella,20,200,gr,0,2000-09-20,pastas para sopa menudas,S,"productos alimenticios la moderna, s.a. de c.v.",abarr. y art. de farmacia no grav,0,0,0,2018-01-01 al 2018-06-30
1784064,pasta para sopa la perla sem. de melon,20,200,gr,0,2000-09-20,pastas para sopa menudas,S,"productos alimenticios la moderna, s.a. de c.v.",abarr. y art. de farmacia no grav,0,0,0,2018-01-01 al 2018-06-30
1784065,pasta para sopa la perla alfabeto,20,200,gr,1,2000-09-20,pastas para sopa menudas,S,"productos alimenticios la moderna, s.a. de c.v.",abarr. y art. de farmacia no grav,0,0,0,2018-01-01 al 2018-06-30
1784066,pasta para sopa la perla pluma,20,200,gr,0,2000-09-20,pastas para sopa menudas,S,"productos alimenticios la moderna, s.a. de c.v.",abarr. y art. de farmacia no grav,0,0,0,2018-01-01 al 2018-06-30
1784068,pasta para sopa la perla fideo precort.,20,200,gr,0,2000-09-20,pastas para sopa fideo,S,"productos alimenticios la moderna, s.a. de c.v.",abarr. y art. de farmacia no grav,0,0,0,2018-01-01 al 2018-06-30
1784069,pasta para sopa la perla fideo cambray,20,200,gr,0,2000-09-20,pastas para sopa fideo,S,"productos alimenticios la moderna, s.a. de c.v.",abarr. y art. de farmacia no grav,0,0,0,2018-01-01 al 2018-06-30
1784070,pasta para sopa la perla espaguetti,20,200,gr,0,2000-09-20,pastas para sopa largas,S,"productos alimenticios la moderna, s.a. de c.v.",abarr. y art. de farmacia no grav,0,0,0,2018-01-01 al 2018-06-30
1784072,pasta para sopa la perla concha,20,200,gr,0,2000-09-20,pastas para sopa huecas,S,"productos alimenticios la moderna, s.a. de c.v.",abarr. y art. de farmacia no grav,0,0,0,2018-01-01 al 2018-06-30
1784073,pasta para sopa la perla macarron,20,200,gr,0,2000-09-20,pastas para sopa largas,S,"productos alimenticios la moderna, s.a. de c.v.",abarr. y art. de farmacia no grav,0,0,0,2018-01-01 al 2018-06-30
1784074,pasta para sopa la perla codo,20,200,gr,0,2000-09-20,pastas para sopa huecas,S,"productos alimenticios la moderna, s.a. de c.v.",abarr. y art. de farmacia no grav,0,0,0,2018-01-01 al 2018-06-30
1784075,pasta para sopa la perla codo grande,20,200,gr,0,2000-09-20,pastas para sopa huecas,S,"productos alimenticios la moderna, s.a. de c.v.",abarr. y art. de farmacia no grav,0,0,0,2018-01-01 al 2018-06-30
1784101,galletas con bombon la moderna 4 paq.,1,800,gr,1,2000-11-06,galletas diversas,S,"productos alimenticios la moderna, s.a. de c.v.",pago abarrotes gravado ieps (propio,0,0,8,2018-01-01 al 2018-06-30
1784114,p/sopa mod. almeja,20,200,gr,1,2001-07-20,pastas para sopa huecas,S,"productos alimenticios la moderna, s.a. de c.v.",abarr. y art. de farmacia no grav,0,0,0,2018-01-01 al 2018-06-30
1784115,p/sopa mod. caracol # 1,20,200,gr,1,2001-07-20,pastas para sopa huecas,S,"productos alimenticios la moderna, s.a. de c.v.",abarr. y art. de farmacia no grav,0,0,0,2018-01-01 al 2018-06-30
1784116,p/sopa mod. caracol 2,20,200,gr,1,2001-07-20,pastas para sopa huecas,S,"productos alimenticios la moderna, s.a. de c.v.",abarr. y art. de farmacia no grav,0,0,0,2018-01-01 al 2018-06-30
1784117,p/sopa mod. caracol 3,20,200,gr,1,2001-07-20,pastas para sopa huecas,S,"productos alimenticios la moderna, s.a. de c.v.",abarr. y art. de farmacia no grav,0,0,0,2018-01-01 al 2018-06-30
1784118,p/sopa mod. codo 1,20,200,gr,1,2001-07-20,pastas para sopa huecas,S,"productos alimenticios la moderna, s.a. de c.v.",abarr. y art. de farmacia no grav,0,0,0,2018-01-01 al 2018-06-30
1784119,p/sopa mod. codo 2,20,200,gr,1,2001-07-20,pastas para sopa huecas,S,"productos alimenticios la moderna, s.a. de c.v.",abarr. y art. de farmacia no grav,0,0,0,2018-01-01 al 2018-06-30
1784120,p/sopa mod. codo #3,20,200,gr,1,2001-07-20,pastas para sopa huecas,S,"productos alimenticios la moderna, s.a. de c.v.",abarr. y art. de farmacia no grav,0,0,0,2018-01-01 al 2018-06-30
1784122,p/sopa mod. corbata,20,200,gr,1,2001-07-20,pastas para sopa menudas,S,"productos alimenticios la moderna, s.a. de c.v.",abarr. y art. de farmacia no grav,0,0,0,2018-01-01 al 2018-06-30
1784128,p/sopa mod. fideo #0,20,200,gr,1,2001-07-20,pastas para sopa fideo,S,"productos alimenticios la moderna, s.a. de c.v.",abarr. y art. de farmacia no grav,0,0,0,2018-01-01 al 2018-06-30
1784129,p/sopa mod. fideo #1,20,200,gr,1,2001-07-20,pastas para sopa fideo,S,"productos alimenticios la moderna, s.a. de c.v.",abarr. y art. de farmacia no grav,0,0,0,2018-01-01 al 2018-06-30
1784131,p/sopa mod. lengua,20,200,gr,1,2001-07-20,pastas para sopa menudas,S,"productos alimenticios la moderna, s.a. de c.v.",abarr. y art. de farmacia no grav,0,0,0,2018-01-01 al 2018-06-30
1784133,p/sopa mod. letra,20,200,gr,1,2001-07-20,pastas para sopa menudas,S,"productos alimenticios la moderna, s.a. de c.v.",abarr. y art. de farmacia no grav,0,0,0,2018-01-01 al 2018-06-30
1784140,p/sopa mod. tallarin #1,20,200,gr,1,2001-07-20,pastas para sopa largas,S,"productos alimenticios la moderna, s.a. de c.v.",abarr. y art. de farmacia no grav,0,0,0,2018-01-01 al 2018-06-30
1784144,pas/sop. moder pluma,20,200,gr,1,2001-07-20,pastas para sopa huecas,S,"productos alimenticios la moderna, s.a. de c.v.",abarr. y art. de farmacia no grav,0,0,0,2018-01-01 al 2018-06-30
1784206,exhibidor moderna 25 paq.,25,1108,gr,0,2005-08-30,galletas diversas,S,"productos alimenticios la moderna, s.a. de c.v.",pago abarrotes gravado ieps (propio,0,0,8,2018-01-01 al 2018-06-30
1784208,galletas surtidas exh. 100 paq. 447 gr,100,447,gr,0,2005-08-30,galletas diversas,S,"productos alimenticios la moderna, s.a. de c.v.",pago abarrotes gravado ieps (propio,0,0,8,2018-01-01 al 2018-06-30
1784284,pasta p/sopa spaguetti con fibra,20,200,gr,0,2010-12-23,pastas para sopa largas,S,"productos alimenticios la moderna, s.a. de c.v.",abarr. y art. de farmacia no grav,0,0,0,2018-01-01 al 2018-06-30
1784285,pasta p/sopa codo con fibra,20,200,gr,0,2010-12-23,pastas para sopa huecas,S,"productos alimenticios la moderna, s.a. de c.v.",abarr. y art. de farmacia no grav,0,0,0,2018-01-01 al 2018-06-30
1784286,pasta p/sopa fideo c/achiote,20,200,gr,0,2010-12-23,pastas para sopa fideo,S,"productos alimenticios la moderna, s.a. de c.v.",abarr. y art. de farmacia no grav,0,0,0,2018-01-01 al 2018-06-30
1784287,pasta p/sopa codo  integral,20,200,gr,1,2011-04-08,pastas para sopa huecas,S,"productos alimenticios la moderna, s.a. de c.v.",abarr. y art. de farmacia no grav,0,0,0,2018-01-01 al 2018-06-30
1784296,hot cakes tres estrellas tradicional,10,1,kg,1,2012-02-02,harina para hotcakes,N,"productos alimenticios la moderna, s.a. de c.v.",abarr. y art. de farmacia no grav,0,0,0,2018-01-01 al 2018-06-30
1784297,harina arroz tres estrellas,18,500,gr,1,2012-02-02,harina de arroz,N,"productos alimenticios la moderna, s.a. de c.v.",abarr. y art. de farmacia no grav,0,0,0,2018-01-01 al 2018-06-30
1784298,harina arroz tres estrellas,36,250,gr,1,2012-02-02,harina de arroz,N,"productos alimenticios la moderna, s.a. de c.v.",abarr. y art. de farmacia no grav,0,0,0,2018-01-01 al 2018-06-30
1784299,harina para pastel sorpresa chocolate,12,500,gr,0,2012-02-02,harina para pastel,S,"productos alimenticios la moderna, s.a. de c.v.",abarr. y art. de farmacia no grav,0,0,0,2018-01-01 al 2018-06-30
1784300,harina para pastel sorpresa vainilla,12,500,gr,0,2012-02-02,harina para pastel,S,"productos alimenticios la moderna, s.a. de c.v.",abarr. y art. de farmacia no grav,0,0,0,2018-01-01 al 2018-06-30
1784301,harina para pastel sorpresa napolitano,12,500,gr,0,2012-02-02,harina para pastel,S,"productos alimenticios la moderna, s.a. de c.v.",abarr. y art. de farmacia no grav,0,0,0,2018-01-01 al 2018-06-30
1784302,pasta p/sopa fideo mediano precor cora,20,200,gr,0,2012-02-02,pastas para sopa fideo,S,"productos alimenticios la moderna, s.a. de c.v.",abarr. y art. de farmacia no grav,0,0,0,2018-01-01 al 2018-06-30
1784303,pasta p/sopa codo mediano cora,20,200,gr,0,2012-02-02,pastas para sopa huecas,S,"productos alimenticios la moderna, s.a. de c.v.",abarr. y art. de farmacia no grav,0,0,0,2018-01-01 al 2018-06-30
1784305,pasta p/sopa fideo cabellin pastilara,20,200,gr,0,2012-02-02,pastas para sopa fideo,S,"productos alimenticios la moderna, s.a. de c.v.",abarr. y art. de farmacia no grav,0,0,0,2018-01-01 al 2018-06-30
1784306,pasta p/sopa fideo grueso pastilara,20,200,gr,0,2012-02-02,pastas para sopa fideo,S,"productos alimenticios la moderna, s.a. de c.v.",abarr. y art. de farmacia no grav,0,0,0,2018-01-01 al 2018-06-30
1784307,pasta para sopa conchita pastilara,20,200,gr,0,2012-02-02,pastas para sopa huecas,S,"productos alimenticios la moderna, s.a. de c.v.",abarr. y art. de farmacia no grav,0,0,0,2018-01-01 al 2018-06-30
1784308,pasta para sopa concha grande pastilara,20,200,gr,0,2012-02-02,pastas para sopa huecas,S,"productos alimenticios la moderna, s.a. de c.v.",abarr. y art. de farmacia no grav,0,0,0,2018-01-01 al 2018-06-30
1784309,pasta para sopa codito pastilara,20,200,gr,0,2012-02-02,pastas para sopa huecas,S,"productos alimenticios la moderna, s.a. de c.v.",abarr. y art. de farmacia no grav,0,0,0,2018-01-01 al 2018-06-30
1784310,pasta para sopa codo rayado pastilara,20,200,gr,0,2012-02-02,pastas para sopa huecas,S,"productos alimenticios la moderna, s.a. de c.v.",abarr. y art. de farmacia no grav,0,0,0,2018-01-01 al 2018-06-30
1784311,pasta para sopa pluma pastilara,20,200,gr,0,2012-02-02,pastas para sopa huecas,S,"productos alimenticios la moderna, s.a. de c.v.",abarr. y art. de farmacia no grav,0,0,0,2018-01-01 al 2018-06-30
1784312,pasta para sopa spaguetti pastilara,20,200,gr,0,2012-02-02,pastas para sopa largas,S,"productos alimenticios la moderna, s.a. de c.v.",abarr. y art. de farmacia no grav,0,0,0,2018-01-01 al 2018-06-30
1784313,pasta p/sopa fideo grueso cadejo pastila,20,180,gr,0,2012-02-02,pastas para sopa fideo,S,"productos alimenticios la moderna, s.a. de c.v.",abarr. y art. de farmacia no grav,0,0,0,2018-01-01 al 2018-06-30
1784314,pasta p/sopa tallarin cadejo pastilara,20,180,gr,0,2012-02-02,pastas para sopa largas,S,"productos alimenticios la moderna, s.a. de c.v.",abarr. y art. de farmacia no grav,0,0,0,2018-01-01 al 2018-06-30
1784315,pasta p/sopa concha jumbo pasti-lara,20,200,gr,0,2012-02-02,pastas para sopa huecas,S,"productos alimenticios la moderna, s.a. de c.v.",abarr. y art. de farmacia no grav,0,0,0,2018-01-01 al 2018-06-30
1784316,pasta p/sopa macarron  pasti-lara,20,200,gr,0,2012-02-02,pastas para sopa largas,S,"productos alimenticios la moderna, s.a. de c.v.",abarr. y art. de farmacia no grav,0,0,0,2018-01-01 al 2018-06-30
1784318,display atole nuez 1 caja,24,50,gr,0,2013-07-19,atoles,N,"productos alimenticios la moderna, s.a. de c.v.",abarr. y art. de farmacia no grav,0,0,0,2018-01-01 al 2018-06-30
1784319,display atole vainilla 1 caja,24,50,gr,0,2013-07-19,atoles,N,"productos alimenticios la moderna, s.a. de c.v.",abarr. y art. de farmacia no grav,0,0,0,2018-01-01 al 2018-06-30
1784320,display atole chocolate 1 caja,24,50,gr,0,2013-07-19,atoles,N,"productos alimenticios la moderna, s.a. de c.v.",abarr. y art. de farmacia no grav,0,0,0,2018-01-01 al 2018-06-30
1784321,display atole fresa 1 caja,24,50,gr,0,2013-07-19,atoles,N,"productos alimenticios la moderna, s.a. de c.v.",abarr. y art. de farmacia no grav,0,0,0,2018-01-01 al 2018-06-30
1784322,galletas saladas tres estrellas,20,175,gr,0,2014-04-23,galletas basicas,S,"productos alimenticios la moderna, s.a. de c.v.",abarr. y art. de farmacia no grav,0,0,0,2018-01-01 al 2018-06-30
1784323,galleta sauri,20,270,gr,0,2014-04-25,galletas diversas,S,"productos alimenticios la moderna, s.a. de c.v.",pago abarrotes gravado ieps (propio,0,0,8,2018-01-01 al 2018-06-30
1784324,hot cakes tres estrellas tradicional,12,500,gr,1,2014-07-29,harina para hotcakes,N,"productos alimenticios la moderna, s.a. de c.v.",abarr. y art. de farmacia no grav,0,0,0,2018-01-01 al 2018-06-30
1784326,galleta tres estrellas supremas,10,360,gr,0,2014-08-19,galletas diversas,S,"productos alimenticios la moderna, s.a. de c.v.",pago abarrotes gravado ieps (propio,0,0,8,2018-01-01 al 2018-06-30
1784335,display de atole de cajeta,24,50,gr,0,2015-07-06,atoles,N,"productos alimenticios la moderna, s.a. de c.v.",abarr. y art. de farmacia no grav,0,0,0,2018-01-01 al 2018-06-30
1784337,p/sopa mod. fideo #2,20,200,gr,0,2016-01-14,pastas para sopa fideo,S,"productos alimenticios la moderna, s.a. de c.v.",abarr. y art. de farmacia no grav,0,0,0,2018-01-01 al 2018-06-30
1784338,p/sopa mod. macarron,20,200,gr,0,2016-01-14,pastas para sopa largas,S,"productos alimenticios la moderna, s.a. de c.v.",abarr. y art. de farmacia no grav,0,0,0,2018-01-01 al 2018-06-30
1784339,p/sopa mod. spaguetti,20,200,gr,0,2016-01-14,pastas para sopa largas,S,"productos alimenticios la moderna, s.a. de c.v.",abarr. y art. de farmacia no grav,0,0,0,2018-01-01 al 2018-06-30
1784342,pasta sopa adic c/veg la perla fideo,20,200,gr,0,2016-03-18,pastas para sopa fideo,S,"productos alimenticios la moderna, s.a. de c.v.",abarr. y art. de farmacia no grav,0,0,0,2018-01-01 al 2018-06-30
1784343,pasta sopa adic c/veg la perla codo,20,200,gr,0,2016-03-18,pastas para sopa huecas,S,"productos alimenticios la moderna, s.a. de c.v.",abarr. y art. de farmacia no grav,0,0,0,2018-01-01 al 2018-06-30
1784344,pasta sopa adic c/veg pastilara fideo,20,200,gr,0,2016-03-18,pastas para sopa fideo,S,"productos alimenticios la moderna, s.a. de c.v.",abarr. y art. de farmacia no grav,0,0,0,2018-01-01 al 2018-06-30
1784345,pasta sopa adic c/veg pastilara letra,20,200,gr,0,2016-03-18,pastas para sopa menudas,S,"productos alimenticios la moderna, s.a. de c.v.",abarr. y art. de farmacia no grav,0,0,0,2018-01-01 al 2018-06-30
1784346,pasta sopa adic c/veg pastilara codito,20,200,gr,0,2016-03-18,pastas para sopa huecas,S,"productos alimenticios la moderna, s.a. de c.v.",abarr. y art. de farmacia no grav,0,0,0,2018-01-01 al 2018-06-30
1784347,pasta sopa adic c/veg la moderna fideo#0,20,200,gr,0,2016-03-18,pastas para sopa fideo,S,"productos alimenticios la moderna, s.a. de c.v.",abarr. y art. de farmacia no grav,0,0,0,2018-01-01 al 2018-06-30
1784348,pasta sopa adic c/veg la moderna fideo#2,20,200,gr,0,2016-03-18,pastas para sopa fideo,S,"productos alimenticios la moderna, s.a. de c.v.",abarr. y art. de farmacia no grav,0,0,0,2018-01-01 al 2018-06-30
1784349,pasta sopa adic c/veg la moderna codo #2,20,200,gr,0,2016-03-18,pastas para sopa huecas,S,"productos alimenticios la moderna, s.a. de c.v.",abarr. y art. de farmacia no grav,0,0,0,2018-01-01 al 2018-06-30
1784352,exhibidor troyanas,16,80,gr,0,2016-04-05,galletas diversas,S,"productos alimenticios la moderna, s.a. de c.v.",pago abarrotes gravado ieps (propio,0,0,8,2018-01-01 al 2018-06-30
1784353,pasta p/ sopa codito cora,20,200,gr,0,2016-06-13,pastas para sopa huecas,S,"productos alimenticios la moderna, s.a. de c.v.",abarr. y art. de farmacia no grav,0,0,0,2018-01-01 al 2018-06-30
1784354,sopa en sobre sin verd de tom letra,12,100,gr,0,2017-06-08,diversas sopas envasadas y enlatadas,N,"productos alimenticios la moderna, s.a. de c.v.",abarr. y art. de farmacia no grav,0,0,0,2018-01-01 al 2018-06-30
1784355,sopa en sobre sin verd de tom coditos,12,100,gr,0,2017-06-08,diversas sopas envasadas y enlatadas,N,"productos alimenticios la moderna, s.a. de c.v.",abarr. y art. de farmacia no grav,0,0,0,2018-01-01 al 2018-06-30
1784356,sopa en sobre sin verd de tom fideos,12,100,gr,0,2017-06-08,diversas sopas envasadas y enlatadas,N,"productos alimenticios la moderna, s.a. de c.v.",abarr. y art. de farmacia no grav,0,0,0,2018-01-01 al 2018-06-30
1784357,galletas marianitas de coco,20,185,gr,0,2018-04-20,galletas diversas,S,"productos alimenticios la moderna, s.a. de c.v.",pago abarrotes gravado ieps (propio,0,0,8,2018-01-01 al 2018-06-30
1787007,mezcla de frutas en jugo don efe,24,850,ml,1,2017-10-09,jugos,S,"granos y semillas de mexico, s.a. de c.v.",abarr. y art. de farmacia no grav,0,0,0,2018-01-01 al 2018-06-30
1787008,nopal en salmuera don efe,3,5,kg,0,2017-10-11,diversos vegetales envasados,N,"granos y semillas de mexico, s.a. de c.v.",abarr. y art. de farmacia no grav,0,0,0,2018-01-01 al 2018-06-30
1787009,harina para hotcakes integral don efe,10,1,kg,1,2017-10-13,harina para hotcakes,N,"granos y semillas de mexico, s.a. de c.v.",abarr. y art. de farmacia no grav,0,0,0,2018-01-01 al 2018-06-30
1787010,salsa roja los tios,10,1000,ml,0,2018-02-08,salsas caseras,N,"granos y semillas de mexico, s.a. de c.v.",abarr. y art. de farmacia no grav,0,0,0,2018-01-01 al 2018-06-30
1787011,galletas marias beguitos,24,184,gr,0,2018-02-27,galletas basicas,S,"granos y semillas de mexico, s.a. de c.v.",pago abarrotes gravado ieps (propio,0,0,8,2018-01-01 al 2018-06-30
1787012,harina para hot cakes integral don efe,10,1075,gr,0,2018-02-27,harina para hotcakes,N,"granos y semillas de mexico, s.a. de c.v.",abarr. y art. de farmacia no grav,0,0,0,2018-01-01 al 2018-06-30
1787013,cacahuate tipo nuts 24/1kg,24,1,kg,0,2018-05-09,dulces y caramelos,N,"granos y semillas de mexico, s.a. de c.v.",pago abarrotes gravado ieps (propio,0,0,8,2018-01-01 al 2018-06-30
1787014,cacahuate enchilado 20/1kg,20,1,kg,0,2018-05-09,dulces y caramelos,N,"granos y semillas de mexico, s.a. de c.v.",pago abarrotes gravado ieps (propio,0,0,8,2018-01-01 al 2018-06-30
1787015,cacahuate espanol 20/1kg,20,1,kg,0,2018-05-09,dulces y caramelos,N,"granos y semillas de mexico, s.a. de c.v.",pago abarrotes gravado ieps (propio,0,0,8,2018-01-01 al 2018-06-30
1787016,cacahuate japones 20/1kg,20,1,kg,0,2018-05-09,dulces y caramelos,N,"granos y semillas de mexico, s.a. de c.v.",pago abarrotes gravado ieps (propio,0,0,8,2018-01-01 al 2018-06-30
1787017,cacahuate  salado 20/1kg,20,1,kg,0,2018-05-09,dulces y caramelos,N,"granos y semillas de mexico, s.a. de c.v.",pago abarrotes gravado ieps (propio,0,0,8,2018-01-01 al 2018-06-30
1787018,haba enchilada 21/1kg,21,1,kg,0,2018-05-09,dulces y caramelos,N,"granos y semillas de mexico, s.a. de c.v.",pago abarrotes gravado ieps (propio,0,0,8,2018-01-01 al 2018-06-30
1787019,chilorio de cerdo los tios,5,1500,gr,0,2018-09-27,chilorio,N,"granos y semillas de mexico, s.a. de c.v.",abarr. y art. de farmacia no grav,0,0,0,2018-01-01 al 2018-06-30
1795004,aceite veg com puro de soya nutrioli,12,946,ml,0,2005-02-10,aceite vegetal comestible,S,"ragasa industrias, s.a. de c.v.",abarr. y art. de farmacia no grav,0,0,0,2018-01-01 al 2018-06-30
1795006,aceite veg com mixto ave,12,900,ml,0,2006-01-31,aceite vegetal comestible,S,"ragasa industrias, s.a. de c.v.",abarr. y art. de farmacia no grav,0,0,0,2018-01-01 al 2018-06-30
1795009,aceite veg com puro de soya nutrioli,12,473,ml,0,2010-11-25,aceite vegetal comestible,S,"ragasa industrias, s.a. de c.v.",abarr. y art. de farmacia no grav,0,0,0,2018-01-01 al 2018-06-30
1795011,aceite veg com sabrosano,12,900,ml,0,2015-10-13,aceite vegetal comestible,S,"ragasa industrias, s.a. de c.v.",abarr. y art. de farmacia no grav,1,0,0,2018-01-01 al 2018-06-30
1798004,maiz blanco nacional a granel,1000,1,kg,0,2006-06-13,maiz blanco,S,"suministros de maiz del mayab, s.a. de c.v.",maiz,1,0,0,2018-01-01 al 2018-06-30
1798005,maiz blanco nacional envasado,1000,1,kg,0,2006-06-13,maiz blanco,S,"suministros de maiz del mayab, s.a. de c.v.",maiz,1,0,0,2018-01-01 al 2018-06-30
1798007,maiz blanco importado envasado,1000,1,kg,0,2011-06-15,maiz blanco,S,"suministros de maiz del mayab, s.a. de c.v.",maiz,1,0,0,2018-01-01 al 2018-06-30
1811014,sulfato de amonio envas. 20/50,1000,1,kg,0,2014-04-14,fertilizantes,N,"agrogen, s.a. de c.v.",insumos agropecuarios no grav,0,0,0,2018-01-01 al 2018-06-30
1811016,urea 20/50,1000,1,kg,0,2014-04-14,fertilizantes,N,"agrogen, s.a. de c.v.",insumos agropecuarios no grav,0,0,0,2018-01-01 al 2018-06-30
1829001,chocolate para mesa moctezuma,10,1,kg,0,2000-06-12,chocolate de mesa,S,"chocolatera moctezuma, s.a. de c.v.",pago abarrotes gravado ieps (propio,0,0,8,2018-01-01 al 2018-06-30
1833002,harina de maiz nixtamalizado blanca,1,20,kg,1,2000-06-13,harina de maiz,S,"minsa, s.a. de c.v.",harina de maiz,0,0,0,2018-01-01 al 2018-06-30
1833020,harina de maiz nixtamalizado blanca,10,1,kg,1,2003-03-04,harina de maiz,S,"minsa, s.a. de c.v.",harina de maiz,0,0,0,2018-01-01 al 2018-06-30
1833021,harina de maiz nixtamalizado amarilla,10,1,kg,1,2003-03-04,harina de maiz,S,"minsa, s.a. de c.v.",harina de maiz,0,0,0,2018-01-01 al 2018-06-30
1833026,harina de maiz azul minsa,10,1,kg,1,2007-07-30,harina de maiz,S,"minsa, s.a. de c.v.",harina de maiz,0,0,0,2018-01-01 al 2018-06-30
1833030,harina de maiz sedesol diconsa,10,1,kg,1,2013-03-26,harina de maiz mimasa,S,"minsa, s.a. de c.v.",harina de maiz,1,1,0,2018-01-01 al 2018-06-30
1844020,encendedor reg elect luz blanca,40,25,pz,0,2008-06-27,encendedores,N,"astral del pacifico, s.a. de c.v.",miscelaneos grav,0,0,0,2018-01-01 al 2018-06-30
1844021,encendedor solei max electronico,40,12,pz,0,2009-08-07,encendedores,N,"astral del pacifico, s.a. de c.v.",miscelaneos grav,0,0,0,2018-01-01 al 2018-06-30
1844022,rastrillo astro lady 3,48,12,pz,0,2009-08-07,navajas y rastrillos de afeitar,N,"astral del pacifico, s.a. de c.v.",perfumeria y art de tocador grav,0,0,0,2018-01-01 al 2018-06-30
1844023,pila alcalina astrocell aa c/4,48,4,pz,0,2009-08-07,pilas,N,"astral del pacifico, s.a. de c.v.",miscelaneos grav,0,0,0,2018-01-01 al 2018-06-30
1844024,pila alcalina astrocell d c/2,48,2,pz,0,2009-08-07,pilas,N,"astral del pacifico, s.a. de c.v.",miscelaneos grav,0,0,0,2018-01-01 al 2018-06-30
1844025,lampara astrocell led s 12/12,144,1,pz,0,2009-08-07,linternas,N,"astral del pacifico, s.a. de c.v.",miscelaneos grav,0,0,0,2018-01-01 al 2018-06-30
1844028,pila alcalina astro cell aaa c/4,48,4,pz,0,2009-11-19,pilas,N,"astral del pacifico, s.a. de c.v.",miscelaneos grav,0,0,0,2018-01-01 al 2018-06-30
1844029,rastrillo astro sr iii exh c/24,576,1,pz,0,2009-11-19,navajas y rastrillos de afeitar,N,"astral del pacifico, s.a. de c.v.",perfumeria y art de tocador grav,0,0,0,2018-01-01 al 2018-06-30
1844030,pila zinc carbon astrocell aa c/4,48,4,pz,0,2010-08-26,pilas,N,"astral del pacifico, s.a. de c.v.",miscelaneos grav,0,0,0,2018-01-01 al 2018-06-30
1844031,pila zinc carbon astrocell aaa c/4,48,4,pz,0,2010-08-26,pilas,N,"astral del pacifico, s.a. de c.v.",miscelaneos grav,0,0,0,2018-01-01 al 2018-06-30
1844032,pila zinc carbon astrocell 6v,6,1,pz,0,2010-08-26,pilas,N,"astral del pacifico, s.a. de c.v.",miscelaneos grav,0,0,0,2018-01-01 al 2018-06-30
1844033,pila zinc carbon astrocell 9v c/1,48,1,pz,0,2010-08-26,pilas,N,"astral del pacifico, s.a. de c.v.",miscelaneos grav,0,0,0,2018-01-01 al 2018-06-30
1844034,pila zinc carbon astrocell c c/2,48,2,pz,0,2010-08-26,pilas,N,"astral del pacifico, s.a. de c.v.",miscelaneos grav,0,0,0,2018-01-01 al 2018-06-30
1844035,pila zinc carbon astrocell d c/2,48,2,pz,0,2010-08-26,pilas,N,"astral del pacifico, s.a. de c.v.",miscelaneos grav,0,0,0,2018-01-01 al 2018-06-30
1844036,pila z. carbon astrocell t c/12 aa,16,12,pz,0,2010-08-26,pilas,N,"astral del pacifico, s.a. de c.v.",miscelaneos grav,0,0,0,2018-01-01 al 2018-06-30
1844037,pila z. carbon astrocell t c/12 aaa,16,12,pz,0,2010-08-26,pilas,N,"astral del pacifico, s.a. de c.v.",miscelaneos grav,0,0,0,2018-01-01 al 2018-06-30
1844038,encendedor solei electr regular,40,12,pz,0,2010-08-26,encendedores,N,"astral del pacifico, s.a. de c.v.",miscelaneos grav,0,0,0,2018-01-01 al 2018-06-30
1844039,insecticida baygon casa y jardin,12,250,ml,0,2011-03-17,insecticidas y raticidas,N,"astral del pacifico, s.a. de c.v.",abarr. y art. de farmacia grav,0,0,0,2018-01-01 al 2018-06-30
1844040,insecticida baygon verde,12,250,ml,0,2011-03-17,insecticidas y raticidas,N,"astral del pacifico, s.a. de c.v.",abarr. y art. de farmacia grav,0,0,0,2018-01-01 al 2018-06-30
1844042,insecticida baygon verde liquido,12,480,gr,0,2011-03-17,insecticidas y raticidas,N,"astral del pacifico, s.a. de c.v.",pago plaguicidas gravado ieps (prop,0,0,6,2018-01-01 al 2018-06-30
1844043,insecticida raid casa y jardin,12,250,ml,0,2011-03-17,insecticidas y raticidas,N,"astral del pacifico, s.a. de c.v.",abarr. y art. de farmacia grav,0,0,0,2018-01-01 al 2018-06-30
1844044,insecticida raid max,12,250,ml,0,2011-03-17,insecticidas y raticidas,N,"astral del pacifico, s.a. de c.v.",abarr. y art. de farmacia grav,0,0,0,2018-01-01 al 2018-06-30
1844046,cera liquida colorfiel negra,12,60,ml,0,2011-03-17,grasa para calzado,N,"astral del pacifico, s.a. de c.v.",abarr. y art. de farmacia grav,0,0,0,2018-01-01 al 2018-06-30
1844047,cera liquida colorfiel cafe,12,60,gr,0,2011-03-17,grasa para calzado,N,"astral del pacifico, s.a. de c.v.",miscelaneos grav,0,0,0,2018-01-01 al 2018-06-30
1844048,insecticida baygon verde,12,400,ml,0,2012-07-26,insecticidas y raticidas,N,"astral del pacifico, s.a. de c.v.",abarr. y art. de farmacia grav,0,0,0,2018-01-01 al 2018-06-30
1844049,repelente off aerosol,12,170,gr,0,2017-08-30,insecticidas y raticidas,N,"astral del pacifico, s.a. de c.v.",abarr. y art. de farmacia grav,0,0,0,2018-01-01 al 2018-06-30
1844050,repelente off crema,12,170,gr,0,2017-08-30,insecticidas y raticidas,N,"astral del pacifico, s.a. de c.v.",abarr. y art. de farmacia grav,0,0,0,2018-01-01 al 2018-06-30
1844051,repelente off liquido,12,177,ml,0,2017-08-30,insecticidas y raticidas,N,"astral del pacifico, s.a. de c.v.",abarr. y art. de farmacia grav,0,0,0,2018-01-01 al 2018-06-30
1844052,raidolitos lavanda(12 cajas de 12 pzas),12,12,pz,0,2018-08-06,insecticidas y raticidas,N,"astral del pacifico, s.a. de c.v.",pago plaguicidas gravado ieps (prop,0,0,6,2018-01-01 al 2018-06-30
1844053,rastrillo astro sr iii exh c/24,48,12,pz,0,2018-09-25,navajas y rastrillos de afeitar,N,"astral del pacifico, s.a. de c.v.",perfumeria y art de tocador grav,0,0,0,2018-01-01 al 2018-06-30
1868001,harina de trigo la reyna,1,10,kg,1,2000-09-07,harina de trigo,S,"munsa molinos, s.a. de c.v.",abarr. y art. de farmacia no grav,0,0,0,2018-01-01 al 2018-06-30
1868002,harina de trigo la reyna,1,44,kg,1,2000-09-07,harina de trigo,S,"munsa molinos, s.a. de c.v.",abarr. y art. de farmacia no grav,0,0,0,2018-01-01 al 2018-06-30
1868003,harina de trigo la reyna,1,5,kg,1,2000-09-07,harina de trigo,S,"munsa molinos, s.a. de c.v.",abarr. y art. de farmacia no grav,0,0,0,2018-01-01 al 2018-06-30
1868004,harina de trigo la reyna,10,1,kg,1,2000-09-07,harina de trigo,S,"munsa molinos, s.a. de c.v.",abarr. y art. de farmacia no grav,0,0,0,2018-01-01 al 2018-06-30
1868009,salvado de trigo,1,20,kg,0,2000-11-15,alimentos pecuarios,N,"munsa molinos, s.a. de c.v.",insumos agropecuarios no grav,0,0,0,2018-01-01 al 2018-06-30
1868017,salvado de trigo,1,40,kg,0,2008-05-19,alimentos pecuarios,N,"munsa molinos, s.a. de c.v.",insumos agropecuarios no grav,0,0,0,2018-01-01 al 2018-06-30
1868018,harina de trigo maribel,1,10,kg,0,2008-07-14,harina de trigo,S,"munsa molinos, s.a. de c.v.",abarr. y art. de farmacia no grav,0,0,0,2018-01-01 al 2018-06-30
1868019,harina de trigo maribel,1,44,kg,0,2008-07-14,harina de trigo,S,"munsa molinos, s.a. de c.v.",abarr. y art. de farmacia no grav,0,0,0,2018-01-01 al 2018-06-30
1868020,harina de trigo maribel,1,5,kg,0,2008-07-14,harina de trigo,S,"munsa molinos, s.a. de c.v.",abarr. y art. de farmacia no grav,0,0,0,2018-01-01 al 2018-06-30
1868021,harina de trigo maribel,10,1,kg,0,2008-07-14,harina de trigo,S,"munsa molinos, s.a. de c.v.",abarr. y art. de farmacia no grav,0,0,0,2018-01-01 al 2018-06-30
1868026,high bran salvado enriquecido,1,40,kg,0,2017-02-15,alimentos pecuarios,N,"munsa molinos, s.a. de c.v.",insumos agropecuarios no grav,0,0,0,2018-01-01 al 2018-06-30
1940006,aceite vegetal primor,24,500,ml,0,2001-03-06,aceite vegetal comestible,S,"coral internacional, s.a. de c.v.",abarr. y art. de farmacia no grav,0,0,0,2018-01-01 al 2018-06-30
1941001,azadon cordoba no.2,1,1,pz,0,2001-03-07,herramientas p/el campo y kits de limp.,N,"bellota mexico,s.a. de c.v.",miscelaneos grav,0,0,0,2018-01-01 al 2018-06-30
1941002,azadon cordoba no.3,1,1,pz,0,2001-03-07,herramientas p/el campo y kits de limp.,N,"bellota mexico,s.a. de c.v.",miscelaneos grav,0,0,0,2018-01-01 al 2018-06-30
1941003,azadon lane forjado no.3,1,1,pz,0,2004-02-04,herramientas p/el campo y kits de limp.,N,"bellota mexico,s.a. de c.v.",miscelaneos grav,0,0,0,2018-01-01 al 2018-06-30
1941004,machete acapulqueno 24,1,1,pz,0,2001-03-07,herramientas p/el campo y kits de limp.,N,"bellota mexico,s.a. de c.v.",miscelaneos grav,0,0,0,2018-01-01 al 2018-06-30
1941005,machete acapulqueno 27,1,1,pz,0,2001-03-07,herramientas p/el campo y kits de limp.,N,"bellota mexico,s.a. de c.v.",miscelaneos grav,0,0,0,2018-01-01 al 2018-06-30
1941006,machete recto 18,1,1,pz,0,2001-03-07,herramientas p/el campo y kits de limp.,N,"bellota mexico,s.a. de c.v.",miscelaneos grav,0,0,0,2018-01-01 al 2018-06-30
1941007,machete recto 22,1,1,pz,0,2001-03-07,herramientas p/el campo y kits de limp.,N,"bellota mexico,s.a. de c.v.",miscelaneos grav,0,0,0,2018-01-01 al 2018-06-30
1941008,machete recto 24,1,1,pz,0,2001-03-07,herramientas p/el campo y kits de limp.,N,"bellota mexico,s.a. de c.v.",miscelaneos grav,0,0,0,2018-01-01 al 2018-06-30
1941009,machete recto 26,1,1,pz,0,2001-03-07,herramientas p/el campo y kits de limp.,N,"bellota mexico,s.a. de c.v.",miscelaneos grav,0,0,0,2018-01-01 al 2018-06-30
1941010,lima p/machete triangulo reg. 6,1,1,pz,0,2001-03-07,herramientas p/el campo y kits de limp.,N,"bellota mexico,s.a. de c.v.",miscelaneos grav,0,0,0,2018-01-01 al 2018-06-30
1941011,lima p/machete triangulo pesada 6,1,1,pz,0,2001-03-07,herramientas p/el campo y kits de limp.,N,"bellota mexico,s.a. de c.v.",miscelaneos grav,0,0,0,2018-01-01 al 2018-06-30
1941013,tijeras de podar una mano 26 cm.,1,1,pz,0,2001-03-07,herramientas p/el campo y kits de limp.,N,"bellota mexico,s.a. de c.v.",miscelaneos grav,0,0,0,2018-01-01 al 2018-06-30
1941031,azadon lane no 2,1,1,pz,0,2004-02-04,herramientas p/el campo y kits de limp.,N,"bellota mexico,s.a. de c.v.",miscelaneos grav,0,0,0,2018-01-01 al 2018-06-30
1941035,guadana,1,1,pz,0,2004-02-04,herramientas p/el campo y kits de limp.,N,"bellota mexico,s.a. de c.v.",miscelaneos grav,0,0,0,2018-01-01 al 2018-06-30
1941044,cuchara para albanil 10,1,1,pz,0,2006-06-02,herramientas p/el campo y kits de limp.,N,"bellota mexico,s.a. de c.v.",miscelaneos grav,0,0,0,2018-01-01 al 2018-06-30
1941045,hacha labor entera 3.5 lbs. sin mango,1,1,pz,0,2006-06-02,herramientas p/el campo y kits de limp.,N,"bellota mexico,s.a. de c.v.",miscelaneos grav,0,0,0,2018-01-01 al 2018-06-30
1941046,hacha labor entera 4.0 lbs. sin mango,1,1,pz,0,2006-06-02,herramientas p/el campo y kits de limp.,N,"bellota mexico,s.a. de c.v.",miscelaneos grav,0,0,0,2018-01-01 al 2018-06-30
1941047,hoz no. 0 basic,1,1,pz,0,2006-06-02,herramientas p/el campo y kits de limp.,N,"bellota mexico,s.a. de c.v.",miscelaneos grav,0,0,0,2018-01-01 al 2018-06-30
1941048,hoz no. 1 basic,1,1,pz,0,2006-06-02,herramientas p/el campo y kits de limp.,N,"bellota mexico,s.a. de c.v.",miscelaneos grav,0,0,0,2018-01-01 al 2018-06-30
1941049,machete pulido caguayano,1,1,pz,0,2006-06-02,herramientas p/el campo y kits de limp.,N,"bellota mexico,s.a. de c.v.",miscelaneos grav,0,0,0,2018-01-01 al 2018-06-30
1941050,machete pulido recto 14,1,1,pz,0,2006-06-02,herramientas p/el campo y kits de limp.,N,"bellota mexico,s.a. de c.v.",miscelaneos grav,0,0,0,2018-01-01 al 2018-06-30
1941051,machete pulido recto 16,1,1,pz,0,2006-06-02,herramientas p/el campo y kits de limp.,N,"bellota mexico,s.a. de c.v.",miscelaneos grav,0,0,0,2018-01-01 al 2018-06-30
1941052,machete pulido recto 20,1,1,pz,0,2006-06-02,herramientas p/el campo y kits de limp.,N,"bellota mexico,s.a. de c.v.",miscelaneos grav,0,0,0,2018-01-01 al 2018-06-30
1941053,escoba metalizada h. fija c/mango,1,1,pz,0,2007-07-26,herramientas p/el campo y kits de limp.,N,"bellota mexico,s.a. de c.v.",miscelaneos grav,0,0,0,2018-01-01 al 2018-06-30
1941054,cavahoyos reforzado 5653-c,1,1,pz,0,2007-07-26,herramientas p/el campo y kits de limp.,N,"bellota mexico,s.a. de c.v.",miscelaneos grav,0,0,0,2018-01-01 al 2018-06-30
1941055,machete 72465 pbm 12,1,1,pz,0,2007-07-26,herramientas p/el campo y kits de limp.,N,"bellota mexico,s.a. de c.v.",miscelaneos grav,0,0,0,2018-01-01 al 2018-06-30
1941056,mango bellota rojo barr 5.7 mm,1,1,pz,0,2007-07-26,herramientas p/el campo y kits de limp.,N,"bellota mexico,s.a. de c.v.",miscelaneos grav,0,0,0,2018-01-01 al 2018-06-30
1941060,fumigador tipo mochila,1,16,lt,0,2010-08-19,herramientas p/el campo y kits de limp.,N,"bellota mexico,s.a. de c.v.",insumos agropecuarios no grav,0,0,0,2018-01-01 al 2018-06-30
1941061,pala redonda 5501 profesional,1,1,pz,0,2010-12-14,herramientas p/el campo y kits de limp.,N,"bellota mexico,s.a. de c.v.",miscelaneos grav,0,0,0,2018-01-01 al 2018-06-30
1941062,pala cuadrada 5502 profesional,1,1,pz,0,2010-12-14,herramientas p/el campo y kits de limp.,N,"bellota mexico,s.a. de c.v.",miscelaneos grav,0,0,0,2018-01-01 al 2018-06-30
1956007,olla de 30 lt aluminio triple fuerte,1,1,pz,0,2013-09-19,utensilios de loza y peltre,N,"abasto global, s.a. de c.v.",art. de hogar y jarcieria grav,0,0,0,2018-01-01 al 2018-06-30
1956008,cuchara grande 36 m acero inoxidable,1,1,pz,0,2013-09-19,utensilios de aluminio y acero,N,"abasto global, s.a. de c.v.",art. de hogar y jarcieria grav,0,0,0,2018-01-01 al 2018-06-30
1956010,sarten 40 cm aluminio triple fuerte,1,1,pz,0,2013-09-19,utensilios de aluminio y acero,N,"abasto global, s.a. de c.v.",art. de hogar y jarcieria grav,0,0,0,2018-01-01 al 2018-06-30
1956011,sarten 36 cm aluminio triple fuerte,1,1,pz,0,2013-09-19,utensilios de loza y peltre,N,"abasto global, s.a. de c.v.",art. de hogar y jarcieria grav,0,0,0,2018-01-01 al 2018-06-30
1956013,vaso de plastico varios colores,1,1,pz,0,2013-09-19,utensilios d/plastico madera y vidrio,N,"abasto global, s.a. de c.v.",art. de hogar y jarcieria grav,0,0,0,2018-01-01 al 2018-06-30
1956022,mesa banquetera,1,1,pz,0,2013-09-19,herramientas p/el campo y kits de limp.,N,"abasto global, s.a. de c.v.",miscelaneos grav,0,0,0,2018-01-01 al 2018-06-30
1956023,silla de plastico,1,1,pz,0,2013-09-19,herramientas p/el campo y kits de limp.,N,"abasto global, s.a. de c.v.",miscelaneos grav,0,0,0,2018-01-01 al 2018-06-30
1956024,olla de 60 lt,1,1,pz,0,2013-10-22,utensilios de loza y peltre,N,"abasto global, s.a. de c.v.",art. de hogar y jarcieria grav,0,0,0,2018-01-01 al 2018-06-30
1956025,olla de 40 lt,1,1,pz,0,2013-10-22,utensilios de loza y peltre,N,"abasto global, s.a. de c.v.",art. de hogar y jarcieria grav,0,0,0,2018-01-01 al 2018-06-30
1956033,tabla de picar,1,1,pz,0,2014-05-21,utensilios d/plastico madera y vidrio,N,"abasto global, s.a. de c.v.",miscelaneos grav,0,0,0,2018-01-01 al 2018-06-30
1964001,papel higienico bueno 180 hojas dobles,24,4,pz,0,2018-05-31,papel higienico,S,"comercializadora isabel, s.a. de c.v.",abarr. y art. de farmacia grav,0,0,0,2018-01-01 al 2018-06-30
1964002,cerillos maya,10,50,pz,0,2018-05-31,cerillos,N,"comercializadora isabel, s.a. de c.v.",abarr. y art. de farmacia grav,0,0,0,2018-01-01 al 2018-06-30
1964003,maiz palomero emp,10,500,gr,0,2018-05-31,maiz palomero,N,"comercializadora isabel, s.a. de c.v.",abarr. y art. de farmacia no grav,0,0,0,2018-01-01 al 2018-06-30
1964004,cubeta de plastico alica #6,1,1,pz,0,2018-05-31,utensilios d/plastico madera y vidrio,N,"comercializadora isabel, s.a. de c.v.",art. de hogar y jarcieria grav,0,0,0,2018-01-01 al 2018-06-30
1964005,cubeta de plastico alica #10,1,1,pz,0,2018-05-31,utensilios d/plastico madera y vidrio,N,"comercializadora isabel, s.a. de c.v.",art. de hogar y jarcieria grav,0,0,0,2018-01-01 al 2018-06-30
1964006,cubeta de plastico alica #12,1,1,pz,0,2018-05-31,utensilios d/plastico madera y vidrio,N,"comercializadora isabel, s.a. de c.v.",art. de hogar y jarcieria grav,0,0,0,2018-01-01 al 2018-06-30
1964007,matamoscas,1,1,pz,0,2018-05-31,utensilios d/plastico madera y vidrio,N,"comercializadora isabel, s.a. de c.v.",art. de hogar y jarcieria grav,0,0,0,2018-01-01 al 2018-06-30
1964008,palangana de plastico #35 alica a-115,1,1,pz,0,2018-05-31,utensilios d/plastico madera y vidrio,N,"comercializadora isabel, s.a. de c.v.",art. de hogar y jarcieria grav,0,0,0,2018-01-01 al 2018-06-30
1964009,palangana de plastico #38 alica-116,1,1,pz,0,2018-05-31,utensilios d/plastico madera y vidrio,N,"comercializadora isabel, s.a. de c.v.",art. de hogar y jarcieria grav,0,0,0,2018-01-01 al 2018-06-30
1964010,palangana de plastico #48 alica-119,1,1,pz,0,2018-05-31,utensilios d/plastico madera y vidrio,N,"comercializadora isabel, s.a. de c.v.",art. de hogar y jarcieria grav,0,0,0,2018-01-01 al 2018-06-30
1964011,cubeta hermetica 1.5 lts alica a-073,1,1,pz,0,2018-05-31,utensilios d/plastico madera y vidrio,N,"comercializadora isabel, s.a. de c.v.",art. de hogar y jarcieria grav,0,0,0,2018-01-01 al 2018-06-30
1964012,cubeta hermetica 3 lts. alica a-074,1,1,pz,0,2018-05-31,utensilios d/plastico madera y vidrio,N,"comercializadora isabel, s.a. de c.v.",art. de hogar y jarcieria grav,0,0,0,2018-01-01 al 2018-06-30
1964013,cubeta hermetica 5 lts alica a-075,1,1,pz,0,2018-05-31,utensilios d/plastico madera y vidrio,N,"comercializadora isabel, s.a. de c.v.",art. de hogar y jarcieria grav,0,0,0,2018-01-01 al 2018-06-30
1964014,azucar estandar a granel,1,1,kg,0,2018-05-31,azucar estandar,S,"comercializadora isabel, s.a. de c.v.",azucar,0,0,0,2018-01-01 al 2018-06-30
1964015,azucar estandar envasada,1,1,kg,0,2018-05-31,azucar estandar,S,"comercializadora isabel, s.a. de c.v.",azucar,0,0,0,2018-01-01 al 2018-06-30
1964016,escoba 5 hilos,12,1,pz,0,2018-05-31,"escobas, escobetas y cepillos",N,"comercializadora isabel, s.a. de c.v.",art. de hogar y jarcieria grav,0,0,0,2018-01-01 al 2018-06-30
1964017,escoba tipo abanico,12,1,pz,0,2018-05-31,"escobas, escobetas y cepillos",N,"comercializadora isabel, s.a. de c.v.",art. de hogar y jarcieria grav,0,0,0,2018-01-01 al 2018-06-30
1964018,escoba tipo cepillo economica,12,1,pz,0,2018-05-31,"escobas, escobetas y cepillos",N,"comercializadora isabel, s.a. de c.v.",art. de hogar y jarcieria grav,0,0,0,2018-01-01 al 2018-06-30
1964019,frijol negro jamapa a granel,1,1,kg,0,2018-05-31,frijol a granel,S,"comercializadora isabel, s.a. de c.v.",frijol,0,0,0,2018-01-01 al 2018-06-30
1964020,frijol negro san luis a granel,1,1,kg,0,2018-05-31,frijol a granel,S,"comercializadora isabel, s.a. de c.v.",frijol,0,0,0,2018-01-01 al 2018-06-30
1964021,azucar estandar envasada bueno #,1,1,kg,0,2018-05-31,azucar estandar,S,"comercializadora isabel, s.a. de c.v.",azucar,0,0,0,2018-01-01 al 2018-06-30
1964022,frijol pinto nacional a granel,1,1,kg,0,2018-05-31,frijol a granel,S,"comercializadora isabel, s.a. de c.v.",frijol,0,0,0,2018-01-01 al 2018-06-30
1964023,frijol negro san luis envasado,1,1,kg,0,2018-05-31,frijol envasado,S,"comercializadora isabel, s.a. de c.v.",frijol,0,0,0,2018-01-01 al 2018-06-30
1964024,lenteja chica envasada,1,500,gr,0,2018-05-31,lentejas,S,"comercializadora isabel, s.a. de c.v.",abarr. y art. de farmacia no grav,1,0,0,2018-01-01 al 2018-06-30
1964025,azucar estandar envasada,1,500,gr,0,2018-05-31,azucar estandar,S,"comercializadora isabel, s.a. de c.v.",azucar,0,0,0,2018-01-01 al 2018-06-30
1964026,avena no. 1 bueno,20,400,gr,0,2018-05-31,avena,N,"comercializadora isabel, s.a. de c.v.",abarr. y art. de farmacia no grav,0,0,0,2018-01-01 al 2018-06-30
1964027,avena no. 1 bueno,40,400,gr,0,2018-05-31,avena,N,"comercializadora isabel, s.a. de c.v.",abarr. y art. de farmacia no grav,0,0,0,2018-01-01 al 2018-06-30
1964028,frijol pinto saltillo envasado,1,1,kg,0,2018-05-31,frijol envasado,S,"comercializadora isabel, s.a. de c.v.",frijol,0,0,0,2018-01-01 al 2018-06-30
1964029,frijol flor de mayo envasado,1,1,kg,0,2018-05-31,frijol envasado,S,"comercializadora isabel, s.a. de c.v.",frijol,0,0,0,2018-01-01 al 2018-06-30
1964030,frijol flor de mayo a granel,1,1,kg,0,2018-05-31,frijol a granel,S,"comercializadora isabel, s.a. de c.v.",frijol,0,0,0,2018-01-01 al 2018-06-30
1964031,frijol negro jamapa envasado,1,1,kg,0,2018-05-31,frijol envasado,S,"comercializadora isabel, s.a. de c.v.",frijol,0,0,0,2018-01-01 al 2018-06-30
1964601,frijol negro san luis envasado,1,1,kg,0,2018-05-31,frijol envasado,S,"comercializadora isabel, s.a. de c.v.",frijol,0,0,0,2018-01-01 al 2018-06-30
1964801,azucar estandar a granel,1,1,kg,0,2018-05-31,azucar estandar,S,"comercializadora isabel, s.a. de c.v.",azucar,0,0,0,2018-01-01 al 2018-06-30
1964802,azucar estandar envasada,1,1,kg,0,2018-05-31,azucar estandar,S,"comercializadora isabel, s.a. de c.v.",azucar,0,0,0,2018-01-01 al 2018-06-30
1964803,cubeta de plastico alica # 10,1,1,pz,0,2018-05-31,utensilios d/plastico madera y vidrio,N,"comercializadora isabel, s.a. de c.v.",art. de hogar y jarcieria grav,0,0,0,2018-01-01 al 2018-06-30
1964804,azucar estandar envasada,1,1,kg,0,2018-05-31,azucar estandar,S,"comercializadora isabel, s.a. de c.v.",azucar,0,0,0,2018-01-01 al 2018-06-30
1964805,frijol manzano envasado,1,1,kg,0,2018-05-31,frijol envasado,S,"comercializadora isabel, s.a. de c.v.",frijol,0,0,0,2018-01-01 al 2018-06-30
1964806,frijol negro san luis a granel,1,1,kg,0,2018-05-31,frijol a granel,S,"comercializadora isabel, s.a. de c.v.",frijol,0,0,0,2018-01-01 al 2018-06-30
1980001,naranjada k-che,24,250,ml,1,2001-06-28,bebidas de fruta gravados,N,orozco pulido carlos eugenio,abarr. y art. de farmacia grav,0,0,0,2018-01-01 al 2018-06-30
1980002,naranjada k-che,24,500,ml,1,2001-06-28,bebidas de fruta gravados,N,orozco pulido carlos eugenio,abarr. y art. de farmacia grav,0,0,0,2018-01-01 al 2018-06-30
1980003,naranjada k-che,12,910,ml,1,2001-06-28,bebidas de fruta gravados,N,orozco pulido carlos eugenio,abarr. y art. de farmacia grav,0,0,0,2018-01-01 al 2018-06-30
1980004,naranjada k-che galon,4,3785,ml,1,2007-11-27,bebidas de fruta gravados,N,orozco pulido carlos eugenio,abarr. y art. de farmacia grav,0,0,0,2018-01-01 al 2018-06-30
1980006,bebida de sabores k-che cito,24,190,ml,1,2008-10-28,bebidas de fruta gravados,N,orozco pulido carlos eugenio,abarr. y art. de farmacia grav,0,0,0,2018-01-01 al 2018-06-30
1980007,naranjada k-che galon,6,3785,ml,0,2009-07-24,bebidas de fruta gravados,N,orozco pulido carlos eugenio,abarr. y art. de farmacia grav,0,0,0,2018-01-01 al 2018-06-30
1980008,barra de amaranto aztek,12,30,gr,0,2011-03-18,productos a base de amaranto,S,orozco pulido carlos eugenio,pago abarrotes gravado ieps (propio,0,0,8,2018-01-01 al 2018-06-30
1980009,barra de amaranto sabor chocolate aztek,12,30,gr,0,2011-03-18,productos a base de amaranto,S,orozco pulido carlos eugenio,pago abarrotes gravado ieps (propio,0,0,8,2018-01-01 al 2018-06-30
1980010,barra de amaranto aztek,6,70,gr,0,2011-03-18,productos a base de amaranto,S,orozco pulido carlos eugenio,pago abarrotes gravado ieps (propio,0,0,8,2018-01-01 al 2018-06-30
1980025,atole de amaranto con avena sabor nuez,50,100,gr,0,2015-04-14,productos a base de amaranto,S,orozco pulido carlos eugenio,pago abarrotes gravado ieps (propio,0,0,8,2018-01-01 al 2018-06-30
1980026,granola con amaranto,40,250,gr,0,2015-04-14,productos a base de amaranto,S,orozco pulido carlos eugenio,pago abarrotes gravado ieps (propio,0,0,8,2018-01-01 al 2018-06-30
1980027,cereal integral de amaranto,10,250,gr,0,2015-04-14,productos a base de amaranto,S,orozco pulido carlos eugenio,abarr. y art. de farmacia no grav,0,0,0,2018-01-01 al 2018-06-30
1980028,atole de amaranto c/avena sab chocolate,50,100,gr,0,2015-04-15,productos a base de amaranto,S,orozco pulido carlos eugenio,pago abarrotes gravado ieps (propio,0,0,8,2018-01-01 al 2018-06-30
1980029,atole de amaranto c/avena sabor natural,50,100,gr,0,2015-04-15,productos a base de amaranto,S,orozco pulido carlos eugenio,pago abarrotes gravado ieps (propio,0,0,8,2018-01-01 al 2018-06-30
1980031,barra de cereales nutri-aztek,300,30,gr,0,2015-09-24,dulces y caramelos,N,orozco pulido carlos eugenio,pago abarrotes gravado ieps (propio,0,0,8,2018-01-01 al 2018-06-30
1980033,atole de amaranto con avena,10,1,kg,0,2016-01-28,productos a base de amaranto,S,orozco pulido carlos eugenio,pago abarrotes gravado ieps (propio,0,0,8,2018-01-01 al 2018-06-30
1980036,harina de amaranto,30,250,gr,0,2017-06-14,productos a base de amaranto,S,orozco pulido carlos eugenio,abarr. y art. de farmacia no grav,0,0,0,2018-01-01 al 2018-06-30
1980037,amaranto tostado reventado natural,60,250,gr,0,2017-06-14,productos a base de amaranto,S,orozco pulido carlos eugenio,abarr. y art. de farmacia no grav,0,0,0,2018-01-01 al 2018-06-30
1980038,barra amaranto oleaginosas y arandanos,300,30,gr,0,2017-06-23,productos a base de amaranto,S,orozco pulido carlos eugenio,pago abarrotes gravado ieps (propio,0,0,8,2018-01-01 al 2018-06-30
1980039,"barra de trigo,avena,ceb,cent,gir y lin",300,30,gr,0,2017-07-05,formula lacteas,S,orozco pulido carlos eugenio,pago abarrotes gravado ieps (propio,0,0,8,2018-01-01 al 2018-06-30
1980040,uva pasa nutri aztek,200,50,gr,0,2017-07-06,frutas secas,N,orozco pulido carlos eugenio,abarr. y art. de farmacia no grav,0,0,0,2018-01-01 al 2018-06-30
1980041,barra de amaranto y avena nutri aztek,300,30,gr,0,2017-09-21,productos a base de amaranto,S,orozco pulido carlos eugenio,pago abarrotes gravado ieps (propio,0,0,8,2018-01-01 al 2018-06-30
1980042,cacahuate natural nutri aztek,84,200,gr,0,2017-09-21,dulces y caramelos,N,orozco pulido carlos eugenio,abarr. y art. de farmacia no grav,0,0,0,2018-01-01 al 2018-06-30
1980043,atole de amaranto sabor chocolate,10,1,kg,0,2017-10-03,productos a base de amaranto,S,orozco pulido carlos eugenio,pago abarrotes gravado ieps (propio,0,0,8,2018-01-01 al 2018-06-30
1980044,cereal de amaranto con arandano y pasas,50,100,gr,0,2018-09-20,productos a base de amaranto,S,orozco pulido carlos eugenio,pago abarrotes gravado ieps (propio,0,0,8,2018-01-01 al 2018-06-30
2003016,maiz blanco nacional a granel,1000,1,kg,0,2010-01-15,maiz blanco,S,"la cumbre cafetalera, s. de s.s.",maiz,0,0,0,2018-01-01 al 2018-06-30
2003017,maiz blanco nacional envasado,1000,1,kg,0,2010-01-19,maiz blanco,S,"la cumbre cafetalera, s. de s.s.",maiz,0,0,0,2018-01-01 al 2018-06-30
2008008,chocolate marqueta el ideal,50,160,gr,0,2014-03-03,chocolate de mesa,S,"chocolate ideal, s.a. de c.v.",pago abarrotes gravado ieps (propio,0,0,8,2018-01-01 al 2018-06-30
2008009,chocolate ideal redondo,24,540,gr,0,2014-03-03,chocolate de mesa,S,"chocolate ideal, s.a. de c.v.",pago abarrotes gravado ieps (propio,0,0,8,2018-01-01 al 2018-06-30
2008011,chocolate en polvo choco palencia,24,375,gr,0,2014-03-03,chocolate en polvo,S,"chocolate ideal, s.a. de c.v.",pago abarrotes gravado ieps (propio,0,0,8,2018-01-01 al 2018-06-30
2008012,chocolate en pvo instantaneo chocoideal,24,180,gr,0,2016-10-04,chocolate en polvo,S,"chocolate ideal, s.a. de c.v.",pago abarrotes gravado ieps (propio,0,0,8,2018-01-01 al 2018-06-30
2008013,chocolate en pvo instantaneo chocoideal,24,350,gr,0,2016-10-04,chocolate en polvo,S,"chocolate ideal, s.a. de c.v.",pago abarrotes gravado ieps (propio,0,0,8,2018-01-01 al 2018-06-30
2015001,mole oax. negro la soledad bote,24,500,gr,0,2001-10-24,moles,N,chavez pombo oscar,abarr. y art. de farmacia no grav,0,0,0,2018-01-01 al 2018-06-30
2015003,mole oax. rojo la soledad bote,24,500,gr,0,2001-10-24,moles,N,chavez pombo oscar,abarr. y art. de farmacia no grav,0,0,0,2018-01-01 al 2018-06-30
2015005,chocolate embolillado la soledad,90,250,gr,0,2001-10-24,chocolate de mesa,S,chavez pombo oscar,pago abarrotes gravado ieps (propio,0,0,8,2018-01-01 al 2018-06-30
2015016,chocolate oaxacaqueno la soledad embol.,18,1000,gr,0,2009-12-22,chocolate de mesa,S,chavez pombo oscar,pago abarrotes gravado ieps (propio,0,0,8,2018-01-01 al 2018-06-30
2015017,mole oaxaqueno negro la soledad bote,12,1000,gr,0,2009-12-22,moles,N,chavez pombo oscar,abarr. y art. de farmacia no grav,0,0,0,2018-01-01 al 2018-06-30
2015018,mole oaxaqueno rojo la soledad bote,12,1000,gr,0,2009-12-22,moles,N,chavez pombo oscar,abarr. y art. de farmacia no grav,0,0,0,2018-01-01 al 2018-06-30
2015019,chocolate chocopombo bolsa,8,400,gr,0,2014-04-01,chocolate en polvo,S,chavez pombo oscar,pago abarrotes gravado ieps (propio,0,0,8,2018-01-01 al 2018-06-30
2015020,mole oaxaqueno rojo bote,12,230,gr,0,2014-04-01,moles,N,chavez pombo oscar,abarr. y art. de farmacia no grav,0,0,0,2018-01-01 al 2018-06-30
2015021,mole oaxaqueno negro bote,12,230,gr,0,2014-04-01,moles,N,chavez pombo oscar,abarr. y art. de farmacia no grav,0,0,0,2018-01-01 al 2018-06-30
2015022,chocolate a la canela hexacaja,12,335,gr,0,2014-04-01,chocolate de mesa,S,chavez pombo oscar,pago abarrotes gravado ieps (propio,0,0,8,2018-01-01 al 2018-06-30
2015023,chocolate almendrado hexacaja,12,335,gr,0,2014-04-01,chocolate de mesa,S,chavez pombo oscar,pago abarrotes gravado ieps (propio,0,0,8,2018-01-01 al 2018-06-30
2015024,chocolate amargo hexacaja,12,335,gr,0,2014-04-01,chocolate de mesa,S,chavez pombo oscar,pago abarrotes gravado ieps (propio,0,0,8,2018-01-01 al 2018-06-30
2016052,caja de carton 34.0x25.5x19 r 11 1/tinta,1000,1,pz,0,2013-12-10,cajas de carton para despensas,N,"copamex corrugados, s.a. de c.v.",miscelaneos grav,0,0,0,2018-01-01 al 2018-06-30
2016053,caja carton 46.0x31.5x23 r 17 1/tint,1000,1,pz,0,2013-12-10,cajas de carton para despensas,N,"copamex corrugados, s.a. de c.v.",miscelaneos grav,0,0,0,2018-01-01 al 2018-06-30
2016054,caja de carton 34x25.5x19 11k 1tin,1000,1,pz,0,2014-02-06,cajas de carton para despensas,N,"copamex corrugados, s.a. de c.v.",miscelaneos grav,0,0,0,2018-01-01 al 2018-06-30
2016066,caja carton 28x27x28 r 11/12 kraft 2/tin,1000,1,pz,0,2014-11-07,cajas de carton para despensas,N,"copamex corrugados, s.a. de c.v.",miscelaneos grav,0,0,0,2018-01-01 al 2018-06-30
2016071,caja de carton 26x23x22.5 r 26 ect,1000,1,pz,0,2016-02-29,cajas de carton para despensas,N,"copamex corrugados, s.a. de c.v.",miscelaneos grav,0,0,0,2018-01-01 al 2018-06-30
2016072,caja de carton 31x21.5x25 r 29 ect,1000,1,pz,0,2016-02-29,cajas de carton para despensas,N,"copamex corrugados, s.a. de c.v.",miscelaneos grav,0,0,0,2018-01-01 al 2018-06-30
2016077,caja de carton 40x28x20 r 9 s/imp,1000,1,pz,0,2017-07-04,leche condensada,S,"copamex corrugados, s.a. de c.v.",miscelaneos grav,0,0,0,2018-01-01 al 2018-06-30
2016078,caja de carton 40x28x20 r 9 c/imp,1000,1,pz,0,2017-07-26,cajas de carton para despensas,N,"copamex corrugados, s.a. de c.v.",miscelaneos grav,0,0,0,2018-01-01 al 2018-06-30
2016079,caja carton 42.0 x 28.0 x 22.0 1 tin,1000,1,pz,0,2018-02-27,cajas de carton para despensas,N,"copamex corrugados, s.a. de c.v.",miscelaneos grav,0,0,0,2018-01-01 al 2018-06-30
2016080,caja carton 28.0x20.0x20.0 r6 2 tin kraf,1000,1,pz,0,2018-04-17,cajas de carton para despensas,N,"copamex corrugados, s.a. de c.v.",miscelaneos grav,0,0,0,2018-01-01 al 2018-06-30
2026003,maiz blanco nacional a granel,1000,1,kg,0,2013-10-15,maiz blanco,S,"finca agrarista, s. de s.s.",maiz,1,0,0,2018-01-01 al 2018-06-30
2026004,maiz blanco nacional envasado,1000,1,kg,0,2013-10-15,maiz blanco,S,"finca agrarista, s. de s.s.",maiz,1,0,0,2018-01-01 al 2018-06-30
2060003,frijol peruano higuera a granel,1,1,kg,0,2002-08-13,frijol a granel,S,"comercializadora de granos patron, s.a. de c.v.",frijol,0,0,0,2018-01-01 al 2018-06-30
2060004,frijol azufrado a granel,1,1,kg,0,2002-10-07,frijol a granel,S,"comercializadora de granos patron, s.a. de c.v.",frijol,0,0,0,2018-01-01 al 2018-06-30
2060005,maiz blanco nacional a granel,1,1,kg,0,2003-07-01,maiz blanco,S,"comercializadora de granos patron, s.a. de c.v.",maiz,0,0,0,2018-01-01 al 2018-06-30
2060006,maiz blanco nacional a granel,1000,1,kg,0,2006-05-26,maiz blanco,S,"comercializadora de granos patron, s.a. de c.v.",maiz,0,0,0,2018-01-01 al 2018-06-30
2060007,maiz blanco nacional envasado,1000,1,kg,0,2006-05-26,maiz blanco,S,"comercializadora de granos patron, s.a. de c.v.",maiz,1,0,0,2018-01-01 al 2018-06-30
2060010,frijol peruano higuera envasado,1,1,kg,0,2006-09-19,frijol envasado,S,"comercializadora de granos patron, s.a. de c.v.",frijol,0,0,0,2018-01-01 al 2018-06-30
2060011,frijol negro san luis envasado,1,1,kg,0,2007-01-30,frijol envasado,S,"comercializadora de granos patron, s.a. de c.v.",frijol,1,0,0,2018-01-01 al 2018-06-30
2060013,frijol negro jamapa a granel,1,1,kg,0,2009-03-24,frijol a granel,S,"comercializadora de granos patron, s.a. de c.v.",frijol,0,0,0,2018-01-01 al 2018-06-30
2060014,frijol pinto saltillo envasado,1,1,kg,0,2009-08-13,frijol envasado,S,"comercializadora de granos patron, s.a. de c.v.",frijol,1,0,0,2018-01-01 al 2018-06-30
2060015,arroz g largo 5% envasado,1,1,kg,0,2011-05-19,arroz envasado,S,"comercializadora de granos patron, s.a. de c.v.",arroz,1,0,0,2018-01-01 al 2018-06-30
2060016,arroz g largo 5% envasado,1,500,gr,0,2011-05-19,arroz envasado,S,"comercializadora de granos patron, s.a. de c.v.",arroz,0,0,0,2018-01-01 al 2018-06-30
2060017,arroz g largo 5% envasado,1,250,gr,0,2011-05-19,arroz envasado,S,"comercializadora de granos patron, s.a. de c.v.",arroz,0,0,0,2018-01-01 al 2018-06-30
2060022,arroz g largo 5% a granel,1,1,kg,0,2011-07-07,arroz a granel,S,"comercializadora de granos patron, s.a. de c.v.",arroz,0,0,0,2018-01-01 al 2018-06-30
2060023,frijol negro san luis a granel,1,1,kg,0,2011-07-11,frijol a granel,S,"comercializadora de granos patron, s.a. de c.v.",frijol,0,0,0,2018-01-01 al 2018-06-30
2060027,arroz g largo 1/2 granel,1,1,kg,0,2012-09-07,arroz a granel,S,"comercializadora de granos patron, s.a. de c.v.",arroz,0,0,0,2018-01-01 al 2018-06-30
2060028,frijol pinto saltillo a granel,1,1,kg,0,2013-05-15,frijol a granel,S,"comercializadora de granos patron, s.a. de c.v.",frijol,0,0,0,2018-01-01 al 2018-06-30
2060029,arroz g. largo 5% envasado precocido,1,750,gr,0,2013-09-17,arroz envasado,S,"comercializadora de granos patron, s.a. de c.v.",arroz,0,0,0,2018-01-01 al 2018-06-30
2072006,sal pacifico bolsa,12,1,kg,0,2010-09-24,sal molida y refinada,S,marco antonio robles pina,abarr. y art. de farmacia no grav,0,0,0,2018-01-01 al 2018-06-30
2072009,veladora limonero liso,20,1,pz,0,2013-10-24,veladoras,N,marco antonio robles pina,abarr. y art. de farmacia grav,0,0,0,2018-01-01 al 2018-06-30
2072010,veladora centella decorado,20,1,pz,0,2013-10-24,veladoras,N,marco antonio robles pina,abarr. y art. de farmacia grav,0,0,0,2018-01-01 al 2018-06-30
2076001,azucar estandar a granel,1,1,kg,0,2002-05-23,azucar estandar,S,"alimentos y viveres san rafael, s.a. de c.v.",azucar,0,0,0,2018-01-01 al 2018-06-30
2076002,frijol negro jamapa a granel,1,1,kg,0,2003-08-05,frijol a granel,S,"alimentos y viveres san rafael, s.a. de c.v.",frijol,0,0,0,2018-01-01 al 2018-06-30
2076003,frijol negro san luis a granel,1,1,kg,0,2005-05-20,frijol a granel,S,"alimentos y viveres san rafael, s.a. de c.v.",frijol,0,0,0,2018-01-01 al 2018-06-30
2076005,frijol negro san luis envasado,1,1,kg,0,2006-01-31,frijol envasado,S,"alimentos y viveres san rafael, s.a. de c.v.",frijol,1,0,0,2018-01-01 al 2018-06-30
2076009,azucar estandar envasada,1,1,kg,0,2006-08-17,azucar estandar,S,"alimentos y viveres san rafael, s.a. de c.v.",azucar,0,0,0,2018-01-01 al 2018-06-30
2076016,arroz g. largo 5% a granel,1,1,kg,0,2013-03-15,arroz a granel,S,"alimentos y viveres san rafael, s.a. de c.v.",arroz,0,0,0,2018-01-01 al 2018-06-30
2077003,maiz blanco nacional envasado,1000,1,kg,0,2007-01-19,maiz blanco,S,"cargill de mexico, s.a. de c.v.",maiz,1,0,0,2018-01-01 al 2018-06-30
2165001,arroz m filipino 5% envasado,1,1,kg,0,2015-03-03,arroz envasado,S,"arroceros del valle del marquez, s.p.r. de r.l.",arroz,0,0,0,2018-01-01 al 2018-06-30
2165002,arroz m filipino 5% envasado,1,500,gr,0,2015-08-11,arroz envasado,S,"arroceros del valle del marquez, s.p.r. de r.l.",arroz,0,0,0,2018-01-01 al 2018-06-30
2176003,maiz blanco nacional a granel,1000,1,kg,0,2006-06-02,maiz blanco,S,"comercializadora columbia, s.a. de c.v.",maiz,0,0,0,2018-01-01 al 2018-06-30
2176004,maiz blanco nacional envasado,1000,1,kg,0,2006-06-02,maiz blanco,S,"comercializadora columbia, s.a. de c.v.",maiz,1,0,0,2018-01-01 al 2018-06-30
2176010,maiz blanco importado envasado,1000,1,kg,0,2011-06-15,maiz blanco,S,"comercializadora columbia, s.a. de c.v.",maiz,1,0,0,2018-01-01 al 2018-06-30
2193015,papel hig iris 376 hojas dobles,20,4,pz,0,2012-02-27,papel higienico,S,"distribuidora de panales de culiacan, s.a. de c.v.",abarr. y art. de farmacia grav,0,0,0,2018-01-01 al 2018-06-30
2193018,te de manzanilla la pastora,12,12,pz,0,2016-03-04,te,N,"distribuidora de panales de culiacan, s.a. de c.v.",abarr. y art. de farmacia no grav,0,0,0,2018-01-01 al 2018-06-30
2217007,aceite vegetal sarita,12,900,ml,0,2004-05-03,aceite vegetal comestible,S,"proteinas y oleicos, s.a. de c.v.",abarr. y art. de farmacia no grav,0,0,0,2018-01-01 al 2018-06-30
2217008,manteca vegetal sarita,12,1,kg,0,2003-11-14,manteca vegetal,S,"proteinas y oleicos, s.a. de c.v.",abarr. y art. de farmacia no grav,0,0,0,2018-01-01 al 2018-06-30
2217029,aceite vegetal hysa puro de soya,12,946,ml,0,2009-03-11,aceite vegetal comestible,S,"proteinas y oleicos, s.a. de c.v.",abarr. y art. de farmacia no grav,0,0,0,2018-01-01 al 2018-06-30
2217030,aceite vegetal cocinera,12,946,ml,0,2009-03-11,aceite vegetal comestible,S,"proteinas y oleicos, s.a. de c.v.",abarr. y art. de farmacia no grav,0,0,0,2018-01-01 al 2018-06-30
2217032,aceite vegetal cocinera,24,450,ml,0,2010-09-22,aceite vegetal comestible,S,"proteinas y oleicos, s.a. de c.v.",abarr. y art. de farmacia no grav,0,0,0,2018-01-01 al 2018-06-30
2217033,aceite vegetal victoria puro de soya,12,900,ml,0,2013-03-12,aceite vegetal comestible,S,"proteinas y oleicos, s.a. de c.v.",abarr. y art. de farmacia no grav,0,0,0,2018-01-01 al 2018-06-30
2217035,aceite vegetal hysa premium,12,1,lt,0,2014-02-11,aceite vegetal comestible,S,"proteinas y oleicos, s.a. de c.v.",abarr. y art. de farmacia no grav,0,0,0,2018-01-01 al 2018-06-30
2217036,aceite vegetal negrita,12,880,ml,0,2014-06-23,aceite vegetal comestible,S,"proteinas y oleicos, s.a. de c.v.",abarr. y art. de farmacia no grav,0,0,0,2018-01-01 al 2018-06-30
2217038,aceite comestible de soya diconsa,12,1,lt,0,2017-04-05,aceite vegetal comestible,S,"proteinas y oleicos, s.a. de c.v.",abarr. y art. de farmacia no grav,1,1,0,2018-01-01 al 2018-06-30
2225002,frijol flor de mayo a granel,1,1,kg,0,2003-12-16,frijol a granel,S,"digrava, s.a. de c.v.",frijol,0,0,0,2018-01-01 al 2018-06-30
2225006,frijol peruano a granel,1,1,kg,0,2004-03-23,frijol a granel,S,"digrava, s.a. de c.v.",frijol,0,0,0,2018-01-01 al 2018-06-30
2225007,frijol negro san luis a granel,1,1,kg,0,2004-06-03,frijol a granel,S,"digrava, s.a. de c.v.",frijol,0,0,0,2018-01-01 al 2018-06-30
2225012,frijol flor de mayo envasado,1,1,kg,0,2004-09-03,frijol envasado,S,"digrava, s.a. de c.v.",frijol,1,0,0,2018-01-01 al 2018-06-30
2225013,frijol azufrado a granel,1,1,kg,0,2004-12-07,frijol a granel,S,"digrava, s.a. de c.v.",frijol,0,0,0,2018-01-01 al 2018-06-30
2225014,frijol negro jamapa a granel,1,1,kg,0,2004-12-14,frijol a granel,S,"digrava, s.a. de c.v.",frijol,0,0,0,2018-01-01 al 2018-06-30
2225016,frijol flor de junio marcela envasado,1,1,kg,0,2005-11-22,frijol envasado,S,"digrava, s.a. de c.v.",frijol,1,0,0,2018-01-01 al 2018-06-30
2225017,frijol negro san luis envasado,1,1,kg,0,2005-12-26,frijol envasado,S,"digrava, s.a. de c.v.",frijol,0,0,0,2018-01-01 al 2018-06-30
2225020,frijol pinto saltillo envasado,1,1,kg,0,2007-07-12,frijol envasado,S,"digrava, s.a. de c.v.",frijol,0,0,0,2018-01-01 al 2018-06-30
2225022,frijol negro jamapa envasado,1,1,kg,0,2007-07-24,frijol envasado,S,"digrava, s.a. de c.v.",frijol,1,0,0,2018-01-01 al 2018-06-30
2225023,frijol pinto bill-z envasado,1,1,kg,0,2008-07-23,frijol envasado,S,"digrava, s.a. de c.v.",frijol,1,0,0,2018-01-01 al 2018-06-30
2225024,frijol bayo berrendo envasado,1,1,kg,0,2009-07-03,frijol envasado,S,"digrava, s.a. de c.v.",frijol,1,0,0,2018-01-01 al 2018-06-30
2225025,frijol peruano bola envasado,1,1,kg,0,2009-11-09,frijol envasado,S,"digrava, s.a. de c.v.",frijol,1,0,0,2018-01-01 al 2018-06-30
2225026,frijol peruano higuera  envasado,1,1,kg,0,2009-11-26,frijol envasado,S,"digrava, s.a. de c.v.",frijol,0,0,0,2018-01-01 al 2018-06-30
2225028,frijol azufrado envasado,1,1,kg,0,2010-02-09,frijol envasado,S,"digrava, s.a. de c.v.",frijol,1,0,0,2018-01-01 al 2018-06-30
2225030,frijol pinto saltillo a granel,1,1,kg,0,2017-05-15,frijol a granel,S,"digrava, s.a. de c.v.",frijol,0,0,0,2018-01-01 al 2018-06-30
2241022,pelicula imp 2t 28/250 450 gr arroz,1,1,kg,0,2006-12-21,bolsas para despensas,N,"polimerida, s.a. de c.v.",miscelaneos grav,0,0,0,2018-01-01 al 2018-06-30
2241023,pelicula imp 2t 28/250 450 gr frijol,1,1,kg,0,2006-12-21,bolsas para despensas,N,"polimerida, s.a. de c.v.",miscelaneos grav,0,0,0,2018-01-01 al 2018-06-30
2241024,pelicula imp 2t 28/250 450 gr azucar,1,1,kg,0,2006-12-21,bolsas para despensas,N,"polimerida, s.a. de c.v.",miscelaneos grav,0,0,0,2018-01-01 al 2018-06-30
2241025,pelicula imp 2t 33/250 900 gr arroz,1,1,kg,0,2006-12-21,bolsas para despensas,N,"polimerida, s.a. de c.v.",miscelaneos grav,0,0,0,2018-01-01 al 2018-06-30
2241026,pelicula imp 2t 33/250 900 gr frijol,1,1,kg,0,2006-12-21,bolsas para despensas,N,"polimerida, s.a. de c.v.",miscelaneos grav,0,0,0,2018-01-01 al 2018-06-30
2241027,pelicula imp 2t 33/250 900 gr azucar,1,1,kg,0,2006-12-21,bolsas para despensas,N,"polimerida, s.a. de c.v.",miscelaneos grav,0,0,0,2018-01-01 al 2018-06-30
2241035,bolsa nat sin imp 50x70/200,1,1,kg,0,2007-01-18,bolsas para despensas,N,"polimerida, s.a. de c.v.",miscelaneos grav,0,0,0,2018-01-01 al 2018-06-30
2241040,pelicula plana b.d. imp azucar 1k,1,1,kg,0,2008-05-14,bolsas para despensas,N,"polimerida, s.a. de c.v.",miscelaneos grav,0,0,0,2018-01-01 al 2018-06-30
2241041,bolsa pol nat s/imp de 40x60 cl 200,1,1,kg,0,2008-07-10,bolsas para despensas,N,"polimerida, s.a. de c.v.",miscelaneos grav,0,0,0,2018-01-01 al 2018-06-30
2241049,bolsa t/camisa pol bd pig rec,1,1,kg,0,2014-04-08,bolsas para despensas,N,"polimerida, s.a. de c.v.",miscelaneos grav,0,0,0,2018-01-01 al 2018-06-30
2247002,frijol peruano a granel,1,1,kg,0,2004-02-09,frijol a granel,S,"agro proveedora del pacifico, s.a. de c.v.",frijol,0,0,0,2018-01-01 al 2018-06-30
2247004,frijol negro jamapa envasado,1,1,kg,0,2004-05-04,frijol envasado,S,"agro proveedora del pacifico, s.a. de c.v.",frijol,1,0,0,2018-01-01 al 2018-06-30
2247005,frijol pinto saltillo envasado,1,1,kg,0,2004-05-04,frijol envasado,S,"agro proveedora del pacifico, s.a. de c.v.",frijol,1,0,0,2018-01-01 al 2018-06-30
2247006,frijol negro jamapa a granel,1,1,kg,0,2004-05-28,frijol a granel,S,"agro proveedora del pacifico, s.a. de c.v.",frijol,0,0,0,2018-01-01 al 2018-06-30
2247009,frijol azufrado a granel,1,1,kg,0,2004-06-21,frijol a granel,S,"agro proveedora del pacifico, s.a. de c.v.",frijol,0,0,0,2018-01-01 al 2018-06-30
2247010,frijol flor de junio marcela envasado,1,1,kg,0,2004-07-05,frijol envasado,S,"agro proveedora del pacifico, s.a. de c.v.",frijol,0,0,0,2018-01-01 al 2018-06-30
2247011,frijol flor de mayo media oreja a granel,1,1,kg,0,2005-07-11,frijol a granel,S,"agro proveedora del pacifico, s.a. de c.v.",frijol,0,0,0,2018-01-01 al 2018-06-30
2247012,frijol flor de junio marcela a granel,1,1,kg,0,2005-07-11,frijol a granel,S,"agro proveedora del pacifico, s.a. de c.v.",frijol,0,0,0,2018-01-01 al 2018-06-30
2247016,frijol peruano bola envasado,1,1,kg,0,2009-07-03,frijol envasado,S,"agro proveedora del pacifico, s.a. de c.v.",frijol,0,0,0,2018-01-01 al 2018-06-30
2247017,frijol azufrado envasado,1,1,kg,0,2009-07-03,frijol envasado,S,"agro proveedora del pacifico, s.a. de c.v.",frijol,0,0,0,2018-01-01 al 2018-06-30
2247018,frijol flor de mayo media oreja envasado,1,1,kg,0,2009-11-09,frijol envasado,S,"agro proveedora del pacifico, s.a. de c.v.",frijol,0,0,0,2018-01-01 al 2018-06-30
2247019,frijol negro san luis envasado,1,1,kg,0,2010-01-15,frijol envasado,S,"agro proveedora del pacifico, s.a. de c.v.",frijol,0,0,0,2018-01-01 al 2018-06-30
2247020,frijol pinto saltillo a granel,1,1,kg,0,2012-02-16,frijol a granel,S,"agro proveedora del pacifico, s.a. de c.v.",frijol,0,0,0,2018-01-01 al 2018-06-30
2247021,frijol peruano higuera envasado,1,1,kg,0,2013-10-16,frijol envasado,S,"agro proveedora del pacifico, s.a. de c.v.",frijol,0,0,0,2018-01-01 al 2018-06-30
2256004,frijol pinto saltillo envasado,1,1,kg,0,2008-12-04,frijol envasado,S,"del campo productos, s.p.r. de r.l. de c.v.",frijol,1,0,0,2018-01-01 al 2018-06-30
2256007,frijol garbancillo a granel,1,1,kg,0,2012-11-23,frijol a granel,S,"del campo productos, s.p.r. de r.l. de c.v.",frijol,0,0,0,2018-01-01 al 2018-06-30
2256008,frijol pinto bill-z envasado,1,1,kg,0,2013-01-28,frijol envasado,S,"del campo productos, s.p.r. de r.l. de c.v.",frijol,1,0,0,2018-01-01 al 2018-06-30
2256009,frijol pinto saltillo granel,1,1,kg,0,2017-03-17,frijol a granel,S,"del campo productos, s.p.r. de r.l. de c.v.",frijol,0,0,0,2018-01-01 al 2018-06-30
2272006,frijol flor de junio a granel,1,1,kg,0,2006-08-01,frijol a granel,S,humberto rios alonso,frijol,0,0,0,2018-01-01 al 2018-06-30
2276003,maiz blanco nacional a granel,1000,1,kg,0,2006-06-21,maiz blanco,S,"mercanta, s.a. de c.v.",maiz,0,0,0,2018-01-01 al 2018-06-30
2276004,maiz blanco nacional envasado,1000,1,kg,0,2006-06-21,maiz blanco,S,"mercanta, s.a. de c.v.",maiz,0,0,0,2018-01-01 al 2018-06-30
2284025,calentador aluminio,100,1,pz,0,2010-03-23,material electrico,N,"maliq, s.a. de c.v.",miscelaneos grav,0,0,0,2018-01-01 al 2018-06-30
2284029,lampara espiral fluorescente 23w,50,1,pz,0,2010-06-08,focos,N,"maliq, s.a. de c.v.",miscelaneos grav,0,0,0,2018-01-01 al 2018-06-30
2284030,lampara de halogeno bajo consumo a19/72w,100,1,pz,0,2015-06-09,focos,N,"maliq, s.a. de c.v.",miscelaneos grav,0,0,0,2018-01-01 al 2018-06-30
2284033,lampara espiral flourescente 45 w 6000hr,20,1,pz,0,2016-03-16,focos,N,"maliq, s.a. de c.v.",miscelaneos grav,0,0,0,2018-01-01 al 2018-06-30
2284034,lampara espiral fluorescente 18w,50,1,pz,0,2016-03-16,focos,N,"maliq, s.a. de c.v.",miscelaneos grav,0,0,0,2018-01-01 al 2018-06-30
2284035,lampara de halogeno bajo consumo a19/43w,100,1,pz,0,2016-03-16,focos,N,"maliq, s.a. de c.v.",miscelaneos grav,0,0,0,2018-01-01 al 2018-06-30
2284036,lampara espiral fluorescente 28w,50,1,pz,0,2016-03-16,focos,N,"maliq, s.a. de c.v.",miscelaneos grav,0,0,0,2018-01-01 al 2018-06-30
2293016,cajeta quemada real del potosi,24,240,gr,0,2017-11-09,cajeta,N,"comercial baez, s.a. de c.v.",pago abarrotes gravado ieps (propio,0,0,8,2018-01-01 al 2018-06-30
2328001,cepillo de plastico manual chico cp 20,48,1,pz,0,2004-10-14,"escobas, escobetas y cepillos",N,alarcon ramirez donaciano,art. de hogar y jarcieria grav,0,0,0,2018-01-01 al 2018-06-30
2328002,cepillo de plastico manual grande cp 30,48,1,pz,0,2004-10-14,"escobas, escobetas y cepillos",N,alarcon ramirez donaciano,art. de hogar y jarcieria grav,0,0,0,2018-01-01 al 2018-06-30
2328003,cepillo de plastico plancha trad cp 35,48,1,pz,0,2004-10-14,"escobas, escobetas y cepillos",N,alarcon ramirez donaciano,art. de hogar y jarcieria grav,0,0,0,2018-01-01 al 2018-06-30
2328004,escoba de vinil o tipo cepillo chica ce,24,1,pz,0,2004-10-14,"escobas, escobetas y cepillos",N,alarcon ramirez donaciano,art. de hogar y jarcieria grav,0,0,0,2018-01-01 al 2018-06-30
2328005,escoba de vinil o tipo abanico italiana,12,1,pz,0,2004-10-14,"escobas, escobetas y cepillos",N,alarcon ramirez donaciano,art. de hogar y jarcieria grav,0,0,0,2018-01-01 al 2018-06-30
2328006,escoba de vinilo tipo abanico c/cap ai,24,1,pz,0,2004-10-14,"escobas, escobetas y cepillos",N,alarcon ramirez donaciano,art. de hogar y jarcieria grav,0,0,0,2018-01-01 al 2018-06-30
2328007,escoba de plastico mixta tipo ab 200,12,1,pz,0,2004-10-14,"escobas, escobetas y cepillos",N,alarcon ramirez donaciano,art. de hogar y jarcieria grav,0,0,0,2018-01-01 al 2018-06-30
2328008,escoba de vinilo o tipo cepillo grande,12,1,pz,0,2004-10-14,"escobas, escobetas y cepillos",N,alarcon ramirez donaciano,art. de hogar y jarcieria grav,0,0,0,2018-01-01 al 2018-06-30
2328011,trapeador pabilo mediano,12,1,pz,0,2004-10-14,trapeadores y mechudos,N,alarcon ramirez donaciano,art. de hogar y jarcieria grav,0,0,0,2018-01-01 al 2018-06-30
2328012,trapeador pabilo grande,12,1,pz,0,2004-10-14,trapeadores y mechudos,N,alarcon ramirez donaciano,art. de hogar y jarcieria grav,0,0,0,2018-01-01 al 2018-06-30
2328013,jalador de agua 40 cm metalico,12,1,pz,0,2004-10-14,trapeadores y mechudos,N,alarcon ramirez donaciano,art. de hogar y jarcieria grav,0,0,0,2018-01-01 al 2018-06-30
2328014,jalador de plastico multiusos 40 cm,24,1,pz,0,2004-10-14,trapeadores y mechudos,N,alarcon ramirez donaciano,art. de hogar y jarcieria grav,0,0,0,2018-01-01 al 2018-06-30
2328015,recogedor de plastico manual,48,1,pz,0,2004-10-14,utensilios d/plastico madera y vidrio,N,alarcon ramirez donaciano,art. de hogar y jarcieria grav,0,0,0,2018-01-01 al 2018-06-30
2328018,batidor no.0,250,1,pz,0,2007-12-19,utensilios d/plastico madera y vidrio,N,alarcon ramirez donaciano,art. de hogar y jarcieria grav,0,0,0,2018-01-01 al 2018-06-30
2328019,batidor no.2 1/2,100,1,pz,0,2007-12-19,utensilios d/plastico madera y vidrio,N,alarcon ramirez donaciano,art. de hogar y jarcieria grav,0,0,0,2018-01-01 al 2018-06-30
2328020,batidor no.3,100,1,pz,0,2007-12-19,utensilios d/plastico madera y vidrio,N,alarcon ramirez donaciano,art. de hogar y jarcieria grav,0,0,0,2018-01-01 al 2018-06-30
2328021,cubeta no.6,100,1,pz,0,2007-12-19,utensilios d/plastico madera y vidrio,N,alarcon ramirez donaciano,art. de hogar y jarcieria grav,0,0,0,2018-01-01 al 2018-06-30
2328022,cubeta no.8,100,1,pz,0,2007-12-19,utensilios d/plastico madera y vidrio,N,alarcon ramirez donaciano,art. de hogar y jarcieria grav,0,0,0,2018-01-01 al 2018-06-30
2328023,cubeta no.10,100,1,pz,0,2007-12-19,utensilios d/plastico madera y vidrio,N,alarcon ramirez donaciano,art. de hogar y jarcieria grav,0,0,0,2018-01-01 al 2018-06-30
2328025,cubeta no.16,50,1,pz,0,2007-12-19,utensilios d/plastico madera y vidrio,N,alarcon ramirez donaciano,art. de hogar y jarcieria grav,0,0,0,2018-01-01 al 2018-06-30
2328027,pinzas para ropa,70,24,pz,0,2007-12-19,utensilios d/plastico madera y vidrio,N,alarcon ramirez donaciano,art. de hogar y jarcieria grav,0,0,0,2018-01-01 al 2018-06-30
2328028,palangana no.16,50,1,pz,0,2007-12-19,utensilios d/plastico madera y vidrio,N,alarcon ramirez donaciano,art. de hogar y jarcieria grav,0,0,0,2018-01-01 al 2018-06-30
2328029,cubeta no.12,50,1,pz,0,2008-03-14,utensilios d/plastico madera y vidrio,N,alarcon ramirez donaciano,art. de hogar y jarcieria grav,0,0,0,2018-01-01 al 2018-06-30
2328030,gancho grande,48,10,pz,0,2008-03-14,utensilios d/plastico madera y vidrio,N,alarcon ramirez donaciano,art. de hogar y jarcieria grav,0,0,0,2018-01-01 al 2018-06-30
2328031,jerga costurada 50x95,25,1,pz,0,2009-10-05,franelas y jergas,N,alarcon ramirez donaciano,art. de hogar y jarcieria grav,0,0,0,2018-01-01 al 2018-06-30
2328032,banera para bebe colores verde y azul,5,1,pz,0,2009-10-05,utensilios d/plastico madera y vidrio,N,alarcon ramirez donaciano,art. de hogar y jarcieria grav,0,0,0,2018-01-01 al 2018-06-30
2328035,franela costurada 50x95 cm color rojo,25,1,pz,0,2010-04-27,franelas y jergas,N,alarcon ramirez donaciano,art. de hogar y jarcieria grav,0,0,0,2018-01-01 al 2018-06-30
2328036,recogedor de plastico c/baston meta pr-b,24,1,pz,0,2010-04-27,utensilios d/plastico madera y vidrio,N,alarcon ramirez donaciano,art. de hogar y jarcieria grav,0,0,0,2018-01-01 al 2018-06-30
2328037,pastilla poblanitai 70 gr,50,1,pz,0,2012-08-01,aromatizantes,N,alarcon ramirez donaciano,abarr. y art. de farmacia grav,0,0,0,2018-01-01 al 2018-06-30
2328038,limpia hornos mary c/aplicador,30,1,pz,0,2012-08-01,limpiadores liquidos,N,alarcon ramirez donaciano,abarr. y art. de farmacia grav,0,0,0,2018-01-01 al 2018-06-30
2347002,frijol pinto bill-z envasado,1,1,kg,0,2005-11-14,frijol envasado,S,gonzalo gallegos montes,frijol,1,0,0,2018-01-01 al 2018-06-30
2347005,frijol pinto saltillo envasado,1,1,kg,0,2008-03-26,frijol envasado,S,gonzalo gallegos montes,frijol,1,0,0,2018-01-01 al 2018-06-30
2352009,caldo de pollo knorr suiza c/8 cub.,105,88,gr,0,2004-12-16,consomes,S,"unilever de mexico, s. de r.l. de c.v.",abarr. y art. de farmacia no grav,0,0,0,2018-01-01 al 2018-06-30
2352010,caldo de pollo tomat exhib,288,22,gr,0,2004-12-16,consomes,S,"unilever de mexico, s. de r.l. de c.v.",abarr. y art. de farmacia no grav,0,0,0,2018-01-01 al 2018-06-30
2352013,caldo pollo k suiza fco,24,100,gr,0,2004-12-16,consomes,S,"unilever de mexico, s. de r.l. de c.v.",abarr. y art. de farmacia no grav,0,0,0,2018-01-01 al 2018-06-30
2352014,concent knorr tomat fco,24,100,gr,0,2004-12-16,consomes,S,"unilever de mexico, s. de r.l. de c.v.",abarr. y art. de farmacia no grav,0,0,0,2018-01-01 al 2018-06-30
2352018,mayonesa bestfoods,24,217,gr,1,2004-12-16,mayonesas,S,"unilever de mexico, s. de r.l. de c.v.",abarr. y art. de farmacia no grav,0,0,0,2018-01-01 al 2018-06-30
2352020,mayonesa hellman s pet,24,105,gr,1,2004-12-16,mayonesas,S,"unilever de mexico, s. de r.l. de c.v.",abarr. y art. de farmacia no grav,0,0,0,2018-01-01 al 2018-06-30
2352021,mayonesa hellman s pet,24,190,gr,1,2004-12-16,mayonesas,S,"unilever de mexico, s. de r.l. de c.v.",abarr. y art. de farmacia no grav,0,0,0,2018-01-01 al 2018-06-30
2352022,mayonesa hellman s pet,12,390,gr,1,2004-12-16,mayonesas,S,"unilever de mexico, s. de r.l. de c.v.",abarr. y art. de farmacia no grav,0,0,0,2018-01-01 al 2018-06-30
2352023,mayonesa hellman s pet,12,790,gr,1,2004-12-16,mayonesas,S,"unilever de mexico, s. de r.l. de c.v.",abarr. y art. de farmacia no grav,0,0,0,2018-01-01 al 2018-06-30
2352038,crema s de ponds grande,24,100,gr,0,2004-12-16,cremas para uso personal,N,"unilever de mexico, s. de r.l. de c.v.",perfumeria y art de tocador grav,0,0,0,2018-01-01 al 2018-06-30
2352050,jabon toc dove barra blanca,48,100,gr,0,2004-12-16,jabones de tocador,S,"unilever de mexico, s. de r.l. de c.v.",abarr. y art. de farmacia grav,0,0,0,2018-01-01 al 2018-06-30
2352051,jabon toc dove barra blanca,48,135,gr,0,2004-12-16,jabones de tocador,S,"unilever de mexico, s. de r.l. de c.v.",abarr. y art. de farmacia grav,0,0,0,2018-01-01 al 2018-06-30
2352081,maizena regular,150,95,gr,1,2004-12-16,atoles,N,"unilever de mexico, s. de r.l. de c.v.",abarr. y art. de farmacia no grav,0,0,0,2018-01-01 al 2018-06-30
2352082,maizena regular,96,160,gr,1,2004-12-16,atoles,N,"unilever de mexico, s. de r.l. de c.v.",abarr. y art. de farmacia no grav,0,0,0,2018-01-01 al 2018-06-30
2352083,maizena regular,40,425,gr,1,2004-12-16,atoles,N,"unilever de mexico, s. de r.l. de c.v.",abarr. y art. de farmacia no grav,0,0,0,2018-01-01 al 2018-06-30
2352085,maizena vit. y min. fresa,144,47,gr,1,2004-12-16,atoles,N,"unilever de mexico, s. de r.l. de c.v.",abarr. y art. de farmacia no grav,0,0,0,2018-01-01 al 2018-06-30
2352086,maizena vit. y min. nuez,144,47,gr,1,2004-12-16,atoles,N,"unilever de mexico, s. de r.l. de c.v.",abarr. y art. de farmacia no grav,0,0,0,2018-01-01 al 2018-06-30
2352087,maizena vit. y min. vainilla,144,47,gr,1,2004-12-16,atoles,N,"unilever de mexico, s. de r.l. de c.v.",abarr. y art. de farmacia no grav,0,0,0,2018-01-01 al 2018-06-30
2352089,maizena vit. y min. coco,144,47,gr,1,2004-12-16,atoles,N,"unilever de mexico, s. de r.l. de c.v.",abarr. y art. de farmacia no grav,0,0,0,2018-01-01 al 2018-06-30
2352091,maizena vit. y min. choco,144,45,gr,1,2004-12-16,atoles,N,"unilever de mexico, s. de r.l. de c.v.",abarr. y art. de farmacia no grav,0,0,0,2018-01-01 al 2018-06-30
2352136,mayonesa bestfoods,12,433,gr,1,2005-11-15,mayonesas,S,"unilever de mexico, s. de r.l. de c.v.",abarr. y art. de farmacia no grav,0,0,0,2018-01-01 al 2018-06-30
2352145,shampoo sedal ceramidas 350 ml,12,350,ml,0,2006-01-25,shampoo y acondicionadores,N,"unilever de mexico, s. de r.l. de c.v.",perfumeria y art de tocador grav,0,0,0,2018-01-01 al 2018-06-30
2352155,tomatisimo 12 exh de 24 est c/2 cub,12,528,gr,0,2006-05-25,consomes,S,"unilever de mexico, s. de r.l. de c.v.",abarr. y art. de farmacia no grav,0,0,0,2018-01-01 al 2018-06-30
2352156,tomatisimo 72 caj c/8 cub.,72,88,gr,0,2006-05-25,consomes,S,"unilever de mexico, s. de r.l. de c.v.",abarr. y art. de farmacia no grav,0,0,0,2018-01-01 al 2018-06-30
2352184,knorr tomate estuche 8 cub,84,88,gr,0,2008-04-04,consomes,S,"unilever de mexico, s. de r.l. de c.v.",abarr. y art. de farmacia no grav,0,0,0,2018-01-01 al 2018-06-30
2352189,dove rollon 12x55gr/50ml,12,50,ml,0,2008-06-04,desodorantes de uso personal,N,"unilever de mexico, s. de r.l. de c.v.",perfumeria y art de tocador grav,0,0,0,2018-01-01 al 2018-06-30
2352198,sedal cr pein rizos definidos 12x300ml,12,300,ml,0,2016-12-21,shampoo y acondicionadores,N,"unilever de mexico, s. de r.l. de c.v.",perfumeria y art de tocador grav,0,0,0,2018-01-01 al 2018-06-30
2352200,sedal cr pein ceramidas 12x300ml,12,300,ml,0,2009-12-21,shampoo y acondicionadores,N,"unilever de mexico, s. de r.l. de c.v.",perfumeria y art de tocador grav,0,0,0,2018-01-01 al 2018-06-30
2352201,sedal cr pein anti sponge 12x300ml,12,300,ml,0,2009-12-21,shampoo y acondicionadores,N,"unilever de mexico, s. de r.l. de c.v.",perfumeria y art de tocador grav,0,0,0,2018-01-01 al 2018-06-30
2352202,crema p/peinar liso perfecto sedal,12,300,ml,0,2009-12-21,fijadores para cabello,N,"unilever de mexico, s. de r.l. de c.v.",perfumeria y art de tocador grav,0,0,0,2018-01-01 al 2018-06-30
2352203,sedal cr pein brillo gloss 12x300ml,12,300,ml,0,2009-12-21,shampoo y acondicionadores,N,"unilever de mexico, s. de r.l. de c.v.",perfumeria y art de tocador grav,0,0,0,2018-01-01 al 2018-06-30
2352204,axe rollon dark temptation 12x53gr/50ml,12,50,ml,0,2011-04-18,desodorantes de uso personal,N,"unilever de mexico, s. de r.l. de c.v.",perfumeria y art de tocador grav,0,0,0,2018-01-01 al 2018-06-30
2352208,sedal sh 2en1 ceramidas 12x24x15 ml,288,15,ml,0,2011-07-07,shampoo y acondicionadores,N,"unilever de mexico, s. de r.l. de c.v.",abarr. y art. de farmacia grav,0,0,0,2018-01-01 al 2018-06-30
2352212,knorr suiza exh. 12x24 est,288,22,gr,0,2012-10-04,consomes,S,"unilever de mexico, s. de r.l. de c.v.",abarr. y art. de farmacia no grav,0,0,0,2018-01-01 al 2018-06-30
2352220,sedal sh ceramidas 12x200 ml,12,200,ml,0,2013-10-18,shampoo y acondicionadores,N,"unilever de mexico, s. de r.l. de c.v.",perfumeria y art de tocador grav,0,0,0,2018-01-01 al 2018-06-30
2352221,sedal sh sos r estr 12x200 ml,12,200,ml,0,2013-10-18,shampoo y acondicionadores,N,"unilever de mexico, s. de r.l. de c.v.",perfumeria y art de tocador grav,0,0,0,2018-01-01 al 2018-06-30
2352237,zest jab aqua 72x150g,72,150,gr,0,2016-06-13,jabones de tocador,S,"unilever de mexico, s. de r.l. de c.v.",abarr. y art. de farmacia grav,0,0,0,2018-01-01 al 2018-06-30
2352238,camay jab clasico 72gx150g,72,150,gr,0,2016-06-13,jabones de tocador,S,"unilever de mexico, s. de r.l. de c.v.",abarr. y art. de farmacia grav,0,0,0,2018-01-01 al 2018-06-30
2352239,zest jab neutro 72x150g,72,150,gr,0,2016-06-13,jabones de tocador,S,"unilever de mexico, s. de r.l. de c.v.",abarr. y art. de farmacia grav,0,0,0,2018-01-01 al 2018-06-30
2352240,zest jab pepino 72x150g,72,150,gr,0,2016-06-13,jabones de tocador,S,"unilever de mexico, s. de r.l. de c.v.",abarr. y art. de farmacia grav,0,0,0,2018-01-01 al 2018-06-30
2352241,zest jab manzanilla 72x150g,72,150,gr,0,2016-06-13,jabones de tocador,S,"unilever de mexico, s. de r.l. de c.v.",abarr. y art. de farmacia grav,0,0,0,2018-01-01 al 2018-06-30
2352245,zest jab almendra y avena 72x150g,72,150,gr,0,2016-06-13,jabones de tocador,S,"unilever de mexico, s. de r.l. de c.v.",abarr. y art. de farmacia grav,0,0,0,2018-01-01 al 2018-06-30
2352246,shampoo sedal ceramidas 12 340ml,12,340,ml,0,2017-03-08,shampoo y acondicionadores,N,"unilever de mexico, s. de r.l. de c.v.",perfumeria y art de tocador grav,0,0,0,2018-01-01 al 2018-06-30
2352247,sedal sh sos ceramidas 12x190 ml,12,190,ml,0,2017-03-08,shampoo y acondicionadores,N,"unilever de mexico, s. de r.l. de c.v.",perfumeria y art de tocador grav,0,0,0,2018-01-01 al 2018-06-30
2352248,sedal sh sos r estr 12x190 ml,12,190,ml,0,2017-03-08,shampoo y acondicionadores,N,"unilever de mexico, s. de r.l. de c.v.",perfumeria y art de tocador grav,0,0,0,2018-01-01 al 2018-06-30
2352249,sedal cr pein liso perfecto 12x300ml,12,300,ml,0,2017-03-09,shampoo y acondicionadores,N,"unilever de mexico, s. de r.l. de c.v.",perfumeria y art de tocador grav,0,0,0,2018-01-01 al 2018-06-30
2352250,savile sh keratina 12x16x24 ml,192,24,ml,0,2018-09-06,shampoo y acondicionadores,N,"unilever de mexico, s. de r.l. de c.v.",perfumeria y art de tocador grav,0,0,0,2018-01-01 al 2018-06-30
2352251,savile sh biotina 12x16x24 ml,192,24,ml,0,2018-09-06,shampoo y acondicionadores,N,"unilever de mexico, s. de r.l. de c.v.",perfumeria y art de tocador grav,0,0,0,2018-01-01 al 2018-06-30
2352252,savile sh keratina 12x750 ml,12,750,ml,0,2018-09-06,shampoo y acondicionadores,N,"unilever de mexico, s. de r.l. de c.v.",perfumeria y art de tocador grav,0,0,0,2018-01-01 al 2018-06-30
2352253,savile sh biotina 12x750 ml,12,750,ml,0,2018-09-06,shampoo y acondicionadores,N,"unilever de mexico, s. de r.l. de c.v.",perfumeria y art de tocador grav,0,0,0,2018-01-01 al 2018-06-30
2352254,savile sh aceite argan 12x180 ml,12,180,ml,0,2018-09-06,shampoo y acondicionadores,N,"unilever de mexico, s. de r.l. de c.v.",perfumeria y art de tocador grav,0,0,0,2018-01-01 al 2018-06-30
2352255,savile sh biotina 12x180 ml,12,180,ml,0,2018-09-06,shampoo y acondicionadores,N,"unilever de mexico, s. de r.l. de c.v.",perfumeria y art de tocador grav,0,0,0,2018-01-01 al 2018-06-30
2352256,axe deo aer comp dark tempation 12x58g,12,58,gr,0,2018-09-06,desodorantes de uso personal,N,"unilever de mexico, s. de r.l. de c.v.",perfumeria y art de tocador grav,0,0,0,2018-01-01 al 2018-06-30
2352257,axe deo aer bs dark tempt 12x96g/150ml,12,150,ml,0,2018-09-06,desodorantes de uso personal,N,"unilever de mexico, s. de r.l. de c.v.",perfumeria y art de tocador grav,0,0,0,2018-01-01 al 2018-06-30
2352258,rexona deo aer ap v8 12x96g/150ml,12,150,ml,0,2018-09-06,desodorantes de uso personal,N,"unilever de mexico, s. de r.l. de c.v.",perfumeria y art de tocador grav,0,0,0,2018-01-01 al 2018-06-30
2352259,rexona deo apa powder dr 12x62.5gr/105ml,12,105,ml,0,2018-09-06,desodorantes de uso personal,N,"unilever de mexico, s. de r.l. de c.v.",perfumeria y art de tocador grav,0,0,0,2018-01-01 al 2018-06-30
2352260,rexona deo aer ap powder 12x90g/150ml,12,150,ml,0,2018-09-06,desodorantes de uso personal,N,"unilever de mexico, s. de r.l. de c.v.",perfumeria y art de tocador grav,0,0,0,2018-01-01 al 2018-06-30
2352261,zest jab aqua 24x5x100 g,24,500,gr,0,2018-09-06,jabones de tocador,S,"unilever de mexico, s. de r.l. de c.v.",abarr. y art. de farmacia grav,0,0,0,2018-01-01 al 2018-06-30
2354065,choc. abuelita 6 5641,24,540,gr,1,2004-12-17,chocolate de mesa,S,"marcas nestle, s.a. de c.v.",pago abarrotes gravado ieps (propio,0,0,8,2018-01-01 al 2018-06-30
2354079,media crema nestle 1042,24,225,gr,0,2004-12-17,crema de leche,N,"marcas nestle, s.a. de c.v.",abarr. y art. de farmacia no grav,0,0,0,2018-01-01 al 2018-06-30
2354132,leche nestle nutri rindes bolsa 36x240,36,240,gr,1,2007-06-05,leche en polvo,S,"marcas nestle, s.a. de c.v.",abarr. y art. de farmacia no grav,0,0,0,2018-01-01 al 2018-06-30
2354135,leche polvo nido1+protec lata24x360,24,360,gr,1,2007-10-15,leche en polvo,S,"marcas nestle, s.a. de c.v.",abarr. y art. de farmacia no grav,0,0,0,2018-01-01 al 2018-06-30
2354146,leche polvo nido1+protec lata12x800,12,800,gr,1,2008-04-01,leche en polvo,S,"marcas nestle, s.a. de c.v.",abarr. y art. de farmacia no grav,0,0,0,2018-01-01 al 2018-06-30
2354187,leche polvo nido clasica lata 12x840,12,840,gr,1,2010-10-04,leche en polvo,S,"marcas nestle, s.a. de c.v.",abarr. y art. de farmacia no grav,0,0,0,2018-01-01 al 2018-06-30
2354207,leche polvo nido clasica lata 24x360,24,360,gr,1,2013-04-30,leche en polvo,S,"marcas nestle, s.a. de c.v.",abarr. y art. de farmacia no grav,0,0,0,2018-01-01 al 2018-06-30
2354215,consomate 24x8x11,24,88,gr,0,2013-09-11,consomes,S,"marcas nestle, s.a. de c.v.",abarr. y art. de farmacia no grav,0,0,0,2018-01-01 al 2018-06-30
2354225,dog chow festival pollo,24,156,gr,0,2014-06-25,alimentos pecuarios,N,"marcas nestle, s.a. de c.v.",miscelaneos grav,0,0,0,2018-01-01 al 2018-06-30
2354226,dog chow buffet filete de res,24,156,gr,0,2014-06-25,alimentos pecuarios,N,"marcas nestle, s.a. de c.v.",miscelaneos grav,0,0,0,2018-01-01 al 2018-06-30
2354229,nesquik choco bolsa nitriactive,24,357,gr,0,2014-07-01,chocolate en polvo,S,"marcas nestle, s.a. de c.v.",pago abarrotes gravado ieps (propio,0,0,8,2018-01-01 al 2018-06-30
2354230,chocolate polvo morelia presidencial,24,357,gr,0,2014-07-16,chocolate en polvo,S,"marcas nestle, s.a. de c.v.",pago abarrotes gravado ieps (propio,0,0,8,2018-01-01 al 2018-06-30
2354240,chocolate granulado abuelita,24,320,gr,0,2015-02-03,chocolate en polvo,S,"marcas nestle, s.a. de c.v.",pago abarrotes gravado ieps (propio,0,0,8,2018-01-01 al 2018-06-30
2354241,media crema nestle 27x190,27,190,gr,0,2015-02-03,crema de leche,N,"marcas nestle, s.a. de c.v.",abarr. y art. de farmacia no grav,0,0,0,2018-01-01 al 2018-06-30
2354242,leche evaporada carnation lata48x360,48,360,gr,0,2015-02-03,leche evaporada y concentrada,S,"marcas nestle, s.a. de c.v.",abarr. y art. de farmacia no grav,0,0,0,2018-01-01 al 2018-06-30
2354243,leche formula inf. nidal 12x800,12,800,gr,1,2015-02-03,leche maternizada,N,"marcas nestle, s.a. de c.v.",abarr. y art. de farmacia no grav,0,0,0,2018-01-01 al 2018-06-30
2354247,coffee mate original exhibidor 9(10x34g),9,340,gr,0,2015-06-16,preparados para bebidas,N,"marcas nestle, s.a. de c.v.",abarr. y art. de farmacia no grav,0,0,0,2018-01-01 al 2018-06-30
2354248,nestea limon original 9(10x25g),90,25,gr,1,2015-06-16,refrescos en polvo,N,"marcas nestle, s.a. de c.v.",abarr. y art. de farmacia grav,0,0,0,2018-01-01 al 2018-06-30
2354250,leche nido rindes diario bolsa24x460,24,460,gr,1,2015-08-31,leche en polvo,S,"marcas nestle, s.a. de c.v.",abarr. y art. de farmacia no grav,0,0,0,2018-01-01 al 2018-06-30
2354254,dolca cafe c/azucar frasco,15,170,gr,0,2016-02-12,cafe soluble,S,"marcas nestle, s.a. de c.v.",abarr. y art. de farmacia no grav,0,0,0,2018-01-01 al 2018-06-30
2354255,fruta colada de durazno,24,113,gr,1,2016-02-12,alim. infantiles colados y picados,N,"marcas nestle, s.a. de c.v.",abarr. y art. de farmacia no grav,0,0,0,2018-01-01 al 2018-06-30
2354256,fruta colada de frutas mixtas,24,113,gr,1,2016-02-12,alim. infantiles colados y picados,N,"marcas nestle, s.a. de c.v.",abarr. y art. de farmacia no grav,0,0,0,2018-01-01 al 2018-06-30
2354257,fruta colada de frutas tropicales,24,113,gr,1,2016-02-12,alim. infantiles colados y picados,N,"marcas nestle, s.a. de c.v.",abarr. y art. de farmacia no grav,0,0,0,2018-01-01 al 2018-06-30
2354258,fruta colada de mango,24,113,gr,1,2016-02-12,alim. infantiles colados y picados,N,"marcas nestle, s.a. de c.v.",abarr. y art. de farmacia no grav,0,0,0,2018-01-01 al 2018-06-30
2354259,fruta colada de manzana,24,113,gr,1,2016-02-12,alim. infantiles colados y picados,N,"marcas nestle, s.a. de c.v.",abarr. y art. de farmacia no grav,0,0,0,2018-01-01 al 2018-06-30
2354260,fruta colada de pera,24,113,gr,1,2016-02-12,alim. infantiles colados y picados,N,"marcas nestle, s.a. de c.v.",abarr. y art. de farmacia no grav,0,0,0,2018-01-01 al 2018-06-30
2354264,leche cond. lechera lata48x387,48,387,gr,0,2016-04-29,leche condensada,S,"marcas nestle, s.a. de c.v.",abarr. y art. de farmacia no grav,0,0,0,2018-01-01 al 2018-06-30
2354266,nescafe clasico frasco 60 g.,12,60,gr,0,2016-07-06,cafe soluble,S,"marcas nestle, s.a. de c.v.",abarr. y art. de farmacia no grav,0,0,0,2018-01-01 al 2018-06-30
2354267,nescafe clasico frasco 120 g.,12,120,gr,0,2016-07-06,cafe soluble,S,"marcas nestle, s.a. de c.v.",abarr. y art. de farmacia no grav,0,0,0,2018-01-01 al 2018-06-30
2354268,nescafe clasico frasco 225 g.,12,225,gr,0,2016-07-06,cafe soluble,S,"marcas nestle, s.a. de c.v.",abarr. y art. de farmacia no grav,0,0,0,2018-01-01 al 2018-06-30
2354269,nescafe dolca frasco 12x46g,12,46,gr,0,2016-08-24,cafe soluble,S,"marcas nestle, s.a. de c.v.",abarr. y art. de farmacia no grav,0,0,0,2018-01-01 al 2018-06-30
2354270,nescafe dolca 15x80g.,15,80,gr,0,2016-08-24,cafe soluble,S,"marcas nestle, s.a. de c.v.",abarr. y art. de farmacia no grav,0,0,0,2018-01-01 al 2018-06-30
2354271,nescafe clasico stick 6(20x14g),6,280,gr,0,2016-09-28,cafe soluble,S,"marcas nestle, s.a. de c.v.",abarr. y art. de farmacia no grav,0,0,0,2018-01-01 al 2018-06-30
2354272,nescafe dolca stick (20x22g),20,22,gr,0,2016-09-28,cafe soluble,S,"marcas nestle, s.a. de c.v.",abarr. y art. de farmacia no grav,0,0,0,2018-01-01 al 2018-06-30
2354275,nescafe clasico (225g + 42g),6,267,gr,0,2017-02-28,cafe soluble,S,"marcas nestle, s.a. de c.v.",abarr. y art. de farmacia no grav,0,0,0,2018-01-01 al 2018-06-30
2354276,nido 1+ protectus bolsa 12x144gr,12,144,gr,1,2017-10-12,leche en polvo,S,"marcas nestle, s.a. de c.v.",abarr. y art. de farmacia no grav,0,0,0,2018-01-01 al 2018-06-30
2354277,nido fortificada bolsa 12x120gr,12,120,gr,1,2017-10-12,leche en polvo,S,"marcas nestle, s.a. de c.v.",abarr. y art. de farmacia no grav,0,0,0,2018-01-01 al 2018-06-30
2354278,leche formula inf. nan 1 optipro,12,360,gr,1,2017-11-27,leche maternizada,N,"marcas nestle, s.a. de c.v.",abarr. y art. de farmacia no grav,0,0,0,2018-01-01 al 2018-06-30
2354279,leche formula inf. nan 2 optipro,12,360,gr,1,2017-11-27,leche maternizada,N,"marcas nestle, s.a. de c.v.",abarr. y art. de farmacia no grav,0,0,0,2018-01-01 al 2018-06-30
2354280,nescafe dolca frasco 15x46g,15,46,gr,0,2018-06-27,cafe soluble,S,"marcas nestle, s.a. de c.v.",abarr. y art. de farmacia no grav,0,0,0,2018-01-01 al 2018-06-30
2354281,nescafe clasico stick 6(15x14g),6,210,gr,0,2018-06-27,cafe soluble,S,"marcas nestle, s.a. de c.v.",abarr. y art. de farmacia no grav,0,0,0,2018-01-01 al 2018-06-30
2354282,dog chow adult 15kg mx,1,15,kg,0,2018-08-03,alimentos pecuarios,N,"marcas nestle, s.a. de c.v.",miscelaneos grav,0,0,0,2018-01-01 al 2018-06-30
2354283,campeon recetas caseras adulto 15kg n1mx,1,15,kg,0,2018-08-03,alimentos pecuarios,N,"marcas nestle, s.a. de c.v.",miscelaneos grav,0,0,0,2018-01-01 al 2018-06-30
2354284,mainstay 15kg n2mx,1,15,kg,0,2018-08-03,alimentos pecuarios,N,"marcas nestle, s.a. de c.v.",miscelaneos grav,0,0,0,2018-01-01 al 2018-06-30
2354285,nescafe cafe de olla 15x85gr,15,85,gr,0,2018-08-13,cafe soluble,S,"marcas nestle, s.a. de c.v.",abarr. y art. de farmacia no grav,0,0,0,2018-01-01 al 2018-06-30
2354286,nescafe cafe de olla 15x170gr,15,170,gr,0,2018-08-13,cafe soluble,S,"marcas nestle, s.a. de c.v.",abarr. y art. de farmacia no grav,0,0,0,2018-01-01 al 2018-06-30
2354287,nidal 1 form inf bolsa 8x120 gr,8,120,gr,0,2018-08-13,leche maternizada,N,"marcas nestle, s.a. de c.v.",abarr. y art. de farmacia no grav,0,0,0,2018-01-01 al 2018-06-30
2357001,pollo iniciador 20% poli-raf,1,40,kg,0,2005-01-10,alimentos pecuarios,N,"campi alimentos, s.a. de c.v.",insumos agropecuarios no grav,0,0,0,2018-01-01 al 2018-06-30
2357003,pollo engorda 18% poli-raf,1,40,kg,0,2005-01-10,alimentos pecuarios,N,"campi alimentos, s.a. de c.v.",insumos agropecuarios no grav,0,0,0,2018-01-01 al 2018-06-30
2357005,cerdo crecimiento poli-raf,1,40,kg,0,2005-01-10,alimentos pecuarios,N,"campi alimentos, s.a. de c.v.",insumos agropecuarios no grav,0,0,0,2018-01-01 al 2018-06-30
2357007,cerdo engorda poli-raf,1,40,kg,0,2005-01-10,alimentos pecuarios,N,"campi alimentos, s.a. de c.v.",insumos agropecuarios no grav,0,0,0,2018-01-01 al 2018-06-30
2357011,lechero 18% mq hna,1,40,kg,0,2016-12-09,alimentos pecuarios,N,"campi alimentos, s.a. de c.v.",insumos agropecuarios no grav,0,0,0,2018-01-01 al 2018-06-30
2357012,fidus puppy,1,20,kg,0,2017-06-29,alimentos pecuarios,N,"campi alimentos, s.a. de c.v.",miscelaneos grav,0,0,0,2018-01-01 al 2018-06-30
2357013,fidus pro,1,25,kg,0,2017-06-29,alimentos pecuarios,N,"campi alimentos, s.a. de c.v.",miscelaneos grav,0,0,0,2018-01-01 al 2018-06-30
2357014,fortachon power,1,25,kg,0,2017-06-29,alimentos pecuarios,N,"campi alimentos, s.a. de c.v.",miscelaneos grav,0,0,0,2018-01-01 al 2018-06-30
2357015,campidog,1,25,kg,0,2017-06-29,alimentos pecuarios,N,"campi alimentos, s.a. de c.v.",miscelaneos grav,0,0,0,2018-01-01 al 2018-06-30
2357016,dyno,1,25,kg,0,2017-06-29,alimentos pecuarios,N,"campi alimentos, s.a. de c.v.",miscelaneos grav,0,0,0,2018-01-01 al 2018-06-30
2357017,kattos fortachon power,1,15,kg,0,2017-06-29,alimentos pecuarios,N,"campi alimentos, s.a. de c.v.",miscelaneos grav,0,0,0,2018-01-01 al 2018-06-30
2360001,avena # 1 bolsa,36,400,gr,0,2005-01-12,avena,N,"grupo industrial vida, s.a. de c.v.",abarr. y art. de farmacia no grav,0,0,0,2018-01-01 al 2018-06-30
2360006,avena granvita bolsa,20,1000,gr,0,2005-01-12,avena,N,"grupo industrial vida, s.a. de c.v.",abarr. y art. de farmacia no grav,0,0,0,2018-01-01 al 2018-06-30
2360007,avena granvita bolsa,36,400,gr,1,2005-01-12,avena,N,"grupo industrial vida, s.a. de c.v.",abarr. y art. de farmacia no grav,1,0,0,2018-01-01 al 2018-06-30
2360008,avena granvita,50,250,gr,0,2005-01-12,avena,N,"grupo industrial vida, s.a. de c.v.",abarr. y art. de farmacia no grav,0,0,0,2018-01-01 al 2018-06-30
2360064,avena bebible lic. choc.,12,200,ml,1,2009-03-23,leche saborizada,N,"grupo industrial vida, s.a. de c.v.",abarr. y art. de farmacia no grav,0,0,0,2018-01-01 al 2018-06-30
2360065,avena bebible lic. fresa,12,200,ml,1,2009-03-23,leche saborizada,N,"grupo industrial vida, s.a. de c.v.",abarr. y art. de farmacia no grav,0,0,0,2018-01-01 al 2018-06-30
2360067,avena # 1 tradicional bote,12,510,gr,0,2011-07-20,avena,N,"grupo industrial vida, s.a. de c.v.",abarr. y art. de farmacia no grav,0,0,0,2018-01-01 al 2018-06-30
2360070,cereal mixto 1 minuto bote,12,400,gr,0,2012-04-04,avena,N,"grupo industrial vida, s.a. de c.v.",abarr. y art. de farmacia no grav,0,0,0,2018-01-01 al 2018-06-30
2360079,avena inst g.v. sab 0% azucar 12x8x35 gr,96,35,gr,0,2015-01-30,avena,N,"grupo industrial vida, s.a. de c.v.",abarr. y art. de farmacia no grav,0,0,0,2018-01-01 al 2018-06-30
2360080,avena inst chocolate licuavena zip lock,24,250,gr,0,2015-01-30,avena,N,"grupo industrial vida, s.a. de c.v.",abarr. y art. de farmacia no grav,0,0,0,2018-01-01 al 2018-06-30
2360081,avena inst fresa licuavena zip lock,24,250,gr,0,2015-01-30,avena,N,"grupo industrial vida, s.a. de c.v.",abarr. y art. de farmacia no grav,0,0,0,2018-01-01 al 2018-06-30
2360082,granola granvita frutas,30,400,gr,0,2015-05-06,granola,N,"grupo industrial vida, s.a. de c.v.",pago abarrotes gravado ieps (propio,0,0,8,2018-01-01 al 2018-06-30
2360084,multigranola gv premium,30,450,gr,0,2015-05-06,granola,N,"grupo industrial vida, s.a. de c.v.",pago abarrotes gravado ieps (propio,0,0,8,2018-01-01 al 2018-06-30
2360089,avena inst no. 1 sab surt 12x8+4x35 gr,12,420,gr,0,2016-09-29,avena,N,"grupo industrial vida, s.a. de c.v.",pago abarrotes gravado ieps (propio,0,0,8,2018-01-01 al 2018-06-30
2360090,granola granvita frutas exhibidor,48,150,gr,0,2017-08-02,granola,N,"grupo industrial vida, s.a. de c.v.",pago abarrotes gravado ieps (propio,0,0,8,2018-01-01 al 2018-06-30
2360091,avena en polvo sabor chocolate g.v.,32,100,gr,0,2018-01-04,avena,N,"grupo industrial vida, s.a. de c.v.",pago abarrotes gravado ieps (propio,0,0,8,2018-01-01 al 2018-06-30
2360092,avena en polvo sabor fresa g.v.,32,100,gr,0,2018-01-04,avena,N,"grupo industrial vida, s.a. de c.v.",pago abarrotes gravado ieps (propio,0,0,8,2018-01-01 al 2018-06-30
2360093,avena en polvo sabor canela g.v,32,100,gr,0,2018-01-04,avena,N,"grupo industrial vida, s.a. de c.v.",pago abarrotes gravado ieps (propio,0,0,8,2018-01-01 al 2018-06-30
2360094,avena granvita,36,425,gr,0,2018-07-16,avena,N,"grupo industrial vida, s.a. de c.v.",abarr. y art. de farmacia no grav,0,0,0,2018-01-01 al 2018-06-30
2362003,sardina en tomate calmex,24,425,gr,0,2005-01-14,sardina enlatada,S,"integracion y transformacion, s.a. de c.v.",abarr. y art. de farmacia no grav,0,0,0,2018-01-01 al 2018-06-30
2362027,sardina en salsa de tomate yavaros,24,425,gr,0,2008-12-26,sardina enlatada,S,"integracion y transformacion, s.a. de c.v.",abarr. y art. de farmacia no grav,0,0,0,2018-01-01 al 2018-06-30
2362028,atun en aceite calmex,48,140,gr,0,2014-06-09,atun enlatado,S,"integracion y transformacion, s.a. de c.v.",abarr. y art. de farmacia no grav,0,0,0,2018-01-01 al 2018-06-30
2362029,atun en agua calmex,48,140,gr,0,2014-06-09,atun enlatado,S,"integracion y transformacion, s.a. de c.v.",abarr. y art. de farmacia no grav,0,0,0,2018-01-01 al 2018-06-30
2362030,atun en aceite yavaros,48,140,gr,0,2015-06-04,atun enlatado,S,"integracion y transformacion, s.a. de c.v.",abarr. y art. de farmacia no grav,0,0,0,2018-01-01 al 2018-06-30
2362031,atun en agua yavaros,48,140,gr,0,2015-11-25,atun enlatado,S,"integracion y transformacion, s.a. de c.v.",abarr. y art. de farmacia no grav,0,0,0,2018-01-01 al 2018-06-30
2371009,locion repelente de insectos,24,225,ml,0,2013-08-14,insecticidas y raticidas,N,"bella piel cosmetica, s.a. de c.v.",abarr. y art. de farmacia grav,0,0,0,2018-01-01 al 2018-06-30
2371010,locion repelente de piojos y liendres,24,225,ml,0,2013-08-14,insecticidas y raticidas,N,"bella piel cosmetica, s.a. de c.v.",abarr. y art. de farmacia grav,0,0,0,2018-01-01 al 2018-06-30
2371011,crema body milk,18,400,ml,0,2013-12-03,cremas para uso personal,N,"bella piel cosmetica, s.a. de c.v.",perfumeria y art de tocador grav,0,0,0,2018-01-01 al 2018-06-30
2371012,crema face   body c/sabila,18,400,ml,0,2013-12-03,cremas para uso personal,N,"bella piel cosmetica, s.a. de c.v.",perfumeria y art de tocador grav,0,0,0,2018-01-01 al 2018-06-30
2371013,crema face   body c/vit y aceite d/almen,18,400,ml,0,2013-12-03,cremas para uso personal,N,"bella piel cosmetica, s.a. de c.v.",perfumeria y art de tocador grav,0,0,0,2018-01-01 al 2018-06-30
2371014,crema face body c/extracto de pepino,18,400,ml,0,2013-12-03,cremas para uso personal,N,"bella piel cosmetica, s.a. de c.v.",perfumeria y art de tocador grav,0,0,0,2018-01-01 al 2018-06-30
2378003,maiz blanco nacional a granel,1000,1,kg,0,2009-02-09,maiz blanco,S,union de ejidos los altos de compostela,maiz,0,0,0,2018-01-01 al 2018-06-30
2378004,maiz blanco nacional envasado,1000,1,kg,0,2012-02-01,maiz blanco,S,union de ejidos los altos de compostela,maiz,1,0,0,2018-01-01 al 2018-06-30
2381007,avena c/canela cunduacan,10,400,gr,0,2011-03-23,avena,N,arely gonzalez hernandez,abarr. y art. de farmacia no grav,0,0,0,2018-01-01 al 2018-06-30
2381008,avena c/cacao cunduacan,10,400,gr,0,2011-03-23,avena,N,arely gonzalez hernandez,pago abarrotes gravado ieps (propio,0,0,8,2018-01-01 al 2018-06-30
2381009,polvillo cunduacan,10,400,gr,0,2011-03-23,preparados para bebidas,N,arely gonzalez hernandez,pago abarrotes gravado ieps (propio,0,0,8,2018-01-01 al 2018-06-30
2381010,pinole cunducan,10,400,gr,0,2011-03-23,preparados para bebidas,N,arely gonzalez hernandez,abarr. y art. de farmacia no grav,0,0,0,2018-01-01 al 2018-06-30
2394011,frijol negro san luis envasado,1,1,kg,0,2007-09-14,frijol envasado,S,"corporativo smart business, s.a. de c.v.",frijol,1,0,0,2018-01-01 al 2018-06-30
2394015,frijol pinto saltillo envasado,1,1,kg,0,2009-07-07,frijol envasado,S,"corporativo smart business, s.a. de c.v.",frijol,1,0,0,2018-01-01 al 2018-06-30
2406001,escoba verde 6 hilos 100% espiga,12,1,pz,0,2005-04-08,"escobas, escobetas y cepillos",N,gilberto chavez saenz,art. de hogar y jarcieria grav,0,0,0,2018-01-01 al 2018-06-30
2406002,trapeador hilo 500 gramos,12,1,pz,0,2018-06-11,trapeadores y mechudos,N,gilberto chavez saenz,art. de hogar y jarcieria grav,0,0,0,2018-01-01 al 2018-06-30
2406003,trapeador hilo 250 gramos,12,1,pz,0,2018-06-11,trapeadores y mechudos,N,gilberto chavez saenz,art. de hogar y jarcieria grav,0,0,0,2018-01-01 al 2018-06-30
2406004,trapeador hilo 350 gramos,12,1,pz,0,2018-06-11,trapeadores y mechudos,N,gilberto chavez saenz,art. de hogar y jarcieria grav,0,0,0,2018-01-01 al 2018-06-30
2406005,escoba abanico mediana,12,1,pz,0,2018-06-11,"escobas, escobetas y cepillos",N,gilberto chavez saenz,art. de hogar y jarcieria grav,0,0,0,2018-01-01 al 2018-06-30
2414002,chicharo c/zanahoria herdez,24,400,gr,0,2005-05-03,chicharo con zanahoria,N,"compania comercial herdez, s.a. de c.v.",abarr. y art. de farmacia no grav,0,0,0,2018-01-01 al 2018-06-30
2414004,chicharo fino herdez,24,400,gr,0,2005-05-03,chicharo,N,"compania comercial herdez, s.a. de c.v.",abarr. y art. de farmacia no grav,0,0,0,2018-01-01 al 2018-06-30
2414007,jugo 8 verduras herdez alum.,24,335,ml,1,2005-05-03,jugos,S,"compania comercial herdez, s.a. de c.v.",abarr no grav decreto 2006,0,0,0,2018-01-01 al 2018-06-30
2414016,salsa casera mexic hdez,48,210,gr,0,2005-05-03,salsas caseras,N,"compania comercial herdez, s.a. de c.v.",abarr. y art. de farmacia no grav,0,0,0,2018-01-01 al 2018-06-30
2414017,salsa picante bufalo,24,150,gr,0,2005-05-03,salsa picante,N,"compania comercial herdez, s.a. de c.v.",abarr. y art. de farmacia no grav,0,0,0,2018-01-01 al 2018-06-30
2414019,salsa verde herdez,48,210,gr,0,2005-05-03,salsas caseras,N,"compania comercial herdez, s.a. de c.v.",abarr. y art. de farmacia no grav,0,0,0,2018-01-01 al 2018-06-30
2414021,mayonesa ensalada 16 mc,12,420,gr,1,2005-05-03,mayonesas,S,"compania comercial herdez, s.a. de c.v.",abarr. y art. de farmacia no grav,0,0,0,2018-01-01 al 2018-06-30
2414023,mayonesa ensalada 4 mc.,24,110,gr,1,2005-05-03,mayonesas,S,"compania comercial herdez, s.a. de c.v.",abarr. y art. de farmacia no grav,0,0,0,2018-01-01 al 2018-06-30
2414024,mayonesa ensalada 8 mc co,24,210,gr,1,2005-05-03,mayonesas,S,"compania comercial herdez, s.a. de c.v.",abarr. y art. de farmacia no grav,0,0,0,2018-01-01 al 2018-06-30
2414026,mayonesa limon 16 mc co,12,390,gr,1,2005-05-03,mayonesas,S,"compania comercial herdez, s.a. de c.v.",abarr. y art. de farmacia no grav,0,0,0,2018-01-01 al 2018-06-30
2414028,mayonesa limon 4 mc co,24,105,gr,1,2005-05-03,mayonesas,S,"compania comercial herdez, s.a. de c.v.",abarr. y art. de farmacia no grav,0,0,0,2018-01-01 al 2018-06-30
2414029,mayonesa limon 8 mc co,24,190,gr,1,2005-05-03,mayonesas,S,"compania comercial herdez, s.a. de c.v.",abarr. y art. de farmacia no grav,0,0,0,2018-01-01 al 2018-06-30
2414032,mermelada fresa 8 mc co,24,270,gr,0,2005-05-03,mermelada,N,"compania comercial herdez, s.a. de c.v.",abarr. y art. de farmacia no grav,0,0,0,2018-01-01 al 2018-06-30
2414035,mole pasta d maria # 04,24,125,gr,0,2005-05-03,moles,N,"compania comercial herdez, s.a. de c.v.",abarr. y art. de farmacia no grav,0,0,0,2018-01-01 al 2018-06-30
2414038,mole pasta d maria vaso,24,235,gr,0,2005-05-03,moles,N,"compania comercial herdez, s.a. de c.v.",abarr. y art. de farmacia no grav,0,0,0,2018-01-01 al 2018-06-30
2414057,pasta yemina alfabeto,24,200,gr,1,2005-05-03,pastas para sopa menudas,S,"compania comercial herdez, s.a. de c.v.",abarr. y art. de farmacia no grav,0,0,0,2018-01-01 al 2018-06-30
2414058,pasta yemina codo liso #1,24,200,gr,1,2005-05-03,pastas para sopa huecas,S,"compania comercial herdez, s.a. de c.v.",abarr. y art. de farmacia no grav,0,0,0,2018-01-01 al 2018-06-30
2414059,pasta yemina codo liso no 2,24,200,gr,1,2005-05-03,pastas para sopa huecas,S,"compania comercial herdez, s.a. de c.v.",abarr. y art. de farmacia no grav,0,0,0,2018-01-01 al 2018-06-30
2414060,pasta yemina concha #1,24,200,gr,1,2005-05-03,pastas para sopa huecas,S,"compania comercial herdez, s.a. de c.v.",abarr. y art. de farmacia no grav,0,0,0,2018-01-01 al 2018-06-30
2414061,pasta yemina concha #2,24,200,gr,1,2005-05-03,pastas para sopa huecas,S,"compania comercial herdez, s.a. de c.v.",abarr. y art. de farmacia no grav,0,0,0,2018-01-01 al 2018-06-30
2414062,pasta yemina corbata,24,200,gr,1,2005-05-03,pastas para sopa menudas,S,"compania comercial herdez, s.a. de c.v.",abarr. y art. de farmacia no grav,0,0,0,2018-01-01 al 2018-06-30
2414063,pasta yemina estrella #1,24,200,gr,1,2005-05-03,pastas para sopa menudas,S,"compania comercial herdez, s.a. de c.v.",abarr. y art. de farmacia no grav,0,0,0,2018-01-01 al 2018-06-30
2414065,pasta yemina cambray pre cortado,24,200,gr,1,2005-05-03,pastas para sopa fideo,S,"compania comercial herdez, s.a. de c.v.",abarr. y art. de farmacia no grav,0,0,0,2018-01-01 al 2018-06-30
2414066,pasta yemina fideo mediano,24,200,gr,1,2005-05-03,pastas para sopa fideo,S,"compania comercial herdez, s.a. de c.v.",abarr. y art. de farmacia no grav,0,0,0,2018-01-01 al 2018-06-30
2414067,pasta yemina macarron,24,200,gr,1,2005-05-03,pastas para sopa huecas,S,"compania comercial herdez, s.a. de c.v.",abarr. y art. de farmacia no grav,0,0,0,2018-01-01 al 2018-06-30
2414069,pasta yemina plumilla no 1,24,200,gr,1,2005-05-03,pastas para sopa huecas,S,"compania comercial herdez, s.a. de c.v.",abarr. y art. de farmacia no grav,0,0,0,2018-01-01 al 2018-06-30
2414071,pasta yemina semilla de melon,24,200,gr,1,2005-05-03,pastas para sopa menudas,S,"compania comercial herdez, s.a. de c.v.",abarr. y art. de farmacia no grav,0,0,0,2018-01-01 al 2018-06-30
2414072,pasta yemina spaguetti,24,200,gr,1,2005-05-03,pastas para sopa largas,S,"compania comercial herdez, s.a. de c.v.",abarr. y art. de farmacia no grav,0,0,0,2018-01-01 al 2018-06-30
2414085,chicharo c/zanahoria herdez,48,225,gr,0,2005-10-05,chicharo con zanahoria,N,"compania comercial herdez, s.a. de c.v.",abarr. y art. de farmacia no grav,0,0,0,2018-01-01 al 2018-06-30
2414089,ensalada de legumbres herdez,24,400,gr,0,2005-10-05,diversos vegetales envasados,N,"compania comercial herdez, s.a. de c.v.",abarr. y art. de farmacia no grav,0,0,0,2018-01-01 al 2018-06-30
2414142,pure de tomate condimentado tetra-brik,24,210,gr,0,2008-08-13,pure de tomate,N,"compania comercial herdez, s.a. de c.v.",abarr. y art. de farmacia no grav,0,0,0,2018-01-01 al 2018-06-30
2414143,pure de tomate condimentado tetra brik,12,1000,gr,0,2008-08-13,pure de tomate,N,"compania comercial herdez, s.a. de c.v.",abarr. y art. de farmacia no grav,0,0,0,2018-01-01 al 2018-06-30
2414144,pure de tomate condimentado,24,345,gr,0,2008-08-13,pure de tomate,N,"compania comercial herdez, s.a. de c.v.",abarr. y art. de farmacia no grav,0,0,0,2018-01-01 al 2018-06-30
2414146,mermelada de pina mc cormick,24,270,gr,0,2008-09-02,mermelada,N,"compania comercial herdez, s.a. de c.v.",abarr. y art. de farmacia no grav,0,0,0,2018-01-01 al 2018-06-30
2414153,salsa tipo catsup embasa,12,1000,gr,0,2009-08-24,salsa catsup,N,"compania comercial herdez, s.a. de c.v.",abarr. y art. de farmacia no grav,0,0,0,2018-01-01 al 2018-06-30
2414154,salsa tipo catsup embasa,24,380,gr,0,2009-08-24,salsa catsup,N,"compania comercial herdez, s.a. de c.v.",abarr. y art. de farmacia no grav,0,0,0,2018-01-01 al 2018-06-30
2414157,mermelada fresa 16 mc co,12,500,gr,0,2011-03-10,mermelada,N,"compania comercial herdez, s.a. de c.v.",abarr. y art. de farmacia no grav,0,0,0,2018-01-01 al 2018-06-30
2414164,mayonesa ensalada  mc.,12,775,gr,0,2013-07-03,mayonesas,S,"compania comercial herdez, s.a. de c.v.",abarr. y art. de farmacia no grav,0,0,0,2018-01-01 al 2018-06-30
2414165,mayonesa limon  mc.,12,725,gr,0,2013-07-03,mayonesas,S,"compania comercial herdez, s.a. de c.v.",abarr. y art. de farmacia no grav,0,0,0,2018-01-01 al 2018-06-30
2414181,ensalada de legumbres herdez,48,220,gr,0,2015-08-25,diversos vegetales envasados,N,"compania comercial herdez, s.a. de c.v.",abarr. y art. de farmacia no grav,0,0,0,2018-01-01 al 2018-06-30
2414182,aceituna bufalo con hueso,24,190,gr,0,2017-03-13,aceitunas,N,"compania comercial herdez, s.a. de c.v.",abarr. y art. de farmacia no grav,0,0,0,2018-01-01 al 2018-06-30
2414183,caldo de pollo granulado mccormick,20,25,gr,0,2018-05-03,consomes,S,"compania comercial herdez, s.a. de c.v.",abarr. y art. de farmacia no grav,0,0,0,2018-01-01 al 2018-06-30
2414184,caldo de pollo granulado mccormick,60,88,gr,0,2018-05-03,consomes,S,"compania comercial herdez, s.a. de c.v.",abarr. y art. de farmacia no grav,0,0,0,2018-01-01 al 2018-06-30
2435008,hojuela de maiz azucarada,30,500,gr,1,2005-06-17,cereales en hojuelas,S,pablo ignacio michel ontiveros,pago abarrotes gravado ieps (propio,0,0,8,2018-01-01 al 2018-06-30
2435023,hojuela chocolate 500 gr,30,500,gr,1,2005-07-22,cereales en hojuelas,S,pablo ignacio michel ontiveros,pago abarrotes gravado ieps (propio,0,0,8,2018-01-01 al 2018-06-30
2435025,pyucuun cereal de frutas 500 gr,20,500,gr,1,2005-07-22,cereales en hojuelas,S,pablo ignacio michel ontiveros,pago abarrotes gravado ieps (propio,0,0,8,2018-01-01 al 2018-06-30
2435052,hojuela de maiz natural,25,500,gr,0,2012-04-25,cereales en hojuelas,S,pablo ignacio michel ontiveros,pago abarrotes gravado ieps (propio,0,0,8,2018-01-01 al 2018-06-30
2435053,arroz inflado chocolate,30,500,gr,0,2012-04-25,cereales en hojuelas,S,pablo ignacio michel ontiveros,pago abarrotes gravado ieps (propio,0,0,8,2018-01-01 al 2018-06-30
2435056,hojuela de maiz natural michel,16,198,gr,0,2015-08-13,cereales en hojuelas,S,pablo ignacio michel ontiveros,pago abarrotes gravado ieps (propio,0,0,8,2018-01-01 al 2018-06-30
2435057,hojuela de maiz azucarada michel,16,198,gr,0,2015-08-13,cereales en hojuelas,S,pablo ignacio michel ontiveros,pago abarrotes gravado ieps (propio,0,0,8,2018-01-01 al 2018-06-30
2435058,cereal de arroz chocolate michel,16,198,gr,0,2015-08-13,cereales en hojuelas,S,pablo ignacio michel ontiveros,pago abarrotes gravado ieps (propio,0,0,8,2018-01-01 al 2018-06-30
2435059,cereal pycuun michel,16,198,gr,0,2015-08-13,cereales en hojuelas,S,pablo ignacio michel ontiveros,pago abarrotes gravado ieps (propio,0,0,8,2018-01-01 al 2018-06-30
2436001,chilorio de puerco meza,1,250,gr,0,2005-06-20,chilorio,N,"productos meza, s.a. de c.v.",abarr. y art. de farmacia no grav,0,0,0,2018-01-01 al 2018-06-30
2436003,manteca de puerco meza,24,850,gr,0,2005-06-20,manteca de cerdo,S,"productos meza, s.a. de c.v.",abarr. y art. de farmacia no grav,0,0,0,2018-01-01 al 2018-06-30
2436004,manteca de puerco meza,1,3750,gr,0,2005-06-20,manteca de cerdo,S,"productos meza, s.a. de c.v.",abarr. y art. de farmacia no grav,0,0,0,2018-01-01 al 2018-06-30
2440002,blanqueador  la mexicana,12,1,lt,0,2011-05-16,blanqueadores,S,raul acevedo alcocer,abarr. y art. de farmacia grav,0,0,0,2018-01-01 al 2018-06-30
2459121,aceite comestible puro de maiz maceite,12,900,ml,0,2010-09-24,aceite vegetal comestible,S,"prom. de prod. y mercados mexicanos, s.a. de c.v.",abarr. y art. de farmacia no grav,0,0,0,2018-01-01 al 2018-06-30
2459122,aceite comestible puro de maiz maceite,24,500,ml,0,2012-02-29,aceite vegetal comestible,S,"prom. de prod. y mercados mexicanos, s.a. de c.v.",abarr. y art. de farmacia no grav,0,0,0,2018-01-01 al 2018-06-30
2466001,salsa valentina roja 1l,12,1,lt,0,2005-09-22,salsa picante,N,guillermo viera lares,abarr. y art. de farmacia no grav,0,0,0,2018-01-01 al 2018-06-30
2466002,salsa valentina roja 370 ml,24,370,ml,0,2005-09-22,salsa picante,N,guillermo viera lares,abarr. y art. de farmacia no grav,0,0,0,2018-01-01 al 2018-06-30
2466005,salsa valentina negra 370 ml,24,370,ml,0,2005-09-22,salsa picante,N,guillermo viera lares,abarr. y art. de farmacia no grav,0,0,0,2018-01-01 al 2018-06-30
2482001,manteca reina de la tortilla,12,1,kg,0,2005-10-17,manteca vegetal,S,"mantecas e ingredientes, s.a. de c.v.",abarr. y art. de farmacia no grav,0,0,0,2018-01-01 al 2018-06-30
2482003,manteca vegetal reina de la tortilla,24,500,gr,0,2008-10-09,manteca vegetal,S,"mantecas e ingredientes, s.a. de c.v.",abarr. y art. de farmacia no grav,0,0,0,2018-01-01 al 2018-06-30
2482007,manteca reina de la tortilla,48,250,gr,0,2017-09-28,manteca vegetal,S,"mantecas e ingredientes, s.a. de c.v.",abarr. y art. de farmacia no grav,0,0,0,2018-01-01 al 2018-06-30
2516002,manteca de cerdo blanca,1,15,kg,0,2005-11-18,manteca de cerdo,S,"comercializadora el sureno, s.a. de c.v.",abarr. y art. de farmacia no grav,0,0,0,2018-01-01 al 2018-06-30
2516003,manteca de cerdo morena,1,3700,gr,0,2005-11-18,manteca de cerdo,S,"comercializadora el sureno, s.a. de c.v.",abarr. y art. de farmacia no grav,0,0,0,2018-01-01 al 2018-06-30
2516004,manteca de cerdo blanca,1,3700,gr,0,2005-11-18,manteca de cerdo,S,"comercializadora el sureno, s.a. de c.v.",abarr. y art. de farmacia no grav,0,0,0,2018-01-01 al 2018-06-30
2528008,leche entera uht lala,12,1,lt,1,2005-12-23,leche evaporada y concentrada,S,"comercializadora de lacteos y derivados, s.a. de c.v",abarr. y art. de farmacia no grav,0,0,0,2018-01-01 al 2018-06-30
2528009,leche uht semidesc lala,12,1,lt,1,2005-12-23,leche evaporada y concentrada,S,"comercializadora de lacteos y derivados, s.a. de c.v",abarr. y art. de farmacia no grav,0,0,0,2018-01-01 al 2018-06-30
2528117,leche uht deslac semi slim lala,12,1,lt,1,2016-04-08,leche evaporada y concentrada,S,"comercializadora de lacteos y derivados, s.a. de c.v",abarr. y art. de farmacia no grav,0,0,0,2018-01-01 al 2018-06-30
2528118,formula lactea uht nutrileche,12,1,lt,1,2016-04-08,formula lacteas,S,"comercializadora de lacteos y derivados, s.a. de c.v",abarr. y art. de farmacia no grav,0,0,0,2018-01-01 al 2018-06-30
2528119,media crema uht lala,27,250,ml,0,2016-04-08,crema de leche,N,"comercializadora de lacteos y derivados, s.a. de c.v",abarr. y art. de farmacia no grav,0,0,0,2018-01-01 al 2018-06-30
2549004,jabon lav. floral rosa c/env.,40,200,gr,0,2006-03-09,jabon de lavanderia,S,"summa company, s.a. de c.v.",abarr. y art. de farmacia grav,0,0,0,2018-01-01 al 2018-06-30
2549006,gel para el pelo xtreme surtido,24,250,gr,0,2006-03-09,fijadores para cabello,N,"summa company, s.a. de c.v.",perfumeria y art de tocador grav,0,0,0,2018-01-01 al 2018-06-30
2549007,gel para el pelo xtreme transparente,24,250,gr,0,2006-03-09,fijadores para cabello,N,"summa company, s.a. de c.v.",perfumeria y art de tocador grav,0,0,0,2018-01-01 al 2018-06-30
2549010,galleta animalitos 1 kg.,6,1,kg,0,2006-03-09,galletas basicas,S,"summa company, s.a. de c.v.",pago abarrotes gravado ieps (propio,0,0,8,2018-01-01 al 2018-06-30
2549015,galletas doraditas,24,115,gr,1,2006-03-09,galletas diversas,S,"summa company, s.a. de c.v.",pago abarrotes gravado ieps (propio,0,0,8,2018-01-01 al 2018-06-30
2549018,galletas toscanas,24,180,gr,1,2006-03-09,galletas diversas,S,"summa company, s.a. de c.v.",pago abarrotes gravado ieps (propio,0,0,8,2018-01-01 al 2018-06-30
2549019,galletas tapatias,24,130,gr,1,2006-03-09,galletas diversas,S,"summa company, s.a. de c.v.",pago abarrotes gravado ieps (propio,0,0,8,2018-01-01 al 2018-06-30
2549020,galleta betunada,6,800,gr,1,2006-03-09,galletas diversas,S,"summa company, s.a. de c.v.",pago abarrotes gravado ieps (propio,0,0,8,2018-01-01 al 2018-06-30
2549049,galletas animalitos,24,150,gr,0,2006-03-09,galletas basicas,S,"summa company, s.a. de c.v.",pago abarrotes gravado ieps (propio,0,0,8,2018-01-01 al 2018-06-30
2549050,galletas minibetunadas,24,140,gr,1,2006-03-09,galletas diversas,S,"summa company, s.a. de c.v.",pago abarrotes gravado ieps (propio,0,0,8,2018-01-01 al 2018-06-30
2549078,jabon de lavanderia jeans amarillo,20,350,gr,0,2007-11-16,jabon de lavanderia,S,"summa company, s.a. de c.v.",abarr. y art. de farmacia grav,0,0,0,2018-01-01 al 2018-06-30
2549079,jabon de lavanderia jeans azul,20,350,gr,0,2007-11-16,jabon de lavanderia,S,"summa company, s.a. de c.v.",abarr. y art. de farmacia grav,0,0,0,2018-01-01 al 2018-06-30
2549097,galleta sandwich  toscana maribel,20,200,gr,1,2009-07-09,galletas diversas,S,"summa company, s.a. de c.v.",pago abarrotes gravado ieps (propio,0,0,8,2018-01-01 al 2018-06-30
2549098,galletas marias maribel rollo,20,160,gr,1,2009-07-09,galletas basicas,S,"summa company, s.a. de c.v.",pago abarrotes gravado ieps (propio,0,0,8,2018-01-01 al 2018-06-30
2549101,servilleta rectangular maxima premium,24,250,pz,0,2009-07-30,servilletas,N,"summa company, s.a. de c.v.",abarr. y art. de farmacia grav,0,0,0,2018-01-01 al 2018-06-30
2549108,jabon lav. jeans rosa,20,350,gr,0,2010-04-08,jabon de lavanderia,S,"summa company, s.a. de c.v.",abarr. y art. de farmacia grav,0,0,0,2018-01-01 al 2018-06-30
2549111,veladora img etiqueta virgen guadalupe,12,1,pz,0,2010-04-14,veladoras,N,"summa company, s.a. de c.v.",abarr. y art. de farmacia grav,0,0,0,2018-01-01 al 2018-06-30
2549112,veladora img etiqueta san judas,12,1,pz,0,2010-04-14,veladoras,N,"summa company, s.a. de c.v.",abarr. y art. de farmacia grav,0,0,0,2018-01-01 al 2018-06-30
2549116,veladora ecologica mediana,12,1,pz,0,2010-04-14,veladoras,N,"summa company, s.a. de c.v.",abarr. y art. de farmacia grav,0,0,0,2018-01-01 al 2018-06-30
2549120,salsa picante huichol,24,190,gr,0,2010-07-02,salsa picante,N,"summa company, s.a. de c.v.",abarr. y art. de farmacia no grav,0,0,0,2018-01-01 al 2018-06-30
2549125,bebin super panal chico,6,14,pz,0,2010-11-03,panales desechables,N,"summa company, s.a. de c.v.","acc. p/bebe, ropa y calzado grav",0,0,0,2018-01-01 al 2018-06-30
2549126,bebin super panal mediano,6,14,pz,0,2010-11-03,panales desechables,N,"summa company, s.a. de c.v.","acc. p/bebe, ropa y calzado grav",0,0,0,2018-01-01 al 2018-06-30
2549127,bebin super panal grande,6,14,pz,0,2010-11-03,panales desechables,N,"summa company, s.a. de c.v.","acc. p/bebe, ropa y calzado grav",0,0,0,2018-01-01 al 2018-06-30
2549147,aceite veg com maxima premium,12,900,ml,0,2010-12-23,aceite vegetal comestible,S,"summa company, s.a. de c.v.",abarr. y art. de farmacia no grav,0,0,0,2018-01-01 al 2018-06-30
2549183,gel xtreme surtido,6,1,kg,0,2011-02-03,fijadores para cabello,N,"summa company, s.a. de c.v.",perfumeria y art de tocador grav,0,0,0,2018-01-01 al 2018-06-30
2549191,jabon lav.floral blanco c/env.,20,350,gr,0,2011-05-26,jabon de lavanderia,S,"summa company, s.a. de c.v.",abarr. y art. de farmacia grav,0,0,0,2018-01-01 al 2018-06-30
2549192,jabon lav.floral rosa c/env.,20,350,gr,0,2011-05-26,jabon de lavanderia,S,"summa company, s.a. de c.v.",abarr. y art. de farmacia grav,0,0,0,2018-01-01 al 2018-06-30
2549225,flan d`gari surtido,12,140,gr,1,2012-02-24,flanes,N,"summa company, s.a. de c.v.",abarr. y art. de farmacia no grav,0,0,0,2018-01-01 al 2018-06-30
2549226,flan d`gari sabor vainilla,12,140,gr,1,2012-02-24,flanes,N,"summa company, s.a. de c.v.",abarr. y art. de farmacia no grav,0,0,0,2018-01-01 al 2018-06-30
2549235,jabon de tocador marca propia,36,150,gr,0,2012-06-25,jabones de tocador,S,"summa company, s.a. de c.v.",abarr. y art. de farmacia grav,1,1,0,2018-01-01 al 2018-06-30
2549239,pila eveready aa c/24 pz 1215,24,1,pz,0,2012-10-31,pilas,N,"summa company, s.a. de c.v.",miscelaneos grav,0,0,0,2018-01-01 al 2018-06-30
2549244,pila eveready d c/12 1250-12,12,1,pz,0,2012-10-31,pilas,N,"summa company, s.a. de c.v.",miscelaneos grav,0,0,0,2018-01-01 al 2018-06-30
2549245,chile jalapeno entero san marcos,24,380,gr,0,2012-10-31,chiles jalapenos enteros,S,"summa company, s.a. de c.v.",abarr. y art. de farmacia no grav,0,0,0,2018-01-01 al 2018-06-30
2549249,chile chipotle adobado san marcos,40,100,gr,0,2013-02-26,chiles chipotles,S,"summa company, s.a. de c.v.",abarr. y art. de farmacia no grav,0,0,0,2018-01-01 al 2018-06-30
2549250,frijoles refritos negros san marcos,12,430,gr,0,2013-02-27,frijoles enlatados,N,"summa company, s.a. de c.v.",abarr. y art. de farmacia no grav,0,0,0,2018-01-01 al 2018-06-30
2549251,frijoles refritos bayos,12,430,gr,0,2013-02-27,frijoles enlatados,N,"summa company, s.a. de c.v.",abarr. y art. de farmacia no grav,0,0,0,2018-01-01 al 2018-06-30
2549252,frijoles refritos c/chipotle sn. marcos,12,430,gr,0,2013-02-27,frijoles enlatados,N,"summa company, s.a. de c.v.",abarr. y art. de farmacia no grav,0,0,0,2018-01-01 al 2018-06-30
2549254,jabon lav. leon amarillo c/env.,20,400,gr,0,2013-03-04,jabon de lavanderia,S,"summa company, s.a. de c.v.",abarr. y art. de farmacia grav,0,0,0,2018-01-01 al 2018-06-30
2549255,jabon lav. torre cafe c/env.,20,350,gr,0,2013-03-04,jabon de lavanderia,S,"summa company, s.a. de c.v.",abarr. y art. de farmacia grav,0,0,0,2018-01-01 al 2018-06-30
2549256,jabon de lavanderia sin mancha,20,350,gr,0,2013-03-04,jabon de lavanderia,S,"summa company, s.a. de c.v.",abarr. y art. de farmacia grav,0,0,0,2018-01-01 al 2018-06-30
2549257,jabon lav. leon bebe,20,350,gr,0,2013-03-04,jabon de lavanderia,S,"summa company, s.a. de c.v.",abarr. y art. de farmacia grav,0,0,0,2018-01-01 al 2018-06-30
2549258,jabon lav. leon suavizante,20,350,gr,0,2013-03-04,jabon de lavanderia,S,"summa company, s.a. de c.v.",abarr. y art. de farmacia grav,0,0,0,2018-01-01 al 2018-06-30
2549259,jabon lav. leon alto poder,20,350,gr,0,2013-03-04,jabon de lavanderia,S,"summa company, s.a. de c.v.",abarr. y art. de farmacia grav,0,0,0,2018-01-01 al 2018-06-30
2549260,jabon lav. leon surtido,20,350,gr,0,2013-03-04,jabon de lavanderia,S,"summa company, s.a. de c.v.",abarr. y art. de farmacia grav,0,0,0,2018-01-01 al 2018-06-30
2549261,jabon lav. leon aloe vera,20,350,gr,0,2013-03-04,jabon de lavanderia,S,"summa company, s.a. de c.v.",abarr. y art. de farmacia grav,0,0,0,2018-01-01 al 2018-06-30
2549267,jab. toc. max ten antibacterial,36,150,gr,0,2013-03-04,jabones de tocador,S,"summa company, s.a. de c.v.",abarr. y art. de farmacia grav,0,0,0,2018-01-01 al 2018-06-30
2549269,jab. toc. max ten vitamina e,36,150,gr,0,2013-03-04,jabones de tocador,S,"summa company, s.a. de c.v.",abarr. y art. de farmacia grav,0,0,0,2018-01-01 al 2018-06-30
2549271,jab. toc. max neutro,36,150,gr,0,2013-03-04,jabones de tocador,S,"summa company, s.a. de c.v.",abarr. y art. de farmacia grav,0,0,0,2018-01-01 al 2018-06-30
2549283,aceite vegetal hogar,12,900,ml,0,2013-03-05,aceite vegetal comestible,S,"summa company, s.a. de c.v.",abarr. y art. de farmacia no grav,0,0,0,2018-01-01 al 2018-06-30
2549284,aceite vegetal hogar,12,1,lt,0,2013-03-05,aceite vegetal comestible,S,"summa company, s.a. de c.v.",abarr. y art. de farmacia no grav,0,0,0,2018-01-01 al 2018-06-30
2549291,chispitas de chocolate,12,143,gr,0,2013-04-19,galletas diversas,S,"summa company, s.a. de c.v.",pago abarrotes gravado ieps (propio,0,0,8,2018-01-01 al 2018-06-30
2549295,jab. toc max ten mixto,36,150,gr,0,2013-05-21,jabones de tocador,S,"summa company, s.a. de c.v.",abarr. y art. de farmacia grav,0,0,0,2018-01-01 al 2018-06-30
2549297,corn flakes 150 gr,28,150,gr,1,2013-08-29,cereales en hojuelas,S,"summa company, s.a. de c.v.",pago abarrotes gravado ieps (propio,0,0,8,2018-01-01 al 2018-06-30
2549299,zucaritas 260 gr,28,260,gr,1,2013-08-29,cereales en hojuelas,S,"summa company, s.a. de c.v.",pago abarrotes gravado ieps (propio,0,0,8,2018-01-01 al 2018-06-30
2549302,papel higienico maxima 430 hjs,12,4,pz,0,2013-09-17,papel higienico,S,"summa company, s.a. de c.v.",abarr. y art. de farmacia grav,0,0,0,2018-01-01 al 2018-06-30
2549311,agua bonafont 1.5lt,12,1500,ml,0,2014-03-03,agua purificada menor de 10 litros,N,"summa company, s.a. de c.v.",abarr no grav decreto 2006,0,0,0,2018-01-01 al 2018-06-30
2549312,agua bonafont 6lt,2,6,lt,0,2014-03-03,agua purificada menor de 10 litros,N,"summa company, s.a. de c.v.",abarr no grav decreto 2006,0,0,0,2018-01-01 al 2018-06-30
2549330,nectar maxima premium durazno,12,1,lt,1,2014-12-11,nectares,S,"summa company, s.a. de c.v.",abarr no grav decreto 2006,0,0,0,2018-01-01 al 2018-06-30
2549331,nectar maxima premium mango,12,1,lt,1,2014-12-11,nectares,S,"summa company, s.a. de c.v.",abarr no grav decreto 2006,0,0,0,2018-01-01 al 2018-06-30
2549332,nectar maxima premium manzana,12,1,lt,1,2014-12-11,nectares,S,"summa company, s.a. de c.v.",abarr no grav decreto 2006,0,0,0,2018-01-01 al 2018-06-30
2549333,nectar maxima premium pina,12,1,lt,1,2014-12-11,nectares,S,"summa company, s.a. de c.v.",abarr no grav decreto 2006,0,0,0,2018-01-01 al 2018-06-30
2549334,chocolate en polvo chococoa,24,400,gr,0,2014-12-11,chocolate en polvo,S,"summa company, s.a. de c.v.",pago abarrotes gravado ieps (propio,0,0,8,2018-01-01 al 2018-06-30
2549335,chocolate en tablilla chococoa,72,180,gr,0,2014-12-11,chocolate de mesa,S,"summa company, s.a. de c.v.",pago abarrotes gravado ieps (propio,0,0,8,2018-01-01 al 2018-06-30
2549336,atun en agua karina,24,140,gr,0,2014-12-16,atun enlatado,S,"summa company, s.a. de c.v.",abarr. y art. de farmacia no grav,0,0,0,2018-01-01 al 2018-06-30
2549337,atun en aceite karina,24,140,gr,0,2014-12-16,atun enlatado,S,"summa company, s.a. de c.v.",abarr. y art. de farmacia no grav,0,0,0,2018-01-01 al 2018-06-30
2549338,froot loops econopack,14,90,gr,1,2015-02-12,cereales en hojuelas,S,"summa company, s.a. de c.v.",pago abarrotes gravado ieps (propio,0,0,8,2018-01-01 al 2018-06-30
2549339,choco krispis pop econopack,14,90,gr,1,2015-02-12,cereales en hojuelas,S,"summa company, s.a. de c.v.",pago abarrotes gravado ieps (propio,0,0,8,2018-01-01 al 2018-06-30
2549342,rastrillo ultrabarba piel sensible 12/24,12,24,pz,0,2015-02-13,navajas y rastrillos de afeitar,N,"summa company, s.a. de c.v.",perfumeria y art de tocador grav,0,0,0,2018-01-01 al 2018-06-30
2549343,agua bonafont 600ml,12,600,ml,0,2015-03-10,agua purificada menor de 10 litros,N,"summa company, s.a. de c.v.",abarr no grav decreto 2006,0,0,0,2018-01-01 al 2018-06-30
2549344,agua bonafont 1lt,12,1,lt,0,2015-03-10,agua purificada menor de 10 litros,N,"summa company, s.a. de c.v.",abarr no grav decreto 2006,0,0,0,2018-01-01 al 2018-06-30
2549345,toalla fem saba conf manz noc c/alas 761,10,8,pz,0,2015-03-17,toallas sanitarias,N,"summa company, s.a. de c.v.",abarr. y art. de farmacia grav,0,0,0,2018-01-01 al 2018-06-30
2549346,toalla fem saba confort manz reg s/alas,10,10,pz,0,2015-03-17,toallas sanitarias,N,"summa company, s.a. de c.v.",abarr. y art. de farmacia grav,0,0,0,2018-01-01 al 2018-06-30
2549347,toalla fem saba conf manz reg c/alas 707,10,10,pz,0,2015-03-17,toallas sanitarias,N,"summa company, s.a. de c.v.",abarr. y art. de farmacia grav,0,0,0,2018-01-01 al 2018-06-30
2549348,toalla fem saba int regular s/alas,14,10,pz,0,2015-03-17,toallas sanitarias,N,"summa company, s.a. de c.v.",abarr. y art. de farmacia grav,0,0,0,2018-01-01 al 2018-06-30
2549349,toalla fem saba int clip c alas,14,10,pz,0,2015-03-17,toallas sanitarias,N,"summa company, s.a. de c.v.",abarr. y art. de farmacia grav,0,0,0,2018-01-01 al 2018-06-30
2549350,toalla fem saba invisible c/alas,16,10,pz,0,2015-03-17,toallas sanitarias,N,"summa company, s.a. de c.v.",abarr. y art. de farmacia grav,0,0,0,2018-01-01 al 2018-06-30
2549351,toalla fem saba buenas noches c/alas,14,8,pz,0,2015-03-17,toallas sanitarias,N,"summa company, s.a. de c.v.",abarr. y art. de farmacia grav,0,0,0,2018-01-01 al 2018-06-30
2549352,t. amore con alas 8x8 s 63113aa,8,8,pz,0,2015-03-17,toallas sanitarias,N,"summa company, s.a. de c.v.",abarr. y art. de farmacia grav,0,0,0,2018-01-01 al 2018-06-30
2549358,papel hig. lovly 4/400 h.d.,12,4,pz,0,2015-03-17,papel higienico,S,"summa company, s.a. de c.v.",abarr. y art. de farmacia grav,0,0,0,2018-01-01 al 2018-06-30
2549361,papel higienico regio rinde+ sw 400 hd,32,1,pz,0,2015-03-17,papel higienico,S,"summa company, s.a. de c.v.",abarr. y art. de farmacia grav,0,0,0,2018-01-01 al 2018-06-30
2549366,soya molida natural bolsa,25,330,gr,1,2015-05-15,soya texturizada,N,"summa company, s.a. de c.v.",abarr. y art. de farmacia no grav,0,0,0,2018-01-01 al 2018-06-30
2549367,veladora cosmos liso limonada,20,1,pz,0,2015-06-04,veladoras,N,"summa company, s.a. de c.v.",abarr. y art. de farmacia grav,0,0,0,2018-01-01 al 2018-06-30
2549368,pila eveready aaa 12/20 pz,12,20,pz,0,2015-06-08,pilas,N,"summa company, s.a. de c.v.",abarr. y art. de farmacia grav,0,0,0,2018-01-01 al 2018-06-30
2549369,shampoo pert sh.rep. aceite oliva 2en 1,12,400,ml,0,2015-07-06,shampoo y acondicionadores,N,"summa company, s.a. de c.v.",perfumeria y art de tocador grav,0,0,0,2018-01-01 al 2018-06-30
2549371,shampoo pert sh. humect profunda bot,12,180,ml,0,2015-07-06,shampoo y acondicionadores,N,"summa company, s.a. de c.v.",perfumeria y art de tocador grav,0,0,0,2018-01-01 al 2018-06-30
2549372,hig. reg aires de frescura 300 hd,12,4,pz,0,2015-09-28,papel higienico,S,"summa company, s.a. de c.v.",abarr. y art. de farmacia grav,0,0,0,2018-01-01 al 2018-06-30
2549373,shampoo magna flex fresa,12,900,ml,0,2015-11-05,shampoo y acondicionadores,N,"summa company, s.a. de c.v.",perfumeria y art de tocador grav,0,0,0,2018-01-01 al 2018-06-30
2549374,shampoo magna flex herbal,12,900,ml,0,2015-11-05,shampoo y acondicionadores,N,"summa company, s.a. de c.v.",perfumeria y art de tocador grav,0,0,0,2018-01-01 al 2018-06-30
2549375,shampoo magna flex sabila,12,900,ml,0,2015-11-05,shampoo y acondicionadores,N,"summa company, s.a. de c.v.",perfumeria y art de tocador grav,0,0,0,2018-01-01 al 2018-06-30
2549376,shampoo magna flex manzana,12,900,ml,0,2015-11-05,shampoo y acondicionadores,N,"summa company, s.a. de c.v.",perfumeria y art de tocador grav,0,0,0,2018-01-01 al 2018-06-30
2549377,shampoo magna flex durazno,12,900,ml,0,2015-11-05,shampoo y acondicionadores,N,"summa company, s.a. de c.v.",perfumeria y art de tocador grav,0,0,0,2018-01-01 al 2018-06-30
2549379,chile jalapeno entero san marcos,24,215,gr,0,2015-11-12,chiles jalapenos enteros,S,"summa company, s.a. de c.v.",abarr. y art. de farmacia no grav,0,0,0,2018-01-01 al 2018-06-30
2549380,chiles chipotles adobados san marcos,24,215,gr,0,2015-11-12,chiles chipotles,S,"summa company, s.a. de c.v.",abarr. y art. de farmacia no grav,0,0,0,2018-01-01 al 2018-06-30
2549381,rajas jalapeno verdes san marcos,24,215,gr,0,2015-11-12,chiles jalapenos en rajas,S,"summa company, s.a. de c.v.",abarr. y art. de farmacia no grav,0,0,0,2018-01-01 al 2018-06-30
2549383,salsa chamoy el chilerito,24,355,ml,0,2015-11-19,salsa picante,N,"summa company, s.a. de c.v.",abarr. y art. de farmacia no grav,0,0,0,2018-01-01 al 2018-06-30
2549384,salsa picante dona cuca,24,355,ml,0,2015-11-19,salsa picante,N,"summa company, s.a. de c.v.",abarr. y art. de farmacia no grav,0,0,0,2018-01-01 al 2018-06-30
2549385,figura de trigo mini rueda gustino,15,1,kg,0,2015-11-25,dulces y caramelos,N,"summa company, s.a. de c.v.",pago abarrotes gravado ieps (propio,0,0,8,2018-01-01 al 2018-06-30
2549386,figura de trigo mini cuadro gustino,20,1,kg,0,2015-11-25,dulces y caramelos,N,"summa company, s.a. de c.v.",pago abarrotes gravado ieps (propio,0,0,8,2018-01-01 al 2018-06-30
2549387,figura de trigo mini palito gustino,15,1,kg,0,2015-11-25,dulces y caramelos,N,"summa company, s.a. de c.v.",pago abarrotes gravado ieps (propio,0,0,8,2018-01-01 al 2018-06-30
2549388,sal grano pegaso en bolsa c/yodo y flou,25,1,kg,0,2015-11-26,sal molida y refinada,S,"summa company, s.a. de c.v.",abarr. y art. de farmacia no grav,0,0,0,2018-01-01 al 2018-06-30
2549390,sal de mesa pegaso yod. y fluor.,25,1,kg,0,2015-11-26,sal en grano,N,"summa company, s.a. de c.v.",abarr. y art. de farmacia no grav,0,0,0,2018-01-01 al 2018-06-30
2549392,sal baja en sodioyod y f pegaso,12,160,gr,0,2015-11-26,sal molida y refinada,S,"summa company, s.a. de c.v.",abarr. y art. de farmacia no grav,0,0,0,2018-01-01 al 2018-06-30
2549393,sal de mesa pegaso salerito yod y flu,24,100,gr,0,2015-11-26,sal en grano,N,"summa company, s.a. de c.v.",abarr. y art. de farmacia no grav,0,0,0,2018-01-01 al 2018-06-30
2549394,sal de grano yodada pegaso c/amarilla,25,1,kg,0,2016-02-17,sal molida y refinada,S,"summa company, s.a. de c.v.",abarr. y art. de farmacia no grav,0,0,0,2018-01-01 al 2018-06-30
2549395,sal de mesa yodada pegaso c/amarilla,25,1,kg,0,2016-04-08,sal en grano,N,"summa company, s.a. de c.v.",abarr. y art. de farmacia no grav,0,0,0,2018-01-01 al 2018-06-30
2549396,zucaritas econopack,14,125,gr,1,2016-07-14,cereales en hojuelas,S,"summa company, s.a. de c.v.",pago abarrotes gravado ieps (propio,0,0,8,2018-01-01 al 2018-06-30
2549397,trigo inflado chachitos,150,50,gr,1,2016-08-16,cereales en hojuelas,S,"summa company, s.a. de c.v.",pago abarrotes gravado ieps (propio,0,0,8,2018-01-01 al 2018-06-30
2549398,trigo inflado chachitos,32,250,gr,1,2016-08-16,cereales en hojuelas,S,"summa company, s.a. de c.v.",pago abarrotes gravado ieps (propio,0,0,8,2018-01-01 al 2018-06-30
2549399,trigo inflado chachitos,70,100,gr,1,2016-08-16,cereales en hojuelas,S,"summa company, s.a. de c.v.",pago abarrotes gravado ieps (propio,0,0,8,2018-01-01 al 2018-06-30
2549400,trigo inflado chachitos,16,500,gr,1,2016-08-16,cereales en hojuelas,S,"summa company, s.a. de c.v.",pago abarrotes gravado ieps (propio,0,0,8,2018-01-01 al 2018-06-30
2549401,trigo inflado chachitos sabor chocolate,16,500,gr,1,2016-08-16,cereales en hojuelas,S,"summa company, s.a. de c.v.",pago abarrotes gravado ieps (propio,0,0,8,2018-01-01 al 2018-06-30
2549402,trigo inflado chachitos sabor manzana ca,16,500,gr,1,2016-08-16,cereales en hojuelas,S,"summa company, s.a. de c.v.",pago abarrotes gravado ieps (propio,0,0,8,2018-01-01 al 2018-06-30
2549406,trigo inflado sabor vainilla,72,30,gr,1,2016-08-16,cereales en hojuelas,S,"summa company, s.a. de c.v.",pago abarrotes gravado ieps (propio,0,0,8,2018-01-01 al 2018-06-30
2549407,cafe cerezo bolsa,60,250,gr,0,2016-09-01,cafe tostado y molido,S,"summa company, s.a. de c.v.",abarr. y art. de farmacia no grav,0,0,0,2018-01-01 al 2018-06-30
2549408,cafe cerezo sobres 10/100/30 gr,1000,30,gr,0,2016-09-01,cafe tostado y molido,S,"summa company, s.a. de c.v.",abarr. y art. de farmacia no grav,0,0,0,2018-01-01 al 2018-06-30
2549409,pasta para sopa fideo maxima,20,200,gr,0,2016-11-11,pastas para sopa fideo,S,"summa company, s.a. de c.v.",abarr. y art. de farmacia no grav,0,0,0,2018-01-01 al 2018-06-30
2549410,pasta para sopa spaguetti maxima,20,200,gr,0,2016-11-11,pastas para sopa largas,S,"summa company, s.a. de c.v.",abarr. y art. de farmacia no grav,0,0,0,2018-01-01 al 2018-06-30
2549411,pasta para sopa menudas letra maxima,20,200,gr,0,2016-11-29,pastas para sopa menudas,S,"summa company, s.a. de c.v.",abarr. y art. de farmacia no grav,0,0,0,2018-01-01 al 2018-06-30
2549412,pasta para sopa huecas codo #2 maxima,20,200,gr,0,2016-11-29,pastas para sopa huecas,S,"summa company, s.a. de c.v.",abarr. y art. de farmacia no grav,0,0,0,2018-01-01 al 2018-06-30
2549413,choco krispis,28,290,gr,0,2017-06-08,cereales en hojuelas,S,"summa company, s.a. de c.v.",pago abarrotes gravado ieps (propio,0,0,8,2018-01-01 al 2018-06-30
2549414,shampoo pert sh. humect profunda,10,650,ml,0,2017-06-08,shampoo y acondicionadores,N,"summa company, s.a. de c.v.",perfumeria y art de tocador grav,0,0,0,2018-01-01 al 2018-06-30
2549415,shampoo pert sh. humect profunda,10,650,ml,0,2017-07-11,shampoo y acondicionadores,N,"summa company, s.a. de c.v.",perfumeria y art de tocador grav,0,0,0,2018-01-01 al 2018-06-30
2549416,chocomilk enriquecido natural lata,24,400,gr,1,2017-07-14,chocolate en polvo,S,"summa company, s.a. de c.v.",pago abarrotes gravado ieps (propio,0,0,8,2018-01-01 al 2018-06-30
2549417,chocolate cal-c-tose lata,24,400,gr,1,2017-07-14,chocolate en polvo,S,"summa company, s.a. de c.v.",pago abarrotes gravado ieps (propio,0,0,8,2018-01-01 al 2018-06-30
2549418,chocomilk enriquecido natural 20 exhibid,400,22,gr,1,2017-07-14,chocolate en polvo,S,"summa company, s.a. de c.v.",pago abarrotes gravado ieps (propio,0,0,8,2018-01-01 al 2018-06-30
2549419,chocolate cal-c-tose bolsa,55,100,gr,1,2017-07-14,chocolate en polvo,S,"summa company, s.a. de c.v.",pago abarrotes gravado ieps (propio,0,0,8,2018-01-01 al 2018-06-30
2549420,chocomilk enriquecido natural bolsa,40,160,gr,1,2017-07-14,chocolate en polvo,S,"summa company, s.a. de c.v.",pago abarrotes gravado ieps (propio,0,0,8,2018-01-01 al 2018-06-30
2549421,chocomilk enriquecido natural bolsa,24,350,gr,1,2017-07-14,chocolate en polvo,S,"summa company, s.a. de c.v.",pago abarrotes gravado ieps (propio,0,0,8,2018-01-01 al 2018-06-30
2549422,chocolate cal-c-tose bolsa,24,350,gr,1,2017-07-14,chocolate en polvo,S,"summa company, s.a. de c.v.",pago abarrotes gravado ieps (propio,0,0,8,2018-01-01 al 2018-06-30
2549423,chocolate cal-c-tose bolsa,40,160,gr,1,2017-07-14,chocolate en polvo,S,"summa company, s.a. de c.v.",pago abarrotes gravado ieps (propio,0,0,8,2018-01-01 al 2018-06-30
2549424,lava trastes axion liquido limon,12,280,ml,0,2017-07-14,detergente liquido,N,"summa company, s.a. de c.v.",abarr. y art. de farmacia grav,0,0,0,2018-01-01 al 2018-06-30
2549425,lavatrastes axion limon liquido,12,400,ml,0,2017-07-14,detergente liquido,N,"summa company, s.a. de c.v.",abarr. y art. de farmacia grav,0,0,0,2018-01-01 al 2018-06-30
2549426,lavatrastes axion limon polvo,48,250,gr,0,2017-07-14,detergente en polvo,S,"summa company, s.a. de c.v.",abarr. y art. de farmacia grav,0,0,0,2018-01-01 al 2018-06-30
2549428,suavietel cuidado superior aroma del sol,12,450,ml,0,2017-07-14,suavizantes de tela,N,"summa company, s.a. de c.v.",abarr. y art. de farmacia grav,0,0,0,2018-01-01 al 2018-06-30
2549429,suavitel aroma sol,12,850,ml,0,2017-07-14,suavizantes de tela,N,"summa company, s.a. de c.v.",abarr. y art. de farmacia grav,0,0,0,2018-01-01 al 2018-06-30
2549430,suavitel complete aroma sol,12,800,ml,0,2017-07-14,suavizantes de tela,N,"summa company, s.a. de c.v.",abarr. y art. de farmacia grav,0,0,0,2018-01-01 al 2018-06-30
2549431,suavitel complete fresca primavera,12,800,ml,0,2017-07-14,suavizantes de tela,N,"summa company, s.a. de c.v.",abarr. y art. de farmacia grav,0,0,0,2018-01-01 al 2018-06-30
2549432,suavitel cuidado superior fresca primave,12,450,ml,0,2017-09-26,suavizantes de tela,N,"summa company, s.a. de c.v.",abarr. y art. de farmacia grav,0,0,0,2018-01-01 al 2018-06-30
2549433,suavitel primaveral,12,850,ml,0,2017-09-26,suavizantes de tela,N,"summa company, s.a. de c.v.",abarr. y art. de farmacia grav,0,0,0,2018-01-01 al 2018-06-30
2549435,limpiador fabuloso fresco amanecer,24,500,ml,0,2017-09-26,limpiadores liquidos,N,"summa company, s.a. de c.v.",abarr. y art. de farmacia grav,0,0,0,2018-01-01 al 2018-06-30
2549436,limpiador fabuloso fresco amanecer,12,1,lt,0,2017-09-26,limpiadores liquidos,N,"summa company, s.a. de c.v.",abarr. y art. de farmacia grav,0,0,0,2018-01-01 al 2018-06-30
2549437,limpiador fabuloso lavanda,24,500,ml,0,2017-09-26,limpiadores liquidos,N,"summa company, s.a. de c.v.",abarr. y art. de farmacia grav,0,0,0,2018-01-01 al 2018-06-30
2549438,limpiador fabuloso lavanda,12,1,lt,0,2017-09-26,limpiadores liquidos,N,"summa company, s.a. de c.v.",abarr. y art. de farmacia grav,0,0,0,2018-01-01 al 2018-06-30
2549439,limpiador fabuloso mar fresco,24,500,ml,0,2017-09-26,limpiadores liquidos,N,"summa company, s.a. de c.v.",abarr. y art. de farmacia grav,0,0,0,2018-01-01 al 2018-06-30
2549440,limpiador fabuloso mar fresco,12,1,lt,0,2017-09-26,limpiadores liquidos,N,"summa company, s.a. de c.v.",abarr. y art. de farmacia grav,0,0,0,2018-01-01 al 2018-06-30
2549441,toallas magitel,96,1,pz,0,2017-09-26,franelas y jergas,N,"summa company, s.a. de c.v.",abarr. y art. de farmacia grav,0,0,0,2018-01-01 al 2018-06-30
2549442,colgate mfp 100ml,72,100,ml,0,2017-09-26,cremas dentales,S,"summa company, s.a. de c.v.",abarr. y art. de farmacia grav,0,0,0,2018-01-01 al 2018-06-30
2549443,colgate total clean mint,144,50,ml,0,2017-09-26,cremas dentales,S,"summa company, s.a. de c.v.",abarr. y art. de farmacia grav,0,0,0,2018-01-01 al 2018-06-30
2549444,colgate triple accion extra blancura,144,50,ml,0,2017-09-26,cremas dentales,S,"summa company, s.a. de c.v.",abarr. y art. de farmacia grav,0,0,0,2018-01-01 al 2018-06-30
2549445,crema dental colgate triple accion,72,75,ml,0,2017-09-26,cremas dentales,S,"summa company, s.a. de c.v.",abarr. y art. de farmacia grav,0,0,0,2018-01-01 al 2018-06-30
2549446,cepillo dent colgate prem clean pack 7x6,56,1,pz,0,2017-09-26,cepillos dentales,N,"summa company, s.a. de c.v.",abarr. y art. de farmacia grav,0,0,0,2018-01-01 al 2018-06-30
2549447,desod lady speed stick floral fresh roll,48,30,ml,0,2017-09-26,desodorantes de uso personal,N,"summa company, s.a. de c.v.",abarr. y art. de farmacia grav,0,0,0,2018-01-01 al 2018-06-30
2549448,desod lady speed stick power fresh aeros,12,60,gr,0,2017-09-26,desodorantes de uso personal,N,"summa company, s.a. de c.v.",abarr. y art. de farmacia grav,0,0,0,2018-01-01 al 2018-06-30
2549449,desod men speed stick  extreme aerosol,12,60,gr,0,2017-09-26,desodorantes de uso personal,N,"summa company, s.a. de c.v.",abarr. y art. de farmacia grav,0,0,0,2018-01-01 al 2018-06-30
2549450,desod speed stick cool night roll on,48,30,ml,0,2017-09-26,desodorantes de uso personal,N,"summa company, s.a. de c.v.",abarr. y art. de farmacia grav,0,0,0,2018-01-01 al 2018-06-30
2549451,desodorante stefano black aerosol,12,60,gr,0,2017-09-26,desodorantes de uso personal,N,"summa company, s.a. de c.v.",abarr. y art. de farmacia grav,0,0,0,2018-01-01 al 2018-06-30
2549452,jabon baby magic mennen,96,110,gr,0,2017-09-26,jabones de tocador,S,"summa company, s.a. de c.v.",abarr. y art. de farmacia grav,0,0,0,2018-01-01 al 2018-06-30
2549453,jabon naturals oliva & aloe pack 6p,72,160,gr,0,2017-09-26,jabones de tocador,S,"summa company, s.a. de c.v.",abarr. y art. de farmacia grav,0,0,0,2018-01-01 al 2018-06-30
2549454,jabon palmolive neutro balance reg paq 6,96,130,gr,0,2017-09-26,jabones de tocador,S,"summa company, s.a. de c.v.",abarr. y art. de farmacia grav,0,0,0,2018-01-01 al 2018-06-30
2549455,shampoo caprice acticeramidas,15,220,ml,0,2017-09-26,shampoo y acondicionadores,N,"summa company, s.a. de c.v.",perfumeria y art de tocador grav,0,0,0,2018-01-01 al 2018-06-30
2549456,shampoo caprice biotina,15,220,ml,0,2017-09-26,shampoo y acondicionadores,N,"summa company, s.a. de c.v.",perfumeria y art de tocador grav,0,0,0,2018-01-01 al 2018-06-30
2549458,shampoo palmolive optims sachet 2x10ml,1152,10,ml,0,2017-09-26,shampoo y acondicionadores,N,"summa company, s.a. de c.v.",perfumeria y art de tocador grav,0,0,0,2018-01-01 al 2018-06-30
2549459,papel higienico regio rinde+ 400 hd,20,4,pz,0,2017-11-13,papel higienico,S,"summa company, s.a. de c.v.",abarr. y art. de farmacia grav,0,0,0,2018-01-01 al 2018-06-30
2549460,papel higienico maxima tender 200 hd,24,4,pz,0,2017-11-15,papel higienico,S,"summa company, s.a. de c.v.",abarr. y art. de farmacia grav,0,0,0,2018-01-01 al 2018-06-30
2549461,galleta tropicuqui maribel,12,149,gr,0,2017-12-13,galletas diversas,S,"summa company, s.a. de c.v.",pago abarrotes gravado ieps (propio,0,0,8,2018-01-01 al 2018-06-30
2549462,galleta salada maribel,12,180,gr,0,2017-12-13,galletas basicas,S,"summa company, s.a. de c.v.",abarr. y art. de farmacia no grav,0,0,0,2018-01-01 al 2018-06-30
2549463,toalla humeda picolin,18,80,pz,0,2018-01-25,panuelos desechables,N,"summa company, s.a. de c.v.",abarr. y art. de farmacia grav,0,0,0,2018-01-01 al 2018-06-30
2549464,shampoo caprice esp acticeramidas,12,400,ml,0,2018-01-25,shampoo y acondicionadores,N,"summa company, s.a. de c.v.",perfumeria y art de tocador grav,0,0,0,2018-01-01 al 2018-06-30
2549465,jabon baby magic mennen,96,100,gr,0,2018-01-25,jabones de tocador,S,"summa company, s.a. de c.v.",abarr. y art. de farmacia grav,0,0,0,2018-01-01 al 2018-06-30
2549466,jabon naturals olica & aloe pack 6p,72,150,gr,0,2018-01-25,jabones de tocador,S,"summa company, s.a. de c.v.",abarr. y art. de farmacia grav,0,0,0,2018-01-01 al 2018-06-30
2549467,flan pvo c/caram d gari cajillas 84g+50g,24,134,gr,1,2018-05-02,flanes,N,"summa company, s.a. de c.v.",abarr. y art. de farmacia no grav,0,0,0,2018-01-01 al 2018-06-30
2549468,gelatina en polvo surtida agua,24,120,gr,1,2018-05-02,gelatinas,N,"summa company, s.a. de c.v.",abarr. y art. de farmacia no grav,0,0,0,2018-01-01 al 2018-06-30
2549469,gelatina en polvo surtida leche,24,120,gr,1,2018-05-02,gelatinas,N,"summa company, s.a. de c.v.",abarr. y art. de farmacia no grav,0,0,0,2018-01-01 al 2018-06-30
2549470,suavitel suavitel complete fresca primav,18,300,ml,0,2018-07-13,suavizantes de tela,N,"summa company, s.a. de c.v.",abarr. y art. de farmacia grav,0,0,0,2018-01-01 al 2018-06-30
2549471,encendedor maxi,25,15,pz,0,2018-09-21,encendedores,N,"summa company, s.a. de c.v.",miscelaneos grav,0,0,0,2018-01-01 al 2018-06-30
2549472,encendedor mini,25,15,pz,0,2018-09-21,encendedores,N,"summa company, s.a. de c.v.",miscelaneos grav,0,0,0,2018-01-01 al 2018-06-30
2549473,rastrillo comfort 3 action piel normal,12,12,pz,0,2018-09-21,navajas y rastrillos de afeitar,N,"summa company, s.a. de c.v.",perfumeria y art de tocador grav,0,0,0,2018-01-01 al 2018-06-30
2549474,rastrillo twin select,12,12,pz,0,2018-09-21,navajas y rastrillos de afeitar,N,"summa company, s.a. de c.v.",perfumeria y art de tocador grav,0,0,0,2018-01-01 al 2018-06-30
2549475,boligrafo cristal fashion surtido,15,15,pz,0,2018-09-21,articulos escolares,N,"summa company, s.a. de c.v.",papeleria y art. escolares grav,0,0,0,2018-01-01 al 2018-06-30
2549476,boligrafo cristal precision y suav surt,15,15,pz,0,2018-09-21,articulos escolares,N,"summa company, s.a. de c.v.",papeleria y art. escolares grav,0,0,0,2018-01-01 al 2018-06-30
2549477,boligrafo cristal bic,15,15,pz,0,2018-09-21,articulos escolares,N,"summa company, s.a. de c.v.",papeleria y art. escolares grav,0,0,0,2018-01-01 al 2018-06-30
2553005,maiz blanco nacional a granel,1000,1,kg,0,2006-12-06,maiz blanco,S,"lonja agropecuaria de jalisco, s.a. de c.v.",maiz,1,0,0,2018-01-01 al 2018-06-30
2553006,maiz blanco nacional envasado,1000,1,kg,0,2006-12-06,maiz blanco,S,"lonja agropecuaria de jalisco, s.a. de c.v.",maiz,1,0,0,2018-01-01 al 2018-06-30
2561001,azucar estandar a granel,1,1,kg,0,2006-03-14,azucar estandar,S,"improba, s.a. de c.v.",azucar,0,0,0,2018-01-01 al 2018-06-30
2561002,azucar estandar envasada,1,1,kg,0,2006-07-18,azucar estandar,S,"improba, s.a. de c.v.",azucar,0,0,0,2018-01-01 al 2018-06-30
2562001,frijol negro jamapa a granel,1,1,kg,0,2006-03-15,frijol a granel,S,"ol tonal leh, sc.de r.l. de c.v.",frijol,0,0,0,2018-01-01 al 2018-06-30
2562002,frijol peruano higuera a granel,1,1,kg,0,2006-07-13,frijol a granel,S,"ol tonal leh, sc.de r.l. de c.v.",frijol,0,0,0,2018-01-01 al 2018-06-30
2562003,frijol flor de mayo a granel,1,1,kg,0,2006-08-03,frijol a granel,S,"ol tonal leh, sc.de r.l. de c.v.",frijol,0,0,0,2018-01-01 al 2018-06-30
2562006,frijol negro queretaro a granel,1,1,kg,0,2008-04-11,frijol a granel,S,"ol tonal leh, sc.de r.l. de c.v.",frijol,0,0,0,2018-01-01 al 2018-06-30
2562008,frijol negro san luis envasado,1,1,kg,0,2008-07-11,frijol envasado,S,"ol tonal leh, sc.de r.l. de c.v.",frijol,1,0,0,2018-01-01 al 2018-06-30
2562009,frijol negro san luis a granel,1,1,kg,0,2008-07-11,frijol a granel,S,"ol tonal leh, sc.de r.l. de c.v.",frijol,0,0,0,2018-01-01 al 2018-06-30
2562010,frijol pinto saltillo envasado,1,1,kg,0,2009-01-20,frijol envasado,S,"ol tonal leh, sc.de r.l. de c.v.",frijol,1,0,0,2018-01-01 al 2018-06-30
2562011,frijol flor de mayo envasado,1,1,kg,0,2009-01-20,frijol envasado,S,"ol tonal leh, sc.de r.l. de c.v.",frijol,1,0,0,2018-01-01 al 2018-06-30
2562012,frijol negro queretaro envasado,1,1,kg,0,2009-09-04,frijol envasado,S,"ol tonal leh, sc.de r.l. de c.v.",frijol,1,0,0,2018-01-01 al 2018-06-30
2562013,frijol negro jamapa envasado,1,1,kg,0,2010-06-24,frijol envasado,S,"ol tonal leh, sc.de r.l. de c.v.",frijol,1,0,0,2018-01-01 al 2018-06-30
2562016,frijol azufrado a granel,1,1,kg,0,2012-07-12,frijol a granel,S,"ol tonal leh, sc.de r.l. de c.v.",frijol,0,0,0,2018-01-01 al 2018-06-30
2562017,frijol pinto bill-z envasado,1,1,kg,0,2012-08-03,frijol envasado,S,"ol tonal leh, sc.de r.l. de c.v.",frijol,1,0,0,2018-01-01 al 2018-06-30
2586001,maiz blanco nacional a granel,1000,1,kg,0,2006-06-02,maiz blanco,S,"gradesa, s.a. de c.v.",maiz,0,0,0,2018-01-01 al 2018-06-30
2586002,maiz blanco nacional envasado,1000,1,kg,0,2006-06-02,maiz blanco,S,"gradesa, s.a. de c.v.",maiz,1,0,0,2018-01-01 al 2018-06-30
2586004,maiz blanco importado envasado,1000,1,kg,0,2011-06-15,maiz blanco,S,"gradesa, s.a. de c.v.",maiz,1,0,0,2018-01-01 al 2018-06-30
2587010,soya texturizada sabor natural,80,330,gr,1,2014-03-31,soya texturizada,N,"m.c. international commerce, s.a. de c v.",abarr. y art. de farmacia no grav,0,0,0,2018-01-01 al 2018-06-30
2587011,croqueta de pollo,150,120,gr,0,2014-03-31,diversas comidas preparadas,N,"m.c. international commerce, s.a. de c v.",abarr. y art. de farmacia no grav,0,0,0,2018-01-01 al 2018-06-30
2587013,barra de amaranto c/cacahuate nutriwell,250,25,gr,0,2014-04-24,productos a base de amaranto,S,"m.c. international commerce, s.a. de c v.",pago abarrotes gravado ieps (propio,0,0,8,2018-01-01 al 2018-06-30
2587020,galleta integral de avena sabor naranja,300,30,gr,0,2016-02-26,galletas diversas,S,"m.c. international commerce, s.a. de c v.",pago abarrotes gravado ieps (propio,0,0,8,2018-01-01 al 2018-06-30
2587026,granola c/fibra en cubos sabor vainilla,180,30,gr,0,2016-02-29,granola,N,"m.c. international commerce, s.a. de c v.",pago abarrotes gravado ieps (propio,0,0,8,2018-01-01 al 2018-06-30
2587030,hojuelas de avena,20,425,gr,0,2016-02-29,avena,N,"m.c. international commerce, s.a. de c v.",abarr. y art. de farmacia no grav,0,0,0,2018-01-01 al 2018-06-30
2587031,cereal integral sabor vainilla,60,150,gr,0,2016-02-29,cereales en hojuelas,S,"m.c. international commerce, s.a. de c v.",pago abarrotes gravado ieps (propio,0,0,8,2018-01-01 al 2018-06-30
2587032,"cereal int c/manzana,arandano, frambuesa",60,150,gr,0,2016-02-29,cereales en hojuelas,S,"m.c. international commerce, s.a. de c v.",pago abarrotes gravado ieps (propio,0,0,8,2018-01-01 al 2018-06-30
2587033,uva pasa con arandano,40,200,gr,0,2016-02-29,frutas secas,N,"m.c. international commerce, s.a. de c v.",pago abarrotes gravado ieps (propio,0,0,8,2018-01-01 al 2018-06-30
2587034,salchicha de pollo,200,90,gr,0,2016-05-02,diversas carnes envasadas,N,"m.c. international commerce, s.a. de c v.",abarr. y art. de farmacia no grav,0,0,0,2018-01-01 al 2018-06-30
2587035,salchicha de pollo,8,1260,gr,0,2016-05-02,diversas carnes envasadas,N,"m.c. international commerce, s.a. de c v.",abarr. y art. de farmacia no grav,0,0,0,2018-01-01 al 2018-06-30
2587036,atun en agua nutrivien,48,140,gr,0,2017-03-24,atun enlatado,S,"m.c. international commerce, s.a. de c v.",abarr. y art. de farmacia no grav,0,0,0,2018-01-01 al 2018-06-30
2587037,uva pasa sin semilla,250,21,gr,0,2017-04-25,frutas secas,N,"m.c. international commerce, s.a. de c v.",abarr. y art. de farmacia no grav,0,0,0,2018-01-01 al 2018-06-30
2587038,tableta de cacahuate con avena,600,30,gr,0,2018-04-19,dulces y caramelos,N,"m.c. international commerce, s.a. de c v.",pago abarrotes gravado ieps (propio,0,0,8,2018-01-01 al 2018-06-30
2587039,"mix uva pasa,manz desh s/azuc y sem gira",40,200,gr,0,2018-04-19,frutas secas,N,"m.c. international commerce, s.a. de c v.",pago abarrotes gravado ieps (propio,0,0,8,2018-01-01 al 2018-06-30
2587040,nutricereal integral c/coco fort c/10 vi,60,150,gr,0,2018-04-19,cereales en hojuelas,S,"m.c. international commerce, s.a. de c v.",pago abarrotes gravado ieps (propio,0,0,8,2018-01-01 al 2018-06-30
2587041,granola c/cacao red azucar adicion c/pro,180,30,gr,0,2018-04-19,granola,N,"m.c. international commerce, s.a. de c v.",pago abarrotes gravado ieps (propio,0,0,8,2018-01-01 al 2018-06-30
2587042,granola integrada con diferentes cereale,36,510,gr,0,2018-04-19,granola,N,"m.c. international commerce, s.a. de c v.",pago abarrotes gravado ieps (propio,0,0,8,2018-01-01 al 2018-06-30
2587043,cereal integral pop vain fort c/10 vit.,60,150,gr,0,2018-04-19,cereales en hojuelas,S,"m.c. international commerce, s.a. de c v.",pago abarrotes gravado ieps (propio,0,0,8,2018-01-01 al 2018-06-30
2587044,cereal integral pop vain fort c/10 vit,250,30,gr,0,2018-04-19,cereales en hojuelas,S,"m.c. international commerce, s.a. de c v.",pago abarrotes gravado ieps (propio,0,0,8,2018-01-01 al 2018-06-30
2587045,"barra de cer int gra ent,chia y kiwi s/a",250,30,gr,0,2018-04-19,dulces y caramelos,N,"m.c. international commerce, s.a. de c v.",pago abarrotes gravado ieps (propio,0,0,8,2018-01-01 al 2018-06-30
2587046,galleta int de trigo avena y mango s/a,30,360,gr,0,2018-04-19,galletas diversas,S,"m.c. international commerce, s.a. de c v.",pago abarrotes gravado ieps (propio,0,0,8,2018-01-01 al 2018-06-30
2587047,"galleta int de trigo c/avena, trozos de",550,30,gr,0,2018-04-19,galletas diversas,S,"m.c. international commerce, s.a. de c v.",pago abarrotes gravado ieps (propio,0,0,8,2018-01-01 al 2018-06-30
2602076,anaquel liso acero inox 0.9x 0.5x1.8m,1,1,pz,0,2014-03-28,articulos para cocina,N,"grupo corrado, s.a. de .c.v.",miscelaneos grav,0,0,0,2018-01-01 al 2018-06-30
2602077,comal de acero inoxidable,1,1,pz,0,2014-04-23,utensilios de aluminio y acero,N,"grupo corrado, s.a. de .c.v.",miscelaneos grav,0,0,0,2018-01-01 al 2018-06-30
2602079,mesas  trabajo acero inox 2.50x0.70x0.90,1,1,pz,0,2014-04-30,articulos para cocina,N,"grupo corrado, s.a. de .c.v.",miscelaneos grav,0,0,0,2018-01-01 al 2018-06-30
2602083,budinera de 50 lt,1,1,pz,0,2017-07-31,utensilios de loza y peltre,N,"grupo corrado, s.a. de .c.v.",art. de hogar y jarcieria grav,0,0,0,2018-01-01 al 2018-06-30
2602084,cilindro de gas,1,1,pz,0,2017-07-31,herramientas p/el campo y kits de limp.,N,"grupo corrado, s.a. de .c.v.",miscelaneos grav,0,0,0,2018-01-01 al 2018-06-30
2602085,colador acero inox 18cm,1,1,pz,0,2017-07-31,utensilios de aluminio y acero,N,"grupo corrado, s.a. de .c.v.",miscelaneos grav,0,0,0,2018-01-01 al 2018-06-30
2602086,cucharas grandes,1,1,pz,0,2017-07-31,utensilios de aluminio y acero,N,"grupo corrado, s.a. de .c.v.",miscelaneos grav,0,0,0,2018-01-01 al 2018-06-30
2602087,"cucharas soperas, 3.5 mm",1,1,pz,0,2017-07-31,utensilios de aluminio y acero,N,"grupo corrado, s.a. de .c.v.",miscelaneos grav,0,0,0,2018-01-01 al 2018-06-30
2602088,cucharones de 20/60,1,1,pz,0,2017-07-31,utensilios de aluminio y acero,N,"grupo corrado, s.a. de .c.v.",miscelaneos grav,0,0,0,2018-01-01 al 2018-06-30
2602089,cuchillos de 25 cm,1,1,pz,0,2017-07-31,utensilios de aluminio y acero,N,"grupo corrado, s.a. de .c.v.",miscelaneos grav,0,0,0,2018-01-01 al 2018-06-30
2602090,cuchillos de mesa,1,1,pz,0,2017-07-31,utensilios de aluminio y acero,N,"grupo corrado, s.a. de .c.v.",miscelaneos grav,0,0,0,2018-01-01 al 2018-06-30
2602091,fogon de gas,1,1,pz,0,2017-07-31,herramientas p/el campo y kits de limp.,N,"grupo corrado, s.a. de .c.v.",miscelaneos grav,0,0,0,2018-01-01 al 2018-06-30
2602092,mesas banqueteras 2.44x 0.76,1,1,pz,0,2017-07-31,herramientas p/el campo y kits de limp.,N,"grupo corrado, s.a. de .c.v.",miscelaneos grav,0,0,0,2018-01-01 al 2018-06-30
2602093,olla de 40 lts,1,1,pz,0,2017-07-31,utensilios de loza y peltre,N,"grupo corrado, s.a. de .c.v.",art. de hogar y jarcieria grav,0,0,0,2018-01-01 al 2018-06-30
2602094,olla de 30 lts,1,1,pz,0,2017-07-31,utensilios de loza y peltre,N,"grupo corrado, s.a. de .c.v.",art. de hogar y jarcieria grav,0,0,0,2018-01-01 al 2018-06-30
2602095,olla de 60 lts,1,1,pz,0,2017-07-31,utensilios de loza y peltre,N,"grupo corrado, s.a. de .c.v.",art. de hogar y jarcieria grav,0,0,0,2018-01-01 al 2018-06-30
2602096,palas,1,1,pz,0,2017-07-31,utensilios de aluminio y acero,N,"grupo corrado, s.a. de .c.v.",miscelaneos grav,0,0,0,2018-01-01 al 2018-06-30
2602097,plato 15 cm,1,1,pz,0,2017-07-31,utensilios d/plastico madera y vidrio,N,"grupo corrado, s.a. de .c.v.",miscelaneos grav,0,0,0,2018-01-01 al 2018-06-30
2602098,plato 25 cm,1,1,pz,0,2017-07-31,utensilios d/plastico madera y vidrio,N,"grupo corrado, s.a. de .c.v.",miscelaneos grav,0,0,0,2018-01-01 al 2018-06-30
2602099,plato hondo,1,1,pz,0,2017-07-31,utensilios d/plastico madera y vidrio,N,"grupo corrado, s.a. de .c.v.",miscelaneos grav,0,0,0,2018-01-01 al 2018-06-30
2602100,prensa para tortillas,1,1,pz,0,2017-07-31,utensilios de aluminio y acero,N,"grupo corrado, s.a. de .c.v.",art. de hogar y jarcieria grav,0,0,0,2018-01-01 al 2018-06-30
2602101,sarten de 40 cm,1,1,pz,0,2017-07-31,utensilios de loza y peltre,N,"grupo corrado, s.a. de .c.v.",art. de hogar y jarcieria grav,0,0,0,2018-01-01 al 2018-06-30
2602102,sarten de 36 cm,1,1,pz,0,2017-07-31,utensilios de loza y peltre,N,"grupo corrado, s.a. de .c.v.",art. de hogar y jarcieria grav,0,0,0,2018-01-01 al 2018-06-30
2602103,silla de plastico,1,1,pz,0,2017-07-31,utensilios d/plastico madera y vidrio,N,"grupo corrado, s.a. de .c.v.",miscelaneos grav,0,0,0,2018-01-01 al 2018-06-30
2602104,tabla de  picar,1,1,pz,0,2017-07-31,utensilios d/plastico madera y vidrio,N,"grupo corrado, s.a. de .c.v.",art. de hogar y jarcieria grav,0,0,0,2018-01-01 al 2018-06-30
2602105,mueble tarja p/lavatrastes acero  inox,1,1,pz,0,2017-07-31,articulos para cocina,N,"grupo corrado, s.a. de .c.v.",miscelaneos grav,0,0,0,2018-01-01 al 2018-06-30
2602106,tazas,1,1,pz,0,2017-07-31,utensilios d/plastico madera y vidrio,N,"grupo corrado, s.a. de .c.v.",art. de hogar y jarcieria grav,0,0,0,2018-01-01 al 2018-06-30
2602107,tenedores,1,1,pz,0,2017-07-31,utensilios de aluminio y acero,N,"grupo corrado, s.a. de .c.v.",art. de hogar y jarcieria grav,0,0,0,2018-01-01 al 2018-06-30
2602108,tinaco de 750 lt,1,1,pz,0,2017-07-31,herramientas p/el campo y kits de limp.,N,"grupo corrado, s.a. de .c.v.",miscelaneos grav,0,0,0,2018-01-01 al 2018-06-30
2602109,vaporera de 40 lts,1,1,pz,0,2017-07-31,utensilios de aluminio y acero,N,"grupo corrado, s.a. de .c.v.",miscelaneos grav,0,0,0,2018-01-01 al 2018-06-30
2602110,vaso,1,1,pz,0,2017-07-31,vasos desechables,N,"grupo corrado, s.a. de .c.v.",art. de hogar y jarcieria grav,0,0,0,2018-01-01 al 2018-06-30
2602111,purificador de agua de tubo de ceramica,1,1,pz,0,2017-11-02,utensilios d/plastico madera y vidrio,N,"grupo corrado, s.a. de .c.v.",miscelaneos grav,0,0,0,2018-01-01 al 2018-06-30
2608017,arroz grano largo 5% envasado,1,1,kg,0,2017-07-26,arroz envasado,S,"cereales y pastas, s.a. de c.v.",arroz,1,0,0,2018-01-01 al 2018-06-30
2614001,choco paquin polvo bolsa,24,400,gr,0,2006-09-11,chocolate en polvo,S,graciela angelica topete davila,pago abarrotes gravado ieps (propio,0,0,8,2018-01-01 al 2018-06-30
2614004,choco paquin bolsa,48,180,gr,0,2018-04-09,chocolate en polvo,S,graciela angelica topete davila,pago abarrotes gravado ieps (propio,0,0,8,2018-01-01 al 2018-06-30
2616010,bebida vitaminada fresa bida,10,200,ml,1,2006-09-25,bebidas de fruta,N,"comercializadora eloro, s.a.",abarrotes amparos,0,0,0,2018-01-01 al 2018-06-30
2616011,bebida vitaminada guayaba bida,10,200,ml,1,2006-09-25,bebidas de fruta,N,"comercializadora eloro, s.a.",abarrotes amparos,0,0,0,2018-01-01 al 2018-06-30
2616012,bebida vitaminada mango bida,10,200,ml,1,2006-09-25,bebidas de fruta,N,"comercializadora eloro, s.a.",abarrotes amparos,0,0,0,2018-01-01 al 2018-06-30
2616013,bebida vitaminada manzana bida,10,200,ml,1,2006-09-25,bebidas de fruta,N,"comercializadora eloro, s.a.",abarrotes amparos,0,0,0,2018-01-01 al 2018-06-30
2616014,bebida vitaminada uva bida,10,200,ml,1,2006-09-25,bebidas de fruta,N,"comercializadora eloro, s.a.",abarrotes amparos,0,0,0,2018-01-01 al 2018-06-30
2616015,bebida vitaminada fresa bida,12,500,ml,1,2006-09-25,bebidas de fruta gravados,N,"comercializadora eloro, s.a.",abarrotes amparos,0,0,0,2018-01-01 al 2018-06-30
2616016,bebida vitaminada guayaba bida,12,500,ml,1,2006-09-25,bebidas de fruta gravados,N,"comercializadora eloro, s.a.",abarrotes amparos,0,0,0,2018-01-01 al 2018-06-30
2616017,bebida vitaminada mango bida,12,500,ml,1,2006-09-25,bebidas de fruta gravados,N,"comercializadora eloro, s.a.",abarrotes amparos,0,0,0,2018-01-01 al 2018-06-30
2616018,bebida vitaminada manzana bida,12,500,ml,1,2006-09-25,bebidas de fruta gravados,N,"comercializadora eloro, s.a.",abarrotes amparos,0,0,0,2018-01-01 al 2018-06-30
2616019,bebida vitaminada uva bida,12,500,ml,1,2006-09-25,bebidas de fruta gravados,N,"comercializadora eloro, s.a.",abarrotes amparos,0,0,0,2018-01-01 al 2018-06-30
2616020,pau pau cereza plastico,24,250,ml,1,2006-09-25,bebidas de fruta,N,"comercializadora eloro, s.a.",abarrotes amparos,0,0,0,2018-01-01 al 2018-06-30
2616021,pau pau manzana plastico,24,250,ml,1,2006-09-25,bebidas de fruta,N,"comercializadora eloro, s.a.",abarrotes amparos,0,0,0,2018-01-01 al 2018-06-30
2616022,pau pau naranja plastico,24,250,ml,1,2006-09-25,bebidas de fruta,N,"comercializadora eloro, s.a.",abarrotes amparos,0,0,0,2018-01-01 al 2018-06-30
2616023,pau pau uva plastico,24,250,ml,1,2006-09-25,bebidas de fruta,N,"comercializadora eloro, s.a.",abarrotes amparos,0,0,0,2018-01-01 al 2018-06-30
2616027,botellita nectar durazno,24,250,ml,1,2006-09-25,nectares,S,"comercializadora eloro, s.a.",abarr no grav decreto 2006,0,0,0,2018-01-01 al 2018-06-30
2616028,botellita nectar guayaba,24,250,ml,1,2006-09-25,nectares,S,"comercializadora eloro, s.a.",abarr no grav decreto 2006,0,0,0,2018-01-01 al 2018-06-30
2616029,botellita nectar mango,24,250,ml,1,2006-09-25,nectares,S,"comercializadora eloro, s.a.",abarr no grav decreto 2006,0,0,0,2018-01-01 al 2018-06-30
2616030,botellita nectar manzana,24,250,ml,1,2006-09-25,nectares,S,"comercializadora eloro, s.a.",abarr no grav decreto 2006,0,0,0,2018-01-01 al 2018-06-30
2616054,lata jugo pina jumex,24,335,ml,1,2006-09-25,jugos,S,"comercializadora eloro, s.a.",abarr no grav decreto 2006,0,0,0,2018-01-01 al 2018-06-30
2616057,lata nectar de durazno jumex,24,335,ml,1,2006-09-25,nectares,S,"comercializadora eloro, s.a.",abarr no grav decreto 2006,0,0,0,2018-01-01 al 2018-06-30
2616058,lata nectar de guayaba jumex,24,335,ml,1,2006-09-25,nectares,S,"comercializadora eloro, s.a.",abarr no grav decreto 2006,0,0,0,2018-01-01 al 2018-06-30
2616059,lata nectar de mango jumex,24,335,ml,1,2006-09-25,nectares,S,"comercializadora eloro, s.a.",abarr no grav decreto 2006,0,0,0,2018-01-01 al 2018-06-30
2616060,lata nectar de manzana jumex,24,335,ml,1,2006-09-25,nectares,S,"comercializadora eloro, s.a.",abarr no grav decreto 2006,0,0,0,2018-01-01 al 2018-06-30
2616061,lata nectar de papaya/pina jumex,24,335,ml,1,2006-09-25,nectares,S,"comercializadora eloro, s.a.",abarr no grav decreto 2006,0,0,0,2018-01-01 al 2018-06-30
2616066,minibrik nectar jumex durazno,40,200,ml,1,2006-09-25,nectares,S,"comercializadora eloro, s.a.",abarr no grav decreto 2006,0,0,0,2018-01-01 al 2018-06-30
2616067,minibrik nectar mango,40,200,ml,1,2006-09-25,nectares,S,"comercializadora eloro, s.a.",abarr no grav decreto 2006,0,0,0,2018-01-01 al 2018-06-30
2616068,minibrik nectar jumex manzana,40,200,ml,1,2006-09-25,nectares,S,"comercializadora eloro, s.a.",abarr no grav decreto 2006,0,0,0,2018-01-01 al 2018-06-30
2616069,tetrabrik jugo jumex de manzana,12,1,lt,1,2006-09-25,jugos,S,"comercializadora eloro, s.a.",abarr no grav decreto 2006,0,0,0,2018-01-01 al 2018-06-30
2616070,tetrabrik jugo jumex naranja,12,1,lt,1,2006-09-25,jugos,S,"comercializadora eloro, s.a.",abarr no grav decreto 2006,0,0,0,2018-01-01 al 2018-06-30
2616071,tetrabrik jugo jumex pina,12,1,lt,1,2006-09-25,jugos,S,"comercializadora eloro, s.a.",abarr no grav decreto 2006,0,0,0,2018-01-01 al 2018-06-30
2616090,ami 500 ml manzana,18,500,ml,0,2009-03-09,bebidas de fruta,N,"comercializadora eloro, s.a.",abarrotes amparos,0,0,0,2018-01-01 al 2018-06-30
2616091,ami 500 ml naranja,18,500,ml,0,2009-03-09,bebidas de fruta,N,"comercializadora eloro, s.a.",abarrotes amparos,0,0,0,2018-01-01 al 2018-06-30
2616092,ami 500 ml uva,18,500,ml,0,2009-03-09,bebidas de fruta,N,"comercializadora eloro, s.a.",abarrotes amparos,0,0,0,2018-01-01 al 2018-06-30
2616110,pau pau mango plastico,24,250,ml,1,2010-09-28,bebidas de fruta,N,"comercializadora eloro, s.a.",abarrotes amparos,0,0,0,2018-01-01 al 2018-06-30
2616118,bebida vitaminada naranja bida,12,500,ml,1,2010-09-28,bebidas de fruta gravados,N,"comercializadora eloro, s.a.",abarrotes amparos,0,0,0,2018-01-01 al 2018-06-30
2616120,lata nectar manzana vigor,24,335,ml,1,2010-09-28,nectares,S,"comercializadora eloro, s.a.",abarr no grav decreto 2006,0,0,0,2018-01-01 al 2018-06-30
2616121,lata nectar mango vigor,24,335,ml,1,2010-09-28,nectares,S,"comercializadora eloro, s.a.",abarr no grav decreto 2006,0,0,0,2018-01-01 al 2018-06-30
2616122,lata nectar durazno vigor,24,335,ml,1,2010-09-28,nectares,S,"comercializadora eloro, s.a.",abarr no grav decreto 2006,0,0,0,2018-01-01 al 2018-06-30
2616125,bebida de fruta manzana bida,12,1,lt,1,2012-07-24,bebidas de fruta,N,"comercializadora eloro, s.a.",abarrotes amparos,0,0,0,2018-01-01 al 2018-06-30
2616126,bebida de fruta mango bida,12,1,lt,1,2012-07-24,bebidas de fruta,N,"comercializadora eloro, s.a.",abarrotes amparos,0,0,0,2018-01-01 al 2018-06-30
2616127,bebida de fruta guayaba bida,12,1,lt,1,2012-07-24,bebidas de fruta,N,"comercializadora eloro, s.a.",abarrotes amparos,0,0,0,2018-01-01 al 2018-06-30
2616128,bebida de fruta uva bida,12,1,lt,1,2012-07-24,bebidas de fruta,N,"comercializadora eloro, s.a.",abarrotes amparos,0,0,0,2018-01-01 al 2018-06-30
2616129,bebida de fruta fresa bida,12,1,lt,1,2012-07-24,bebidas de fruta,N,"comercializadora eloro, s.a.",abarrotes amparos,0,0,0,2018-01-01 al 2018-06-30
2616135,nectar vigor mini manzana,40,200,ml,1,2014-04-03,nectares,S,"comercializadora eloro, s.a.",abarr no grav decreto 2006,0,0,0,2018-01-01 al 2018-06-30
2616136,nectar vigor mini mango,40,200,ml,1,2014-04-03,nectares,S,"comercializadora eloro, s.a.",abarr no grav decreto 2006,0,0,0,2018-01-01 al 2018-06-30
2616137,nectar vigor mini durazno,40,200,ml,1,2014-04-03,nectares,S,"comercializadora eloro, s.a.",abarr no grav decreto 2006,0,0,0,2018-01-01 al 2018-06-30
2616138,jumex lb manzana,12,500,ml,1,2014-04-03,nectares,S,"comercializadora eloro, s.a.",abarr no grav decreto 2006,0,0,0,2018-01-01 al 2018-06-30
2616140,jumex lb durazno,12,500,ml,1,2014-04-03,nectares,S,"comercializadora eloro, s.a.",abarr no grav decreto 2006,0,0,0,2018-01-01 al 2018-06-30
2616141,bebida v8 splash zarzabroso,12,413,ml,1,2014-04-03,bebidas de fruta,N,"comercializadora eloro, s.a.",abarrotes amparos,0,0,0,2018-01-01 al 2018-06-30
2616142,bebida v8 splash kiwifreson,12,413,ml,0,2014-04-03,bebidas de fruta,N,"comercializadora eloro, s.a.",abarrotes amparos,0,0,0,2018-01-01 al 2018-06-30
2616143,jumex sport mango c/jugo,12,600,ml,0,2014-04-03,bebidas de fruta gravados,N,"comercializadora eloro, s.a.",abarrotes amparos,0,0,0,2018-01-01 al 2018-06-30
2616144,jumex sport naranja c/jugo,12,600,ml,0,2014-04-03,bebidas de fruta gravados,N,"comercializadora eloro, s.a.",abarrotes amparos,0,0,0,2018-01-01 al 2018-06-30
2616146,jumex sport tor-nar c/jugo,12,600,ml,0,2014-04-03,bebidas de fruta gravados,N,"comercializadora eloro, s.a.",abarrotes amparos,0,0,0,2018-01-01 al 2018-06-30
2616147,jumex sport lima-limon c/jugo,12,600,ml,0,2014-04-03,bebidas de fruta gravados,N,"comercializadora eloro, s.a.",abarrotes amparos,0,0,0,2018-01-01 al 2018-06-30
2616149,jumex minibrik 125ml manzana,44,125,ml,1,2015-10-12,nectares,S,"comercializadora eloro, s.a.",abarr no grav decreto 2006,0,0,0,2018-01-01 al 2018-06-30
2616150,jumex minibrik 125ml mango,44,125,ml,1,2015-10-12,nectares,S,"comercializadora eloro, s.a.",abarr no grav decreto 2006,0,0,0,2018-01-01 al 2018-06-30
2616151,jumex minibrik 125ml durazno,44,125,ml,1,2015-10-12,nectares,S,"comercializadora eloro, s.a.",abarr no grav decreto 2006,0,0,0,2018-01-01 al 2018-06-30
2616152,jumex botella manzana,24,450,ml,1,2015-10-12,nectares,S,"comercializadora eloro, s.a.",abarr no grav decreto 2006,0,0,0,2018-01-01 al 2018-06-30
2616153,jumex botella mango,24,450,ml,1,2015-10-12,nectares,S,"comercializadora eloro, s.a.",abarr no grav decreto 2006,0,0,0,2018-01-01 al 2018-06-30
2616154,jumex botella durazno,24,450,ml,1,2015-10-12,nectares,S,"comercializadora eloro, s.a.",abarr no grav decreto 2006,0,0,0,2018-01-01 al 2018-06-30
2616155,pau pau bebida surtido,24,250,ml,0,2015-10-12,bebidas de fruta,N,"comercializadora eloro, s.a.",abarrotes amparos,0,0,0,2018-01-01 al 2018-06-30
2616156,jugo v8 vegetales original,12,250,ml,1,2015-10-12,jugos,S,"comercializadora eloro, s.a.",abarr no grav decreto 2006,0,0,0,2018-01-01 al 2018-06-30
2616157,bebida arizona kiwi strawberry,24,680,ml,0,2015-10-12,bebidas de fruta,N,"comercializadora eloro, s.a.",abarrotes amparos,0,0,0,2018-01-01 al 2018-06-30
2616158,bebida arizona watermelon tea,24,680,ml,0,2015-10-12,bebidas de fruta,N,"comercializadora eloro, s.a.",abarrotes amparos,0,0,0,2018-01-01 al 2018-06-30
2616159,bebida arizona green tea,24,680,ml,0,2015-10-12,bebidas de fruta,N,"comercializadora eloro, s.a.",abarrotes amparos,0,0,0,2018-01-01 al 2018-06-30
2616160,jumex prisma nectar de manzana,12,1,lt,0,2016-10-04,nectares,S,"comercializadora eloro, s.a.",abarr no grav decreto 2006,0,0,0,2018-01-01 al 2018-06-30
2616161,jumex prisma nectar de mango,12,1,lt,0,2016-10-04,nectares,S,"comercializadora eloro, s.a.",abarr no grav decreto 2006,0,0,0,2018-01-01 al 2018-06-30
2616162,jumex prisma nectar de durazno,12,1,lt,0,2016-10-04,nectares,S,"comercializadora eloro, s.a.",abarr no grav decreto 2006,0,0,0,2018-01-01 al 2018-06-30
2616163,jumex prisma nectar de guayaba,12,1,lt,0,2016-10-04,nectares,S,"comercializadora eloro, s.a.",abarr no grav decreto 2006,0,0,0,2018-01-01 al 2018-06-30
2616164,kermato pet 12 / 950 ml,12,950,ml,1,2017-04-28,jugos,S,"comercializadora eloro, s.a.",abarr no grav decreto 2006,0,0,0,2018-01-01 al 2018-06-30
2616165,kermato cocktail botella 12/470 ml,12,470,ml,1,2017-04-28,jugos,S,"comercializadora eloro, s.a.",abarr no grav decreto 2006,0,0,0,2018-01-01 al 2018-06-30
2616166,kermato lata 24/340 ml,24,340,ml,1,2017-04-28,jugos,S,"comercializadora eloro, s.a.",abarr no grav decreto 2006,0,0,0,2018-01-01 al 2018-06-30
2616167,bebida v8 splash zanaranja,12,413,ml,0,2017-04-28,bebidas de fruta,N,"comercializadora eloro, s.a.",abarrotes amparos,0,0,0,2018-01-01 al 2018-06-30
2616168,bebida arizona mucho mango,24,680,ml,0,2017-04-28,bebidas de fruta,N,"comercializadora eloro, s.a.",abarrotes amparos,0,0,0,2018-01-01 al 2018-06-30
2616169,bebida bida guayaba,12,250,ml,1,2018-07-12,bebidas de fruta,N,"comercializadora eloro, s.a.",abarrotes amparos,0,0,0,2018-01-01 al 2018-06-30
2616170,bebida bida fresa,12,250,ml,1,2018-07-12,bebidas de fruta,N,"comercializadora eloro, s.a.",abarrotes amparos,0,0,0,2018-01-01 al 2018-06-30
2616171,bebida bida mango,12,250,ml,1,2018-07-12,bebidas de fruta,N,"comercializadora eloro, s.a.",abarrotes amparos,0,0,0,2018-01-01 al 2018-06-30
2616172,bebida bida uva,12,250,ml,1,2018-07-12,bebidas de fruta,N,"comercializadora eloro, s.a.",abarrotes amparos,0,0,0,2018-01-01 al 2018-06-30
2616173,bebida bida manzana,12,250,ml,1,2018-07-12,bebidas de fruta,N,"comercializadora eloro, s.a.",abarrotes amparos,0,0,0,2018-01-01 al 2018-06-30
2616174,bebida v8 splash berry blend,12,500,ml,0,2018-07-12,bebidas de fruta,N,"comercializadora eloro, s.a.",abarrotes amparos,0,0,0,2018-01-01 al 2018-06-30
2616175,bebida v8 splash strawberry kiwi,12,500,ml,0,2018-07-12,bebidas de fruta,N,"comercializadora eloro, s.a.",abarrotes amparos,0,0,0,2018-01-01 al 2018-06-30
2616176,bebida v8 splash orange carrot,12,500,ml,0,2018-07-12,bebidas de fruta,N,"comercializadora eloro, s.a.",abarrotes amparos,0,0,0,2018-01-01 al 2018-06-30
2627002,horchata la acayuquena,12,250,ml,0,2012-08-10,concentrado liquido para refrescos,N,"cafes de la sierra, s.a. de c.v.",abarr. y art. de farmacia no grav,0,0,0,2018-01-01 al 2018-06-30
2627003,horchata la acayuquena,6,700,ml,0,2012-08-10,concentrado liquido para refrescos,N,"cafes de la sierra, s.a. de c.v.",abarr. y art. de farmacia no grav,0,0,0,2018-01-01 al 2018-06-30
2627004,bolsa de cafe serrano sob. 50/20 gr,50,20,gr,0,2012-08-10,cafe soluble,S,"cafes de la sierra, s.a. de c.v.",abarr. y art. de farmacia no grav,0,0,0,2018-01-01 al 2018-06-30
2627005,jamaica la acayuquena,12,250,ml,0,2016-10-07,concentrado liquido para refrescos,N,"cafes de la sierra, s.a. de c.v.",abarr. y art. de farmacia grav,0,0,0,2018-01-01 al 2018-06-30
2627006,tamarindo la acayuquena,12,250,ml,0,2016-10-07,concentrado liquido para refrescos,N,"cafes de la sierra, s.a. de c.v.",abarr. y art. de farmacia grav,0,0,0,2018-01-01 al 2018-06-30
2628002,pegamento plastiloka 5c.c/5m.pack c/10pz,250,20,gr,0,2006-11-01,articulos escolares,N,"krazy kola loka, s.a. de c.v.",papeleria y art. escolares grav,0,0,0,2018-01-01 al 2018-06-30
2628003,pegamento kola loka brocha,224,5,gr,0,2006-11-01,articulos escolares,N,"krazy kola loka, s.a. de c.v.",papeleria y art. escolares grav,0,0,0,2018-01-01 al 2018-06-30
2628004,pegamento kola loka,250,2,gr,0,2007-07-26,articulos escolares,N,"krazy kola loka, s.a. de c.v.",papeleria y art. escolares grav,0,0,0,2018-01-01 al 2018-06-30
2630001,maiz blanco nacional a granel,1000,1,kg,0,2006-11-13,maiz blanco,S,"primos and cousins, s.a. de c.v.",maiz,1,0,0,2018-01-01 al 2018-06-30
2630002,maiz blanco nacional envasado,1000,1,kg,0,2006-11-13,maiz blanco,S,"primos and cousins, s.a. de c.v.",maiz,1,0,0,2018-01-01 al 2018-06-30
2631001,frijol negro jamapa a granel,1,1,kg,0,2006-11-13,frijol a granel,S,"distribuidor el fromar, s.a. de c.v.",frijol,0,0,0,2018-01-01 al 2018-06-30
2636001,sardina en salsa de tomate guaymex,24,425,gr,0,2006-11-24,sardina enlatada,S,"comercial dos costas, s.a. de c.v.",abarr. y art. de farmacia no grav,1,0,0,2018-01-01 al 2018-06-30
2636002,sardina en tomate golfo california,24,425,gr,0,2006-11-24,sardina enlatada,S,"comercial dos costas, s.a. de c.v.",abarr. y art. de farmacia no grav,0,0,0,2018-01-01 al 2018-06-30
2636015,sardina en salsa de tomate ponto abre fa,24,120,gr,0,2010-07-28,sardina enlatada,S,"comercial dos costas, s.a. de c.v.",abarr. y art. de farmacia no grav,0,0,0,2018-01-01 al 2018-06-30
2636016,sardina en salsa de chipotle ponto abre,24,120,gr,0,2010-07-28,sardina enlatada,S,"comercial dos costas, s.a. de c.v.",abarr. y art. de farmacia no grav,0,0,0,2018-01-01 al 2018-06-30
2636017,sardina en aceite de soya ponto abre fac,24,120,gr,0,2010-07-28,sardina enlatada,S,"comercial dos costas, s.a. de c.v.",abarr. y art. de farmacia no grav,0,0,0,2018-01-01 al 2018-06-30
2636018,sardina en aceite de soya c/picante  a f,24,120,gr,0,2010-07-28,sardina enlatada,S,"comercial dos costas, s.a. de c.v.",abarr. y art. de farmacia no grav,0,0,0,2018-01-01 al 2018-06-30
2636019,sardina en tomate cilindrica guaymex,48,155,gr,0,2013-06-05,sardina enlatada,S,"comercial dos costas, s.a. de c.v.",abarr. y art. de farmacia no grav,0,0,0,2018-01-01 al 2018-06-30
2636020,sardina en salsa de tomate mareden,24,425,gr,0,2015-03-11,sardina enlatada,S,"comercial dos costas, s.a. de c.v.",abarr. y art. de farmacia no grav,0,0,0,2018-01-01 al 2018-06-30
2645003,atun en aguaconatun,48,140,gr,0,2015-06-26,atun enlatado,S,"impulsora de proyectos empresariales, s.a. de c.v.",abarr. y art. de farmacia no grav,0,0,0,2018-01-01 al 2018-06-30
2645004,atun en aceite conatun,48,140,gr,0,2015-06-26,atun enlatado,S,"impulsora de proyectos empresariales, s.a. de c.v.",abarr. y art. de farmacia no grav,0,0,0,2018-01-01 al 2018-06-30
2645005,cepillo dental adulto,1,1,pz,0,2015-06-26,cepillos dentales,N,"impulsora de proyectos empresariales, s.a. de c.v.",abarr. y art. de farmacia grav,0,0,0,2018-01-01 al 2018-06-30
2645006,pasta dental ultra white,1,100,ml,0,2015-06-26,cremas dentales,S,"impulsora de proyectos empresariales, s.a. de c.v.",abarr. y art. de farmacia grav,0,0,0,2018-01-01 al 2018-06-30
2645010,leche en pvo concondleche entera,35,240,gr,1,2016-06-30,leche en polvo,S,"impulsora de proyectos empresariales, s.a. de c.v.",abarr. y art. de farmacia no grav,0,0,0,2018-01-01 al 2018-06-30
2645011,leche en pvo concondleche semidescremada,35,240,gr,1,2016-06-30,leche en polvo,S,"impulsora de proyectos empresariales, s.a. de c.v.",abarr. y art. de farmacia no grav,0,0,0,2018-01-01 al 2018-06-30
2645012,cobertor,1,1,pz,0,2016-11-29,cobijas y colchonetas,N,"impulsora de proyectos empresariales, s.a. de c.v.","acc. p/bebe, ropa y calzado grav",0,0,0,2018-01-01 al 2018-06-30
2651001,maiz blanco nacional a granel,1000,1,kg,0,2007-01-22,maiz blanco,S,"granelera y agropecuaria campechana, s.p.r. de r.l.",maiz,0,0,0,2018-01-01 al 2018-06-30
2655001,maiz blanco nacional a granel,1000,1,kg,0,2007-03-08,maiz blanco,S,"granos y fertilizantes del sur, s.a. de c.v.",maiz,1,0,0,2018-01-01 al 2018-06-30
2655002,maiz blanco nacional envasado,1000,1,kg,0,2007-03-08,maiz blanco,S,"granos y fertilizantes del sur, s.a. de c.v.",maiz,1,0,0,2018-01-01 al 2018-06-30
2666005,lenteja chica envasada campo fresco,1,500,gr,0,2008-02-08,lentejas,S,"almacenes vaca, s.a. de c.v.",abarr. y art. de farmacia no grav,1,0,0,2018-01-01 al 2018-06-30
2666006,frijol flor de mayo envasado,1,1,kg,0,2008-02-19,frijol envasado,S,"almacenes vaca, s.a. de c.v.",frijol,0,0,0,2018-01-01 al 2018-06-30
2666014,arroz g largo 5% envasado campo fresco,1,1,kg,0,2009-06-12,arroz envasado,S,"almacenes vaca, s.a. de c.v.",arroz,1,0,0,2018-01-01 al 2018-06-30
2666015,arroz g largo 15% envasado,1,1,kg,0,2009-06-25,arroz envasado,S,"almacenes vaca, s.a. de c.v.",arroz,0,0,0,2018-01-01 al 2018-06-30
2666017,arroz g largo 5% envasado,1,500,gr,0,2009-11-27,arroz envasado,S,"almacenes vaca, s.a. de c.v.",arroz,0,0,0,2018-01-01 al 2018-06-30
2666021,frijol pinto saltillo envasado,1,1,kg,0,2010-06-21,frijol envasado,S,"almacenes vaca, s.a. de c.v.",frijol,1,0,0,2018-01-01 al 2018-06-30
2666022,frijol negro san luis a granel,1,1,kg,0,2010-07-05,frijol a granel,S,"almacenes vaca, s.a. de c.v.",frijol,0,0,0,2018-01-01 al 2018-06-30
2666023,frijol negro san luis envasado,1,1,kg,0,2011-02-14,frijol envasado,S,"almacenes vaca, s.a. de c.v.",frijol,1,0,0,2018-01-01 al 2018-06-30
2666030,frijol pinto bill-z envasado,1,1,kg,0,2012-05-08,frijol envasado,S,"almacenes vaca, s.a. de c.v.",frijol,0,0,0,2018-01-01 al 2018-06-30
2666033,frijol negro jamapa envasado,1,1,kg,0,2013-05-15,frijol envasado,S,"almacenes vaca, s.a. de c.v.",frijol,1,0,0,2018-01-01 al 2018-06-30
2666034,frijol negro jamapa a granel,1,1,kg,0,2013-05-15,frijol a granel,S,"almacenes vaca, s.a. de c.v.",frijol,0,0,0,2018-01-01 al 2018-06-30
2666035,arroz g.largo 5% envasado integral,1,1,kg,0,2013-07-02,arroz envasado,S,"almacenes vaca, s.a. de c.v.",arroz,0,0,0,2018-01-01 al 2018-06-30
2666037,azucar estandar envasada,1,1,kg,0,2014-02-11,azucar estandar,S,"almacenes vaca, s.a. de c.v.",azucar,1,0,0,2018-01-01 al 2018-06-30
2666038,frijol flor de mayo a granel,1,1,kg,0,2014-03-19,frijol a granel,S,"almacenes vaca, s.a. de c.v.",frijol,0,0,0,2018-01-01 al 2018-06-30
2666039,avena en hojuelas campo fresco,25,400,gr,0,2014-04-07,avena,N,"almacenes vaca, s.a. de c.v.",abarr. y art. de farmacia no grav,0,0,0,2018-01-01 al 2018-06-30
2666044,avena en hojuelas,10,1,kg,0,2016-08-10,avena,N,"almacenes vaca, s.a. de c.v.",abarr. y art. de farmacia no grav,0,0,0,2018-01-01 al 2018-06-30
2666045,frijol pinto saltillo a granel,1,1,kg,0,2016-09-12,frijol a granel,S,"almacenes vaca, s.a. de c.v.",frijol,0,0,0,2018-01-01 al 2018-06-30
2666046,frijol negro san luis envasado,1,500,gr,0,2016-09-20,frijol envasado,S,"almacenes vaca, s.a. de c.v.",frijol,0,0,0,2018-01-01 al 2018-06-30
2666047,arroz grano largo 5% a granel,1,1,kg,0,2017-01-20,arroz a granel,S,"almacenes vaca, s.a. de c.v.",arroz,0,0,0,2018-01-01 al 2018-06-30
2666048,garbanzo envasado,1,500,gr,0,2017-11-10,garbanzo,S,"almacenes vaca, s.a. de c.v.",abarr. y art. de farmacia no grav,0,0,0,2018-01-01 al 2018-06-30
2669093,lapiz de color rojo carmin,1,1,pz,0,2008-10-13,articulos escolares,N,"grupo papelero gutierrez, s.a. de c.v.",papeleria y art. escolares grav,0,0,0,2018-01-01 al 2018-06-30
2669195,"paquete no 1 ""2 y 3 de preescolar""",1,1,pz,0,2016-08-12,articulos escolares,N,"grupo papelero gutierrez, s.a. de c.v.",papeleria y art. escolares grav,0,0,0,2018-01-01 al 2018-06-30
2669196,"paquete no 2 ""1 de primaria""",1,1,pz,0,2016-08-12,articulos escolares,N,"grupo papelero gutierrez, s.a. de c.v.",papeleria y art. escolares grav,0,0,0,2018-01-01 al 2018-06-30
2669197,"paquete no 3 ""2 de primaria""",1,1,pz,0,2016-08-12,articulos escolares,N,"grupo papelero gutierrez, s.a. de c.v.",papeleria y art. escolares grav,0,0,0,2018-01-01 al 2018-06-30
2669198,"paquete no 4 ""3 de primaria""",1,1,pz,0,2016-08-12,articulos escolares,N,"grupo papelero gutierrez, s.a. de c.v.",papeleria y art. escolares grav,0,0,0,2018-01-01 al 2018-06-30
2669199,"paquete no 5 ""4 de primaria""",1,1,pz,0,2016-08-12,articulos escolares,N,"grupo papelero gutierrez, s.a. de c.v.",papeleria y art. escolares grav,0,0,0,2018-01-01 al 2018-06-30
2669200,"paquete no 6 ""5 de primaria""",1,1,pz,0,2016-08-12,articulos escolares,N,"grupo papelero gutierrez, s.a. de c.v.",papeleria y art. escolares grav,0,0,0,2018-01-01 al 2018-06-30
2669201,"paquete no 7 ""6 de primaria""",1,1,pz,0,2016-08-12,articulos escolares,N,"grupo papelero gutierrez, s.a. de c.v.",papeleria y art. escolares grav,0,0,0,2018-01-01 al 2018-06-30
2669202,"paquete no 8 ""1, 2 y de secundaria""",1,1,pz,0,2016-08-12,articulos escolares,N,"grupo papelero gutierrez, s.a. de c.v.",papeleria y art. escolares grav,0,0,0,2018-01-01 al 2018-06-30
2669203,transportador,1,1,pz,0,2017-07-05,articulos escolares,N,"grupo papelero gutierrez, s.a. de c.v.",papeleria y art. escolares grav,0,0,0,2018-01-01 al 2018-06-30
2669204,pelota esponja med blanda 6 a 7 cm diam,1,1,pz,0,2017-07-19,juguetes,N,"grupo papelero gutierrez, s.a. de c.v.",art. de hogar y jarcieria grav,0,0,0,2018-01-01 al 2018-06-30
2669205,pliego de cartulina de color,1,1,pz,0,2017-07-19,articulos escolares,N,"grupo papelero gutierrez, s.a. de c.v.",papeleria y art. escolares grav,0,0,0,2018-01-01 al 2018-06-30
2673003,frijol negro san luis envasado,1,1,kg,0,2007-11-12,frijol envasado,S,proveedora de semillas de mexico s.p.r. de r.l.,frijol,0,0,0,2018-01-01 al 2018-06-30
2682019,agua natural acqua buona,12,1500,ml,0,2008-08-05,agua purificada menor de 10 litros,N,"embotelladora el jarocho, s.a. de c.v.",abarr no grav decreto 2006,0,0,0,2018-01-01 al 2018-06-30
2725001,frijol peruano higuera a granel,1,1,kg,0,2008-03-26,frijol a granel,S,"bodega de granos el alazan y el rocio, s.a. de c.v.",frijol,0,0,0,2018-01-01 al 2018-06-30
2725003,frijol negro san luis a granel,1,1,kg,0,2016-03-26,frijol a granel,S,"bodega de granos el alazan y el rocio, s.a. de c.v.",frijol,0,0,0,2018-01-01 al 2018-06-30
2725005,frijol azufrado a granel,1,1,kg,0,2012-06-13,frijol a granel,S,"bodega de granos el alazan y el rocio, s.a. de c.v.",frijol,0,0,0,2018-01-01 al 2018-06-30
2725006,frijol flor de mayo envasado,1,1,kg,0,2013-09-23,frijol envasado,S,"bodega de granos el alazan y el rocio, s.a. de c.v.",frijol,0,0,0,2018-01-01 al 2018-06-30
2725009,frijol negro jamapa envasado,1,1,kg,0,2014-02-26,frijol envasado,S,"bodega de granos el alazan y el rocio, s.a. de c.v.",frijol,0,0,0,2018-01-01 al 2018-06-30
2731002,maiz blanco nacional a granel,1000,1,kg,0,2008-05-22,maiz blanco,S,"inagro del sur, s.a. de c.v.",maiz,1,0,0,2018-01-01 al 2018-06-30
2731003,maiz blanco nacional envasado,1000,1,kg,0,2008-08-18,maiz blanco,S,"inagro del sur, s.a. de c.v.",maiz,1,0,0,2018-01-01 al 2018-06-30
2739001,veladora en vaso ecologico 1/2 semana,12,1,pz,0,2008-06-11,veladoras,N,"fabrica de velas y veladoras induvelsa, s.a. de c.v.",abarr. y art. de farmacia grav,0,0,0,2018-01-01 al 2018-06-30
2739002,veladora en vaso ecologico semanal,12,1,pz,0,2008-06-11,veladoras,N,"fabrica de velas y veladoras induvelsa, s.a. de c.v.",abarr. y art. de farmacia grav,0,0,0,2018-01-01 al 2018-06-30
2739006,veladora en vaso limonero anillos,18,1,pz,0,2008-06-11,veladoras,N,"fabrica de velas y veladoras induvelsa, s.a. de c.v.",abarr. y art. de farmacia grav,0,0,0,2018-01-01 al 2018-06-30
2739007,veladora en vaso limonero caramelo,18,1,pz,0,2008-06-11,veladoras,N,"fabrica de velas y veladoras induvelsa, s.a. de c.v.",abarr. y art. de farmacia grav,0,0,0,2018-01-01 al 2018-06-30
2739008,veladora en vaso limonero iglu,18,1,pz,0,2008-06-11,veladoras,N,"fabrica de velas y veladoras induvelsa, s.a. de c.v.",abarr. y art. de farmacia grav,0,0,0,2018-01-01 al 2018-06-30
2739009,veladora en cono basilica gigante 8x5,40,1,pz,0,2008-06-11,veladoras,N,"fabrica de velas y veladoras induvelsa, s.a. de c.v.",abarr. y art. de farmacia grav,0,0,0,2018-01-01 al 2018-06-30
2739010,veladora envuelta basilica espec 10x10,100,1,pz,0,2008-06-11,veladoras,N,"fabrica de velas y veladoras induvelsa, s.a. de c.v.",abarr. y art. de farmacia grav,0,0,0,2018-01-01 al 2018-06-30
2739011,veladora cono virgen de la montana 8x5,40,1,pz,0,2008-06-11,veladoras,N,"fabrica de velas y veladoras induvelsa, s.a. de c.v.",abarr. y art. de farmacia grav,0,0,0,2018-01-01 al 2018-06-30
2739019,veladora en vaso cafetero dec refaccion,20,1,pz,0,2008-06-11,veladoras,N,"fabrica de velas y veladoras induvelsa, s.a. de c.v.",abarr. y art. de farmacia grav,0,0,0,2018-01-01 al 2018-06-30
2739020,veladora en vaso cubero dec refaccion,20,1,pz,0,2008-06-11,veladoras,N,"fabrica de velas y veladoras induvelsa, s.a. de c.v.",abarr. y art. de farmacia grav,0,0,0,2018-01-01 al 2018-06-30
2739041,velas cajilla 8x12 pz,8,12,pz,0,2016-05-19,velas,N,"fabrica de velas y veladoras induvelsa, s.a. de c.v.",abarr. y art. de farmacia grav,0,0,0,2018-01-01 al 2018-06-30
2739042,velas 96 bolsa 6x16 pz,6,16,pz,0,2016-05-19,velas,N,"fabrica de velas y veladoras induvelsa, s.a. de c.v.",abarr. y art. de farmacia grav,0,0,0,2018-01-01 al 2018-06-30
2749012,barra de amaranto c/cacahuate,1,25,gr,0,2008-07-22,productos a base de amaranto,S,"grupo agroindustrial gaam, s.a. de c.v.",pago abarrotes gravado ieps (propio,0,0,8,2018-01-01 al 2018-06-30
2749035,leche semidesc c/amaranto y vitaminas,50,240,gr,1,2015-04-09,productos a base de amaranto,S,"grupo agroindustrial gaam, s.a. de c.v.",abarr. y art. de farmacia no grav,0,0,0,2018-01-01 al 2018-06-30
2749036,barra de amaranto c/cacahuate,250,30,gr,0,2015-04-09,productos a base de amaranto,S,"grupo agroindustrial gaam, s.a. de c.v.",pago abarrotes gravado ieps (propio,0,0,8,2018-01-01 al 2018-06-30
2749037,barras de amaranto sabor chocolate,12,150,gr,0,2015-04-09,productos a base de amaranto,S,"grupo agroindustrial gaam, s.a. de c.v.",pago abarrotes gravado ieps (propio,0,0,8,2018-01-01 al 2018-06-30
2749038,atole de amaranto,100,100,gr,0,2015-04-09,productos a base de amaranto,S,"grupo agroindustrial gaam, s.a. de c.v.",pago abarrotes gravado ieps (propio,0,0,8,2018-01-01 al 2018-06-30
2749039,chocoamaranto,100,100,gr,0,2015-04-09,productos a base de amaranto,S,"grupo agroindustrial gaam, s.a. de c.v.",pago abarrotes gravado ieps (propio,0,0,8,2018-01-01 al 2018-06-30
2749040,granola natural con frutas secas,20,250,gr,0,2015-04-09,granola,N,"grupo agroindustrial gaam, s.a. de c.v.",pago abarrotes gravado ieps (propio,0,0,8,2018-01-01 al 2018-06-30
2749041,cereal de amaranto y linaza c/miel y fru,20,250,gr,0,2015-04-09,productos a base de amaranto,S,"grupo agroindustrial gaam, s.a. de c.v.",pago abarrotes gravado ieps (propio,0,0,8,2018-01-01 al 2018-06-30
2749042,cereal en hojuelas natural,1,200,gr,0,2015-07-22,cereales en hojuelas,S,"grupo agroindustrial gaam, s.a. de c.v.",pago abarrotes gravado ieps (propio,0,0,8,2018-01-01 al 2018-06-30
2749044,alegrias de amaranto,1,200,gr,0,2016-12-01,productos a base de amaranto,S,"grupo agroindustrial gaam, s.a. de c.v.",pago abarrotes gravado ieps (propio,0,0,8,2018-01-01 al 2018-06-30
2750002,cafe soluble tenam,12,100,gr,0,2016-03-02,cafe soluble,S,"la selva cafe, s.a. de c.v.",abarr. y art. de farmacia no grav,0,0,0,2018-01-01 al 2018-06-30
2750003,cafe soluble i mx,12,100,gr,0,2016-03-02,cafe soluble,S,"la selva cafe, s.a. de c.v.",abarr. y art. de farmacia no grav,0,0,0,2018-01-01 al 2018-06-30
2750004,cafe soluble i mx,12,50,gr,0,2016-03-02,cafe soluble,S,"la selva cafe, s.a. de c.v.",abarr. y art. de farmacia no grav,0,0,0,2018-01-01 al 2018-06-30
2750005,cafe tostado y molido tenam,16,250,gr,0,2016-03-02,cafe tostado y molido  ps,N,"la selva cafe, s.a. de c.v.",abarr. y art. de farmacia no grav,0,0,0,2018-01-01 al 2018-06-30
2750006,cafe tostado y molido tenam,167,30,gr,0,2016-03-02,cafe tostado y molido  ps,N,"la selva cafe, s.a. de c.v.",abarr. y art. de farmacia no grav,0,0,0,2018-01-01 al 2018-06-30
2758001,frijol pinto saltillo envasado,1,1,kg,0,2008-08-21,frijol envasado,S,"industrias montelongo, s.a. de c.v.",frijol,1,0,0,2018-01-01 al 2018-06-30
2758002,frijol negro san luis envasado,1,1,kg,0,2008-09-10,frijol envasado,S,"industrias montelongo, s.a. de c.v.",frijol,1,0,0,2018-01-01 al 2018-06-30
2758003,frijol pinto saltillo a granel,1,1,kg,0,2010-01-18,frijol a granel,S,"industrias montelongo, s.a. de c.v.",frijol,0,0,0,2018-01-01 al 2018-06-30
2759001,azucar estandar envasada cucurumbe,1,1,kg,0,2008-09-11,azucar estandar,S,"alcoholes y melazas de mexico, s.a. de c.v.",azucar,1,0,0,2018-01-01 al 2018-06-30
2759002,azucar estandar envasada,1,500,gr,0,2010-08-06,azucar estandar,S,"alcoholes y melazas de mexico, s.a. de c.v.",azucar,1,0,0,2018-01-01 al 2018-06-30
2759005,azucar estandar a granel,1,1,kg,0,2014-11-18,azucar estandar,S,"alcoholes y melazas de mexico, s.a. de c.v.",azucar,0,0,0,2018-01-01 al 2018-06-30
2766001,escoba 6 hilos verde 48  largo,12,1,pz,0,2008-10-13,"escobas, escobetas y cepillos",N,jesus bocanegra puga,art. de hogar y jarcieria grav,0,0,0,2018-01-01 al 2018-06-30
2766002,escoba 7 hilos penolera 1  largo,12,1,pz,0,2008-10-13,"escobas, escobetas y cepillos",N,jesus bocanegra puga,art. de hogar y jarcieria grav,0,0,0,2018-01-01 al 2018-06-30
2766003,escoba 8 hilos morada 48  largo,12,1,pz,0,2008-10-13,"escobas, escobetas y cepillos",N,jesus bocanegra puga,art. de hogar y jarcieria grav,0,0,0,2018-01-01 al 2018-06-30
2766004,trapeador 1/2 kg hilo bco o beige,12,1,pz,0,2008-10-13,trapeadores y mechudos,N,jesus bocanegra puga,art. de hogar y jarcieria grav,0,0,0,2018-01-01 al 2018-06-30
2766005,trapeador 1/2 kg algodon bco s/bolsa,12,1,pz,0,2008-10-13,trapeadores y mechudos,N,jesus bocanegra puga,art. de hogar y jarcieria grav,0,0,0,2018-01-01 al 2018-06-30
2766006,escoba 6 hilos verde 44   largo de espig,12,1,pz,0,2009-11-17,"escobas, escobetas y cepillos",N,jesus bocanegra puga,art. de hogar y jarcieria grav,0,0,0,2018-01-01 al 2018-06-30
2766007,trapeador 300 grs algodon blanco c/bolsa,12,1,pz,0,2009-11-17,trapeadores y mechudos,N,jesus bocanegra puga,art. de hogar y jarcieria grav,0,0,0,2018-01-01 al 2018-06-30
2766008,escoba plast t/cepillo c/baston mad 48'',6,1,pz,0,2016-09-07,"escobas, escobetas y cepillos",N,jesus bocanegra puga,art. de hogar y jarcieria grav,0,0,0,2018-01-01 al 2018-06-30
2766009,trapeador magitel 280grs baston mad 48'',12,1,pz,0,2016-09-07,trapeadores y mechudos,N,jesus bocanegra puga,art. de hogar y jarcieria grav,0,0,0,2018-01-01 al 2018-06-30
2782001,frijol pinto saltillo envasado,1,1,kg,0,2008-12-05,frijol envasado,S,"agrocomercializadora produsa, a.r.i.c.de r.l. de c.v.",frijol,1,0,0,2018-01-01 al 2018-06-30
2792002,blanqueador p/ropa cloralex reg,30,250,ml,0,2009-01-22,blanqueadores,S,"alen del norte, s.a. de c.v.",abarr. y art. de farmacia grav,0,0,0,2018-01-01 al 2018-06-30
2792003,blanqueador p/ropa cloralex gigante,8,2000,ml,0,2009-01-22,blanqueadores,S,"alen del norte, s.a. de c.v.",abarr. y art. de farmacia grav,0,0,0,2018-01-01 al 2018-06-30
2792004,blanqueador p/ropa cloralex familiar,6,3750,ml,0,2009-01-22,blanqueadores,S,"alen del norte, s.a. de c.v.",abarr. y art. de farmacia grav,0,0,0,2018-01-01 al 2018-06-30
2792005,blanqueador p/ropa cloralex med,20,500,ml,0,2009-01-22,blanqueadores,S,"alen del norte, s.a. de c.v.",abarr. y art. de farmacia grav,0,0,0,2018-01-01 al 2018-06-30
2792006,blanqueador p/ropa cloralex grande,15,950,ml,0,2009-01-22,blanqueadores,S,"alen del norte, s.a. de c.v.",abarr. y art. de farmacia grav,0,0,0,2018-01-01 al 2018-06-30
2792007,cloro cloraluz,12,900,ml,0,2009-01-22,blanqueadores,S,"alen del norte, s.a. de c.v.",abarr. y art. de farmacia grav,0,0,0,2018-01-01 al 2018-06-30
2792008,blanqueador de ropa cloraluz mediano,20,500,ml,0,2009-01-22,blanqueadores,S,"alen del norte, s.a. de c.v.",abarr. y art. de farmacia grav,0,0,0,2018-01-01 al 2018-06-30
2792029,limpiador aromat pinol,20,500,ml,0,2009-01-26,limpiadores liquidos,N,"alen del norte, s.a. de c.v.",abarr. y art. de farmacia grav,0,0,0,2018-01-01 al 2018-06-30
2792031,limpiador aromat pinol,15,1000,ml,0,2009-01-26,limpiadores liquidos,N,"alen del norte, s.a. de c.v.",abarr. y art. de farmacia grav,0,0,0,2018-01-01 al 2018-06-30
2792032,limpiador flash lavanda,20,500,ml,0,2009-01-26,limpiadores liquidos,N,"alen del norte, s.a. de c.v.",abarr. y art. de farmacia grav,0,0,0,2018-01-01 al 2018-06-30
2792033,limpiador flash brisa marina,20,500,ml,0,2009-01-26,limpiadores liquidos,N,"alen del norte, s.a. de c.v.",abarr. y art. de farmacia grav,0,0,0,2018-01-01 al 2018-06-30
2792034,limpiador flash floral,20,500,ml,0,2009-01-26,limpiadores liquidos,N,"alen del norte, s.a. de c.v.",abarr. y art. de farmacia grav,0,0,0,2018-01-01 al 2018-06-30
2792037,limpiador pino esencias naturales,15,1,lt,0,2009-01-26,limpiadores liquidos,N,"alen del norte, s.a. de c.v.",abarr. y art. de farmacia grav,0,0,0,2018-01-01 al 2018-06-30
2792052,ensueno sensacion natural,12,850,ml,0,2009-01-26,suavizantes de tela,N,"alen del norte, s.a. de c.v.",abarr. y art. de farmacia grav,0,0,0,2018-01-01 al 2018-06-30
2792053,suavizante ensueno f primaveral,12,850,ml,0,2009-01-26,suavizantes de tela,N,"alen del norte, s.a. de c.v.",abarr. y art. de farmacia grav,0,0,0,2018-01-01 al 2018-06-30
2792054,suav telas ensueno rocio de violetas,12,850,ml,0,2009-01-26,suavizantes de tela,N,"alen del norte, s.a. de c.v.",abarr. y art. de farmacia grav,0,0,0,2018-01-01 al 2018-06-30
2792055,ensueno bebe,12,850,ml,0,2009-01-26,suavizantes de tela,N,"alen del norte, s.a. de c.v.",abarr. y art. de farmacia grav,0,0,0,2018-01-01 al 2018-06-30
2792056,suavizante ensueno fresco verano,12,850,ml,0,2009-01-26,suavizantes de tela,N,"alen del norte, s.a. de c.v.",abarr. y art. de farmacia grav,0,0,0,2018-01-01 al 2018-06-30
2792061,suavizante ensueno frescura prima cero e,12,850,ml,0,2009-01-26,suavizantes de tela,N,"alen del norte, s.a. de c.v.",abarr. y art. de farmacia grav,0,0,0,2018-01-01 al 2018-06-30
2792062,suavizante ensueno fresca armonia cero e,12,850,ml,0,2009-01-26,suavizantes de tela,N,"alen del norte, s.a. de c.v.",abarr. y art. de farmacia grav,0,0,0,2018-01-01 al 2018-06-30
2792063,blancatel familiar,6,3750,ml,0,2009-04-01,blanqueadores,S,"alen del norte, s.a. de c.v.",abarr. y art. de farmacia grav,0,0,0,2018-01-01 al 2018-06-30
2792064,blanqueador blancatel f/lavanda 3.750 lt,6,3750,ml,0,2009-04-01,blanqueadores,S,"alen del norte, s.a. de c.v.",abarr. y art. de farmacia grav,0,0,0,2018-01-01 al 2018-06-30
2792065,blanqueador blancatel f/floral 3.750 lts,6,3750,ml,0,2009-04-01,blanqueadores,S,"alen del norte, s.a. de c.v.",abarr. y art. de farmacia grav,0,0,0,2018-01-01 al 2018-06-30
2792068,cloralex color,15,950,ml,0,2010-05-06,blanqueadores,S,"alen del norte, s.a. de c.v.",abarr. y art. de farmacia grav,0,0,0,2018-01-01 al 2018-06-30
2792069,jabon liquido de lavanderia pinol,12,1000,ml,0,2010-05-06,detergente liquido,N,"alen del norte, s.a. de c.v.",abarr. y art. de farmacia grav,0,0,0,2018-01-01 al 2018-06-30
2792072,suaviz. ensueno avena + almendras,12,850,ml,0,2010-05-06,suavizantes de tela,N,"alen del norte, s.a. de c.v.",abarr. y art. de farmacia grav,0,0,0,2018-01-01 al 2018-06-30
2792073,suaviz. ensueno manzanilla + aloe,12,850,ml,0,2010-05-06,suavizantes de tela,N,"alen del norte, s.a. de c.v.",abarr. y art. de farmacia grav,0,0,0,2018-01-01 al 2018-06-30
2792074,suaviz. ensueno pepino + bambu,12,850,ml,0,2010-05-06,suavizantes de tela,N,"alen del norte, s.a. de c.v.",abarr. y art. de farmacia grav,0,0,0,2018-01-01 al 2018-06-30
2792087,pinol detergente floral,20,500,gr,0,2010-11-30,detergente en polvo,S,"alen del norte, s.a. de c.v.",abarr. y art. de farmacia grav,0,0,0,2018-01-01 al 2018-06-30
2792092,limpiador aromat pinol,20,250,ml,0,2011-04-19,limpiadores liquidos,N,"alen del norte, s.a. de c.v.",abarr. y art. de farmacia grav,0,0,0,2018-01-01 al 2018-06-30
2792093,past des flash lavanda,50,72,gr,0,2011-04-19,aromatizantes,N,"alen del norte, s.a. de c.v.",abarr. y art. de farmacia grav,0,0,0,2018-01-01 al 2018-06-30
2792096,blanquedor blancatel limon  3.750 lts,6,3750,ml,0,2013-03-25,blanqueadores,S,"alen del norte, s.a. de c.v.",abarr. y art. de farmacia grav,0,0,0,2018-01-01 al 2018-06-30
2792097,jabon liquido de lavanderia pinol,15,500,ml,0,2013-03-25,detergente liquido,N,"alen del norte, s.a. de c.v.",abarr. y art. de farmacia grav,0,0,0,2018-01-01 al 2018-06-30
2792098,cloralex color,20,500,ml,0,2013-03-25,blanqueadores,S,"alen del norte, s.a. de c.v.",abarr. y art. de farmacia grav,0,0,0,2018-01-01 al 2018-06-30
2792099,blancatel regular gde,12,900,ml,0,2013-03-25,blanqueadores,S,"alen del norte, s.a. de c.v.",abarr. y art. de farmacia grav,0,0,0,2018-01-01 al 2018-06-30
2792100,pinol aromas lavanda med,20,500,ml,0,2013-03-26,limpiadores liquidos,N,"alen del norte, s.a. de c.v.",abarr. y art. de farmacia grav,0,0,0,2018-01-01 al 2018-06-30
2792101,pinol aromas florel med,20,500,ml,0,2013-03-26,limpiadores liquidos,N,"alen del norte, s.a. de c.v.",abarr. y art. de farmacia grav,0,0,0,2018-01-01 al 2018-06-30
2792104,past des gancho flash lavanda,48,72,gr,0,2013-03-26,aromatizantes,N,"alen del norte, s.a. de c.v.",abarr. y art. de farmacia grav,0,0,0,2018-01-01 al 2018-06-30
2792105,sultan acido muriatico mediano,20,400,gr,0,2013-03-26,acido muriatico,N,"alen del norte, s.a. de c.v.",abarr. y art. de farmacia grav,0,0,0,2018-01-01 al 2018-06-30
2792106,blanqueador cloralex aroma deleite flora,15,950,ml,0,2013-12-18,blanqueadores,S,"alen del norte, s.a. de c.v.",abarr. y art. de farmacia grav,0,0,0,2018-01-01 al 2018-06-30
2792107,blanqueador cloralex aroma deleite flora,8,2000,ml,0,2013-12-18,blanqueadores,S,"alen del norte, s.a. de c.v.",abarr. y art. de farmacia grav,0,0,0,2018-01-01 al 2018-06-30
2792108,blanqueador cloralex aroma deleite flora,6,3750,ml,0,2013-12-18,blanqueadores,S,"alen del norte, s.a. de c.v.",abarr. y art. de farmacia grav,0,0,0,2018-01-01 al 2018-06-30
2792109,blanqueador cloralex aroma placer citric,15,950,ml,0,2013-12-18,blanqueadores,S,"alen del norte, s.a. de c.v.",abarr. y art. de farmacia grav,0,0,0,2018-01-01 al 2018-06-30
2792110,blanqueador cloralex aroma placer citric,8,2000,ml,0,2013-12-18,blanqueadores,S,"alen del norte, s.a. de c.v.",abarr. y art. de farmacia grav,0,0,0,2018-01-01 al 2018-06-30
2792111,blanqueador cloralex aroma placer citric,6,3750,ml,0,2013-12-18,blanqueadores,S,"alen del norte, s.a. de c.v.",abarr. y art. de farmacia grav,0,0,0,2018-01-01 al 2018-06-30
2792112,blanqueador cloralex aroma aire freco,15,950,ml,0,2013-12-18,blanqueadores,S,"alen del norte, s.a. de c.v.",abarr. y art. de farmacia grav,0,0,0,2018-01-01 al 2018-06-30
2792113,blanqueador cloralex aroma aire freco,8,2000,ml,0,2013-12-18,blanqueadores,S,"alen del norte, s.a. de c.v.",abarr. y art. de farmacia grav,0,0,0,2018-01-01 al 2018-06-30
2792114,blanqueador cloralex aroma aire freco,6,3750,ml,0,2013-12-18,blanqueadores,S,"alen del norte, s.a. de c.v.",abarr. y art. de farmacia grav,0,0,0,2018-01-01 al 2018-06-30
2792116,detergente en polvo blancatel 500 gr,20,500,gr,0,2014-01-28,detergente en polvo,S,"alen del norte, s.a. de c.v.",abarr. y art. de farmacia grav,0,0,0,2018-01-01 al 2018-06-30
2792117,det cloralex frescura natural 900 gr,10,900,gr,0,2014-01-28,detergente en polvo,S,"alen del norte, s.a. de c.v.",abarr. y art. de farmacia grav,0,0,0,2018-01-01 al 2018-06-30
2792120,pinol aromas marino 500 ml,20,500,ml,0,2014-01-28,limpiadores liquidos,N,"alen del norte, s.a. de c.v.",abarr. y art. de farmacia grav,0,0,0,2018-01-01 al 2018-06-30
2792122,pinol aromas frutal 500 ml,20,500,ml,0,2014-01-28,limpiadores liquidos,N,"alen del norte, s.a. de c.v.",abarr. y art. de farmacia grav,0,0,0,2018-01-01 al 2018-06-30
2792123,eficaz limon 750 ml,12,750,ml,0,2014-01-28,limpiadores liquidos,N,"alen del norte, s.a. de c.v.",abarr. y art. de farmacia grav,0,0,0,2018-01-01 al 2018-06-30
2792124,eficaz manzana 350 ml,12,350,ml,0,2014-01-28,limpiadores liquidos,N,"alen del norte, s.a. de c.v.",abarr. y art. de farmacia grav,0,0,0,2018-01-01 al 2018-06-30
2792125,suav ensueno frescura primavera mediano,12,450,ml,0,2014-07-14,suavizantes de tela,N,"alen del norte, s.a. de c.v.",abarr. y art. de farmacia grav,0,0,0,2018-01-01 al 2018-06-30
2792126,suavizante ensueno rocio de violetas,12,450,ml,0,2014-07-14,suavizantes de tela,N,"alen del norte, s.a. de c.v.",abarr. y art. de farmacia grav,0,0,0,2018-01-01 al 2018-06-30
2792127,ensueno bebe,12,450,ml,0,2014-07-14,suavizantes de tela,N,"alen del norte, s.a. de c.v.",abarr. y art. de farmacia grav,0,0,0,2018-01-01 al 2018-06-30
2792128,suaviz. ensueno zero eng. max frec primv,12,450,ml,0,2014-07-14,suavizantes de tela,N,"alen del norte, s.a. de c.v.",abarr. y art. de farmacia grav,0,0,0,2018-01-01 al 2018-06-30
2792129,det cloralex blancos perfectos  900 gr,10,900,gr,0,2015-01-30,detergente en polvo,S,"alen del norte, s.a. de c.v.",abarr. y art. de farmacia grav,0,0,0,2018-01-01 al 2018-06-30
2792134,pinol detergente fresh,20,500,gr,0,2015-11-05,detergente en polvo,S,"alen del norte, s.a. de c.v.",abarr. y art. de farmacia grav,0,0,0,2018-01-01 al 2018-06-30
2792139,pinol detergente floral,10,900,gr,0,2016-06-13,detergente en polvo,S,"alen del norte, s.a. de c.v.",abarr. y art. de farmacia grav,0,0,0,2018-01-01 al 2018-06-30
2792140,pinol detergente fresh,10,900,gr,0,2016-06-13,detergente en polvo,S,"alen del norte, s.a. de c.v.",abarr. y art. de farmacia grav,0,0,0,2018-01-01 al 2018-06-30
2792141,limpiador flash lavanda,12,1000,ml,0,2016-06-13,limpiadores liquidos,N,"alen del norte, s.a. de c.v.",abarr. y art. de farmacia grav,0,0,0,2018-01-01 al 2018-06-30
2792142,limpiador flash brisa marino,12,1000,ml,0,2016-06-13,limpiadores liquidos,N,"alen del norte, s.a. de c.v.",abarr. y art. de farmacia grav,0,0,0,2018-01-01 al 2018-06-30
2792143,limpiador flash floral,12,1000,ml,0,2016-06-13,limpiadores liquidos,N,"alen del norte, s.a. de c.v.",abarr. y art. de farmacia grav,0,0,0,2018-01-01 al 2018-06-30
2792144,pinol aromas lavanda,12,828,ml,0,2016-06-13,limpiadores liquidos,N,"alen del norte, s.a. de c.v.",abarr. y art. de farmacia grav,0,0,0,2018-01-01 al 2018-06-30
2792145,pinol aromas floral,12,828,ml,0,2016-06-13,limpiadores liquidos,N,"alen del norte, s.a. de c.v.",abarr. y art. de farmacia grav,0,0,0,2018-01-01 al 2018-06-30
2792146,pinol aromas marino,12,828,ml,0,2016-06-13,limpiadores liquidos,N,"alen del norte, s.a. de c.v.",abarr. y art. de farmacia grav,0,0,0,2018-01-01 al 2018-06-30
2792147,pinol aromas frutal,12,828,ml,0,2016-06-13,limpiadores liquidos,N,"alen del norte, s.a. de c.v.",abarr. y art. de farmacia grav,0,0,0,2018-01-01 al 2018-06-30
2792148,suaviz ensueno fresc primav cero eng.,9,1500,ml,0,2017-04-28,suavizantes de tela,N,"alen del norte, s.a. de c.v.",abarr. y art. de farmacia grav,0,0,0,2018-01-01 al 2018-06-30
2792149,suaviz ensueno fresco verano cero eng.,9,1500,ml,0,2017-04-28,suavizantes de tela,N,"alen del norte, s.a. de c.v.",abarr. y art. de farmacia grav,0,0,0,2018-01-01 al 2018-06-30
2792150,detergente en polvo blancatel 12/800 gr,12,800,gr,0,2017-06-16,detergente en polvo,S,"alen del norte, s.a. de c.v.",abarr. y art. de farmacia grav,0,0,0,2018-01-01 al 2018-06-30
2792151,blanqueador para ropa cloralex grande,12,950,ml,0,2018-08-22,blanqueadores,S,"alen del norte, s.a. de c.v.",abarr. y art. de farmacia grav,0,0,0,2018-01-01 al 2018-06-30
2794002,papel higienico flamingo,24,4,pz,0,2009-01-22,papel higienico,S,"kimberly clark de mexico, s.a.b. de c.v.",abarr. y art. de farmacia grav,0,0,0,2018-01-01 al 2018-06-30
2794009,servilleta lys 125 s blanca,48,125,pz,0,2009-02-06,servilletas,N,"kimberly clark de mexico, s.a.b. de c.v.",abarr. y art. de farmacia grav,0,0,0,2018-01-01 al 2018-06-30
2794010,servilleta lys 250 s,24,250,pz,0,2009-02-06,servilletas,N,"kimberly clark de mexico, s.a.b. de c.v.",abarr. y art. de farmacia grav,0,0,0,2018-01-01 al 2018-06-30
2794011,servilletas delsey 125 s blanca,48,125,pz,0,2009-02-06,servilletas,N,"kimberly clark de mexico, s.a.b. de c.v.",abarr. y art. de farmacia grav,0,0,0,2018-01-01 al 2018-06-30
2794022,panal kbb absorsec mediano 14s,6,14,pz,0,2009-02-06,panales desechables,N,"kimberly clark de mexico, s.a.b. de c.v.","acc. p/bebe, ropa y calzado grav",0,0,0,2018-01-01 al 2018-06-30
2794023,panal kbb absorsec grande 14 s,6,14,pz,0,2009-02-06,panales desechables,N,"kimberly clark de mexico, s.a.b. de c.v.","acc. p/bebe, ropa y calzado grav",0,0,0,2018-01-01 al 2018-06-30
2794027,panal kbb suavelastic max mediano 14 s,6,14,pz,0,2009-02-06,panales desechables,N,"kimberly clark de mexico, s.a.b. de c.v.","acc. p/bebe, ropa y calzado grav",0,0,0,2018-01-01 al 2018-06-30
2794028,panal kbb suavelastic max grande 14 s,6,14,pz,0,2009-02-06,panales desechables,N,"kimberly clark de mexico, s.a.b. de c.v.","acc. p/bebe, ropa y calzado grav",0,0,0,2018-01-01 al 2018-06-30
2794029,toalla fem. kotex anatomica s/a 10 s,24,10,pz,0,2009-02-06,toallas sanitarias,N,"kimberly clark de mexico, s.a.b. de c.v.",abarr. y art. de farmacia grav,0,0,0,2018-01-01 al 2018-06-30
2794030,toalla fem. kotex anatomica c/a 10 s,16,10,pz,0,2009-02-06,toallas sanitarias,N,"kimberly clark de mexico, s.a.b. de c.v.",abarr. y art. de farmacia grav,0,0,0,2018-01-01 al 2018-06-30
2794031,toalla fem kotex manz anat s/alas 10,10,10,pz,0,2009-02-06,toallas sanitarias,N,"kimberly clark de mexico, s.a.b. de c.v.",abarr. y art. de farmacia grav,0,0,0,2018-01-01 al 2018-06-30
2794032,toalla fem kotex manz anato c/alas 10,10,10,pz,0,2009-02-06,toallas sanitarias,N,"kimberly clark de mexico, s.a.b. de c.v.",abarr. y art. de farmacia grav,0,0,0,2018-01-01 al 2018-06-30
2794034,toalla fem. kotex anatomica s/a 20 s,24,20,pz,0,2009-06-29,toallas sanitarias,N,"kimberly clark de mexico, s.a.b. de c.v.",abarr. y art. de farmacia grav,0,0,0,2018-01-01 al 2018-06-30
2794035,panal absorsec jumbo unisex,6,14,pz,0,2009-11-24,panales desechables,N,"kimberly clark de mexico, s.a.b. de c.v.","acc. p/bebe, ropa y calzado grav",0,0,0,2018-01-01 al 2018-06-30
2794040,prot p/incontinencia predoblado 10 sx6,6,10,pz,0,2010-10-07,panales desechables,N,"kimberly clark de mexico, s.a.b. de c.v.","acc. p/bebe, ropa y calzado grav",0,0,0,2018-01-01 al 2018-06-30
2794041,papel higienico petalo ultrar 4 s 204 hd,24,4,pz,0,2010-12-14,papel higienico,S,"kimberly clark de mexico, s.a.b. de c.v.",abarr. y art. de farmacia grav,1,0,0,2018-01-01 al 2018-06-30
2794043,servitoalla vogue 1 s 60 h,15,1,pz,0,2010-12-14,servilletas,N,"kimberly clark de mexico, s.a.b. de c.v.",abarr. y art. de farmacia grav,0,0,0,2018-01-01 al 2018-06-30
2794045,papel higienico suavel 12 s 200 hojas,4,12,pz,0,2011-02-16,papel higienico,S,"kimberly clark de mexico, s.a.b. de c.v.",abarr. y art. de farmacia grav,0,0,0,2018-01-01 al 2018-06-30
2794051,servilleta petalo blanca 100 h. # 43,48,100,pz,0,2011-11-01,servilletas,N,"kimberly clark de mexico, s.a.b. de c.v.",abarr. y art. de farmacia grav,0,0,0,2018-01-01 al 2018-06-30
2794052,servilleta petalo color 100 h. # 44,48,100,pz,0,2011-11-01,servilletas,N,"kimberly clark de mexico, s.a.b. de c.v.",abarr. y art. de farmacia grav,0,0,0,2018-01-01 al 2018-06-30
2794053,papel higienico lys 4 s 195 h.d.,24,4,pz,0,2012-02-14,papel higienico,S,"kimberly clark de mexico, s.a.b. de c.v.",abarr. y art. de farmacia grav,0,0,0,2018-01-01 al 2018-06-30
2794060,papel higienico vogue 400 h.d. indiv,80,1,pz,0,2015-02-13,papel higienico,S,"kimberly clark de mexico, s.a.b. de c.v.",abarr. y art. de farmacia grav,0,0,0,2018-01-01 al 2018-06-30
2794061,servilleta petalo color 350 s,12,350,pz,0,2015-08-18,servilletas,N,"kimberly clark de mexico, s.a.b. de c.v.",abarr. y art. de farmacia grav,0,0,0,2018-01-01 al 2018-06-30
2794063,servilleta petalo blanca 220 h. # 40,24,220,pz,0,2015-09-09,servilletas,N,"kimberly clark de mexico, s.a.b. de c.v.",abarr. y art. de farmacia grav,0,0,0,2018-01-01 al 2018-06-30
2794064,servilleta petalo blanca pqte. c/450 h.,12,450,pz,0,2015-09-09,servilletas,N,"kimberly clark de mexico, s.a.b. de c.v.",abarr. y art. de farmacia grav,0,0,0,2018-01-01 al 2018-06-30
2794065,papel higienico k mega jumbo 350 4 s,10,4,pz,0,2016-08-15,papel higienico,S,"kimberly clark de mexico, s.a.b. de c.v.",abarr. y art. de farmacia grav,0,0,0,2018-01-01 al 2018-06-30
2794066,escudo azul natural 180gx72 it,72,180,gr,0,2016-12-06,jabones de tocador,S,"kimberly clark de mexico, s.a.b. de c.v.",abarr. y art. de farmacia grav,0,0,0,2018-01-01 al 2018-06-30
2794067,escudo cui balanceado vit e 120grx96it,96,120,gr,0,2016-12-06,jabones de tocador,S,"kimberly clark de mexico, s.a.b. de c.v.",abarr. y art. de farmacia grav,0,0,0,2018-01-01 al 2018-06-30
2794068,escudo blanco neutro 120grx96it,96,120,gr,0,2016-12-06,jabones de tocador,S,"kimberly clark de mexico, s.a.b. de c.v.",abarr. y art. de farmacia grav,0,0,0,2018-01-01 al 2018-06-30
2794069,escudo cui balanceado vit e 180grx72it,72,180,gr,0,2016-12-06,jabones de tocador,S,"kimberly clark de mexico, s.a.b. de c.v.",abarr. y art. de farmacia grav,0,0,0,2018-01-01 al 2018-06-30
2794070,escudo c delicado aroma aloe 180grx72it,72,180,gr,0,2016-12-06,jabones de tocador,S,"kimberly clark de mexico, s.a.b. de c.v.",abarr. y art. de farmacia grav,0,0,0,2018-01-01 al 2018-06-30
2794071,escudo blanco neutro 180grx72it,72,180,gr,0,2016-12-06,jabones de tocador,S,"kimberly clark de mexico, s.a.b. de c.v.",abarr. y art. de farmacia grav,0,0,0,2018-01-01 al 2018-06-30
2794072,escudo azul natura 120grx96it,96,120,gr,0,2016-12-06,jabones de tocador,S,"kimberly clark de mexico, s.a.b. de c.v.",abarr. y art. de farmacia grav,0,0,0,2018-01-01 al 2018-06-30
2794073,papel higienico petalo 4's 300hd,10,4,pz,0,2018-01-11,papel higienico,S,"kimberly clark de mexico, s.a.b. de c.v.",abarr. y art. de farmacia grav,0,0,0,2018-01-01 al 2018-06-30
2794074,servilleta petalo blanca pqte. c/420 h.,12,420,pz,0,2018-02-22,servilletas,N,"kimberly clark de mexico, s.a.b. de c.v.",abarr. y art. de farmacia grav,0,0,0,2018-01-01 al 2018-06-30
2794075,toallita humeda kleen bebe absorsec,24,90,pz,0,2018-02-22,panuelos desechables,N,"kimberly clark de mexico, s.a.b. de c.v.",abarr. y art. de farmacia grav,0,0,0,2018-01-01 al 2018-06-30
2794076,kbb suavelastic max mediano,4,40,pz,0,2018-05-10,panales desechables,N,"kimberly clark de mexico, s.a.b. de c.v.","acc. p/bebe, ropa y calzado grav",0,0,0,2018-01-01 al 2018-06-30
2794077,kbb suavelastic max grande,4,40,pz,0,2018-05-10,panales desechables,N,"kimberly clark de mexico, s.a.b. de c.v.","acc. p/bebe, ropa y calzado grav",0,0,0,2018-01-01 al 2018-06-30
2794078,kbb suavelastic max jumbo,4,40,pz,0,2018-05-10,panales desechables,N,"kimberly clark de mexico, s.a.b. de c.v.","acc. p/bebe, ropa y calzado grav",0,0,0,2018-01-01 al 2018-06-30
2794079,jbar escudo bco 160,72,160,gr,0,2018-06-11,jabones de tocador,S,"kimberly clark de mexico, s.a.b. de c.v.",abarr. y art. de farmacia grav,0,0,0,2018-01-01 al 2018-06-30
2794080,jbar escudo azul 160,72,160,gr,0,2018-06-11,jabones de tocador,S,"kimberly clark de mexico, s.a.b. de c.v.",abarr. y art. de farmacia grav,0,0,0,2018-01-01 al 2018-06-30
2794081,jbar escudo rosa 160,72,160,gr,0,2018-06-11,jabones de tocador,S,"kimberly clark de mexico, s.a.b. de c.v.",abarr. y art. de farmacia grav,0,0,0,2018-01-01 al 2018-06-30
2794082,jbar escudo verde 160,72,160,gr,0,2018-06-11,jabones de tocador,S,"kimberly clark de mexico, s.a.b. de c.v.",abarr. y art. de farmacia grav,0,0,0,2018-01-01 al 2018-06-30
2794084,servilletas delsey 100's blanca,48,100,pz,0,2018-09-03,servilletas,N,"kimberly clark de mexico, s.a.b. de c.v.",abarr. y art. de farmacia grav,0,0,0,2018-01-01 al 2018-06-30
2794085,diapro pred gel 10's,8,10,pz,0,2018-09-03,panales desechables,N,"kimberly clark de mexico, s.a.b. de c.v.","acc. p/bebe, ropa y calzado grav",0,0,0,2018-01-01 al 2018-06-30
2794086,jbar escudo fmen 160,30,160,gr,0,2018-10-01,jabones de tocador,S,"kimberly clark de mexico, s.a.b. de c.v.",abarr. y art. de farmacia grav,0,0,0,2018-01-01 al 2018-06-30
2799001,charola termica 066,10,50,pz,0,2009-02-18,utensilios d/plastico madera y vidrio,N,"leal materias primas, s.a. de c.v.",art. de hogar y jarcieria grav,0,0,0,2018-01-01 al 2018-06-30
2799002,charola termica 855,10,50,pz,0,2009-02-18,utensilios d/plastico madera y vidrio,N,"leal materias primas, s.a. de c.v.",art. de hogar y jarcieria grav,0,0,0,2018-01-01 al 2018-06-30
2799003,cuchara desechable,40,25,pz,0,2009-02-18,utensilios d/plastico madera y vidrio,N,"leal materias primas, s.a. de c.v.",art. de hogar y jarcieria grav,0,0,0,2018-01-01 al 2018-06-30
2799005,tenedor desechable,40,25,pz,0,2009-02-18,utensilios d/plastico madera y vidrio,N,"leal materias primas, s.a. de c.v.",art. de hogar y jarcieria grav,0,0,0,2018-01-01 al 2018-06-30
2799007,vaso plastico no. 8,20,50,pz,0,2009-02-18,utensilios d/plastico madera y vidrio,N,"leal materias primas, s.a. de c.v.",art. de hogar y jarcieria grav,0,0,0,2018-01-01 al 2018-06-30
2799008,vaso plastico no. 10,20,50,pz,0,2009-02-18,utensilios d/plastico madera y vidrio,N,"leal materias primas, s.a. de c.v.",art. de hogar y jarcieria grav,0,0,0,2018-01-01 al 2018-06-30
2799009,vaso termico no. 8,40,25,pz,0,2009-02-18,utensilios d/plastico madera y vidrio,N,"leal materias primas, s.a. de c.v.",art. de hogar y jarcieria grav,0,0,0,2018-01-01 al 2018-06-30
2799010,vaso termico no. 10,40,25,pz,0,2009-02-18,utensilios d/plastico madera y vidrio,N,"leal materias primas, s.a. de c.v.",art. de hogar y jarcieria grav,0,0,0,2018-01-01 al 2018-06-30
2799011,bolsa rollo 20x30 para 1 kg.,1,1,pz,0,2009-02-18,bolsas para despensas,N,"leal materias primas, s.a. de c.v.",miscelaneos grav,0,0,0,2018-01-01 al 2018-06-30
2799012,bolsa rollo 30x40 para 2 kg.,1,1,pz,0,2009-02-18,bolsas para despensas,N,"leal materias primas, s.a. de c.v.",miscelaneos grav,0,0,0,2018-01-01 al 2018-06-30
2799013,bolsa camiseta chica,25,1,kg,0,2009-02-18,bolsas para despensas,N,"leal materias primas, s.a. de c.v.",miscelaneos grav,0,0,0,2018-01-01 al 2018-06-30
2799014,bolsa camiseta mediana,25,1,kg,0,2009-02-18,bolsas para despensas,N,"leal materias primas, s.a. de c.v.",miscelaneos grav,0,0,0,2018-01-01 al 2018-06-30
2799015,bolsa camiseta grande,25,1,kg,0,2009-02-18,bolsas para despensas,N,"leal materias primas, s.a. de c.v.",miscelaneos grav,0,0,0,2018-01-01 al 2018-06-30
2799020,bolsa plast. transparente 20x30 1 kg.,25,1,kg,0,2009-02-18,bolsas para despensas,N,"leal materias primas, s.a. de c.v.",miscelaneos grav,0,0,0,2018-01-01 al 2018-06-30
2799022,bolsa plast. transparante 40x60 1 kg.,25,1,kg,0,2009-02-18,bolsas para despensas,N,"leal materias primas, s.a. de c.v.",miscelaneos grav,0,0,0,2018-01-01 al 2018-06-30
2799023,cuchara desechable grande,40,25,pz,0,2009-10-27,utensilios d/plastico madera y vidrio,N,"leal materias primas, s.a. de c.v.",art. de hogar y jarcieria grav,0,0,0,2018-01-01 al 2018-06-30
2799024,vaso termico no.12,40,25,pz,0,2009-10-27,utensilios d/plastico madera y vidrio,N,"leal materias primas, s.a. de c.v.",art. de hogar y jarcieria grav,0,0,0,2018-01-01 al 2018-06-30
2799035,papel aluminio 7 mts x 30,24,1,pz,0,2013-08-14,papel aluminio,N,"leal materias primas, s.a. de c.v.",abarr. y art. de farmacia grav,0,0,0,2018-01-01 al 2018-06-30
2799036,papel aluminio 10  mts x 30,24,1,pz,0,2013-08-14,papel aluminio,N,"leal materias primas, s.a. de c.v.",abarr. y art. de farmacia grav,0,0,0,2018-01-01 al 2018-06-30
2806001,toallita humeda para bebe my bebe,48,80,pz,0,2009-03-03,panuelos desechables,N,"betone, s.a. de c.v.",abarr. y art. de farmacia grav,0,0,0,2018-01-01 al 2018-06-30
2821001,producto lacteo marsella,12,1,lt,0,2009-04-14,formula lacteas,S,"lacteos industrializados del noreste, s.a. de c.v.",abarr. y art. de farmacia no grav,0,0,0,2018-01-01 al 2018-06-30
2821002,bebida citrus punch pet,15,500,ml,0,2017-08-04,bebidas de fruta,N,"lacteos industrializados del noreste, s.a. de c.v.",abarr no grav decreto 2006,0,0,0,2018-01-01 al 2018-06-30
2821003,bebida citrus punch pet,12,1,lt,0,2017-08-04,bebidas de fruta,N,"lacteos industrializados del noreste, s.a. de c.v.",abarr no grav decreto 2006,0,0,0,2018-01-01 al 2018-06-30
2821004,media crema marsella uht,27,250,ml,0,2017-08-04,crema de leche,N,"lacteos industrializados del noreste, s.a. de c.v.",abarr. y art. de farmacia no grav,0,0,0,2018-01-01 al 2018-06-30
2822001,chiles jalapenos en escab la morena,24,380,gr,0,2009-04-21,chiles jalapenos enteros,S,"comercializadora naremo, s.a. de c.v.",abarr. y art. de farmacia no grav,0,0,0,2018-01-01 al 2018-06-30
2822002,chiles jalapenos en escab la morena,12,800,gr,0,2009-04-21,chiles jalapenos enteros,S,"comercializadora naremo, s.a. de c.v.",abarr. y art. de farmacia no grav,0,0,0,2018-01-01 al 2018-06-30
2822003,rajas verdes la morena,48,200,gr,0,2009-04-21,chiles jalapenos en rajas,S,"comercializadora naremo, s.a. de c.v.",abarr. y art. de farmacia no grav,0,0,0,2018-01-01 al 2018-06-30
2822004,rajas verdes la morena,24,380,gr,0,2009-04-21,chiles jalapenos en rajas,S,"comercializadora naremo, s.a. de c.v.",abarr. y art. de farmacia no grav,0,0,0,2018-01-01 al 2018-06-30
2822005,chipotles adobados la morena,24,380,gr,0,2009-04-21,chiles chipotles,S,"comercializadora naremo, s.a. de c.v.",abarr. y art. de farmacia no grav,0,0,0,2018-01-01 al 2018-06-30
2822006,chiles jalapenos en escabeche la morena,48,200,gr,0,2009-04-21,chiles jalapenos enteros,S,"comercializadora naremo, s.a. de c.v.",abarr. y art. de farmacia no grav,0,0,0,2018-01-01 al 2018-06-30
2822007,rajas verdes la morena,40,100,gr,0,2009-04-21,chiles jalapenos en rajas,S,"comercializadora naremo, s.a. de c.v.",abarr. y art. de farmacia no grav,0,0,0,2018-01-01 al 2018-06-30
2822008,chipotles adobados la morena,40,100,gr,0,2009-04-21,chiles chipotles,S,"comercializadora naremo, s.a. de c.v.",abarr. y art. de farmacia no grav,0,0,0,2018-01-01 al 2018-06-30
2822009,chipotles adobados la morena,24,200,gr,0,2009-04-21,chiles chipotles,S,"comercializadora naremo, s.a. de c.v.",abarr. y art. de farmacia no grav,0,0,0,2018-01-01 al 2018-06-30
2822010,pure de tomate la morena,48,200,gr,0,2009-04-21,pure de tomate,N,"comercializadora naremo, s.a. de c.v.",abarr. y art. de farmacia no grav,0,0,0,2018-01-01 al 2018-06-30
2822011,jalapenos en escabeche,6,2800,gr,0,2009-04-21,chiles jalapenos enteros,S,"comercializadora naremo, s.a. de c.v.",abarr. y art. de farmacia no grav,0,0,0,2018-01-01 al 2018-06-30
2822012,frijoles negros refritos la morena,12,440,gr,0,2010-07-13,frijoles enlatados,N,"comercializadora naremo, s.a. de c.v.",abarr. y art. de farmacia no grav,0,0,0,2018-01-01 al 2018-06-30
2822015,chiles rellenos de picadillo,24,350,gr,0,2018-05-17,chiles jalapenos enteros,S,"comercializadora naremo, s.a. de c.v.",abarr. y art. de farmacia no grav,0,0,0,2018-01-01 al 2018-06-30
2834011,atun aleta amarilla en agua nutriatun,48,74,gr,0,2013-09-19,atun enlatado,S,"procesamiento especializado de alimentos, s.a.p.i.  de c.v.",abarr. y art. de farmacia no grav,0,0,0,2018-01-01 al 2018-06-30
2834012,atun aleta amarilla en aceite nutriatun,48,74,gr,0,2013-09-19,atun enlatado,S,"procesamiento especializado de alimentos, s.a.p.i.  de c.v.",abarr. y art. de farmacia no grav,0,0,0,2018-01-01 al 2018-06-30
2834013,atun aleta amarilla en agua practiatun,120,105,gr,0,2015-09-24,atun enlatado,S,"procesamiento especializado de alimentos, s.a.p.i.  de c.v.",abarr. y art. de farmacia no grav,1,0,0,2018-01-01 al 2018-06-30
2846001,frijol negro san luis envasado,1,1,kg,0,2009-07-03,frijol envasado,S,"abastecedora del comercio y abarrotes, s.a. de c.v.",frijol,1,0,0,2018-01-01 al 2018-06-30
2846003,frijol flor de mayo envasado,1,1,kg,0,2009-07-03,frijol envasado,S,"abastecedora del comercio y abarrotes, s.a. de c.v.",frijol,1,0,0,2018-01-01 al 2018-06-30
2846004,frijol negro san luis a granel,1,1,kg,0,2009-11-06,frijol a granel,S,"abastecedora del comercio y abarrotes, s.a. de c.v.",frijol,0,0,0,2018-01-01 al 2018-06-30
2846005,frijol pinto saltillo envasado,1,1,kg,0,2009-11-06,frijol envasado,S,"abastecedora del comercio y abarrotes, s.a. de c.v.",frijol,1,0,0,2018-01-01 al 2018-06-30
2846007,frijol pinto bill-z envasado,1,1,kg,0,2010-01-15,frijol envasado,S,"abastecedora del comercio y abarrotes, s.a. de c.v.",frijol,1,0,0,2018-01-01 al 2018-06-30
2846008,frijol negro jamapa a granel,1,1,kg,0,2010-05-11,frijol a granel,S,"abastecedora del comercio y abarrotes, s.a. de c.v.",frijol,0,0,0,2018-01-01 al 2018-06-30
2846012,frijol pinto bill-z envasado,1,500,gr,0,2012-01-20,frijol envasado,S,"abastecedora del comercio y abarrotes, s.a. de c.v.",frijol,0,0,0,2018-01-01 al 2018-06-30
2846013,frijol flor de mayo a granel,1,1,kg,0,2013-03-14,frijol a granel,S,"abastecedora del comercio y abarrotes, s.a. de c.v.",frijol,0,0,0,2018-01-01 al 2018-06-30
2849016,shampoo savile sh 12x750ml biotina,12,750,ml,0,2016-10-10,shampoo y acondicionadores,N,"qualamex, s.a. de c.v.",perfumeria y art de tocador grav,0,0,0,2018-01-01 al 2018-06-30
2849017,shampoo savile sh 12x750ml keratina,12,750,ml,0,2016-10-10,shampoo y acondicionadores,N,"qualamex, s.a. de c.v.",perfumeria y art de tocador grav,0,0,0,2018-01-01 al 2018-06-30
2849018,shampoo savile sh 12x750ml crecimiento,12,750,ml,0,2016-10-10,shampoo y acondicionadores,N,"qualamex, s.a. de c.v.",perfumeria y art de tocador grav,0,0,0,2018-01-01 al 2018-06-30
2849019,shampoo savile sh  2 en 1,12,750,ml,0,2016-10-10,shampoo y acondicionadores,N,"qualamex, s.a. de c.v.",perfumeria y art de tocador grav,0,0,0,2018-01-01 al 2018-06-30
2849020,shampoo savile sh 12x180 keratina,12,180,ml,0,2016-10-10,shampoo y acondicionadores,N,"qualamex, s.a. de c.v.",perfumeria y art de tocador grav,0,0,0,2018-01-01 al 2018-06-30
2849021,shampoo savile sh  12x180 2 en 1,12,180,ml,0,2016-10-10,shampoo y acondicionadores,N,"qualamex, s.a. de c.v.",perfumeria y art de tocador grav,0,0,0,2018-01-01 al 2018-06-30
2849022,shampoo savile sh keratina 12x16x24ml,12,16,pz,0,2016-10-10,shampoo y acondicionadores,N,"qualamex, s.a. de c.v.",perfumeria y art de tocador grav,0,0,0,2018-01-01 al 2018-06-30
2849024,ego gel black,24,250,ml,0,2016-10-10,fijadores para cabello,N,"qualamex, s.a. de c.v.",perfumeria y art de tocador grav,0,0,0,2018-01-01 al 2018-06-30
2849025,ego gel dark,24,250,ml,0,2016-10-10,fijadores para cabello,N,"qualamex, s.a. de c.v.",perfumeria y art de tocador grav,0,0,0,2018-01-01 al 2018-06-30
2849026,ego diez gel,12,200,ml,0,2016-10-10,fijadores para cabello,N,"qualamex, s.a. de c.v.",perfumeria y art de tocador grav,0,0,0,2018-01-01 al 2018-06-30
2858001,rasuradora desec. flash p/normal,12,12,pz,0,2009-08-04,navajas y rastrillos de afeitar,N,"importadora y comercializadora peme, s.a. de c.v.",perfumeria y art de tocador grav,0,0,0,2018-01-01 al 2018-06-30
2858002,rasuradora desec. flash p/sensible,12,12,pz,0,2009-08-04,navajas y rastrillos de afeitar,N,"importadora y comercializadora peme, s.a. de c.v.",perfumeria y art de tocador grav,0,0,0,2018-01-01 al 2018-06-30
2858021,panal para adulto grande,6,6,pz,0,2010-05-25,panales desechables,N,"importadora y comercializadora peme, s.a. de c.v.","acc. p/bebe, ropa y calzado grav",0,0,0,2018-01-01 al 2018-06-30
2858023,protector predoblado,6,10,pz,0,2010-10-27,panales desechables,N,"importadora y comercializadora peme, s.a. de c.v.","acc. p/bebe, ropa y calzado grav",0,0,0,2018-01-01 al 2018-06-30
2858025,panal unisex chico,6,14,pz,0,2010-11-22,panales desechables,N,"importadora y comercializadora peme, s.a. de c.v.","acc. p/bebe, ropa y calzado grav",0,0,0,2018-01-01 al 2018-06-30
2858026,panal unisex mediano,6,14,pz,0,2010-11-22,panales desechables,N,"importadora y comercializadora peme, s.a. de c.v.","acc. p/bebe, ropa y calzado grav",0,0,0,2018-01-01 al 2018-06-30
2858027,panal unisex grande,6,14,pz,0,2010-11-22,panales desechables,N,"importadora y comercializadora peme, s.a. de c.v.","acc. p/bebe, ropa y calzado grav",0,0,0,2018-01-01 al 2018-06-30
2858028,jabon de tocador manzana,72,88,gr,0,2010-11-22,jabones de tocador,S,"importadora y comercializadora peme, s.a. de c.v.",abarr. y art. de farmacia grav,0,0,0,2018-01-01 al 2018-06-30
2858029,jabon de tocador perfume,72,88,gr,0,2010-11-22,jabones de tocador,S,"importadora y comercializadora peme, s.a. de c.v.",abarr. y art. de farmacia grav,0,0,0,2018-01-01 al 2018-06-30
2858030,jabon de tocador jasmin,72,88,gr,0,2010-11-22,jabones de tocador,S,"importadora y comercializadora peme, s.a. de c.v.",abarr. y art. de farmacia grav,0,0,0,2018-01-01 al 2018-06-30
2858033,protectores diarios anatomicos,30,20,pz,0,2010-11-22,toallas sanitarias,N,"importadora y comercializadora peme, s.a. de c.v.",abarr. y art. de farmacia grav,0,0,0,2018-01-01 al 2018-06-30
2858034,jabon de tocador manzana,400,15,gr,0,2011-06-15,jabones de tocador,S,"importadora y comercializadora peme, s.a. de c.v.",abarr. y art. de farmacia grav,0,0,0,2018-01-01 al 2018-06-30
2858035,jabon de tocador perfume,400,15,gr,0,2011-06-15,jabones de tocador,S,"importadora y comercializadora peme, s.a. de c.v.",abarr. y art. de farmacia grav,0,0,0,2018-01-01 al 2018-06-30
2858036,jabon de tocador jasmin,400,15,gr,0,2011-06-15,jabones de tocador,S,"importadora y comercializadora peme, s.a. de c.v.",abarr. y art. de farmacia grav,0,0,0,2018-01-01 al 2018-06-30
2858037,toalla fem alonera y manz s/alas,10,10,pz,0,2013-11-07,toallas sanitarias,N,"importadora y comercializadora peme, s.a. de c.v.",abarr. y art. de farmacia grav,0,0,0,2018-01-01 al 2018-06-30
2858038,toalla fem alonera y manz c/alas,10,10,pz,0,2013-11-07,toallas sanitarias,N,"importadora y comercializadora peme, s.a. de c.v.",abarr. y art. de farmacia grav,0,0,0,2018-01-01 al 2018-06-30
2858039,cepillo dental korola infantil at-83,24,12,pz,0,2015-06-09,cepillos dentales,N,"importadora y comercializadora peme, s.a. de c.v.",abarr. y art. de farmacia grav,0,0,0,2018-01-01 al 2018-06-30
2858040,cepillo dental korola adulto at-408,24,12,pz,0,2015-06-09,cepillos dentales,N,"importadora y comercializadora peme, s.a. de c.v.",abarr. y art. de farmacia grav,0,0,0,2018-01-01 al 2018-06-30
2858041,cepillo dental korola adulto at-319,24,12,pz,0,2015-06-09,cepillos dentales,N,"importadora y comercializadora peme, s.a. de c.v.",abarr. y art. de farmacia grav,0,0,0,2018-01-01 al 2018-06-30
2871007,servilleta premier  500 h.,12,1,pz,0,2009-10-08,servilletas,N,"ocami comercializacion, s.a. de c.v.",abarr. y art. de farmacia grav,0,0,0,2018-01-01 al 2018-06-30
2871008,servilleta premier 125 h.,48,1,pz,0,2009-10-08,servilletas,N,"ocami comercializacion, s.a. de c.v.",abarr. y art. de farmacia grav,0,0,0,2018-01-01 al 2018-06-30
2871017,papel higienico premier  400 h.d.,12,4,pz,0,2014-07-17,papel higienico,S,"ocami comercializacion, s.a. de c.v.",abarr. y art. de farmacia grav,0,0,0,2018-01-01 al 2018-06-30
2871028,papel higienico big roll 550 h.d.,48,1,pz,0,2016-12-06,papel higienico,S,"ocami comercializacion, s.a. de c.v.",abarr. y art. de farmacia grav,0,0,0,2018-01-01 al 2018-06-30
2871029,papel higienico big roll 400 h.d.,12,4,pz,0,2017-10-11,papel higienico,S,"ocami comercializacion, s.a. de c.v.",abarr. y art. de farmacia grav,0,0,0,2018-01-01 al 2018-06-30
2871030,papel higienico elite color 287 hd,10,4,pz,0,2017-10-11,papel higienico,S,"ocami comercializacion, s.a. de c.v.",abarr. y art. de farmacia grav,0,0,0,2018-01-01 al 2018-06-30
2871031,toalla de cocina elite mega 180 hd,20,1,pz,0,2018-02-27,servilletas,N,"ocami comercializacion, s.a. de c.v.",abarr. y art. de farmacia grav,0,0,0,2018-01-01 al 2018-06-30
2880001,harina de maiz macsa,10,1,kg,1,2009-11-03,harina de maiz,S,"molinos anahuac, s.a. de c.v.",harina de maiz,0,0,0,2018-01-01 al 2018-06-30
2880003,harina de maiz sedesol diconsa,10,1,kg,1,2013-03-26,harina de maiz mimasa,S,"molinos anahuac, s.a. de c.v.",harina de maiz,1,1,0,2018-01-01 al 2018-06-30
2898001,frijol pinto saltillo envasado,1,1,kg,0,2010-01-15,frijol envasado,S,"agronegocios del norte, s.p.r. de r.l.",frijol,1,0,0,2018-01-01 al 2018-06-30
2898002,frijol pinto saltillo a granel,1,1,kg,0,2012-11-30,frijol a granel,S,"agronegocios del norte, s.p.r. de r.l.",frijol,0,0,0,2018-01-01 al 2018-06-30
2898003,frijol negro san luis envasado,1,1,kg,0,2014-07-28,frijol envasado,S,"agronegocios del norte, s.p.r. de r.l.",frijol,0,0,0,2018-01-01 al 2018-06-30
2898004,frijol pinto saltillo envasado,1,500,gr,0,2017-11-10,frijol envasado,S,"agronegocios del norte, s.p.r. de r.l.",frijol,0,0,0,2018-01-01 al 2018-06-30
2898005,frijol azufrado a granel,1,1,kg,0,2017-11-16,frijol a granel,S,"agronegocios del norte, s.p.r. de r.l.",frijol,0,0,0,2018-01-01 al 2018-06-30
2907001,sal ref. sol yodatada y fluoratada bolsa,25,1,kg,0,2010-02-16,sal molida y refinada,S,"comercial roche, s.a. de c.v.",abarr. y art. de farmacia no grav,0,0,0,2018-01-01 al 2018-06-30
2907002,sal refinada sol,50,500,gr,0,2010-02-16,sal molida y refinada,S,"comercial roche, s.a. de c.v.",abarr. y art. de farmacia no grav,0,0,0,2018-01-01 al 2018-06-30
2907003,sal oso bco semiref yod y f bolsa,25,1,kg,0,2010-02-16,sal molida y refinada,S,"comercial roche, s.a. de c.v.",abarr. y art. de farmacia no grav,0,0,0,2018-01-01 al 2018-06-30
2907004,sal molida yodatada roche saco,1,50,kg,0,2010-02-16,sal molida y refinada,S,"comercial roche, s.a. de c.v.",abarr. y art. de farmacia no grav,0,0,0,2018-01-01 al 2018-06-30
2911008,galleta soda tabasco,18,170,gr,0,2018-09-06,galletas basicas,S,"corporativo las dos naciones, s.a. de c.v.",abarr. y art. de farmacia no grav,0,0,0,2018-01-01 al 2018-06-30
2911009,galleta soda tabasco,40,80,gr,0,2018-09-06,galletas basicas,S,"corporativo las dos naciones, s.a. de c.v.",abarr. y art. de farmacia no grav,0,0,0,2018-01-01 al 2018-06-30
2911010,galleta crema limon,18,150,gr,0,2018-09-06,galletas diversas,S,"corporativo las dos naciones, s.a. de c.v.",abarr. y art. de farmacia no grav,0,0,0,2018-01-01 al 2018-06-30
2914001,jab de lav princesa escamas azul,30,250,gr,0,2010-03-11,jabon de lavanderia,S,"comercializadora mayorista del golfo, s.a. de c.v.",abarr. y art. de farmacia grav,0,0,0,2018-01-01 al 2018-06-30
2914003,jabon de lav princesa azul,80,165,gr,0,2010-03-11,jabon de lavanderia,S,"comercializadora mayorista del golfo, s.a. de c.v.",abarr. y art. de farmacia grav,0,0,0,2018-01-01 al 2018-06-30
2914014,jabon de tocador marca propia,40,150,gr,0,2017-04-05,jabones de tocador,S,"comercializadora mayorista del golfo, s.a. de c.v.",abarr. y art. de farmacia grav,1,1,0,2018-01-01 al 2018-06-30
2914015,jabon de lavanderia marca propia,28,350,gr,0,2017-04-05,jabon de lavanderia,S,"comercializadora mayorista del golfo, s.a. de c.v.",abarr. y art. de farmacia grav,1,1,0,2018-01-01 al 2018-06-30
2914016,jabon de lav pricesa rosa,28,350,gr,0,2017-06-26,jabon de lavanderia,S,"comercializadora mayorista del golfo, s.a. de c.v.",abarr. y art. de farmacia grav,0,0,0,2018-01-01 al 2018-06-30
2914017,jabon de lav princesa azul,48,200,gr,0,2017-06-26,jabon de lavanderia,S,"comercializadora mayorista del golfo, s.a. de c.v.",abarr. y art. de farmacia grav,0,0,0,2018-01-01 al 2018-06-30
2914018,jabon de lav princesa azul,28,350,gr,0,2017-06-26,jabon de lavanderia,S,"comercializadora mayorista del golfo, s.a. de c.v.",abarr. y art. de farmacia grav,0,0,0,2018-01-01 al 2018-06-30
2914019,jabon de lav princesa blanco,48,200,gr,0,2017-06-26,jabon de lavanderia,S,"comercializadora mayorista del golfo, s.a. de c.v.",abarr. y art. de farmacia grav,0,0,0,2018-01-01 al 2018-06-30
2914020,jabon de lav princesa rosa,48,200,gr,0,2017-06-26,jabon de lavanderia,S,"comercializadora mayorista del golfo, s.a. de c.v.",abarr. y art. de farmacia grav,0,0,0,2018-01-01 al 2018-06-30
2924016,carne machaca de res 50g. del mayo,300,50,gr,0,2016-09-30,diversas carnes envasadas,N,"guisados instantaneos potosinos, s. de r. l.",abarr. y art. de farmacia no grav,0,0,0,2018-01-01 al 2018-06-30
2924017,carne machaca de res 50g. don cano,300,50,gr,0,2016-09-30,diversas carnes envasadas,N,"guisados instantaneos potosinos, s. de r. l.",abarr. y art. de farmacia no grav,0,0,0,2018-01-01 al 2018-06-30
2937001,blanqueador de ropa clarasol,12,1000,ml,0,2010-08-06,blanqueadores,S,"industrias jlc, s.a. de c.v.",abarr. y art. de farmacia grav,0,0,0,2018-01-01 al 2018-06-30
2937002,blanqueador de ropa clarasol,24,500,ml,0,2010-08-06,blanqueadores,S,"industrias jlc, s.a. de c.v.",abarr. y art. de farmacia grav,0,0,0,2018-01-01 al 2018-06-30
2937003,blanqueador de ropa clarasol,3,3785,ml,0,2010-08-06,blanqueadores,S,"industrias jlc, s.a. de c.v.",abarr. y art. de farmacia grav,0,0,0,2018-01-01 al 2018-06-30
2937004,multilimpiador pino max,12,980,ml,0,2010-08-06,limpiadores liquidos,N,"industrias jlc, s.a. de c.v.",abarr. y art. de farmacia grav,0,0,0,2018-01-01 al 2018-06-30
2937006,multilimpiador pino max,20,500,ml,0,2010-08-06,limpiadores liquidos,N,"industrias jlc, s.a. de c.v.",abarr. y art. de farmacia grav,0,0,0,2018-01-01 al 2018-06-30
2937007,blanqueador de ropa clarasol,6,1850,ml,0,2010-08-06,blanqueadores,S,"industrias jlc, s.a. de c.v.",abarr. y art. de farmacia grav,0,0,0,2018-01-01 al 2018-06-30
2937008,multilimpiador pino max,3,4800,ml,0,2011-02-03,limpiadores liquidos,N,"industrias jlc, s.a. de c.v.",abarr. y art. de farmacia grav,0,0,0,2018-01-01 al 2018-06-30
2937009,fibra esponja marca fibrazo 8x12 cm,120,1,pz,0,2013-07-31,fibras y estropajos,N,"industrias jlc, s.a. de c.v.",art. de hogar y jarcieria grav,0,0,0,2018-01-01 al 2018-06-30
2937010,fibra verde marca fibrazo 2 pack 120 pz,120,1,pz,0,2013-07-31,fibras y estropajos,N,"industrias jlc, s.a. de c.v.",art. de hogar y jarcieria grav,0,0,0,2018-01-01 al 2018-06-30
2937011,fibra verde marca fibrazo 4 pack,70,1,pz,0,2013-07-31,fibras y estropajos,N,"industrias jlc, s.a. de c.v.",art. de hogar y jarcieria grav,0,0,0,2018-01-01 al 2018-06-30
2937012,fibra acerina marca fibrazo 2 pack 40 gr,60,1,pz,0,2013-07-31,fibras y estropajos,N,"industrias jlc, s.a. de c.v.",art. de hogar y jarcieria grav,0,0,0,2018-01-01 al 2018-06-30
2937013,fibra acerina marca fibrazo 1 pack 40 gr,75,1,pz,0,2013-07-31,fibras y estropajos,N,"industrias jlc, s.a. de c.v.",art. de hogar y jarcieria grav,0,0,0,2018-01-01 al 2018-06-30
2937014,fibra multiusos mca fibrazo 8x12 cm 120,120,1,pz,0,2013-07-31,fibras y estropajos,N,"industrias jlc, s.a. de c.v.",art. de hogar y jarcieria grav,0,0,0,2018-01-01 al 2018-06-30
2937015,acido muriatico marca genio,20,500,ml,0,2013-07-31,acido muriatico,N,"industrias jlc, s.a. de c.v.",abarr. y art. de farmacia grav,0,0,0,2018-01-01 al 2018-06-30
2937016,matacucarachas oko aerosol,12,230,ml,0,2014-04-16,insecticidas y raticidas,N,"industrias jlc, s.a. de c.v.",abarr. y art. de farmacia grav,0,0,0,2018-01-01 al 2018-06-30
2937017,insecticida aerosol oko multiusos,12,230,ml,0,2014-04-16,insecticidas y raticidas,N,"industrias jlc, s.a. de c.v.",abarr. y art. de farmacia grav,0,0,0,2018-01-01 al 2018-06-30
2937018,insect aerosol casa y jardin oko bote,12,200,ml,0,2014-04-16,insecticidas y raticidas,N,"industrias jlc, s.a. de c.v.",pago plaguicidas gravado ieps (prop,0,0,6,2018-01-01 al 2018-06-30
2937019,espirales oko,24,12,pz,0,2014-04-16,insecticidas y raticidas,N,"industrias jlc, s.a. de c.v.",pago plaguicidas gravado ieps (prop,0,0,6,2018-01-01 al 2018-06-30
2937020,matacucarachas oko aerosol,12,400,ml,0,2014-04-16,insecticidas y raticidas,N,"industrias jlc, s.a. de c.v.",abarr. y art. de farmacia grav,0,0,0,2018-01-01 al 2018-06-30
2937021,insecticida aerosol oko nueva formula,12,400,ml,0,2014-04-16,insecticidas y raticidas,N,"industrias jlc, s.a. de c.v.",abarr. y art. de farmacia grav,0,0,0,2018-01-01 al 2018-06-30
2937022,insect aerosol casa y jardin oko bote,12,400,ml,0,2014-04-16,insecticidas y raticidas,N,"industrias jlc, s.a. de c.v.",pago plaguicidas gravado ieps (prop,0,0,6,2018-01-01 al 2018-06-30
2943001,frijol pinto bill-z a granel,1,1,kg,0,2010-08-20,frijol a granel,S,"turisistema de la alta sierra, s.c. de r.l. de c.v.",frijol,0,0,0,2018-01-01 al 2018-06-30
2943004,huevo,360,1,pz,0,2014-04-04,huevo fresco,N,"turisistema de la alta sierra, s.c. de r.l. de c.v.",productos perecederos,0,0,0,2018-01-01 al 2018-06-30
2944001,vaso natural 5.5 reyma,20,50,pz,0,2010-08-27,vasos desechables,N,"fervab, s.a. de c.v.",art. de hogar y jarcieria grav,0,0,0,2018-01-01 al 2018-06-30
2944002,vaso natural 6 reyma,20,50,pz,0,2010-08-27,vasos desechables,N,"fervab, s.a. de c.v.",art. de hogar y jarcieria grav,0,0,0,2018-01-01 al 2018-06-30
2944003,vaso natural 8 reyma,20,50,pz,0,2010-08-27,vasos desechables,N,"fervab, s.a. de c.v.",art. de hogar y jarcieria grav,0,0,0,2018-01-01 al 2018-06-30
2944004,vaso natural 10 reyma,20,50,pz,0,2010-08-27,vasos desechables,N,"fervab, s.a. de c.v.",art. de hogar y jarcieria grav,0,0,0,2018-01-01 al 2018-06-30
2944005,vaso natural 12 reyma,20,50,pz,0,2010-08-27,vasos desechables,N,"fervab, s.a. de c.v.",art. de hogar y jarcieria grav,0,0,0,2018-01-01 al 2018-06-30
2944006,vaso termico 6 reyma,40,25,pz,0,2010-08-27,vasos desechables,N,"fervab, s.a. de c.v.",art. de hogar y jarcieria grav,0,0,0,2018-01-01 al 2018-06-30
2944007,vaso termico 8 reyma,40,25,pz,0,2010-08-27,vasos desechables,N,"fervab, s.a. de c.v.",art. de hogar y jarcieria grav,0,0,0,2018-01-01 al 2018-06-30
2944008,vaso termico 10 reyma,40,25,pz,0,2010-08-27,vasos desechables,N,"fervab, s.a. de c.v.",art. de hogar y jarcieria grav,0,0,0,2018-01-01 al 2018-06-30
2944009,vaso termico 12 reyma,40,25,pz,0,2010-08-27,vasos desechables,N,"fervab, s.a. de c.v.",art. de hogar y jarcieria grav,0,0,0,2018-01-01 al 2018-06-30
2944010,plato 3 reyma,40,25,pz,0,2010-08-27,platos desechables,N,"fervab, s.a. de c.v.",art. de hogar y jarcieria grav,0,0,0,2018-01-01 al 2018-06-30
2944011,plato 5 reyma,20,25,pz,0,2010-08-27,platos desechables,N,"fervab, s.a. de c.v.",art. de hogar y jarcieria grav,0,0,0,2018-01-01 al 2018-06-30
2944012,plato 5 con division reyma,20,25,pz,0,2010-08-27,platos desechables,N,"fervab, s.a. de c.v.",art. de hogar y jarcieria grav,0,0,0,2018-01-01 al 2018-06-30
2944013,cuchara pastelera fantasy,60,50,pz,0,2010-08-27,cubiertos desechables,N,"fervab, s.a. de c.v.",art. de hogar y jarcieria grav,0,0,0,2018-01-01 al 2018-06-30
2944014,tenedor pastelero fantasy,60,50,pz,0,2010-08-27,cubiertos desechables,N,"fervab, s.a. de c.v.",art. de hogar y jarcieria grav,0,0,0,2018-01-01 al 2018-06-30
2944015,cuchara mediana reyma,40,25,pz,0,2010-08-27,cubiertos desechables,N,"fervab, s.a. de c.v.",art. de hogar y jarcieria grav,0,0,0,2018-01-01 al 2018-06-30
2944016,tenedor mediano fantasy,40,25,pz,0,2010-08-27,cubiertos desechables,N,"fervab, s.a. de c.v.",art. de hogar y jarcieria grav,0,0,0,2018-01-01 al 2018-06-30
2944017,plato termico ph4 reyma,20,25,pz,0,2010-08-27,platos desechables,N,"fervab, s.a. de c.v.",art. de hogar y jarcieria grav,0,0,0,2018-01-01 al 2018-06-30
2944018,plato termico ph6 reyma,20,25,pz,0,2010-08-27,platos desechables,N,"fervab, s.a. de c.v.",art. de hogar y jarcieria grav,0,0,0,2018-01-01 al 2018-06-30
2944019,plato termico 8 liso reyma,25,20,pz,0,2010-08-27,platos desechables,N,"fervab, s.a. de c.v.",art. de hogar y jarcieria grav,0,0,0,2018-01-01 al 2018-06-30
2944020,plato termico 8 con division reyma,25,20,pz,0,2010-08-27,platos desechables,N,"fervab, s.a. de c.v.",art. de hogar y jarcieria grav,0,0,0,2018-01-01 al 2018-06-30
2944021,charola 7 (4s) reyma,10,50,pz,0,2010-08-27,platos desechables,N,"fervab, s.a. de c.v.",art. de hogar y jarcieria grav,0,0,0,2018-01-01 al 2018-06-30
2944022,charola 855 mariel reyma,10,50,pz,0,2010-08-27,platos desechables,N,"fervab, s.a. de c.v.",art. de hogar y jarcieria grav,0,0,0,2018-01-01 al 2018-06-30
2946001,azucar estandar envasada,1,1,kg,0,2010-09-03,azucar estandar,S,"zucarmex, s.a. de c.v.",azucar,1,0,0,2018-01-01 al 2018-06-30
2946002,azucar estandar a granel,1,1,kg,0,2010-09-03,azucar estandar,S,"zucarmex, s.a. de c.v.",azucar,0,0,0,2018-01-01 al 2018-06-30
2950003,azucar estandar a granel,1,1,kg,0,2010-10-07,azucar estandar,S,"grupo azucarero san pedro, s.a. de c.v.",azucar,0,0,0,2018-01-01 al 2018-06-30
2956001,naranjada frutiqueko,24,246,ml,1,2010-10-01,bebidas de fruta,N,"globa distribuciones, s.a. de c.v.",abarr no grav decreto 2006,0,0,0,2018-01-01 al 2018-06-30
2956002,naranjada frutiqueko,24,473,ml,1,2010-10-01,bebidas de fruta,N,"globa distribuciones, s.a. de c.v.",abarr no grav decreto 2006,0,0,0,2018-01-01 al 2018-06-30
2956003,naranjada frutiqueko,6,3785,ml,1,2010-10-01,bebidas de fruta,N,"globa distribuciones, s.a. de c.v.",abarr no grav decreto 2006,0,0,0,2018-01-01 al 2018-06-30
2956004,naranjada fruti queko,6,1840,ml,0,2011-02-16,bebidas de fruta,N,"globa distribuciones, s.a. de c.v.",abarr no grav decreto 2006,0,0,0,2018-01-01 al 2018-06-30
2956005,naranjada sport frutiqueko,12,600,ml,0,2011-02-16,bebidas de fruta,N,"globa distribuciones, s.a. de c.v.",abarr no grav decreto 2006,0,0,0,2018-01-01 al 2018-06-30
2956009,nectar mango tetra frutiqueko,40,200,ml,1,2011-02-16,nectares,S,"globa distribuciones, s.a. de c.v.",abarr no grav decreto 2006,0,0,0,2018-01-01 al 2018-06-30
2956010,nectar manzana tetra frutiqueko,40,200,ml,1,2011-02-16,nectares,S,"globa distribuciones, s.a. de c.v.",abarr no grav decreto 2006,0,0,0,2018-01-01 al 2018-06-30
2956011,nectar durazno tetra frutiqueko,40,200,ml,1,2011-02-16,nectares,S,"globa distribuciones, s.a. de c.v.",abarr no grav decreto 2006,0,0,0,2018-01-01 al 2018-06-30
2956012,agua  queko clara pet,24,600,ml,0,2011-02-16,agua purificada menor de 10 litros,N,"globa distribuciones, s.a. de c.v.",abarr no grav decreto 2006,0,0,0,2018-01-01 al 2018-06-30
2956013,agua  queko clara pet,12,1500,ml,0,2011-02-16,agua purificada menor de 10 litros,N,"globa distribuciones, s.a. de c.v.",abarr no grav decreto 2006,0,0,0,2018-01-01 al 2018-06-30
2956014,fruti queko naranja,24,330,ml,1,2013-03-01,bebidas de fruta,N,"globa distribuciones, s.a. de c.v.",abarr no grav decreto 2006,0,0,0,2018-01-01 al 2018-06-30
2956015,fruti queko fresa,24,330,ml,1,2013-03-01,bebidas de fruta,N,"globa distribuciones, s.a. de c.v.",abarr no grav decreto 2006,0,0,0,2018-01-01 al 2018-06-30
2956016,fruti queko manzana,24,330,ml,1,2013-03-01,bebidas de fruta,N,"globa distribuciones, s.a. de c.v.",abarr no grav decreto 2006,0,0,0,2018-01-01 al 2018-06-30
2956017,fruti queko uva,24,330,ml,1,2013-03-13,bebidas de fruta,N,"globa distribuciones, s.a. de c.v.",abarr no grav decreto 2006,0,0,0,2018-01-01 al 2018-06-30
2959012,bebida en polvo tang naranja 12x8x15g,96,15,gr,1,2016-12-09,refrescos en polvo,N,"estrategias y soluciones a su servicio, s.a. de c.v.",abarr. y art. de farmacia grav,0,0,0,2018-01-01 al 2018-06-30
2959013,bebida en polvo tang jamaica 12x8x15g,96,15,gr,1,2016-12-09,refrescos en polvo,N,"estrategias y soluciones a su servicio, s.a. de c.v.",abarr. y art. de farmacia grav,0,0,0,2018-01-01 al 2018-06-30
2959014,bebida en polvo tang mango 12x8x15g,96,15,gr,1,2016-12-09,refrescos en polvo,N,"estrategias y soluciones a su servicio, s.a. de c.v.",abarr. y art. de farmacia grav,0,0,0,2018-01-01 al 2018-06-30
2959015,bebida en polvo tang horchata 12x8x15g,96,15,gr,1,2016-12-09,refrescos en polvo,N,"estrategias y soluciones a su servicio, s.a. de c.v.",abarr. y art. de farmacia grav,0,0,0,2018-01-01 al 2018-06-30
2959016,polvo para gelatina jello uva 4x10x35g,40,35,gr,1,2016-12-09,gelatinas,N,"estrategias y soluciones a su servicio, s.a. de c.v.",abarr. y art. de farmacia no grav,0,0,0,2018-01-01 al 2018-06-30
2959017,polvo para gelatina jello fresa 4x10x35g,40,35,gr,1,2016-12-09,gelatinas,N,"estrategias y soluciones a su servicio, s.a. de c.v.",abarr. y art. de farmacia no grav,0,0,0,2018-01-01 al 2018-06-30
2959018,polvo para gelatina jello limon 4x10x35g,40,35,gr,1,2016-12-09,gelatinas,N,"estrategias y soluciones a su servicio, s.a. de c.v.",abarr. y art. de farmacia no grav,0,0,0,2018-01-01 al 2018-06-30
2959019,polvo para gelatina jello pina 4x10x35g,40,35,gr,1,2016-12-09,gelatinas,N,"estrategias y soluciones a su servicio, s.a. de c.v.",abarr. y art. de farmacia no grav,0,0,0,2018-01-01 al 2018-06-30
2959020,galleta ritz 20 x 67.5 grs,20,67,gr,0,2016-12-09,galletas diversas,S,"estrategias y soluciones a su servicio, s.a. de c.v.",pago abarrotes gravado ieps (propio,0,0,8,2018-01-01 al 2018-06-30
2959021,galleta oreo 4pza,96,36,gr,0,2016-12-09,galletas diversas,S,"estrategias y soluciones a su servicio, s.a. de c.v.",pago abarrotes gravado ieps (propio,0,0,8,2018-01-01 al 2018-06-30
2959022,polvo para hornear royal,48,110,gr,0,2016-12-09,polvo para hornear,N,"estrategias y soluciones a su servicio, s.a. de c.v.",abarr. y art. de farmacia grav,0,0,0,2018-01-01 al 2018-06-30
2959023,queso untable cheez whiz,12,120,gr,0,2016-12-13,aderezos,N,"estrategias y soluciones a su servicio, s.a. de c.v.",abarr. y art. de farmacia no grav,0,0,0,2018-01-01 al 2018-06-30
2959024,mayonesa kraft limon,24,195,gr,0,2016-12-13,mayonesas,S,"estrategias y soluciones a su servicio, s.a. de c.v.",abarr. y art. de farmacia no grav,0,0,0,2018-01-01 al 2018-06-30
2966002,frijol flor de junio marcela envasado,1,1,kg,0,2011-01-31,frijol envasado,S,"empacadora jupasa, s. de r.l. de c.v.",frijol,1,0,0,2018-01-01 al 2018-06-30
2966003,lenteja chica envasada,1,500,gr,0,2018-09-05,lentejas,S,"empacadora jupasa, s. de r.l. de c.v.",abarr. y art. de farmacia no grav,0,0,0,2018-01-01 al 2018-06-30
2972059,te verde limon,96,15,gr,0,2014-04-25,te,N,"tresmontes lucchetti mexico, s.a. de c.v.",abarr. y art. de farmacia grav,0,0,0,2018-01-01 al 2018-06-30
2972060,te negro limon,96,15,gr,0,2014-04-25,te,N,"tresmontes lucchetti mexico, s.a. de c.v.",abarr. y art. de farmacia grav,0,0,0,2018-01-01 al 2018-06-30
2972061,te negro durazno,96,15,gr,0,2014-04-25,te,N,"tresmontes lucchetti mexico, s.a. de c.v.",abarr. y art. de farmacia grav,0,0,0,2018-01-01 al 2018-06-30
2972062,te negro jamaica,96,15,gr,0,2014-04-25,te,N,"tresmontes lucchetti mexico, s.a. de c.v.",abarr. y art. de farmacia grav,0,0,0,2018-01-01 al 2018-06-30
2972063,te negro naranja,96,15,gr,0,2014-04-25,te,N,"tresmontes lucchetti mexico, s.a. de c.v.",abarr. y art. de farmacia grav,0,0,0,2018-01-01 al 2018-06-30
2972064,te negro fresa,96,15,gr,0,2014-04-25,te,N,"tresmontes lucchetti mexico, s.a. de c.v.",abarr. y art. de farmacia grav,0,0,0,2018-01-01 al 2018-06-30
2972065,bebida en pvo naranja zuko,96,15,gr,1,2014-04-25,refrescos en polvo,N,"tresmontes lucchetti mexico, s.a. de c.v.",abarr. y art. de farmacia grav,0,0,0,2018-01-01 al 2018-06-30
2972066,bebida en pvo manzana zuko,96,15,gr,1,2014-04-25,refrescos en polvo,N,"tresmontes lucchetti mexico, s.a. de c.v.",abarr. y art. de farmacia grav,0,0,0,2018-01-01 al 2018-06-30
2972067,bebida en pvo pina zuko,96,15,gr,1,2014-04-25,refrescos en polvo,N,"tresmontes lucchetti mexico, s.a. de c.v.",abarr. y art. de farmacia grav,0,0,0,2018-01-01 al 2018-06-30
2972068,bebida en pvo horchata zuko,96,15,gr,1,2014-04-25,refrescos en polvo,N,"tresmontes lucchetti mexico, s.a. de c.v.",abarr. y art. de farmacia grav,0,0,0,2018-01-01 al 2018-06-30
2972069,bebida en pvo fresa zuko,96,15,gr,1,2014-04-25,refrescos en polvo,N,"tresmontes lucchetti mexico, s.a. de c.v.",abarr. y art. de farmacia grav,0,0,0,2018-01-01 al 2018-06-30
2972070,bebida en pvo limon zuko,96,15,gr,1,2014-04-25,refrescos en polvo,N,"tresmontes lucchetti mexico, s.a. de c.v.",abarr. y art. de farmacia grav,0,0,0,2018-01-01 al 2018-06-30
2972071,bebida en pvo tamarindo zuko,96,15,gr,1,2014-04-25,refrescos en polvo,N,"tresmontes lucchetti mexico, s.a. de c.v.",abarr. y art. de farmacia grav,0,0,0,2018-01-01 al 2018-06-30
2972072,bebida en pvo jamaica zuko,96,15,gr,1,2014-04-25,refrescos en polvo,N,"tresmontes lucchetti mexico, s.a. de c.v.",abarr. y art. de farmacia grav,0,0,0,2018-01-01 al 2018-06-30
2972073,bebida en pvo mango zuko,96,15,gr,1,2014-04-25,refrescos en polvo,N,"tresmontes lucchetti mexico, s.a. de c.v.",abarr. y art. de farmacia grav,0,0,0,2018-01-01 al 2018-06-30
2972074,bebida en pvo durazno zuko,96,15,gr,1,2014-04-25,refrescos en polvo,N,"tresmontes lucchetti mexico, s.a. de c.v.",abarr. y art. de farmacia grav,0,0,0,2018-01-01 al 2018-06-30
2972075,bebida en pvo melon zuko,96,15,gr,1,2014-04-25,refrescos en polvo,N,"tresmontes lucchetti mexico, s.a. de c.v.",abarr. y art. de farmacia grav,0,0,0,2018-01-01 al 2018-06-30
2972076,bebida en pvo mandarina zuko,96,15,gr,1,2014-04-25,refrescos en polvo,N,"tresmontes lucchetti mexico, s.a. de c.v.",abarr. y art. de farmacia grav,0,0,0,2018-01-01 al 2018-06-30
2972077,bebida en pvo pina colada zuko,96,15,gr,1,2014-04-25,refrescos en polvo,N,"tresmontes lucchetti mexico, s.a. de c.v.",abarr. y art. de farmacia grav,0,0,0,2018-01-01 al 2018-06-30
2972078,bebida en pvo uva  zuko,96,15,gr,1,2014-04-25,refrescos en polvo,N,"tresmontes lucchetti mexico, s.a. de c.v.",abarr. y art. de farmacia grav,0,0,0,2018-01-01 al 2018-06-30
2972079,bebida en pvo guayaba zuko,96,15,gr,1,2014-04-25,refrescos en polvo,N,"tresmontes lucchetti mexico, s.a. de c.v.",abarr. y art. de farmacia grav,0,0,0,2018-01-01 al 2018-06-30
2972080,bebida en pvo guanabana zuko,96,15,gr,1,2014-04-25,refrescos en polvo,N,"tresmontes lucchetti mexico, s.a. de c.v.",abarr. y art. de farmacia grav,0,0,0,2018-01-01 al 2018-06-30
2972081,bebida en pvo sandia zuko,96,15,gr,1,2014-04-25,refrescos en polvo,N,"tresmontes lucchetti mexico, s.a. de c.v.",abarr. y art. de farmacia grav,0,0,0,2018-01-01 al 2018-06-30
2972083,bebida en pvo coco zuko,96,15,gr,1,2014-04-25,refrescos en polvo,N,"tresmontes lucchetti mexico, s.a. de c.v.",abarr. y art. de farmacia grav,0,0,0,2018-01-01 al 2018-06-30
2972089,bebida en pvo limonada pepino zuko,96,15,gr,1,2015-07-23,refrescos en polvo,N,"tresmontes lucchetti mexico, s.a. de c.v.",abarr. y art. de farmacia grav,0,0,0,2018-01-01 al 2018-06-30
2972090,bebida en pvo limonada hierbabuena zuko,96,15,gr,1,2015-07-23,refrescos en polvo,N,"tresmontes lucchetti mexico, s.a. de c.v.",abarr. y art. de farmacia grav,0,0,0,2018-01-01 al 2018-06-30
2972091,bebida en pvo limonada fresa zuko,96,15,gr,1,2015-07-23,refrescos en polvo,N,"tresmontes lucchetti mexico, s.a. de c.v.",abarr. y art. de farmacia grav,0,0,0,2018-01-01 al 2018-06-30
2978001,azucar estandar a granel,1,1,kg,0,2011-01-28,azucar estandar,S,"dulymex, s.a. de c.v.",azucar,0,0,0,2018-01-01 al 2018-06-30
2978002,azucar estandar envasada,1,1,kg,0,2011-01-28,azucar estandar,S,"dulymex, s.a. de c.v.",azucar,1,0,0,2018-01-01 al 2018-06-30
2981031,emulsion de scott sabor natural,1,200,ml,0,2012-10-09,complementos alimenticios,N,"comercializadora tunoni, s.a. de c.v.",abarr. y art. de farmacia no grav,0,0,0,2018-01-01 al 2018-06-30
2981032,crema oleoderm,1,225,ml,0,2012-10-09,cremas para uso personal,N,"comercializadora tunoni, s.a. de c.v.",miscelaneos grav,0,0,0,2018-01-01 al 2018-06-30
2981042,desinfectante plata coloidal,1,50,ml,0,2013-07-10,desinfectantes,N,"comercializadora tunoni, s.a. de c.v.",abarr. y art. de farmacia grav,0,0,0,2018-01-01 al 2018-06-30
2981044,avena en hojuelas,10,1,kg,0,2013-07-17,avena,N,"comercializadora tunoni, s.a. de c.v.",abarr. y art. de farmacia no grav,0,0,0,2018-01-01 al 2018-06-30
2981050,tenedores,1,1,pz,0,2013-12-10,utensilios d/plastico madera y vidrio,N,"comercializadora tunoni, s.a. de c.v.",art. de hogar y jarcieria grav,0,0,0,2018-01-01 al 2018-06-30
2981051,cucharas,1,1,pz,0,2013-12-10,utensilios de aluminio y acero,N,"comercializadora tunoni, s.a. de c.v.",miscelaneos grav,0,0,0,2018-01-01 al 2018-06-30
2981055,cuchillos de 25 cm,1,1,pz,0,2013-12-10,utensilios de aluminio y acero,N,"comercializadora tunoni, s.a. de c.v.",miscelaneos grav,0,0,0,2018-01-01 al 2018-06-30
2981091,tinaco de 750 lts tricapa,1,1,pz,0,2014-06-17,herramientas p/el campo y kits de limp.,N,"comercializadora tunoni, s.a. de c.v.",miscelaneos grav,0,0,0,2018-01-01 al 2018-06-30
2981098,vaso 250 ml,1,1,pz,0,2014-10-09,utensilios d/plastico madera y vidrio,N,"comercializadora tunoni, s.a. de c.v.",art. de hogar y jarcieria grav,0,0,0,2018-01-01 al 2018-06-30
2981191,fruta deshidratada manzana,200,20,gr,0,2015-04-17,frutas secas,N,"comercializadora tunoni, s.a. de c.v.",pago abarrotes gravado ieps (propio,0,0,8,2018-01-01 al 2018-06-30
2981192,fruta deshidratada papaya,200,20,gr,0,2015-04-17,frutas secas,N,"comercializadora tunoni, s.a. de c.v.",abarr. y art. de farmacia no grav,0,0,0,2018-01-01 al 2018-06-30
2981193,fruta deshidratada platano,200,20,gr,0,2015-04-17,frutas secas,N,"comercializadora tunoni, s.a. de c.v.",pago abarrotes gravado ieps (propio,0,0,8,2018-01-01 al 2018-06-30
2981228,atun en agua,48,140,gr,0,2016-02-26,atun enlatado,S,"comercializadora tunoni, s.a. de c.v.",abarr. y art. de farmacia no grav,0,0,0,2018-01-01 al 2018-06-30
2981229,aceite vegetal,24,500,ml,0,2016-02-26,aceite vegetal comestible,S,"comercializadora tunoni, s.a. de c.v.",abarr. y art. de farmacia no grav,0,0,0,2018-01-01 al 2018-06-30
2981230,carne de res deshidratada deshebrada,1,125,gr,0,2016-06-23,diversas carnes envasadas,N,"comercializadora tunoni, s.a. de c.v.",abarr. y art. de farmacia no grav,0,0,0,2018-01-01 al 2018-06-30
2981234,mesas banqueteras,1,1,pz,0,2016-11-01,herramientas p/el campo y kits de limp.,N,"comercializadora tunoni, s.a. de c.v.",miscelaneos grav,0,0,0,2018-01-01 al 2018-06-30
2981235,ajo en polvo,50,137,gr,0,2016-11-11,especias molidas,N,"comercializadora tunoni, s.a. de c.v.",abarr. y art. de farmacia no grav,0,0,0,2018-01-01 al 2018-06-30
2981236,oregano en polvo,50,137,gr,0,2016-11-11,especias molidas,N,"comercializadora tunoni, s.a. de c.v.",abarr. y art. de farmacia no grav,0,0,0,2018-01-01 al 2018-06-30
2981237,laurel en polvo,50,137,gr,0,2016-11-11,especias molidas,N,"comercializadora tunoni, s.a. de c.v.",abarr. y art. de farmacia no grav,0,0,0,2018-01-01 al 2018-06-30
2981238,chocolate pvo bajo en azucar chocomilk,12,1750,gr,1,2017-04-06,chocolate en polvo,S,"comercializadora tunoni, s.a. de c.v.",pago abarrotes gravado ieps (propio,0,0,8,2018-01-01 al 2018-06-30
2981239,verdura deshidratada  (chich/zanah),60,250,gr,1,2017-06-14,diversos vegetales envasados,N,"comercializadora tunoni, s.a. de c.v.",abarr. y art. de farmacia no grav,0,0,0,2018-01-01 al 2018-06-30
2982008,mueble tarja p/lavatrastes acero  inox,1,1,pz,0,2014-06-10,articulos para cocina,N,"gemorsan, s.a. de c.v.",miscelaneos grav,0,0,0,2018-01-01 al 2018-06-30
2982009,mesas  trabajo acero inox 2.50x0.70x0.90,1,1,pz,0,2014-06-10,articulos para cocina,N,"gemorsan, s.a. de c.v.",miscelaneos grav,0,0,0,2018-01-01 al 2018-06-30
2982010,anaquel liso acero inox 0.9x0.5x1.8m,1,1,pz,0,2014-06-13,articulos para cocina,N,"gemorsan, s.a. de c.v.",miscelaneos grav,0,0,0,2018-01-01 al 2018-06-30
2982011,cuchillos de mesa,1,1,pz,0,2015-10-28,utensilios de aluminio y acero,N,"gemorsan, s.a. de c.v.",miscelaneos grav,0,0,0,2018-01-01 al 2018-06-30
2982012,platos de 25 cm de melamina,1,1,gr,0,2015-10-28,utensilios d/plastico madera y vidrio,N,"gemorsan, s.a. de c.v.",miscelaneos grav,0,0,0,2018-01-01 al 2018-06-30
2982013,platos hondos de melamina,1,1,pz,0,2015-10-28,utensilios d/plastico madera y vidrio,N,"gemorsan, s.a. de c.v.",miscelaneos grav,0,0,0,2018-01-01 al 2018-06-30
2982014,platos de 15 cm,1,1,pz,0,2015-11-23,utensilios d/plastico madera y vidrio,N,"gemorsan, s.a. de c.v.",miscelaneos grav,0,0,0,2018-01-01 al 2018-06-30
2982015,tazas,1,1,pz,0,2015-11-23,utensilios d/plastico madera y vidrio,N,"gemorsan, s.a. de c.v.",art. de hogar y jarcieria grav,0,0,0,2018-01-01 al 2018-06-30
2982016,vaso de policarbonato,1,1,pz,0,2016-02-24,utensilios d/plastico madera y vidrio,N,"gemorsan, s.a. de c.v.",miscelaneos grav,0,0,0,2018-01-01 al 2018-06-30
2982017,cuchara de 3.5 mm,1,1,pz,0,2016-06-16,utensilios de aluminio y acero,N,"gemorsan, s.a. de c.v.",miscelaneos grav,0,0,0,2018-01-01 al 2018-06-30
2982018,mueble tarja p/lavatrastes acero inox,1,1,pz,0,2016-06-16,articulos para cocina,N,"gemorsan, s.a. de c.v.",miscelaneos grav,0,0,0,2018-01-01 al 2018-06-30
2982019,tenedores,1,1,pz,0,2016-06-16,utensilios de aluminio y acero,N,"gemorsan, s.a. de c.v.",art. de hogar y jarcieria grav,0,0,0,2018-01-01 al 2018-06-30
2982020,colador acero inox 18cm orilla redonda,1,1,pz,0,2016-07-08,utensilios de aluminio y acero,N,"gemorsan, s.a. de c.v.",miscelaneos grav,0,0,0,2018-01-01 al 2018-06-30
2982021,cucharas grandes,1,1,pz,0,2016-07-08,utensilios de aluminio y acero,N,"gemorsan, s.a. de c.v.",miscelaneos grav,0,0,0,2018-01-01 al 2018-06-30
2982022,cuchillos de 25 cm,1,1,pz,0,2016-07-08,utensilios de aluminio y acero,N,"gemorsan, s.a. de c.v.",miscelaneos grav,0,0,0,2018-01-01 al 2018-06-30
2982024,prensa para tortillas,1,1,pz,0,2016-07-08,utensilios de aluminio y acero,N,"gemorsan, s.a. de c.v.",miscelaneos grav,0,0,0,2018-01-01 al 2018-06-30
2982027,cucharones de 20/60,1,1,pz,0,2016-08-11,utensilios de aluminio y acero,N,"gemorsan, s.a. de c.v.",miscelaneos grav,0,0,0,2018-01-01 al 2018-06-30
2982028,mesa banquetera rectangular,1,1,pz,0,2016-08-11,herramientas p/el campo y kits de limp.,N,"gemorsan, s.a. de c.v.",miscelaneos grav,0,0,0,2018-01-01 al 2018-06-30
2982034,tabla para picar,1,1,pz,0,2016-08-11,utensilios de aluminio y acero,N,"gemorsan, s.a. de c.v.",art. de hogar y jarcieria grav,0,0,0,2018-01-01 al 2018-06-30
2982035,vaporera de 40 lt de aluminio triple fte,1,1,pz,0,2016-08-19,utensilios de aluminio y acero,N,"gemorsan, s.a. de c.v.",miscelaneos grav,0,0,0,2018-01-01 al 2018-06-30
2982038,mesa de preparacion,1,1,pz,0,2016-10-21,herramientas p/el campo y kits de limp.,N,"gemorsan, s.a. de c.v.",miscelaneos grav,0,0,0,2018-01-01 al 2018-06-30
2982039,agua purificada,12,1500,ml,0,2017-04-24,agua purificada menor de 10 litros,N,"gemorsan, s.a. de c.v.",abarr no grav decreto 2006,0,0,0,2018-01-01 al 2018-06-30
2982040,tinaco de 750 lt,1,1,pz,0,2017-07-31,herramientas p/el campo y kits de limp.,N,"gemorsan, s.a. de c.v.",miscelaneos grav,0,0,0,2018-01-01 al 2018-06-30
2982041,comal,1,1,pz,0,2017-11-02,utensilios de aluminio y acero,N,"gemorsan, s.a. de c.v.",miscelaneos grav,0,0,0,2018-01-01 al 2018-06-30
2982042,budinera de 30 lts,1,1,pz,0,2017-12-27,utensilios de aluminio y acero,N,"gemorsan, s.a. de c.v.",miscelaneos grav,0,0,0,2018-01-01 al 2018-06-30
2982043,cacerola 40 cm diametro 20 lt con tapa,1,1,pz,0,2017-12-27,utensilios de aluminio y acero,N,"gemorsan, s.a. de c.v.",miscelaneos grav,0,0,0,2018-01-01 al 2018-06-30
2982044,cuchara para cocinar de auminio,1,1,pz,0,2017-12-27,utensilios de aluminio y acero,N,"gemorsan, s.a. de c.v.",miscelaneos grav,0,0,0,2018-01-01 al 2018-06-30
2982045,cuchillo de acero inoxidable,1,1,pz,0,2017-12-27,utensilios de aluminio y acero,N,"gemorsan, s.a. de c.v.",miscelaneos grav,0,0,0,2018-01-01 al 2018-06-30
2982046,cuchillo tipo chef p/diferente tipo alim,1,1,pz,0,2017-12-27,utensilios de aluminio y acero,N,"gemorsan, s.a. de c.v.",miscelaneos grav,0,0,0,2018-01-01 al 2018-06-30
2982047,estufon de 1 quemador acero inoxidable,1,1,pz,0,2017-12-27,herramientas p/el campo y kits de limp.,N,"gemorsan, s.a. de c.v.",miscelaneos grav,0,0,0,2018-01-01 al 2018-06-30
2982048,estufon de 2 quemadores acero inoxidable,1,1,pz,0,2017-12-27,herramientas p/el campo y kits de limp.,N,"gemorsan, s.a. de c.v.",miscelaneos grav,0,0,0,2018-01-01 al 2018-06-30
2982049,mangueras para gas de 1.5 mts,1,1,pz,0,2017-12-27,herramientas p/el campo y kits de limp.,N,"gemorsan, s.a. de c.v.",miscelaneos grav,0,0,0,2018-01-01 al 2018-06-30
2982050,mesa banquetera,1,1,pz,0,2017-12-27,herramientas p/el campo y kits de limp.,N,"gemorsan, s.a. de c.v.",miscelaneos grav,0,0,0,2018-01-01 al 2018-06-30
2982051,plancha comal 40x 40 cm,1,1,pz,0,2017-12-27,herramientas p/el campo y kits de limp.,N,"gemorsan, s.a. de c.v.",miscelaneos grav,0,0,0,2018-01-01 al 2018-06-30
2982053,disponible,1,1,pz,0,2017-12-27,utensilios de aluminio y acero,N,"gemorsan, s.a. de c.v.",miscelaneos grav,0,0,0,2018-01-01 al 2018-06-30
2990001,cereal de trigo inflado azucarado trihui,30,250,gr,0,2011-03-10,cereales en hojuelas,S,gontran mendoza vargas,pago abarrotes gravado ieps (propio,0,0,8,2018-01-01 al 2018-06-30
2990002,cereal de trigo inflado triguitos,200,30,gr,1,2011-03-23,cereales en hojuelas,S,gontran mendoza vargas,pago abarrotes gravado ieps (propio,0,0,8,2018-01-01 al 2018-06-30
2990005,cereal de trigo inflado triguitos,30,250,gr,0,2016-03-04,cereales en hojuelas,S,gontran mendoza vargas,pago abarrotes gravado ieps (propio,0,0,8,2018-01-01 al 2018-06-30
3000001,frijol peruano higuera envasado,1,1,kg,0,2011-04-04,frijol envasado,S,"productores unidos del rio petatlan, s.a. de c.v.",frijol,1,0,0,2018-01-01 al 2018-06-30
3000002,maiz blanco nacional a granel,1000,1,kg,0,2012-06-06,maiz blanco,S,"productores unidos del rio petatlan, s.a. de c.v.",maiz,1,0,0,2018-01-01 al 2018-06-30
3000003,maiz blanco nacional envasado,1000,1,kg,0,2012-06-06,maiz blanco,S,"productores unidos del rio petatlan, s.a. de c.v.",maiz,1,0,0,2018-01-01 al 2018-06-30
3002001,maiz blanco nacional granel,1000,1,kg,0,2011-04-28,maiz blanco,S,"lucero de los llanos de ayotzintepec, s.c. de r.l.",maiz,1,0,0,2018-01-01 al 2018-06-30
3002002,maiz blanco nacional envasado,1000,1,kg,0,2011-04-28,maiz blanco,S,"lucero de los llanos de ayotzintepec, s.c. de r.l.",maiz,1,0,0,2018-01-01 al 2018-06-30
3004001,frijol negro chiapaneco tipo jamapa enva,1,1,kg,0,2011-05-03,frijol envasado,S,"comercial y enlace institucionales sanga, s.a. de c.v.",frijol,1,0,0,2018-01-01 al 2018-06-30
3008001,frijol pinto saltillo envasado,1,1,kg,0,2011-05-13,frijol envasado,S,"low flow irrigation, s.c. de r.l. de c.v.",frijol,1,0,0,2018-01-01 al 2018-06-30
3009004,maiz blanco envasado nacional,1000,1,kg,0,2011-09-28,maiz blanco,S,"agroacapulco, s.a. de c.v.",maiz,1,0,0,2018-01-01 al 2018-06-30
3009008,maiz blanco nacional a granel,1000,1,kg,0,2012-03-09,maiz blanco,S,"agroacapulco, s.a. de c.v.",maiz,1,0,0,2018-01-01 al 2018-06-30
3009013,sulfato de amonio 20/50,1000,1,kg,0,2014-04-14,fertilizantes,N,"agroacapulco, s.a. de c.v.",insumos agropecuarios no grav,0,0,0,2018-01-01 al 2018-06-30
3009014,urea 20/50,1000,1,kg,0,2014-04-14,fertilizantes,N,"agroacapulco, s.a. de c.v.",insumos agropecuarios no grav,0,0,0,2018-01-01 al 2018-06-30
3009015,fosfato diamonico (d.a.p. 18-46-0) 20/50,1000,1,kg,0,2014-04-14,fertilizantes,N,"agroacapulco, s.a. de c.v.",insumos agropecuarios no grav,0,0,0,2018-01-01 al 2018-06-30
3009016,super fosfato de calcio simple 20/50,1000,1,kg,0,2014-04-14,fertilizantes,N,"agroacapulco, s.a. de c.v.",insumos agropecuarios no grav,0,0,0,2018-01-01 al 2018-06-30
3009017,cloruro de potasio 20/50,1000,1,kg,0,2014-04-14,fertilizantes,N,"agroacapulco, s.a. de c.v.",insumos agropecuarios no grav,0,0,0,2018-01-01 al 2018-06-30
3010001,maiz blanco nacional granel,1000,1,kg,0,2011-05-20,maiz blanco,S,"commodity, s.c.",maiz,1,0,0,2018-01-01 al 2018-06-30
3010002,maiz blanco nacional envasado,1000,1,kg,0,2011-05-20,maiz blanco,S,"commodity, s.c.",maiz,1,0,0,2018-01-01 al 2018-06-30
3012001,azucar estandar a granel,1,1,kg,0,2011-05-24,azucar estandar,S,"crheart business group, s.a. de c.v.",azucar,1,0,0,2018-01-01 al 2018-06-30
3020001,azucar estandar a granel,1,1,kg,0,2011-07-05,azucar estandar,S,"productora y comercializadora internacional mexicana, s.a. de c.v.",azucar,0,0,0,2018-01-01 al 2018-06-30
3020002,azucar estandar envasada,1,1,kg,0,2011-07-05,azucar estandar,S,"productora y comercializadora internacional mexicana, s.a. de c.v.",azucar,1,0,0,2018-01-01 al 2018-06-30
3032001,galleta soda real,12,150,gr,1,2011-09-27,galletas diversas,S,"comercializadora pepsico mexico, s. de r.l. de c.v.",pago abarrotes gravado ieps (propio,0,0,8,2018-01-01 al 2018-06-30
3032002,galletas populares,6,1,kg,0,2011-09-27,galletas diversas,S,"comercializadora pepsico mexico, s. de r.l. de c.v.",pago abarrotes gravado ieps (propio,0,0,8,2018-01-01 al 2018-06-30
3032003,galletas marinas betunadas,6,1,kg,1,2011-09-27,galletas diversas,S,"comercializadora pepsico mexico, s. de r.l. de c.v.",pago abarrotes gravado ieps (propio,0,0,8,2018-01-01 al 2018-06-30
3032004,galletas barra de coco,9,845,gr,0,2011-09-27,galletas diversas,S,"comercializadora pepsico mexico, s. de r.l. de c.v.",pago abarrotes gravado ieps (propio,0,0,8,2018-01-01 al 2018-06-30
3032005,galletas surtido exhibidor,70,60,gr,1,2011-09-27,galletas diversas,S,"comercializadora pepsico mexico, s. de r.l. de c.v.",pago abarrotes gravado ieps (propio,0,0,8,2018-01-01 al 2018-06-30
3032010,galleta marias,20,170,gr,1,2011-09-27,galletas basicas,S,"comercializadora pepsico mexico, s. de r.l. de c.v.",pago abarrotes gravado ieps (propio,0,0,8,2018-01-01 al 2018-06-30
3032011,galleta animalitos gamesa,6,1,kg,1,2011-09-27,galletas basicas,S,"comercializadora pepsico mexico, s. de r.l. de c.v.",pago abarrotes gravado ieps (propio,1,0,8,2018-01-01 al 2018-06-30
3032014,galletas maravillas,20,116,gr,1,2011-09-27,galletas diversas,S,"comercializadora pepsico mexico, s. de r.l. de c.v.",pago abarrotes gravado ieps (propio,0,0,8,2018-01-01 al 2018-06-30
3032015,saladitas gamesa,20,137,gr,1,2011-09-27,galletas basicas,S,"comercializadora pepsico mexico, s. de r.l. de c.v.",abarr. y art. de farmacia no grav,0,0,0,2018-01-01 al 2018-06-30
3032016,ricanelas,20,113,gr,1,2011-09-27,galletas diversas,S,"comercializadora pepsico mexico, s. de r.l. de c.v.",pago abarrotes gravado ieps (propio,0,0,8,2018-01-01 al 2018-06-30
3032019,m. arcoiris,16,75,gr,1,2011-09-27,galletas diversas,S,"comercializadora pepsico mexico, s. de r.l. de c.v.",pago abarrotes gravado ieps (propio,0,0,8,2018-01-01 al 2018-06-30
3032020,galletas hawaianas,12,630,gr,1,2011-09-27,galletas diversas,S,"comercializadora pepsico mexico, s. de r.l. de c.v.",pago abarrotes gravado ieps (propio,0,0,8,2018-01-01 al 2018-06-30
3032022,galleta animalitos,12,500,gr,1,2011-09-27,galletas basicas,S,"comercializadora pepsico mexico, s. de r.l. de c.v.",pago abarrotes gravado ieps (propio,0,0,8,2018-01-01 al 2018-06-30
3032024,galleta marias econopack,14,510,gr,1,2011-09-27,galletas basicas,S,"comercializadora pepsico mexico, s. de r.l. de c.v.",pago abarrotes gravado ieps (propio,0,0,8,2018-01-01 al 2018-06-30
3032026,saladitas gamesa,12,186,gr,1,2011-09-27,galletas basicas,S,"comercializadora pepsico mexico, s. de r.l. de c.v.",abarr. y art. de farmacia no grav,0,0,0,2018-01-01 al 2018-06-30
3032027,marias,12,850,gr,1,2011-09-27,galletas basicas,S,"comercializadora pepsico mexico, s. de r.l. de c.v.",pago abarrotes gravado ieps (propio,0,0,8,2018-01-01 al 2018-06-30
3032039,galletas mary s,20,170,gr,1,2011-09-27,galletas diversas,S,"comercializadora pepsico mexico, s. de r.l. de c.v.",pago abarrotes gravado ieps (propio,0,0,8,2018-01-01 al 2018-06-30
3032067,harina hot cakes gamesa normal,20,500,gr,1,2011-09-27,harina para hotcakes,N,"comercializadora pepsico mexico, s. de r.l. de c.v.",abarr. y art. de farmacia no grav,0,0,0,2018-01-01 al 2018-06-30
3032069,avena 3 minutos bolsa,36,400,gr,1,2011-09-27,avena,N,"comercializadora pepsico mexico, s. de r.l. de c.v.",abarr. y art. de farmacia no grav,0,0,0,2018-01-01 al 2018-06-30
3032071,avena 3 minutos bolsa,40,250,gr,1,2011-09-27,avena,N,"comercializadora pepsico mexico, s. de r.l. de c.v.",abarr. y art. de farmacia no grav,0,0,0,2018-01-01 al 2018-06-30
3032072,avena instant nueces pasas y catiles,100,37,gr,1,2011-09-27,avena,N,"comercializadora pepsico mexico, s. de r.l. de c.v.",pago abarrotes gravado ieps (propio,0,0,8,2018-01-01 al 2018-06-30
3032073,avena instant fresa c/crema,100,35,gr,1,2011-09-27,avena,N,"comercializadora pepsico mexico, s. de r.l. de c.v.",pago abarrotes gravado ieps (propio,0,0,8,2018-01-01 al 2018-06-30
3032074,avena instant manzana canela,100,35,gr,1,2011-09-27,avena,N,"comercializadora pepsico mexico, s. de r.l. de c.v.",pago abarrotes gravado ieps (propio,0,0,8,2018-01-01 al 2018-06-30
3032087,cereal azucaradas bolsa,30,500,gr,1,2011-09-27,cereales en hojuelas,S,"comercializadora pepsico mexico, s. de r.l. de c.v.",pago abarrotes gravado ieps (propio,0,0,8,2018-01-01 al 2018-06-30
3032088,cereal chocoflakes bolsa,30,500,gr,1,2011-09-27,cereales en hojuelas,S,"comercializadora pepsico mexico, s. de r.l. de c.v.",pago abarrotes gravado ieps (propio,0,0,8,2018-01-01 al 2018-06-30
3032090,cereal corn flakes bolsa,22,500,gr,1,2011-09-27,cereales en hojuelas,S,"comercializadora pepsico mexico, s. de r.l. de c.v.",pago abarrotes gravado ieps (propio,0,0,8,2018-01-01 al 2018-06-30
3032103,multipack arcoiris,10,185,gr,0,2012-02-14,galletas diversas,S,"comercializadora pepsico mexico, s. de r.l. de c.v.",pago abarrotes gravado ieps (propio,0,0,8,2018-01-01 al 2018-06-30
3032104,surtido emperador  exhibidor 101 gr.,1,36,pz,1,2012-06-04,galletas diversas,S,"comercializadora pepsico mexico, s. de r.l. de c.v.",pago abarrotes gravado ieps (propio,0,0,8,2018-01-01 al 2018-06-30
3032109,cereal choco crunchy bolsa,30,500,gr,1,2012-07-31,cereales en hojuelas,S,"comercializadora pepsico mexico, s. de r.l. de c.v.",pago abarrotes gravado ieps (propio,0,0,8,2018-01-01 al 2018-06-30
3032112,cereal multibran pasas,24,220,gr,1,2013-07-26,cereales en hojuelas,S,"comercializadora pepsico mexico, s. de r.l. de c.v.",pago abarrotes gravado ieps (propio,0,0,8,2018-01-01 al 2018-06-30
3032114,cereal aritos bolsa,16,485,gr,1,2013-07-26,cereales en hojuelas,S,"comercializadora pepsico mexico, s. de r.l. de c.v.",pago abarrotes gravado ieps (propio,0,0,8,2018-01-01 al 2018-06-30
3032115,cereal corn flakes bolsa,24,200,gr,1,2013-07-26,cereales en hojuelas,S,"comercializadora pepsico mexico, s. de r.l. de c.v.",pago abarrotes gravado ieps (propio,0,0,8,2018-01-01 al 2018-06-30
3032121,galleta pekepakes,12,390,gr,0,2014-04-29,galletas diversas,S,"comercializadora pepsico mexico, s. de r.l. de c.v.",pago abarrotes gravado ieps (propio,0,0,8,2018-01-01 al 2018-06-30
3032133,harina hot cakes gamesa,72,150,gr,1,2014-10-20,harina para hotcakes,N,"comercializadora pepsico mexico, s. de r.l. de c.v.",abarr. y art. de farmacia no grav,0,0,0,2018-01-01 al 2018-06-30
3032134,galletas habaneras gamesa,24,117,gr,0,2014-11-20,galletas basicas,S,"comercializadora pepsico mexico, s. de r.l. de c.v.",pago abarrotes gravado ieps (propio,0,0,8,2018-01-01 al 2018-06-30
3032135,cereal azucaradas maizoro,14,817,gr,1,2015-02-16,cereales en hojuelas,S,"comercializadora pepsico mexico, s. de r.l. de c.v.",pago abarrotes gravado ieps (propio,0,0,8,2018-01-01 al 2018-06-30
3032138,cereal aritos de fruta,14,484,gr,1,2015-02-16,cereales en hojuelas,S,"comercializadora pepsico mexico, s. de r.l. de c.v.",pago abarrotes gravado ieps (propio,0,0,8,2018-01-01 al 2018-06-30
3032139,cereal corn flakes maizoro,14,614,gr,1,2015-03-17,cereales en hojuelas,S,"comercializadora pepsico mexico, s. de r.l. de c.v.",pago abarrotes gravado ieps (propio,0,0,8,2018-01-01 al 2018-06-30
3032141,galletas surtido exhibidor,50,60,gr,0,2016-03-30,galletas diversas,S,"comercializadora pepsico mexico, s. de r.l. de c.v.",pago abarrotes gravado ieps (propio,0,0,8,2018-01-01 al 2018-06-30
3032142,harina hot cakes gamesa normal,10,850,gr,1,2016-07-12,harina para hotcakes,N,"comercializadora pepsico mexico, s. de r.l. de c.v.",abarr. y art. de farmacia no grav,0,0,0,2018-01-01 al 2018-06-30
3032143,galletas rollo lulitas,20,175,gr,0,2016-12-13,galletas diversas,S,"comercializadora pepsico mexico, s. de r.l. de c.v.",pago abarrotes gravado ieps (propio,0,0,8,2018-01-01 al 2018-06-30
3032144,avena 3 minutos bote,36,375,gr,1,2017-04-07,avena,N,"comercializadora pepsico mexico, s. de r.l. de c.v.",abarr. y art. de farmacia no grav,0,0,0,2018-01-01 al 2018-06-30
3032145,cremas de nieve fresa,10,171,gr,0,2017-10-18,galletas diversas,S,"comercializadora pepsico mexico, s. de r.l. de c.v.",pago abarrotes gravado ieps (propio,0,0,8,2018-01-01 al 2018-06-30
3032146,cremas de nieve chocolate,10,171,gr,0,2017-10-18,galletas diversas,S,"comercializadora pepsico mexico, s. de r.l. de c.v.",pago abarrotes gravado ieps (propio,0,0,8,2018-01-01 al 2018-06-30
3032147,cremas de nieve vainilla,10,171,gr,0,2017-10-18,galletas diversas,S,"comercializadora pepsico mexico, s. de r.l. de c.v.",pago abarrotes gravado ieps (propio,0,0,8,2018-01-01 al 2018-06-30
3032148,galletas marias doradas,10,224,gr,0,2017-10-18,galletas basicas,S,"comercializadora pepsico mexico, s. de r.l. de c.v.",pago abarrotes gravado ieps (propio,0,0,8,2018-01-01 al 2018-06-30
3032149,bombitos,12,150,gr,0,2018-02-16,galletas diversas,S,"comercializadora pepsico mexico, s. de r.l. de c.v.",pago abarrotes gravado ieps (propio,0,0,8,2018-01-01 al 2018-06-30
3032150,bizcochitos,12,150,gr,0,2018-02-16,galletas diversas,S,"comercializadora pepsico mexico, s. de r.l. de c.v.",pago abarrotes gravado ieps (propio,0,0,8,2018-01-01 al 2018-06-30
3032151,crackets nf 95x20,20,95,gr,0,2018-02-27,galletas basicas,S,"comercializadora pepsico mexico, s. de r.l. de c.v.",abarr. y art. de farmacia no grav,0,0,0,2018-01-01 al 2018-06-30
3032152,crackets nf 135x20,20,135,gr,0,2018-02-27,galletas basicas,S,"comercializadora pepsico mexico, s. de r.l. de c.v.",abarr. y art. de farmacia no grav,0,0,0,2018-01-01 al 2018-06-30
3032153,crackets nf 285x16,16,285,gr,0,2018-02-27,galletas basicas,S,"comercializadora pepsico mexico, s. de r.l. de c.v.",abarr. y art. de farmacia no grav,0,0,0,2018-01-01 al 2018-06-30
3032154,pancrema nf 106x20,20,106,gr,0,2018-02-27,galletas basicas,S,"comercializadora pepsico mexico, s. de r.l. de c.v.",abarr. y art. de farmacia no grav,0,0,0,2018-01-01 al 2018-06-30
3032155,pancrema nf 151x20,20,151,gr,0,2018-02-27,galletas basicas,S,"comercializadora pepsico mexico, s. de r.l. de c.v.",abarr. y art. de farmacia no grav,0,0,0,2018-01-01 al 2018-06-30
3033001,maiz blanco nacional a granel,1000,1,kg,0,2011-10-04,maiz blanco,S,de los campos menonitas distribuidora s. de p.r. de r.l,maiz,1,0,0,2018-01-01 al 2018-06-30
3033002,maiz blanco nacional envasado,1000,1,kg,0,2011-10-04,maiz blanco,S,de los campos menonitas distribuidora s. de p.r. de r.l,maiz,1,0,0,2018-01-01 al 2018-06-30
3037001,huevo deshidratado en pvo,1,1,kg,0,2011-10-28,huevo deshidratado,N,"comercializadora mexicenter, s.a. de c.v.",abarr. y art. de farmacia no grav,0,0,0,2018-01-01 al 2018-06-30
3037016,bolsa de polietileno 50x80 cal 300,1000,1,pz,0,2017-04-11,bolsas para despensas,N,"comercializadora mexicenter, s.a. de c.v.",miscelaneos grav,0,0,0,2018-01-01 al 2018-06-30
3037017,maiz pozolero don cirilo,6,3,kg,0,2017-07-07,maiz cacahuazintle,N,"comercializadora mexicenter, s.a. de c.v.",abarr. y art. de farmacia no grav,0,0,0,2018-01-01 al 2018-06-30
3037018,salsa 4 quesos don cirilo,10,1,kg,0,2018-02-07,salsas caseras,N,"comercializadora mexicenter, s.a. de c.v.",abarr. y art. de farmacia no grav,0,0,0,2018-01-01 al 2018-06-30
3037019,salsa bolognesa don cirilo,10,1,kg,0,2018-02-07,salsas caseras,N,"comercializadora mexicenter, s.a. de c.v.",abarr. y art. de farmacia no grav,0,0,0,2018-01-01 al 2018-06-30
3044001,cerdipop crecimiento,1,40,kg,0,2011-11-22,alimentos pecuarios,N,"albaosa, s.a. de c.v.",insumos agropecuarios no grav,0,0,0,2018-01-01 al 2018-06-30
3044002,cerdipop finalizador,1,40,kg,0,2011-11-22,alimentos pecuarios,N,"albaosa, s.a. de c.v.",insumos agropecuarios no grav,0,0,0,2018-01-01 al 2018-06-30
3044003,creciave pop,1,40,kg,0,2011-11-22,alimentos pecuarios,N,"albaosa, s.a. de c.v.",insumos agropecuarios no grav,0,0,0,2018-01-01 al 2018-06-30
3044004,engordave pop,1,40,kg,0,2011-11-22,alimentos pecuarios,N,"albaosa, s.a. de c.v.",insumos agropecuarios no grav,0,0,0,2018-01-01 al 2018-06-30
3044005,cerdo generico,1,40,kg,0,2011-11-22,alimentos pecuarios,N,"albaosa, s.a. de c.v.",insumos agropecuarios no grav,0,0,0,2018-01-01 al 2018-06-30
3044006,pollo generico,1,40,kg,0,2011-11-22,alimentos pecuarios,N,"albaosa, s.a. de c.v.",insumos agropecuarios no grav,0,0,0,2018-01-01 al 2018-06-30
3044007,bovinos bovipop en pellet,1,40,kg,0,2011-11-22,alimentos pecuarios,N,"albaosa, s.a. de c.v.",insumos agropecuarios no grav,0,0,0,2018-01-01 al 2018-06-30
3044008,bovinos vaca lechera flexi en harinas,1,40,kg,0,2011-11-22,alimentos pecuarios,N,"albaosa, s.a. de c.v.",insumos agropecuarios no grav,0,0,0,2018-01-01 al 2018-06-30
3044009,borregos,1,40,kg,0,2013-04-19,alimentos pecuarios,N,"albaosa, s.a. de c.v.",insumos agropecuarios no grav,0,0,0,2018-01-01 al 2018-06-30
3044010,mixtura equina caballos,1,40,kg,0,2013-04-19,alimentos pecuarios,N,"albaosa, s.a. de c.v.",insumos agropecuarios no grav,0,0,0,2018-01-01 al 2018-06-30
3044011,conejo,1,40,kg,0,2013-04-19,alimentos pecuarios,N,"albaosa, s.a. de c.v.",insumos agropecuarios no grav,0,0,0,2018-01-01 al 2018-06-30
3044012,nutrescan adulto basico,1,22,kg,0,2013-04-19,alimentos pecuarios,N,"albaosa, s.a. de c.v.",miscelaneos grav,0,0,0,2018-01-01 al 2018-06-30
3044013,nutrescan original baby cachorro,1,15,kg,0,2013-04-19,alimentos pecuarios,N,"albaosa, s.a. de c.v.",miscelaneos grav,0,0,0,2018-01-01 al 2018-06-30
3044014,nutrescat original gato,1,15,kg,0,2018-04-19,alimentos pecuarios,N,"albaosa, s.a. de c.v.",miscelaneos grav,0,0,0,2018-01-01 al 2018-06-30
3044015,ponehuevo,1,40,kg,0,2015-01-30,alimentos pecuarios,N,"albaosa, s.a. de c.v.",insumos agropecuarios no grav,0,0,0,2018-01-01 al 2018-06-30
3045001,maiz blanco nacional a granel,1000,1,kg,0,2011-11-23,maiz blanco,S,"compañia operadora de granos y servicios logisticos, s.a. de c.v.",maiz,1,0,0,2018-01-01 al 2018-06-30
3045002,maiz blanco nacional envasado,1000,1,kg,0,2012-05-29,maiz blanco,S,"compañia operadora de granos y servicios logisticos, s.a. de c.v.",maiz,1,0,0,2018-01-01 al 2018-06-30
3046001,atun en agua  el dorado,48,140,gr,0,2011-11-28,atun enlatado,S,"pinsa comercial, s.a. de c.v.",abarr. y art. de farmacia no grav,1,0,0,2018-01-01 al 2018-06-30
3046002,atun en aceite el dorado,48,140,gr,0,2011-11-28,atun enlatado,S,"pinsa comercial, s.a. de c.v.",abarr. y art. de farmacia no grav,1,0,0,2018-01-01 al 2018-06-30
3046003,atun en aceite dolores,48,140,gr,0,2011-11-28,atun enlatado,S,"pinsa comercial, s.a. de c.v.",abarr. y art. de farmacia no grav,0,0,0,2018-01-01 al 2018-06-30
3046004,atun en agua  dolores,48,140,gr,0,2011-11-28,atun enlatado,S,"pinsa comercial, s.a. de c.v.",abarr. y art. de farmacia no grav,0,0,0,2018-01-01 al 2018-06-30
3046005,atun en aceite mazatun,48,140,gr,0,2011-11-28,atun enlatado,S,"pinsa comercial, s.a. de c.v.",abarr. y art. de farmacia no grav,0,0,0,2018-01-01 al 2018-06-30
3046006,atun en agua mazatun,48,140,gr,0,2011-11-28,atun enlatado,S,"pinsa comercial, s.a. de c.v.",abarr. y art. de farmacia no grav,0,0,0,2018-01-01 al 2018-06-30
3046013,sardina en salsa de tomate portola,24,425,gr,0,2017-01-06,sardina enlatada,S,"pinsa comercial, s.a. de c.v.",abarr. y art. de farmacia no grav,1,0,0,2018-01-01 al 2018-06-30
3049001,maiz blanco nacional a granel,1000,1,kg,0,2011-12-16,maiz blanco,S,"operadora de granos, s.a. de c.v.",maiz,1,0,0,2018-01-01 al 2018-06-30
3049002,maiz nacional envasado,1000,1,kg,0,2011-12-19,maiz blanco,S,"operadora de granos, s.a. de c.v.",maiz,1,0,0,2018-01-01 al 2018-06-30
3050001,frijol negro san luis a granel,1,1,kg,0,2012-01-26,frijol a granel,S,"se renta o se vende, s.c. de r.l. de c.v.",frijol,0,0,0,2018-01-01 al 2018-06-30
3050002,frijol negro san luis envasado,1,1,kg,0,2012-05-09,frijol envasado,S,"se renta o se vende, s.c. de r.l. de c.v.",frijol,1,0,0,2018-01-01 al 2018-06-30
3050003,frijol flor de mayo envasado,1,1,kg,1,2012-09-07,frijol envasado,S,"se renta o se vende, s.c. de r.l. de c.v.",frijol,1,0,0,2018-01-01 al 2018-06-30
3050004,frijol flor de mayo a granel,1,1,kg,1,2012-09-07,frijol a granel,S,"se renta o se vende, s.c. de r.l. de c.v.",frijol,0,0,0,2018-01-01 al 2018-06-30
3051001,frijol pinto bill-z envasado,1,1,kg,0,2012-01-31,frijol envasado,S,"productos naturales y granos, s.a. de c.v.",frijol,1,0,0,2018-01-01 al 2018-06-30
3051002,frijol negro san luis envasado,1,1,kg,0,2012-05-10,frijol envasado,S,"productos naturales y granos, s.a. de c.v.",frijol,1,0,0,2018-01-01 al 2018-06-30
3051003,frijol negro jamapa envasado,1,1,kg,0,2012-05-10,frijol envasado,S,"productos naturales y granos, s.a. de c.v.",frijol,1,0,0,2018-01-01 al 2018-06-30
3051004,frijol pinto saltillo envasado,1,1,kg,1,2012-09-07,frijol envasado,S,"productos naturales y granos, s.a. de c.v.",frijol,1,0,0,2018-01-01 al 2018-06-30
3052001,maiz blanco nacional a granel,1000,1,kg,0,2012-03-13,maiz blanco,S,"wn el nogal , s.c. de r.l. de c.v.",maiz,1,0,0,2018-01-01 al 2018-06-30
3052002,maiz blanco nacional envasado,1000,1,kg,0,2012-04-25,maiz blanco,S,"wn el nogal , s.c. de r.l. de c.v.",maiz,1,0,0,2018-01-01 al 2018-06-30
3053001,maiz blanco nacional a granel,1000,1,kg,0,2012-03-29,maiz blanco,S,"granos de sinaloa, s.a. de c.v.",maiz,1,0,0,2018-01-01 al 2018-06-30
3054001,maiz blanco nacional a granel,1000,1,kg,0,2012-03-29,maiz blanco,S,"la cuenca del dorado, s. de p.r. de r.i.",maiz,1,0,0,2018-01-01 al 2018-06-30
3054002,maiz blanco nacional envasado,1000,1,kg,0,2015-10-07,maiz blanco,S,"la cuenca del dorado, s. de p.r. de r.i.",maiz,1,0,0,2018-01-01 al 2018-06-30
3055001,maiz blanco nacional a granel,1000,1,kg,0,2012-03-29,maiz blanco,S,"fertigranos revolucion mexicana, s.a.de c.v.",maiz,1,0,0,2018-01-01 al 2018-06-30
3055002,maiz blanco nacional envasado,1000,1,kg,0,2012-06-06,maiz blanco,S,"fertigranos revolucion mexicana, s.a.de c.v.",maiz,1,0,0,2018-01-01 al 2018-06-30
3056001,maiz blanco nacional a granel,1000,1,kg,0,2012-03-30,maiz blanco,S,"el granero de buenavista , s. de p.r. de r.l.",maiz,1,0,0,2018-01-01 al 2018-06-30
3056002,maiz blanco nacional envasado,1000,1,kg,0,2015-10-07,maiz blanco,S,"el granero de buenavista , s. de p.r. de r.l.",maiz,1,0,0,2018-01-01 al 2018-06-30
3057001,maiz blanco nacional a granel,1000,1,kg,0,2012-03-30,maiz blanco,S,"comercializadora de cereales y semillas arreola castellanos, s.c. de r.l.",maiz,1,0,0,2018-01-01 al 2018-06-30
3058015,deo roll-on glam sport shann,24,90,gr,0,2013-08-14,desodorantes de uso personal,N,"frank por laboratories, s.a. de c.v.",perfumeria y art de tocador grav,0,0,0,2018-01-01 al 2018-06-30
3058016,deo roll-on glam sport avant,24,90,gr,0,2013-08-14,desodorantes de uso personal,N,"frank por laboratories, s.a. de c.v.",perfumeria y art de tocador grav,0,0,0,2018-01-01 al 2018-06-30
3058018,crema solida bebe rosa,24,390,gr,0,2013-09-30,cremas para uso personal,N,"frank por laboratories, s.a. de c.v.",perfumeria y art de tocador grav,0,0,0,2018-01-01 al 2018-06-30
3058019,crema solida coco,24,390,gr,0,2013-09-30,cremas para uso personal,N,"frank por laboratories, s.a. de c.v.",perfumeria y art de tocador grav,0,0,0,2018-01-01 al 2018-06-30
3058020,crema solida chocolate,24,390,gr,0,2013-09-30,cremas para uso personal,N,"frank por laboratories, s.a. de c.v.",perfumeria y art de tocador grav,0,0,0,2018-01-01 al 2018-06-30
3058025,crema liquida bexy revitalizante,24,465,gr,0,2013-09-30,cremas para uso personal,N,"frank por laboratories, s.a. de c.v.",perfumeria y art de tocador grav,0,0,0,2018-01-01 al 2018-06-30
3058027,crema liquida bexy relajante,24,465,gr,0,2013-09-30,cremas para uso personal,N,"frank por laboratories, s.a. de c.v.",perfumeria y art de tocador grav,0,0,0,2018-01-01 al 2018-06-30
3058028,crem corp nature   beauty leche lanolina,24,380,gr,0,2015-10-15,cremas para uso personal,N,"frank por laboratories, s.a. de c.v.",perfumeria y art de tocador grav,0,0,0,2018-01-01 al 2018-06-30
3058029,crem corp nature   beauty protec solar,24,380,gr,0,2015-10-15,cremas para uso personal,N,"frank por laboratories, s.a. de c.v.",perfumeria y art de tocador grav,0,0,0,2018-01-01 al 2018-06-30
3058030,crem corp nature   beauty spring blossom,24,380,gr,0,2015-10-15,cremas para uso personal,N,"frank por laboratories, s.a. de c.v.",perfumeria y art de tocador grav,0,0,0,2018-01-01 al 2018-06-30
3058031,crem corp nature   beauty bx man skin,24,380,gr,0,2015-10-15,cremas para uso personal,N,"frank por laboratories, s.a. de c.v.",perfumeria y art de tocador grav,0,0,0,2018-01-01 al 2018-06-30
3058032,deso roll on bx lovely 65g c 12,12,65,gr,0,2018-02-14,desodorantes de uso personal,N,"frank por laboratories, s.a. de c.v.",perfumeria y art de tocador grav,0,0,0,2018-01-01 al 2018-06-30
3058033,deso roll on bx extreme 65g c 12,12,65,gr,0,2018-02-14,desodorantes de uso personal,N,"frank por laboratories, s.a. de c.v.",perfumeria y art de tocador grav,0,0,0,2018-01-01 al 2018-06-30
3058034,crema corp bexy maxima protecion,12,775,gr,0,2018-02-14,cremas para uso personal,N,"frank por laboratories, s.a. de c.v.",perfumeria y art de tocador grav,0,0,0,2018-01-01 al 2018-06-30
3058035,crema p/pies bx feet & fresch,24,250,gr,0,2018-02-14,cremas para uso personal,N,"frank por laboratories, s.a. de c.v.",perfumeria y art de tocador grav,0,0,0,2018-01-01 al 2018-06-30
3058036,crema corp nature&beauty honey blush,24,380,ml,0,2018-07-24,cremas para uso personal,N,"frank por laboratories, s.a. de c.v.",perfumeria y art de tocador grav,0,0,0,2018-01-01 al 2018-06-30
3058037,crema corp savvy body fresh day,24,260,ml,0,2018-07-24,cremas para uso personal,N,"frank por laboratories, s.a. de c.v.",perfumeria y art de tocador grav,0,0,0,2018-01-01 al 2018-06-30
3058038,crema corp savvy body dreams,24,260,ml,0,2018-07-24,cremas para uso personal,N,"frank por laboratories, s.a. de c.v.",perfumeria y art de tocador grav,0,0,0,2018-01-01 al 2018-06-30
3058039,crema corp savvy body sweet day,24,260,ml,0,2018-07-24,cremas para uso personal,N,"frank por laboratories, s.a. de c.v.",perfumeria y art de tocador grav,0,0,0,2018-01-01 al 2018-06-30
3058040,shampoo familiar bexy escencias coco,12,800,ml,0,2018-07-24,shampoo y acondicionadores,N,"frank por laboratories, s.a. de c.v.",perfumeria y art de tocador grav,0,0,0,2018-01-01 al 2018-06-30
3058041,shampoo familiar bexy escencias mango,12,800,ml,0,2018-07-24,shampoo y acondicionadores,N,"frank por laboratories, s.a. de c.v.",perfumeria y art de tocador grav,0,0,0,2018-01-01 al 2018-06-30
3058042,shampoo familiar bexy escencias floral,12,800,ml,0,2018-07-24,shampoo y acondicionadores,N,"frank por laboratories, s.a. de c.v.",perfumeria y art de tocador grav,0,0,0,2018-01-01 al 2018-06-30
3059001,maiz blanco nacional a granel,1000,1,kg,0,2012-04-13,maiz blanco,S,"meprosa integradora nacional de agronegocios, s. de p.r.l.",maiz,1,0,0,2018-01-01 al 2018-06-30
3060001,maiz blanco nacional a granel,1000,1,kg,0,2012-04-16,maiz blanco,S,"inpiasa, s.a. de c.v.",maiz,1,0,0,2018-01-01 al 2018-06-30
3061001,maiz blanco nacional a granel,1000,1,kg,0,2012-04-17,maiz blanco,S,"semillas y granos la trinitaria, s.p.r. de r.l.",maiz,1,0,0,2018-01-01 al 2018-06-30
3061002,maiz blanco nacional envasado,1000,1,kg,0,2015-10-07,maiz blanco,S,"semillas y granos la trinitaria, s.p.r. de r.l.",maiz,1,0,0,2018-01-01 al 2018-06-30
3066001,maiz blanco nacional a granel,1000,1,kg,0,2012-05-03,maiz blanco,S,"agro mac de chiapas, s.p.r. de r.l.",maiz,1,0,0,2018-01-01 al 2018-06-30
3066002,maiz blanco nacional envasado,1000,1,kg,0,2013-02-19,maiz blanco,S,"agro mac de chiapas, s.p.r. de r.l.",maiz,1,0,0,2018-01-01 al 2018-06-30
3068001,maiz blanco nacional a granel,1000,1,kg,0,2012-05-08,maiz blanco,S,"asociacion de productores agremiados de chiapas, s.c.",maiz,1,0,0,2018-01-01 al 2018-06-30
3068002,maiz blanco nacional envasado,1000,1,kg,0,2015-10-07,maiz blanco,S,"asociacion de productores agremiados de chiapas, s.c.",maiz,1,0,0,2018-01-01 al 2018-06-30
3069001,maiz blanco nacional a granel,1000,1,kg,0,2012-05-08,maiz blanco,S,hacienda del carmen s.p.r. de r.l.,maiz,1,0,0,2018-01-01 al 2018-06-30
3069002,maiz blanco nacional envasado,1000,1,kg,0,2013-05-10,maiz blanco,S,hacienda del carmen s.p.r. de r.l.,maiz,1,0,0,2018-01-01 al 2018-06-30
3071001,maiz blanco nacional a granel,1000,1,kg,0,2012-05-21,maiz blanco,S,"distribuidora de productos jenohuer, s.a. de c.v.",maiz,1,0,0,2018-01-01 al 2018-06-30
3072001,maiz blanco nacional a granel,1000,1,kg,0,2012-05-21,maiz blanco,S,"cereales comerciales de la costa, s.a. de c.v.",maiz,1,0,0,2018-01-01 al 2018-06-30
3073001,aceite de soya imperial,12,1,lt,0,2012-05-30,aceite vegetal comestible,S,"aceites y proteinas el calvario, s. de r.l. de c.v.",abarr. y art. de farmacia no grav,0,0,0,2018-01-01 al 2018-06-30
3073004,aceite comestible de soya diconsa,12,1,lt,0,2014-04-15,aceite vegetal comestible,S,"aceites y proteinas el calvario, s. de r.l. de c.v.",abarr. y art. de farmacia no grav,1,1,0,2018-01-01 al 2018-06-30
3074001,mole rojo en polvo,1,8,kg,0,2012-06-01,moles,N,arturo ruiz perez,abarr. y art. de farmacia no grav,0,0,0,2018-01-01 al 2018-06-30
3074002,mole rojo picoso,1,5,kg,0,2012-06-01,moles,N,arturo ruiz perez,abarr. y art. de farmacia no grav,0,0,0,2018-01-01 al 2018-06-30
3074003,mole rojo especial tipo poblano,17,400,gr,0,2012-06-01,moles,N,arturo ruiz perez,abarr. y art. de farmacia no grav,0,0,0,2018-01-01 al 2018-06-30
3075011,caja carton 44x45x28 r 28/30 kraft 2/tin,1000,1,pz,0,2014-11-07,cajas de carton para despensas,N,jorge luis villarreal villarreal,miscelaneos grav,0,0,0,2018-01-01 al 2018-06-30
3075015,menudo de res blanco,24,425,gr,0,2017-04-24,diversas carnes envasadas,N,jorge luis villarreal villarreal,abarr. y art. de farmacia no grav,0,0,0,2018-01-01 al 2018-06-30
3075016,pozole de cerdo rojo,24,425,gr,0,2017-04-24,diversas comidas preparadas,N,jorge luis villarreal villarreal,abarr. y art. de farmacia no grav,0,0,0,2018-01-01 al 2018-06-30
3075017,caja carton 35x29x30 r12/14 2 tin,1000,1,pz,0,2017-11-08,cajas de carton para despensas,N,jorge luis villarreal villarreal,miscelaneos grav,0,0,0,2018-01-01 al 2018-06-30
3075018,caja carton blanca 56x40x29 r22 2 tin,1000,1,pz,0,2017-11-08,cajas de carton para despensas,N,jorge luis villarreal villarreal,miscelaneos grav,0,0,0,2018-01-01 al 2018-06-30
3077001,maiz blanco nacional a granel,1000,1,kg,0,2012-06-13,maiz blanco,S,"union de productores de hortalizas y granos 26 de nov., s.c. de r.l. de c.v",maiz,1,0,0,2018-01-01 al 2018-06-30
3077002,maiz blanco nacional envasado,1000,1,kg,0,2012-06-13,maiz blanco,S,"union de productores de hortalizas y granos 26 de nov., s.c. de r.l. de c.v",maiz,1,0,0,2018-01-01 al 2018-06-30
3078001,arroz g largo 5% envasado,1,1,kg,0,2012-06-15,arroz envasado,S,"mexicyr, s.a. de c.v.",arroz,1,0,0,2018-01-01 al 2018-06-30
3081001,maiz blanco nacional a granel,1000,1,kg,0,2012-06-19,maiz blanco,S,"integradora caades, s.a. de c.v.",maiz,1,0,0,2018-01-01 al 2018-06-30
3081002,maiz blanco nacional envasado,1000,1,kg,0,2012-06-19,maiz blanco,S,"integradora caades, s.a. de c.v.",maiz,1,0,0,2018-01-01 al 2018-06-30
3082001,maiz blanco nacional a granel,1000,1,kg,0,2012-06-19,maiz blanco,S,adolfo  murrieta  navarro,maiz,1,0,0,2018-01-01 al 2018-06-30
3082002,maiz blanco nacional envasado,1000,1,kg,0,2012-06-19,maiz blanco,S,adolfo  murrieta  navarro,maiz,1,0,0,2018-01-01 al 2018-06-30
3083001,maiz blanco nacional a granel,1000,1,kg,0,2012-06-19,maiz blanco,S,uniagri s. de p.r. de r.l.,maiz,1,0,0,2018-01-01 al 2018-06-30
3083002,maiz blanco nacional envasado,1000,1,kg,0,2012-06-19,maiz blanco,S,uniagri s. de p.r. de r.l.,maiz,1,0,0,2018-01-01 al 2018-06-30
3090001,maiz blanco nacional a granel,1000,1,kg,0,2012-07-12,maiz blanco,S,"agroindustrias unidas de mexico, s.a. de c.v.",maiz,1,0,0,2018-01-01 al 2018-06-30
3090002,maiz blanco nacional envasado,1000,1,kg,0,2012-07-12,maiz blanco,S,"agroindustrias unidas de mexico, s.a. de c.v.",maiz,1,0,0,2018-01-01 al 2018-06-30
3093001,maiz blanco nacional a granel,1000,1,kg,0,2012-07-12,maiz blanco,S,"productores agropecuarios de santiago jamiltepec, s. de p.r. de r.i.",maiz,1,0,0,2018-01-01 al 2018-06-30
3093002,maiz blanco nacional envasado,1000,1,kg,0,2012-07-12,maiz blanco,S,"productores agropecuarios de santiago jamiltepec, s. de p.r. de r.i.",maiz,1,0,0,2018-01-01 al 2018-06-30
3096001,maiz blanco nacional a granel,1000,1,kg,0,2012-07-26,maiz blanco,S,"ixtlahuac cozticentli, s.p.r. de r.i.",maiz,1,0,0,2018-01-01 al 2018-06-30
3096002,maiz blanco nacional envasado,1000,1,kg,0,2012-07-26,maiz blanco,S,"ixtlahuac cozticentli, s.p.r. de r.i.",maiz,1,0,0,2018-01-01 al 2018-06-30
3098002,ricitos de oro manzanilla shampoo,24,250,ml,0,2012-08-03,shampoo y acondicionadores,N,"grisi hnos, s.a. de c.v.",perfumeria y art de tocador grav,0,0,0,2018-01-01 al 2018-06-30
3098003,ricitos de oro manzanilla jabon,50,100,gr,0,2012-08-03,jabones de tocador,S,"grisi hnos, s.a. de c.v.",perfumeria y art de tocador grav,0,0,0,2018-01-01 al 2018-06-30
3098004,grisi jabon neutro,50,100,gr,0,2012-08-03,jabones de tocador,S,"grisi hnos, s.a. de c.v.",abarr. y art. de farmacia grav,0,0,0,2018-01-01 al 2018-06-30
3098005,grisi jabon avena,50,100,gr,0,2012-08-03,jabones de tocador,S,"grisi hnos, s.a. de c.v.",abarr. y art. de farmacia grav,0,0,0,2018-01-01 al 2018-06-30
3098006,ricitos de oro manzanilla shampoo,36,100,ml,0,2013-06-04,shampoo y acondicionadores,N,"grisi hnos, s.a. de c.v.",perfumeria y art de tocador grav,0,0,0,2018-01-01 al 2018-06-30
3100003,amaranto  reventado,30,200,gr,0,2017-03-22,productos a base de amaranto,S,"zerby entregas oportunas, s.a. de c.v.",abarr. y art. de farmacia no grav,0,0,0,2018-01-01 al 2018-06-30
3100004,amaranto  reventado,25,250,gr,0,2017-03-22,productos a base de amaranto,S,"zerby entregas oportunas, s.a. de c.v.",abarr. y art. de farmacia no grav,0,0,0,2018-01-01 al 2018-06-30
3100005,amaranto  reventado con cereal integral,25,250,gr,0,2017-03-22,productos a base de amaranto,S,"zerby entregas oportunas, s.a. de c.v.",abarr. y art. de farmacia no grav,0,0,0,2018-01-01 al 2018-06-30
3100006,avena y semola de trigo fortificada,20,275,gr,0,2017-03-22,avena,N,"zerby entregas oportunas, s.a. de c.v.",abarr. y art. de farmacia no grav,0,0,0,2018-01-01 al 2018-06-30
3100007,uva pasa sin semilla,250,21,gr,0,2017-04-25,frutas secas,N,"zerby entregas oportunas, s.a. de c.v.",abarr. y art. de farmacia no grav,0,0,0,2018-01-01 al 2018-06-30
3100008,pechuga de pollo la vizcaina,2,1500,gr,0,2017-11-22,diversas comidas preparadas,N,"zerby entregas oportunas, s.a. de c.v.",abarr. y art. de farmacia no grav,0,0,0,2018-01-01 al 2018-06-30
3100009,hojuelas de avena,50,425,gr,0,2018-04-19,avena,N,"zerby entregas oportunas, s.a. de c.v.",abarr. y art. de farmacia no grav,0,0,0,2018-01-01 al 2018-06-30
3100010,amaranto con cereal integral,50,250,gr,0,2018-04-20,productos a base de amaranto,S,"zerby entregas oportunas, s.a. de c.v.",abarr. y art. de farmacia no grav,0,0,0,2018-01-01 al 2018-06-30
3100011,amaranto reventado,60,200,gr,0,2018-04-20,limon con semilla,N,"zerby entregas oportunas, s.a. de c.v.",abarr. y art. de farmacia no grav,0,0,0,2018-01-01 al 2018-06-30
3100012,amaranto reventado,50,250,gr,0,2018-04-20,productos a base de amaranto,S,"zerby entregas oportunas, s.a. de c.v.",abarr. y art. de farmacia no grav,0,0,0,2018-01-01 al 2018-06-30
3100013,avena y semola de trigo fortificada,50,275,gr,0,2018-04-20,avena,N,"zerby entregas oportunas, s.a. de c.v.",abarr. y art. de farmacia no grav,0,0,0,2018-01-01 al 2018-06-30
3103001,maiz blanco nacional a granel,1000,1,kg,0,2012-08-27,maiz blanco,S,"kasavi comercial, s.a. de c.v.",maiz,1,0,0,2018-01-01 al 2018-06-30
3103002,maiz blanco nacional envasado,1000,1,kg,0,2012-08-27,maiz blanco,S,"kasavi comercial, s.a. de c.v.",maiz,1,0,0,2018-01-01 al 2018-06-30
3107001,harina de trigo fina creciente,1,44,kg,0,2012-10-05,harina de trigo,S,"harinera de irapuato, s.a. de c.v.",abarr. y art. de farmacia no grav,0,0,0,2018-01-01 al 2018-06-30
3107002,harina de trigo fina creciente,6,1,kg,0,2012-10-05,harina de trigo,S,"harinera de irapuato, s.a. de c.v.",abarr. y art. de farmacia no grav,0,0,0,2018-01-01 al 2018-06-30
3107003,harina de trigo fina creciente,1,10,kg,0,2012-10-05,harina de trigo,S,"harinera de irapuato, s.a. de c.v.",abarr. y art. de farmacia no grav,0,0,0,2018-01-01 al 2018-06-30
3107004,harina de trigo integral creciente,1,44,kg,0,2012-10-05,harina de trigo,S,"harinera de irapuato, s.a. de c.v.",abarr. y art. de farmacia no grav,0,0,0,2018-01-01 al 2018-06-30
3107005,harina de trigo integral creciente,6,1,kg,0,2012-10-05,harina de trigo,S,"harinera de irapuato, s.a. de c.v.",abarr. y art. de farmacia no grav,0,0,0,2018-01-01 al 2018-06-30
3107006,harina de hot cakes creciente,6,1,kg,1,2012-10-05,harina para hotcakes,N,"harinera de irapuato, s.a. de c.v.",abarr. y art. de farmacia no grav,0,0,0,2018-01-01 al 2018-06-30
3107007,harina de  hot cakes integral creciente,6,1,kg,1,2012-10-05,harina para hotcakes,N,"harinera de irapuato, s.a. de c.v.",abarr. y art. de farmacia no grav,0,0,0,2018-01-01 al 2018-06-30
3108001,maiz blanco nacional a granel,1000,1,kg,0,2012-10-09,maiz blanco,S,"granos y fertilizantes buena vista, s.a. de c.v.",maiz,1,0,0,2018-01-01 al 2018-06-30
3108002,maiz blanco nacional envasado,1000,1,kg,0,2012-10-09,maiz blanco,S,"granos y fertilizantes buena vista, s.a. de c.v.",maiz,1,0,0,2018-01-01 al 2018-06-30
3109001,maiz blanco nacional a granel,1000,1,kg,0,2012-10-09,maiz blanco,S,"procesadora de carnes selectas de chiapas, s.p.r. de r.l.",maiz,1,0,0,2018-01-01 al 2018-06-30
3109002,maiz blanco nacional envasado,1000,1,kg,0,2012-10-09,maiz blanco,S,"procesadora de carnes selectas de chiapas, s.p.r. de r.l.",maiz,1,0,0,2018-01-01 al 2018-06-30
3110001,purimas aves,1,40,kg,0,2012-10-24,alimentos pecuarios,N,"agribrands purina mexico, s. de r.l. de c.v.",insumos agropecuarios no grav,0,0,0,2018-01-01 al 2018-06-30
3110002,purimas cerdos,1,40,kg,0,2012-10-24,alimentos pecuarios,N,"agribrands purina mexico, s. de r.l. de c.v.",insumos agropecuarios no grav,0,0,0,2018-01-01 al 2018-06-30
3110004,puricarne sequia ckr,1,40,kg,0,2016-03-17,alimentos pecuarios,N,"agribrands purina mexico, s. de r.l. de c.v.",abarr. y art. de farmacia no grav,0,0,0,2018-01-01 al 2018-06-30
3112001,maiz blanco nacional a granel,1000,1,kg,0,2012-11-13,maiz blanco,S,"servicios integrales atlante, s.a. de c.v.",maiz,1,0,0,2018-01-01 al 2018-06-30
3112002,maiz blanco nacional envasado,1000,1,kg,0,2012-11-13,maiz blanco,S,"servicios integrales atlante, s.a. de c.v.",maiz,1,0,0,2018-01-01 al 2018-06-30
3113001,maiz blanco nacional a granel,1000,1,kg,0,2012-11-13,maiz blanco,S,"merchants de mexico, s.a. de c.v.",maiz,1,0,0,2018-01-01 al 2018-06-30
3113002,maiz blanco nacional envasado,1000,1,kg,0,2012-11-13,maiz blanco,S,"merchants de mexico, s.a. de c.v.",maiz,1,0,0,2018-01-01 al 2018-06-30
3115001,frijol pinto saltillo envasado,1,1,kg,0,2012-11-22,frijol envasado,S,"empacadora el horizonte, s.a. de c.v.",frijol,1,0,0,2018-01-01 al 2018-06-30
3115002,frijol flor de mayo envasado,1,1,kg,0,2012-11-23,frijol envasado,S,"empacadora el horizonte, s.a. de c.v.",frijol,1,0,0,2018-01-01 al 2018-06-30
3116001,maiz blanco nacional a granel,1000,1,kg,0,2012-11-29,maiz blanco,S,corporativo inagro comercial s.a de c.v.,maiz,1,0,0,2018-01-01 al 2018-06-30
3116002,maiz blanco nacional envasado,1000,1,kg,0,2012-11-29,maiz blanco,S,corporativo inagro comercial s.a de c.v.,maiz,1,0,0,2018-01-01 al 2018-06-30
3117001,cafe soluble unico 12/200 gr,12,200,gr,0,2012-12-05,cafe soluble,S,"cafe del pacifico, s.a.p.i. de c.v.",abarr. y art. de farmacia no grav,0,0,0,2018-01-01 al 2018-06-30
3117002,cafe soluble unico 12/100 gr,12,100,gr,0,2012-12-05,cafe soluble,S,"cafe del pacifico, s.a.p.i. de c.v.",abarr. y art. de farmacia no grav,0,0,0,2018-01-01 al 2018-06-30
3117003,cafe soluble unico 12/50 gr,12,50,gr,0,2012-12-05,cafe soluble,S,"cafe del pacifico, s.a.p.i. de c.v.",abarr. y art. de farmacia no grav,0,0,0,2018-01-01 al 2018-06-30
3117004,cafe soluble unico sobre 10x20x14 gr,10,14,gr,0,2012-12-05,cafe soluble,S,"cafe del pacifico, s.a.p.i. de c.v.",abarr. y art. de farmacia no grav,0,0,0,2018-01-01 al 2018-06-30
3117005,cafe tostado baja sur,40,250,gr,0,2013-12-03,cafe tostado y molido,S,"cafe del pacifico, s.a.p.i. de c.v.",abarr. y art. de farmacia no grav,0,0,0,2018-01-01 al 2018-06-30
3118001,maiz blanco nacional a granel,1000,1,kg,0,2012-12-05,maiz blanco,S,granos y servicios omega s.a. de c.v.,maiz,1,0,0,2018-01-01 al 2018-06-30
3118002,maiz blanco nacional envasado,1000,1,kg,0,2012-12-05,maiz blanco,S,granos y servicios omega s.a. de c.v.,maiz,1,0,0,2018-01-01 al 2018-06-30
3119001,harina de maiz hari masa,10,1,kg,1,2012-12-19,harina de maiz,S,"hari masa del sureste, s.a. de c.v.",harina de maiz,0,0,0,2018-01-01 al 2018-06-30
3123006,caja de carton 27x17x28 r 11/12 2/tin,1000,1,pz,0,2013-07-02,cajas de carton para despensas,N,"guaja, s.a. de c.v.",miscelaneos grav,0,0,0,2018-01-01 al 2018-06-30
3123026,caja de carton 35.0x29.0x30.0 2tin,1000,1,pz,0,2016-10-27,cajas de carton para despensas,N,"guaja, s.a. de c.v.",miscelaneos grav,0,0,0,2018-01-01 al 2018-06-30
3123027,caja de carton 46x45x28 r14  2tin,1000,1,pz,0,2017-01-12,cajas de carton para despensas,N,"guaja, s.a. de c.v.",miscelaneos grav,0,0,0,2018-01-01 al 2018-06-30
3123028,sopa de pasta con soya amor de casa,20,1,kg,0,2017-04-25,pastas para sopa menudas,S,"guaja, s.a. de c.v.",abarr. y art. de farmacia no grav,0,0,0,2018-01-01 al 2018-06-30
3123029,sopa de pasta c/soya y verd enriq c/vit,20,1,kg,0,2017-10-03,pastas para sopa menudas,S,"guaja, s.a. de c.v.",abarr. y art. de farmacia no grav,0,0,0,2018-01-01 al 2018-06-30
3123030,yogurt en polvo sabor fresa,12,825,gr,0,2018-04-30,preparados para bebidas,N,"guaja, s.a. de c.v.",abarr. y art. de farmacia no grav,0,0,0,2018-01-01 al 2018-06-30
3123031,caja de carton 28x20.5x20 r26 kraft 1t,1000,1,pz,0,2018-07-13,cajas de carton para despensas,N,"guaja, s.a. de c.v.",miscelaneos grav,0,0,0,2018-01-01 al 2018-06-30
3126001,salsa habanera verde tepicor,24,180,ml,0,2013-03-20,salsas caseras,N,"salsa tepicor de nayarit, s.a. de c.v.",abarr. y art. de farmacia no grav,0,0,0,2018-01-01 al 2018-06-30
3126002,salsa habanera roja tepicor,24,180,ml,0,2013-03-20,salsas caseras,N,"salsa tepicor de nayarit, s.a. de c.v.",abarr. y art. de farmacia no grav,0,0,0,2018-01-01 al 2018-06-30
3126003,salsa clasica tepicor,24,180,ml,0,2013-03-20,salsa picante,N,"salsa tepicor de nayarit, s.a. de c.v.",abarr. y art. de farmacia no grav,0,0,0,2018-01-01 al 2018-06-30
3126004,salsa de soya tepicor,24,180,ml,0,2013-03-20,salsa picante,N,"salsa tepicor de nayarit, s.a. de c.v.",abarr. y art. de farmacia no grav,0,0,0,2018-01-01 al 2018-06-30
3126005,salsa en polvo tepicor,15,110,gr,0,2013-03-20,salsa picante,N,"salsa tepicor de nayarit, s.a. de c.v.",abarr. y art. de farmacia no grav,0,0,0,2018-01-01 al 2018-06-30
3128001,maiz blanco nacional a granel,1000,1,kg,0,2013-04-04,maiz blanco,S,red de empresas comercializadoras campesinas de michoacan a.r. de i.c de rl,maiz,1,0,0,2018-01-01 al 2018-06-30
3128002,maiz blanco nacional envasado,1000,1,kg,0,2013-04-04,maiz blanco,S,red de empresas comercializadoras campesinas de michoacan a.r. de i.c de rl,maiz,1,0,0,2018-01-01 al 2018-06-30
3129001,maiz blanco nacional a granel,1000,1,kg,0,2013-04-04,maiz blanco,S,agropecuaria sustentable de villa victoria s.a. de c.v.,maiz,1,0,0,2018-01-01 al 2018-06-30
3129002,maiz blanco nacional envasado,1000,1,kg,0,2013-04-04,maiz blanco,S,agropecuaria sustentable de villa victoria s.a. de c.v.,maiz,1,0,0,2018-01-01 al 2018-06-30
3130001,maiz blanco nacional a granel,1000,1,kg,0,2013-04-04,maiz blanco,S,prodagro s.a. de c.v.,maiz,1,0,0,2018-01-01 al 2018-06-30
3130002,maiz blanco nacional envasado,1000,1,kg,0,2013-04-04,maiz blanco,S,prodagro s.a. de c.v.,maiz,1,0,0,2018-01-01 al 2018-06-30
3131001,maiz blanco nacional a granel,1000,1,kg,0,2013-04-04,maiz blanco,S,"federacion de productores de maiz del estado de mexico, f.e.p.r.",maiz,1,0,0,2018-01-01 al 2018-06-30
3131002,maiz blanco nacional envasado,1000,1,kg,0,2013-04-04,maiz blanco,S,"federacion de productores de maiz del estado de mexico, f.e.p.r.",maiz,1,0,0,2018-01-01 al 2018-06-30
3132001,maiz blanco nacional a granel,1000,1,kg,0,2013-04-16,maiz blanco,S,"comercializadores san isidro labrador, s.c. de r.l. de c.v.",maiz,1,0,0,2018-01-01 al 2018-06-30
3132002,maiz blanco nacional envasado,1000,1,kg,0,2013-04-16,maiz blanco,S,"comercializadores san isidro labrador, s.c. de r.l. de c.v.",maiz,1,0,0,2018-01-01 al 2018-06-30
3133001,maiz blanco nacional a granel,1000,1,kg,0,2013-04-19,maiz blanco,S,comercializadora megasem sa de cv,maiz,1,0,0,2018-01-01 al 2018-06-30
3133002,maiz blanco nacional envasado,1000,1,kg,0,2013-04-19,maiz blanco,S,comercializadora megasem sa de cv,maiz,1,0,0,2018-01-01 al 2018-06-30
3134001,maiz blanco nacional a granel,1000,1,kg,0,2013-04-25,maiz blanco,S,"grupo acopiador 24 de agosto, s.a. de c.v.",maiz,1,0,0,2018-01-01 al 2018-06-30
3134002,maiz blanco nacional envasado,1000,1,kg,0,2013-04-25,maiz blanco,S,"grupo acopiador 24 de agosto, s.a. de c.v.",maiz,1,0,0,2018-01-01 al 2018-06-30
3135001,maiz blanco nacional a granel,1000,1,kg,0,2013-04-26,maiz blanco,S,"marcelo loya ornelas, s.p.r. de r.l.",maiz,1,0,0,2018-01-01 al 2018-06-30
3135002,maiz blanco nacional envasado,1000,1,kg,0,2013-04-26,maiz blanco,S,"marcelo loya ornelas, s.p.r. de r.l.",maiz,1,0,0,2018-01-01 al 2018-06-30
3136001,frijol pinto saltillo a granel,1,1,kg,0,2013-04-29,frijol a granel,S,"nuestro campo, s. de r.l. de c.v.",frijol,0,0,0,2018-01-01 al 2018-06-30
3136002,frijol pinto saltillo envasado,1,1,kg,0,2013-05-15,frijol envasado,S,"nuestro campo, s. de r.l. de c.v.",frijol,1,0,0,2018-01-01 al 2018-06-30
3137001,maiz blanco nacional a granel,1000,1,kg,0,2013-04-30,maiz blanco,S,granos y forrajes san julian s.p.r. de r.l.,maiz,1,0,0,2018-01-01 al 2018-06-30
3137002,maiz blanco nacional envasado,1000,1,kg,0,2013-04-30,maiz blanco,S,granos y forrajes san julian s.p.r. de r.l.,maiz,1,0,0,2018-01-01 al 2018-06-30
3139001,frijol pinto saltillo envasado,1,1,kg,0,2013-05-15,frijol envasado,S,"almacenes doña eugenia del sureste, s. a. de c.v.",frijol,1,0,0,2018-01-01 al 2018-06-30
3139002,frijol negro jamapa a granel,1,1,kg,0,2013-05-15,frijol a granel,S,"almacenes doña eugenia del sureste, s. a. de c.v.",frijol,0,0,0,2018-01-01 al 2018-06-30
3139003,frijol negro san luis envasado,1,1,kg,0,2013-07-15,frijol envasado,S,"almacenes doña eugenia del sureste, s. a. de c.v.",frijol,0,0,0,2018-01-01 al 2018-06-30
3139004,frijol flor de mayo envasado,1,1,kg,0,2013-07-18,frijol envasado,S,"almacenes doña eugenia del sureste, s. a. de c.v.",frijol,0,0,0,2018-01-01 al 2018-06-30
3140001,azucar estandar a granel,1,1,kg,0,2013-05-16,azucar estandar,S,"dolce zuccero, s.a. de c.v.",azucar,0,0,0,2018-01-01 al 2018-06-30
3140002,azucar estandar envasada,1,1,kg,0,2014-04-04,azucar estandar,S,"dolce zuccero, s.a. de c.v.",azucar,1,0,0,2018-01-01 al 2018-06-30
3140003,azucar estandar envasada,1,500,gr,0,2018-02-07,azucar estandar,S,"dolce zuccero, s.a. de c.v.",azucar,0,0,0,2018-01-01 al 2018-06-30
3144002,huevo fresco,360,1,pz,0,2014-11-07,huevo fresco,N,"cajeme productos pecuarios, s.a. de c.v.",productos perecederos,0,0,0,2018-01-01 al 2018-06-30
3146002,huevo entero deshidratado,15,1,kg,0,2014-07-01,huevo deshidratado,N,"proteina animal, s.a. de c.v.",abarr. y art. de farmacia no grav,0,0,0,2018-01-01 al 2018-06-30
3147002,huevo blanco,360,1,pz,0,2014-04-16,huevo fresco,N,"productora nacional de huevo, s.a. de c.v.",productos perecederos,0,0,0,2018-01-01 al 2018-06-30
3161007,mezcla de cereales gapp nutricion,8,1,kg,0,2017-10-09,cereales en hojuelas,S,"corporativo gapp, s.a. de c.v.",abarr. y art. de farmacia no grav,0,0,0,2018-01-01 al 2018-06-30
3164003,frijol negro queretaro envasado,1,1,kg,0,2013-09-24,frijol envasado,S,"prodiaza, s.a. de c.v.",frijol,0,0,0,2018-01-01 al 2018-06-30
3166010,lapiz rojo carmin,1,1,pz,0,2017-07-05,articulos escolares,N,"distribuidora gardi, s.a. de c.v.",papeleria y art. escolares grav,0,0,0,2018-01-01 al 2018-06-30
3166011,pelota esponja med blanda 6 a 7 cm diam,1,1,pz,0,2017-07-05,juguetes,N,"distribuidora gardi, s.a. de c.v.",art. de hogar y jarcieria grav,0,0,0,2018-01-01 al 2018-06-30
3166012,pliego de cartulina de color,1,1,pz,0,2017-07-05,articulos escolares,N,"distribuidora gardi, s.a. de c.v.",papeleria y art. escolares grav,0,0,0,2018-01-01 al 2018-06-30
3166013,mochila escolar,1,1,pz,0,2017-09-11,articulos escolares,N,"distribuidora gardi, s.a. de c.v.",papeleria y art. escolares grav,0,0,0,2018-01-01 al 2018-06-30
3167002,fructis sh stop caida,12,350,mg,0,2013-08-01,shampoo y acondicionadores,N,orfebres hispano america s.a. de c.v.,perfumeria y art de tocador grav,0,0,0,2018-01-01 al 2018-06-30
3167003,elvive sh reparacion total,12,400,ml,0,2013-08-01,shampoo y acondicionadores,N,orfebres hispano america s.a. de c.v.,perfumeria y art de tocador grav,0,0,0,2018-01-01 al 2018-06-30
3167004,obao men active a,24,65,ml,0,2013-08-01,desodorantes de uso personal,N,orfebres hispano america s.a. de c.v.,perfumeria y art de tocador grav,0,0,0,2018-01-01 al 2018-06-30
3167005,obao regular frecura floral a,24,65,ml,0,2017-08-01,desodorantes de uso personal,N,orfebres hispano america s.a. de c.v.,perfumeria y art de tocador grav,0,0,0,2018-01-01 al 2018-06-30
3167008,obao roll on bamboo breeze 65g,24,65,ml,0,2017-02-08,desodorantes de uso personal,N,orfebres hispano america s.a. de c.v.,perfumeria y art de tocador grav,0,0,0,2018-01-01 al 2018-06-30
3167009,obao men oceanico a 65g,24,65,ml,0,2017-02-08,desodorantes de uso personal,N,orfebres hispano america s.a. de c.v.,perfumeria y art de tocador grav,0,0,0,2018-01-01 al 2018-06-30
3167010,gel atm power 250 g,24,250,gr,0,2017-03-13,fijadores para cabello,N,orfebres hispano america s.a. de c.v.,perfumeria y art de tocador grav,0,0,0,2018-01-01 al 2018-06-30
3167011,gel atm shock 250g,24,250,gr,0,2017-03-13,fijadores para cabello,N,orfebres hispano america s.a. de c.v.,perfumeria y art de tocador grav,0,0,0,2018-01-01 al 2018-06-30
3167012,gel atm rush 250g,24,250,gr,0,2017-03-13,fijadores para cabello,N,orfebres hispano america s.a. de c.v.,perfumeria y art de tocador grav,0,0,0,2018-01-01 al 2018-06-30
3167013,gel atm bolsa 450grs,12,450,gr,0,2017-03-13,fijadores para cabello,N,orfebres hispano america s.a. de c.v.,perfumeria y art de tocador grav,0,0,0,2018-01-01 al 2018-06-30
3167014,gel atm power trasparente 1 kg,12,1,kg,0,2017-03-13,fijadores para cabello,N,orfebres hispano america s.a. de c.v.,perfumeria y art de tocador grav,0,0,0,2018-01-01 al 2018-06-30
3167015,gel atm shock azul 1kg,12,1,kg,0,2017-03-13,fijadores para cabello,N,orfebres hispano america s.a. de c.v.,perfumeria y art de tocador grav,0,0,0,2018-01-01 al 2018-06-30
3167016,gel atm rush verde 1kg,12,1,kg,0,2017-03-13,fijadores para cabello,N,orfebres hispano america s.a. de c.v.,perfumeria y art de tocador grav,0,0,0,2018-01-01 al 2018-06-30
3167017,gel atm power 1.7 kg,6,1700,gr,0,2017-03-13,fijadores para cabello,N,orfebres hispano america s.a. de c.v.,perfumeria y art de tocador grav,0,0,0,2018-01-01 al 2018-06-30
3167018,crema natural milk miel y avena 371 ml,12,371,ml,0,2017-03-13,cremas para uso personal,N,orfebres hispano america s.a. de c.v.,perfumeria y art de tocador grav,0,0,0,2018-01-01 al 2018-06-30
3167019,crema natural milk piel suave 371 ml,12,371,ml,0,2017-03-13,cremas para uso personal,N,orfebres hispano america s.a. de c.v.,perfumeria y art de tocador grav,0,0,0,2018-01-01 al 2018-06-30
3167020,crema natural milk piel normal 371 ml,12,371,ml,0,2017-03-13,cremas para uso personal,N,orfebres hispano america s.a. de c.v.,perfumeria y art de tocador grav,0,0,0,2018-01-01 al 2018-06-30
3167021,crema natural milk coco 371 ml,12,371,ml,0,2017-03-13,cremas para uso personal,N,orfebres hispano america s.a. de c.v.,perfumeria y art de tocador grav,0,0,0,2018-01-01 al 2018-06-30
3167022,vanart sh clas hierb 12-750 ml,12,750,ml,0,2017-03-13,shampoo y acondicionadores,N,orfebres hispano america s.a. de c.v.,perfumeria y art de tocador grav,0,0,0,2018-01-01 al 2018-06-30
3167023,vanart sh clas control  12-750 ml,12,750,ml,0,2017-03-13,shampoo y acondicionadores,N,orfebres hispano america s.a. de c.v.,perfumeria y art de tocador grav,0,0,0,2018-01-01 al 2018-06-30
3167024,vanart sh clas crematizado 12-750 ml,12,750,ml,0,2017-03-13,shampoo y acondicionadores,N,orfebres hispano america s.a. de c.v.,perfumeria y art de tocador grav,0,0,0,2018-01-01 al 2018-06-30
3167025,vanart sh clas duo 12-750 ml,12,750,ml,0,2017-03-13,shampoo y acondicionadores,N,orfebres hispano america s.a. de c.v.,perfumeria y art de tocador grav,0,0,0,2018-01-01 al 2018-06-30
3169001,cafe molinos 100% puro tostado y molido,100,100,gr,0,2013-08-14,cafe tostado y molido,S,"corporativo empresarial sada bajatta, s.a. de c.v.",abarr. y art. de farmacia no grav,0,0,0,2018-01-01 al 2018-06-30
3169002,cafe torres soluble 100% puro,12,50,gr,0,2013-08-14,cafe soluble,S,"corporativo empresarial sada bajatta, s.a. de c.v.",abarr. y art. de farmacia no grav,0,0,0,2018-01-01 al 2018-06-30
3170001,azucar estandar envasada,1,1,kg,0,2013-09-05,azucar estandar,S,"comercializadora provinciana, s.a. de c.v.",azucar,1,0,0,2018-01-01 al 2018-06-30
3170002,azucar estandar granel,1,1,kg,0,2013-11-05,azucar estandar,S,"comercializadora provinciana, s.a. de c.v.",azucar,0,0,0,2018-01-01 al 2018-06-30
3172001,producto lacteo combinado ultrap delite,12,1,lt,0,2013-09-17,leche evaporada y concentrada,S,"mexicana de industrias y marcas, s.a. de c.v.",abarr. y art. de farmacia no grav,0,0,0,2018-01-01 al 2018-06-30
3172002,leche entera delite,12,1,lt,0,2015-03-26,leche evaporada y concentrada,S,"mexicana de industrias y marcas, s.a. de c.v.",abarr. y art. de farmacia no grav,0,0,0,2018-01-01 al 2018-06-30
3172003,leche ultrapasteurizada semidescremada,12,1,lt,0,2016-01-28,leche evaporada y concentrada,S,"mexicana de industrias y marcas, s.a. de c.v.",abarr. y art. de farmacia no grav,0,0,0,2018-01-01 al 2018-06-30
3172004,leche semidescremada delite,12,1,lt,0,2016-03-07,leche evaporada y concentrada,S,"mexicana de industrias y marcas, s.a. de c.v.",abarr. y art. de farmacia no grav,0,0,0,2018-01-01 al 2018-06-30
3172005,media crema delite,27,250,ml,0,2016-03-07,crema de leche,N,"mexicana de industrias y marcas, s.a. de c.v.",abarr. y art. de farmacia no grav,0,0,0,2018-01-01 al 2018-06-30
3172006,leche semidescremada fluida uht  natural,27,250,ml,0,2018-07-16,leche evaporada y concentrada,S,"mexicana de industrias y marcas, s.a. de c.v.",abarr. y art. de farmacia no grav,0,0,0,2018-01-01 al 2018-06-30
3176001,cucharas grandes,1,1,pz,0,2013-10-31,utensilios de aluminio y acero,N,blanca isabel martinez martinez,miscelaneos grav,0,0,0,2018-01-01 al 2018-06-30
3176002,tenedor de acero inoxidable 3.5mm,1,1,pz,0,2013-10-31,utensilios de aluminio y acero,N,blanca isabel martinez martinez,miscelaneos grav,0,0,0,2018-01-01 al 2018-06-30
3176005,platos hondos,1,1,pr,0,2013-10-31,utensilios d/plastico madera y vidrio,N,blanca isabel martinez martinez,miscelaneos grav,0,0,0,2018-01-01 al 2018-06-30
3176006,platos melanina 15 cm,1,1,pz,0,2013-10-31,utensilios d/plastico madera y vidrio,N,blanca isabel martinez martinez,miscelaneos grav,0,0,0,2018-01-01 al 2018-06-30
3176007,cucharones,1,1,pz,0,2013-10-31,utensilios de aluminio y acero,N,blanca isabel martinez martinez,miscelaneos grav,0,0,0,2018-01-01 al 2018-06-30
3176008,tazas de melamina 10oz,1,1,pz,0,2013-10-31,utensilios d/plastico madera y vidrio,N,blanca isabel martinez martinez,art. de hogar y jarcieria grav,0,0,0,2018-01-01 al 2018-06-30
3176011,tinaco de 750 lts tricapa,1,1,pz,0,2014-02-27,herramientas p/el campo y kits de limp.,N,blanca isabel martinez martinez,miscelaneos grav,0,0,0,2018-01-01 al 2018-06-30
3176013,purificador de agua de tubo de ceramica,1,1,pz,0,2014-04-14,utensilios d/plastico madera y vidrio,N,blanca isabel martinez martinez,miscelaneos grav,0,0,0,2018-01-01 al 2018-06-30
3176014,tabla de picar,1,1,pz,0,2014-04-23,utensilios d/plastico madera y vidrio,N,blanca isabel martinez martinez,miscelaneos grav,0,0,0,2018-01-01 al 2018-06-30
3176018,cuchillo de 25 cm,1,1,pz,0,2015-11-23,utensilios de aluminio y acero,N,blanca isabel martinez martinez,miscelaneos grav,0,0,0,2018-01-01 al 2018-06-30
3176019,vaso de policarbonato color no ransparen,1,1,pz,0,2016-11-01,utensilios d/plastico madera y vidrio,N,blanca isabel martinez martinez,miscelaneos grav,0,0,0,2018-01-01 al 2018-06-30
3176020,"valvula control de gas 3/8 x 1/2""",1,1,pz,0,2017-12-27,herramientas p/el campo y kits de limp.,N,blanca isabel martinez martinez,miscelaneos grav,0,0,0,2018-01-01 al 2018-06-30
3176021,colador de acero inoxidable inox 18 cm,1,1,pz,0,2017-12-27,utensilios de aluminio y acero,N,blanca isabel martinez martinez,miscelaneos grav,0,0,0,2018-01-01 al 2018-06-30
3176022,cuchara de acero inoxidable sopera 3.5 m,1,1,pz,0,2017-12-28,utensilios de aluminio y acero,N,blanca isabel martinez martinez,miscelaneos grav,0,0,0,2018-01-01 al 2018-06-30
3176023,cuchara grande de acero inoxidable,1,1,pz,0,2017-12-28,utensilios de aluminio y acero,N,blanca isabel martinez martinez,miscelaneos grav,0,0,0,2018-01-01 al 2018-06-30
3176024,cucharon de acero inoxidable 20/60,1,1,pz,0,2017-12-28,utensilios de aluminio y acero,N,blanca isabel martinez martinez,miscelaneos grav,0,0,0,2018-01-01 al 2018-06-30
3176025,palas volteadoras 40 cm ranurada,1,1,pz,0,2017-12-28,utensilios d/plastico madera y vidrio,N,blanca isabel martinez martinez,miscelaneos grav,0,0,0,2018-01-01 al 2018-06-30
3176026,platos hondos de melamina,1,1,pz,0,2017-12-28,utensilios d/plastico madera y vidrio,N,blanca isabel martinez martinez,miscelaneos grav,0,0,0,2018-01-01 al 2018-06-30
3177003,manteca vegetal inca,12,1,kg,0,2013-11-01,manteca vegetal,S,"ach foods mexico, s. de r.l. de c.v.",abarr. y art. de farmacia no grav,0,0,0,2018-01-01 al 2018-06-30
3177004,manteca vegetal inca,48,250,gr,0,2013-11-01,manteca vegetal,S,"ach foods mexico, s. de r.l. de c.v.",abarr. y art. de farmacia no grav,0,0,0,2018-01-01 al 2018-06-30
3177005,manteca vegetal inca,24,500,gr,0,2013-11-01,manteca vegetal,S,"ach foods mexico, s. de r.l. de c.v.",abarr. y art. de farmacia no grav,0,0,0,2018-01-01 al 2018-06-30
3177008,miel karo vainilla,24,250,ml,0,2013-11-08,miel,N,"ach foods mexico, s. de r.l. de c.v.",abarr. y art. de farmacia no grav,0,0,0,2018-01-01 al 2018-06-30
3177009,miel karo maple,12,500,ml,0,2013-11-08,miel,N,"ach foods mexico, s. de r.l. de c.v.",abarr. y art. de farmacia no grav,0,0,0,2018-01-01 al 2018-06-30
3177010,aceite capullo,12,400,ml,0,2014-12-24,aceite vegetal comestible,S,"ach foods mexico, s. de r.l. de c.v.",abarr. y art. de farmacia no grav,0,0,0,2018-01-01 al 2018-06-30
3177012,miel karo maple,24,250,ml,0,2016-05-03,miel,N,"ach foods mexico, s. de r.l. de c.v.",abarr. y art. de farmacia no grav,0,0,0,2018-01-01 al 2018-06-30
3177013,aceite capullo,12,840,ml,0,2017-06-08,aceite vegetal comestible,S,"ach foods mexico, s. de r.l. de c.v.",abarr. y art. de farmacia no grav,0,0,0,2018-01-01 al 2018-06-30
3182001,cons pollo clase agro vitrol 80 de 12gr,6,960,gr,0,2013-11-22,consomes,S,"clase agroindustrial, s.a. de c.v.",abarr. y art. de farmacia no grav,0,0,0,2018-01-01 al 2018-06-30
3182002,canela en raja 12x10 gr,1,12,pz,0,2013-12-03,especias enteras,N,"clase agroindustrial, s.a. de c.v.",abarr. y art. de farmacia no grav,0,0,0,2018-01-01 al 2018-06-30
3182005,hojuela natural choco panther 20x40 gr,1,20,pz,0,2013-12-03,cereales en hojuelas,S,"clase agroindustrial, s.a. de c.v.",pago abarrotes gravado ieps (propio,0,0,8,2018-01-01 al 2018-06-30
3182006,rueda de colores tucan rolls 20x40 gr,1,20,pz,0,2013-12-03,cereales en hojuelas,S,"clase agroindustrial, s.a. de c.v.",pago abarrotes gravado ieps (propio,0,0,8,2018-01-01 al 2018-06-30
3182011,goma de mascar bubaloo 120x5 gr,1,120,pz,0,2013-12-03,dulces y caramelos,N,"clase agroindustrial, s.a. de c.v.",abarr. y art. de farmacia grav,0,0,0,2018-01-01 al 2018-06-30
3182013,malla de ajo en cabeza,1,1,kg,0,2013-12-03,condimentos,N,"clase agroindustrial, s.a. de c.v.",abarr. y art. de farmacia no grav,0,0,0,2018-01-01 al 2018-06-30
3182021,lenteja chica envasada,1,500,gr,0,2014-11-19,lentejas,S,"clase agroindustrial, s.a. de c.v.",abarr. y art. de farmacia no grav,1,0,0,2018-01-01 al 2018-06-30
3182024,coctel de frutas clase frut,12,820,gr,0,2014-12-17,frutas enlatadas,N,"clase agroindustrial, s.a. de c.v.",abarr. y art. de farmacia no grav,0,0,0,2018-01-01 al 2018-06-30
3182025,durazno mitades en almibar clase frut,12,820,gr,0,2015-02-09,frutas enlatadas,N,"clase agroindustrial, s.a. de c.v.",abarr. y art. de farmacia no grav,0,0,0,2018-01-01 al 2018-06-30
3182026,atole natural clase koci,300,47,gr,0,2015-02-12,atoles,N,"clase agroindustrial, s.a. de c.v.",abarr. y art. de farmacia no grav,0,0,0,2018-01-01 al 2018-06-30
3182027,atole sabores clase koci,300,50,gr,0,2015-02-12,atoles,N,"clase agroindustrial, s.a. de c.v.",abarr. y art. de farmacia no grav,0,0,0,2018-01-01 al 2018-06-30
3182028,ajo molido bolsa,1,137,gr,0,2015-02-20,especias molidas,N,"clase agroindustrial, s.a. de c.v.",abarr. y art. de farmacia no grav,0,0,0,2018-01-01 al 2018-06-30
3182031,oregano molido,1,137,gr,0,2015-02-20,especias molidas,N,"clase agroindustrial, s.a. de c.v.",abarr. y art. de farmacia no grav,0,0,0,2018-01-01 al 2018-06-30
3182034,block triple mineralizado para ganado,1,15,kg,0,2015-03-12,alimentos pecuarios,N,"clase agroindustrial, s.a. de c.v.",abarr. y art. de farmacia no grav,0,0,0,2018-01-01 al 2018-06-30
3182035,sal colima ganadera,1,50,kg,0,2015-03-12,alimentos pecuarios,N,"clase agroindustrial, s.a. de c.v.",abarr. y art. de farmacia no grav,0,0,0,2018-01-01 al 2018-06-30
3182040,cacahuate japones clase agro,1,55,gr,0,2015-09-22,dulces y caramelos,N,"clase agroindustrial, s.a. de c.v.",pago abarrotes gravado ieps (propio,0,0,8,2018-01-01 al 2018-06-30
3182041,frijol pinto saltillo envasado,1,1,kg,0,2015-09-23,frijol envasado,S,"clase agroindustrial, s.a. de c.v.",frijol,0,0,0,2018-01-01 al 2018-06-30
3182044,dulce de coco bandera 50x10 gr,1,50,pz,0,2015-10-08,dulces y caramelos,N,"clase agroindustrial, s.a. de c.v.",pago abarrotes gravado ieps (propio,0,0,8,2018-01-01 al 2018-06-30
3182045,paleta de caramelo enchilada 40x13 gr,1,40,pz,0,2015-10-08,dulces y caramelos,N,"clase agroindustrial, s.a. de c.v.",pago abarrotes gravado ieps (propio,0,0,8,2018-01-01 al 2018-06-30
3182046,gomitas de colores finas 50x20 gr,1,50,pz,0,2015-10-08,dulces y caramelos,N,"clase agroindustrial, s.a. de c.v.",pago abarrotes gravado ieps (propio,0,0,8,2018-01-01 al 2018-06-30
3182047,dulce de tamarindo banderilla 50x20 gr,1,50,pz,0,2015-10-08,dulces y caramelos,N,"clase agroindustrial, s.a. de c.v.",pago abarrotes gravado ieps (propio,0,0,8,2018-01-01 al 2018-06-30
3182048,bombon chocolate tapon 50x7 gr,1,50,pz,0,2015-10-08,dulces y caramelos,N,"clase agroindustrial, s.a. de c.v.",pago abarrotes gravado ieps (propio,0,0,8,2018-01-01 al 2018-06-30
3182049,canela quebrada,1,500,gr,0,2015-10-08,especias enteras,N,"clase agroindustrial, s.a. de c.v.",abarr. y art. de farmacia no grav,0,0,0,2018-01-01 al 2018-06-30
3182050,chile guajillo seco,1,500,gr,0,2015-10-08,chiles secos,S,"clase agroindustrial, s.a. de c.v.",abarr. y art. de farmacia no grav,0,0,0,2018-01-01 al 2018-06-30
3182051,pvo para preparar bebida sabor chocolate,24,400,gr,0,2015-11-10,chocolate en polvo,S,"clase agroindustrial, s.a. de c.v.",pago abarrotes gravado ieps (propio,0,0,8,2018-01-01 al 2018-06-30
3182053,avena,1,1,kg,0,2016-01-28,avena,N,"clase agroindustrial, s.a. de c.v.",abarr. y art. de farmacia no grav,0,0,0,2018-01-01 al 2018-06-30
3182059,barras amaranto clase super alimentos,1,30,gr,0,2016-01-28,productos a base de amaranto,S,"clase agroindustrial, s.a. de c.v.",pago abarrotes gravado ieps (propio,0,0,8,2018-01-01 al 2018-06-30
3182061,soya molida natural clase agro,1,330,gr,0,2016-04-28,soya texturizada,N,"clase agroindustrial, s.a. de c.v.",abarr. y art. de farmacia no grav,0,0,0,2018-01-01 al 2018-06-30
3182065,mayonesa corina,1,190,gr,0,2016-04-28,mayonesas,S,"clase agroindustrial, s.a. de c.v.",abarr. y art. de farmacia no grav,0,0,0,2018-01-01 al 2018-06-30
3182067,avena hojuela clase foods,40,250,gr,0,2016-05-04,avena,N,"clase agroindustrial, s.a. de c.v.",abarr. y art. de farmacia no grav,0,0,0,2018-01-01 al 2018-06-30
3182068,avena hojuela clase foods,25,400,gr,0,2016-05-04,avena,N,"clase agroindustrial, s.a. de c.v.",abarr. y art. de farmacia no grav,0,0,0,2018-01-01 al 2018-06-30
3182069,uva pasa natural clase foods,40,250,gr,0,2016-05-04,frutas secas,N,"clase agroindustrial, s.a. de c.v.",abarr. y art. de farmacia no grav,0,0,0,2018-01-01 al 2018-06-30
3182071,chia clase foods,40,250,gr,0,2016-05-04,especias enteras,N,"clase agroindustrial, s.a. de c.v.",abarr. y art. de farmacia no grav,0,0,0,2018-01-01 al 2018-06-30
3182072,pure de tomate clase la prateria,20,1,kg,0,2016-06-22,pure de tomate,N,"clase agroindustrial, s.a. de c.v.",abarr. y art. de farmacia no grav,0,0,0,2018-01-01 al 2018-06-30
3182073,pure tomate tetrapack clase la prateria,48,210,gr,0,2016-08-11,pure de tomate,N,"clase agroindustrial, s.a. de c.v.",abarr. y art. de farmacia no grav,0,0,0,2018-01-01 al 2018-06-30
3182080,azucar estandar envasada,1,1,kg,0,2016-10-18,azucar estandar,S,"clase agroindustrial, s.a. de c.v.",azucar,0,0,0,2018-01-01 al 2018-06-30
3182081,maiz blanco nacional a granel,1000,1,kg,0,2017-01-26,maiz blanco,S,"clase agroindustrial, s.a. de c.v.",maiz,0,0,0,2018-01-01 al 2018-06-30
3182082,maiz blanco nacional envasado,1000,1,kg,0,2017-01-26,maiz blanco,S,"clase agroindustrial, s.a. de c.v.",maiz,0,0,0,2018-01-01 al 2018-06-30
3182083,frijol negro san luis envasado,1,1,kg,0,2017-03-24,frijol envasado,S,"clase agroindustrial, s.a. de c.v.",frijol,0,0,0,2018-01-01 al 2018-06-30
3182084,haba pelada,1,500,gr,0,2017-03-24,haba pelada,S,"clase agroindustrial, s.a. de c.v.",abarr. y art. de farmacia no grav,0,0,0,2018-01-01 al 2018-06-30
3182085,bombones,1,420,gr,0,2017-04-21,dulces y caramelos,N,"clase agroindustrial, s.a. de c.v.",pago abarrotes gravado ieps (propio,0,0,8,2018-01-01 al 2018-06-30
3182086,mole,24,500,gr,0,2017-04-26,moles,N,"clase agroindustrial, s.a. de c.v.",abarr. y art. de farmacia no grav,0,0,0,2018-01-01 al 2018-06-30
3182087,pozole precocido,1,3000,gr,0,2017-05-24,diversas comidas preparadas,N,"clase agroindustrial, s.a. de c.v.",abarr. y art. de farmacia no grav,0,0,0,2018-01-01 al 2018-06-30
3182088,fruta deshidratada,1,30,gr,0,2017-05-24,frutas secas,N,"clase agroindustrial, s.a. de c.v.",abarr. y art. de farmacia no grav,0,0,0,2018-01-01 al 2018-06-30
3182089,cacahuate natural,1,200,gr,0,2017-05-24,dulces y caramelos,N,"clase agroindustrial, s.a. de c.v.",abarr. y art. de farmacia no grav,0,0,0,2018-01-01 al 2018-06-30
3182090,barra energ amaranto y avena clase foods,1,30,gr,0,2017-05-24,productos a base de amaranto,S,"clase agroindustrial, s.a. de c.v.",pago abarrotes gravado ieps (propio,0,0,8,2018-01-01 al 2018-06-30
3182091,alubia  chica envasada,1,500,gr,0,2017-06-29,alubia,S,"clase agroindustrial, s.a. de c.v.",abarr. y art. de farmacia no grav,0,0,0,2018-01-01 al 2018-06-30
3182092,arroz grano largo 5% envasado,1,1,kg,0,2017-06-29,arroz envasado,S,"clase agroindustrial, s.a. de c.v.",arroz,1,0,0,2018-01-01 al 2018-06-30
3182093,mole en pasta clase foods,12,1,kg,0,2017-07-06,moles,N,"clase agroindustrial, s.a. de c.v.",abarr. y art. de farmacia no grav,0,0,0,2018-01-01 al 2018-06-30
3182094,pasas clase foods,200,50,gr,0,2017-07-06,frutas secas,N,"clase agroindustrial, s.a. de c.v.",abarr. y art. de farmacia no grav,0,0,0,2018-01-01 al 2018-06-30
3182095,consome de pollo bajo en sodio cubos,10,12,gr,0,2017-07-07,consomes,S,"clase agroindustrial, s.a. de c.v.",abarr. y art. de farmacia no grav,0,0,0,2018-01-01 al 2018-06-30
3182096,chile chipotle la prateria,20,800,gr,0,2017-10-03,chiles chipotles,S,"clase agroindustrial, s.a. de c.v.",abarr. y art. de farmacia no grav,0,0,0,2018-01-01 al 2018-06-30
3182097,chile jalapeno la prateria,20,800,gr,0,2017-10-03,chiles jalapenos enteros,S,"clase agroindustrial, s.a. de c.v.",abarr. y art. de farmacia no grav,0,0,0,2018-01-01 al 2018-06-30
3182098,harina para hotcakes integral mi marca,12,1,kg,0,2017-10-03,harina para hotcakes,N,"clase agroindustrial, s.a. de c.v.",abarr. y art. de farmacia no grav,0,0,0,2018-01-01 al 2018-06-30
3182099,maiz pozolero clase foods,6,3100,gr,0,2017-10-03,maiz cacahuazintle,N,"clase agroindustrial, s.a. de c.v.",abarr. y art. de farmacia no grav,0,0,0,2018-01-01 al 2018-06-30
3182100,consome d/pollo bajo en sodio clase koci,160,120,gr,0,2017-10-04,consomes,S,"clase agroindustrial, s.a. de c.v.",abarr. y art. de farmacia no grav,0,0,0,2018-01-01 al 2018-06-30
3182101,granola clase foods,40,250,gr,0,2017-11-09,granola,N,"clase agroindustrial, s.a. de c.v.",pago abarrotes gravado ieps (propio,0,0,8,2018-01-01 al 2018-06-30
3182102,flan de vainilla clase foods,48,140,gr,1,2017-11-09,flanes,N,"clase agroindustrial, s.a. de c.v.",abarr. y art. de farmacia no grav,0,0,0,2018-01-01 al 2018-06-30
3182103,pasitas naturales clase foods,30,500,gr,0,2017-11-09,frutas secas,N,"clase agroindustrial, s.a. de c.v.",abarr. y art. de farmacia no grav,0,0,0,2018-01-01 al 2018-06-30
3182104,harina para hot cakes clase foods,12,500,gr,0,2017-11-10,harina para hotcakes,N,"clase agroindustrial, s.a. de c.v.",abarr. y art. de farmacia no grav,0,0,0,2018-01-01 al 2018-06-30
3182105,harina para hot cakes clase foods,10,1,kg,0,2018-01-24,harina para hotcakes,N,"clase agroindustrial, s.a. de c.v.",abarr. y art. de farmacia no grav,0,0,0,2018-01-01 al 2018-06-30
3182107,tostadas de maiz horneadas,48,240,gr,0,2018-01-25,tortillas y tostadas,N,"clase agroindustrial, s.a. de c.v.",abarr. y art. de farmacia no grav,0,0,0,2018-01-01 al 2018-06-30
3182108,pure de papa clase rancho la tizara,12,1,kg,0,2018-02-07,diversos vegetales envasados,N,"clase agroindustrial, s.a. de c.v.",abarr. y art. de farmacia no grav,0,0,0,2018-01-01 al 2018-06-30
3182109,chiles jalapenos en rajas clase foods,20,800,gr,0,2018-02-08,chiles jalapenos en rajas,S,"clase agroindustrial, s.a. de c.v.",abarr. y art. de farmacia no grav,0,0,0,2018-01-01 al 2018-06-30
3182110,mermelada chabacano clase rancho tizapa,12,1,kg,0,2018-02-08,mermelada,N,"clase agroindustrial, s.a. de c.v.",abarr. y art. de farmacia no grav,0,0,0,2018-01-01 al 2018-06-30
3182111,mermelada fresa clase rancho la tizapa,12,1,kg,0,2018-02-08,mermelada,N,"clase agroindustrial, s.a. de c.v.",abarr. y art. de farmacia no grav,0,0,0,2018-01-01 al 2018-06-30
3182112,pure de tomate clase foods,20,1,kg,0,2018-02-13,pure de tomate,N,"clase agroindustrial, s.a. de c.v.",abarr. y art. de farmacia no grav,0,0,0,2018-01-01 al 2018-06-30
3182113,canela en raja,1,1,kg,0,2018-02-19,especias enteras,N,"clase agroindustrial, s.a. de c.v.",abarr. y art. de farmacia no grav,0,0,0,2018-01-01 al 2018-06-30
3182114,maiz blanco para pozole,12,822,gr,0,2018-02-20,maiz cacahuazintle,N,"clase agroindustrial, s.a. de c.v.",abarr. y art. de farmacia no grav,0,0,0,2018-01-01 al 2018-06-30
3182115,harina para hot cakes integral clase df,10,1075,gr,0,2018-02-27,harina para hotcakes,N,"clase agroindustrial, s.a. de c.v.",abarr. y art. de farmacia no grav,0,0,0,2018-01-01 al 2018-06-30
3182116,frijol flor de mayo a granel,1,1,kg,0,2018-04-20,frijol a granel,S,"clase agroindustrial, s.a. de c.v.",frijol,0,0,0,2018-01-01 al 2018-06-30
3182117,mayonesa light clase foods,8,1,kg,0,2018-05-17,mayonesas,S,"clase agroindustrial, s.a. de c.v.",abarr. y art. de farmacia no grav,0,0,0,2018-01-01 al 2018-06-30
3182118,leche semidescremada,12,1,lt,0,2018-06-12,leche evaporada y concentrada,S,"clase agroindustrial, s.a. de c.v.",abarr. y art. de farmacia no grav,0,0,0,2018-01-01 al 2018-06-30
3182119,frijol bayo gordo envasado,1,1,kg,0,2018-08-21,frijol envasado,S,"clase agroindustrial, s.a. de c.v.",frijol,0,0,0,2018-01-01 al 2018-06-30
3182120,flor de jamaica clase foods,10,1,kg,0,2018-08-30,frutas secas,N,"clase agroindustrial, s.a. de c.v.",abarr. y art. de farmacia no grav,0,0,0,2018-01-01 al 2018-06-30
3182121,frijol azufrado envasado,1,1,kg,0,2018-09-11,frijol envasado,S,"clase agroindustrial, s.a. de c.v.",frijol,0,0,0,2018-01-01 al 2018-06-30
3182122,frijol peruano higuera envasado,1,1,kg,0,2018-09-11,frijol envasado,S,"clase agroindustrial, s.a. de c.v.",frijol,0,0,0,2018-01-01 al 2018-06-30
3183001,frijol negro jamapa envasado,1,1,kg,0,2013-12-04,frijol envasado,S,"corporativo bold trade, s.a. de c.v.",frijol,0,0,0,2018-01-01 al 2018-06-30
3183002,frijol negro jamapa a granel,1,1,kg,0,2013-12-04,frijol a granel,S,"corporativo bold trade, s.a. de c.v.",frijol,0,0,0,2018-01-01 al 2018-06-30
3184001,frijol negro san luis envasado,1,1,kg,0,2013-12-04,frijol envasado,S,"comercializadora de frijol el aguanaval, s.a. de c.v.",frijol,0,0,0,2018-01-01 al 2018-06-30
3184002,frijol negro san luis a granel,1,1,kg,0,2017-12-04,frijol a granel,S,"comercializadora de frijol el aguanaval, s.a. de c.v.",frijol,0,0,0,2018-01-01 al 2018-06-30
3185001,frijol negro san luis envasado,1,1,kg,0,2013-12-04,frijol envasado,S,"centro de agronegocios las maravillas, s.p.r. de r.l.",frijol,0,0,0,2018-01-01 al 2018-06-30
3185002,frijol negro san luis a granel,1,1,kg,0,2013-12-04,frijol a granel,S,"centro de agronegocios las maravillas, s.p.r. de r.l.",frijol,0,0,0,2018-01-01 al 2018-06-30
3185003,frijol flor de mayo a granel,1,1,kg,0,2018-04-20,frijol a granel,S,"centro de agronegocios las maravillas, s.p.r. de r.l.",frijol,0,0,0,2018-01-01 al 2018-06-30
3187001,azucar estandar a granel,1,1,kg,0,2013-12-13,azucar estandar,S,"izucar comercial, s.a. de c.v.",azucar,0,0,0,2018-01-01 al 2018-06-30
3187002,azucar estandar envasada,1,1,kg,0,2013-12-13,azucar estandar,S,"izucar comercial, s.a. de c.v.",azucar,1,0,0,2018-01-01 al 2018-06-30
3188001,frijol pinto saltillo envasado,1,1,kg,0,2014-01-21,frijol envasado,S,"granja los montelongo, s.p.r. de r.i.",frijol,0,0,0,2018-01-01 al 2018-06-30
3188002,frijol negro san luis envasado,1,1,kg,0,2014-07-28,frijol envasado,S,"granja los montelongo, s.p.r. de r.i.",frijol,0,0,0,2018-01-01 al 2018-06-30
3189001,choco ibarra marqueta recta,25,200,gr,0,2014-01-31,chocolate de mesa,S,"comercializadora de occidente, s.a. de c.v.",pago abarrotes gravado ieps (propio,0,0,8,2018-01-01 al 2018-06-30
3189002,choco ibarra octa 6 tab,24,540,gr,0,2014-01-31,chocolate de mesa,S,"comercializadora de occidente, s.a. de c.v.",pago abarrotes gravado ieps (propio,0,0,8,2018-01-01 al 2018-06-30
3189010,choco choco polvo bolsa,24,350,gr,0,2014-01-31,chocolate en polvo,S,"comercializadora de occidente, s.a. de c.v.",pago abarrotes gravado ieps (propio,0,0,8,2018-01-01 al 2018-06-30
3189011,choco ibarra hexa 6 tab,12,360,gr,0,2014-01-31,chocolate de mesa,S,"comercializadora de occidente, s.a. de c.v.",pago abarrotes gravado ieps (propio,0,0,8,2018-01-01 al 2018-06-30
3189012,choco choco reducido en calorias,12,325,gr,0,2014-01-31,chocolate en polvo,S,"comercializadora de occidente, s.a. de c.v.",pago abarrotes gravado ieps (propio,0,0,8,2018-01-01 al 2018-06-30
3189013,leche saborizada choco choco,27,236,ml,1,2014-05-22,leche saborizada,N,"comercializadora de occidente, s.a. de c.v.",abarr. y art. de farmacia no grav,0,0,0,2018-01-01 al 2018-06-30
3189014,choco choco polvo exhibidor (10x25g),20,250,gr,0,2014-10-01,chocolate en polvo,S,"comercializadora de occidente, s.a. de c.v.",pago abarrotes gravado ieps (propio,0,0,8,2018-01-01 al 2018-06-30
3189031,chocolate en polvo sedesol-diconsa,30,400,gr,1,2017-06-15,chocolate en polvo,S,"comercializadora de occidente, s.a. de c.v.",pago abarrotes gravado ieps (propio,1,1,8,2018-01-01 al 2018-06-30
3189032,chocolate ibarra finamente molido,24,327,gr,0,2017-06-28,chocolate en polvo,S,"comercializadora de occidente, s.a. de c.v.",pago abarrotes gravado ieps (propio,0,0,8,2018-01-01 al 2018-06-30
3189033,choco choco polvo bolsa,24,327,gr,0,2017-06-28,chocolate en polvo,S,"comercializadora de occidente, s.a. de c.v.",pago abarrotes gravado ieps (propio,0,0,8,2018-01-01 al 2018-06-30
3189034,choco choco polvo bolsa,18,710,gr,0,2017-10-19,chocolate en polvo,S,"comercializadora de occidente, s.a. de c.v.",pago abarrotes gravado ieps (propio,0,0,8,2018-01-01 al 2018-06-30
3189035,choco choco polvo bolsa,24,167,gr,0,2017-10-19,chocolate en polvo,S,"comercializadora de occidente, s.a. de c.v.",pago abarrotes gravado ieps (propio,0,0,8,2018-01-01 al 2018-06-30
3191001,maiz blanco nacional a granel,1000,1,kg,0,2014-02-07,maiz blanco,S,"agronegocios integrales de la cienega, s.p.r. de r.l.",maiz,1,0,0,2018-01-01 al 2018-06-30
3191002,maiz blanco nacional envasado,1000,1,kg,0,2014-02-07,maiz blanco,S,"agronegocios integrales de la cienega, s.p.r. de r.l.",maiz,1,0,0,2018-01-01 al 2018-06-30
3192001,frijol negro san luis envasado,1,1,kg,0,2014-02-11,frijol envasado,S,"la once productos secos, s.a. de c.v.",frijol,0,0,0,2018-01-01 al 2018-06-30
3193001,maiz blanco nacional a granel,1000,1,kg,0,2014-02-11,maiz blanco,S,"rodriguez tolosa y asociados, s. en c. s. de c.v.",maiz,1,0,0,2018-01-01 al 2018-06-30
3193002,maiz blanco nacional envasado,1000,1,kg,0,2014-02-11,maiz blanco,S,"rodriguez tolosa y asociados, s. en c. s. de c.v.",maiz,1,0,0,2018-01-01 al 2018-06-30
3195001,frijol negro san luis envasado,1,1,kg,0,2014-02-13,frijol envasado,S,"productos del campo de zacatecas, s.p.r. de r.l.",frijol,0,0,0,2018-01-01 al 2018-06-30
3195002,frijol negro san luis a granel,1,1,kg,0,2014-02-27,frijol a granel,S,"productos del campo de zacatecas, s.p.r. de r.l.",frijol,0,0,0,2018-01-01 al 2018-06-30
3196001,frijol negro san luis envasado,1,1,kg,0,2014-02-13,frijol envasado,S,"comercializadora de frijol del estado de zacatecas, s.p.r. de r.l. de c.v.",frijol,0,0,0,2018-01-01 al 2018-06-30
3196002,frijol negro san luis a granel,1,1,kg,0,2014-02-27,frijol a granel,S,"comercializadora de frijol del estado de zacatecas, s.p.r. de r.l. de c.v.",frijol,0,0,0,2018-01-01 al 2018-06-30
3196003,frijol pinto saltillo envasado,1,1,kg,0,2014-06-12,frijol envasado,S,"comercializadora de frijol del estado de zacatecas, s.p.r. de r.l. de c.v.",frijol,0,0,0,2018-01-01 al 2018-06-30
3197001,maiz blanco nacional a granel,1000,1,kg,0,2014-02-17,maiz blanco,S,"valle de temascalcingo, s.p.r. de r.i.",maiz,0,0,0,2018-01-01 al 2018-06-30
3197002,maiz blanco nacional envasado,1000,1,kg,0,2014-02-17,maiz blanco,S,"valle de temascalcingo, s.p.r. de r.i.",maiz,0,0,0,2018-01-01 al 2018-06-30
3198001,maiz blanco nacional a granel,1000,1,kg,0,2014-02-17,maiz blanco,S,asociacion agroindustrial comercial y de servicios la esperanza a.l.p.r.,maiz,0,0,0,2018-01-01 al 2018-06-30
3198002,maiz blanco nacional envasado,1000,1,kg,0,2014-02-17,maiz blanco,S,asociacion agroindustrial comercial y de servicios la esperanza a.l.p.r.,maiz,0,0,0,2018-01-01 al 2018-06-30
3199001,frijol negro san luis envasado,1,1,kg,0,2014-02-19,frijol envasado,S,"productores de frijol de san juan, s.p.r. de r.l. de c.v.",frijol,0,0,0,2018-01-01 al 2018-06-30
3199002,frijol flor de mayo envasado,1,1,kg,0,2014-06-20,frijol envasado,S,"productores de frijol de san juan, s.p.r. de r.l. de c.v.",frijol,0,0,0,2018-01-01 al 2018-06-30
3199003,frijol pinto saltillo envasado,1,1,kg,0,2014-11-21,frijol envasado,S,"productores de frijol de san juan, s.p.r. de r.l. de c.v.",frijol,0,0,0,2018-01-01 al 2018-06-30
3199004,frijol negro san luis a granel,1,1,kg,0,2014-12-18,frijol a granel,S,"productores de frijol de san juan, s.p.r. de r.l. de c.v.",frijol,0,0,0,2018-01-01 al 2018-06-30
3200001,pasta para mole,1,5,kg,0,2014-02-24,moles,N,diana ceballos valdelamar,abarr. y art. de farmacia no grav,0,0,0,2018-01-01 al 2018-06-30
3203001,maiz blanco nacional a granel,1000,1,kg,0,2014-02-25,maiz blanco,S,union de productores agricolas y pecuarios del sureste s.p.r. de r.i.,maiz,0,0,0,2018-01-01 al 2018-06-30
3203002,maiz blanco nacional envasado,1000,1,kg,0,2014-02-25,maiz blanco,S,union de productores agricolas y pecuarios del sureste s.p.r. de r.i.,maiz,0,0,0,2018-01-01 al 2018-06-30
3204001,frijol negro san luis a granel,1,1,kg,0,2014-02-26,frijol a granel,S,"productores de granos y semillas los llanos, s.c. de r.l. de c.v.",frijol,0,0,0,2018-01-01 al 2018-06-30
3204002,frijol negro san luis envasado,1,1,kg,0,2014-03-19,frijol envasado,S,"productores de granos y semillas los llanos, s.c. de r.l. de c.v.",frijol,0,0,0,2018-01-01 al 2018-06-30
3205003,agua purificada sinai,12,1,lt,0,2017-12-01,agua purificada menor de 10 litros,N,delhi del carmen cabrera caraveo,abarr no grav decreto 2006,0,0,0,2018-01-01 al 2018-06-30
3205004,agua purificada sinai,20,600,ml,0,2017-12-01,agua purificada menor de 10 litros,N,delhi del carmen cabrera caraveo,abarr no grav decreto 2006,0,0,0,2018-01-01 al 2018-06-30
3205005,agua purificada sinai,24,330,ml,0,2017-12-01,agua purificada menor de 10 litros,N,delhi del carmen cabrera caraveo,abarr no grav decreto 2006,0,0,0,2018-01-01 al 2018-06-30
3205006,agua purificada sinai,9,1850,ml,0,2017-12-01,agua purificada menor de 10 litros,N,delhi del carmen cabrera caraveo,abarr no grav decreto 2006,0,0,0,2018-01-01 al 2018-06-30
3205007,agua purificada sinai,9,1500,ml,0,2018-08-02,agua purificada menor de 10 litros,N,delhi del carmen cabrera caraveo,abarr no grav decreto 2006,0,0,0,2018-01-01 al 2018-06-30
3207002,sardina california en tomate fresh label,24,425,gr,0,2014-03-06,sardina enlatada,S,"representaciones nyjisa, s.a. de c.v.",abarr. y art. de farmacia no grav,0,0,0,2018-01-01 al 2018-06-30
3207006,ensalada de verduras fresh label,12,1,kg,0,2017-04-25,diversos vegetales envasados,N,"representaciones nyjisa, s.a. de c.v.",abarr. y art. de farmacia no grav,0,0,0,2018-01-01 al 2018-06-30
3207007,chicharo con zanahoria fresh label,24,220,gr,0,2017-11-22,chicharo con zanahoria,N,"representaciones nyjisa, s.a. de c.v.",abarr. y art. de farmacia no grav,0,0,0,2018-01-01 al 2018-06-30
3207008,champinon rebanado fresh label,24,185,gr,0,2018-01-26,diversos vegetales envasados,N,"representaciones nyjisa, s.a. de c.v.",abarr. y art. de farmacia no grav,0,0,0,2018-01-01 al 2018-06-30
3208029,chocolate en polvo sedesol-diconsa,40,400,gr,1,2017-07-18,chocolate en polvo,S,"abastecedora mexico-america, s.a. de c.v.",pago abarrotes gravado ieps (propio,1,1,8,2018-01-01 al 2018-06-30
3208030,atole de amaranto sabor fresa,50,120,gr,0,2018-09-20,productos a base de amaranto,S,"abastecedora mexico-america, s.a. de c.v.",pago abarrotes gravado ieps (propio,0,0,8,2018-01-01 al 2018-06-30
3208031,bebida de avena,50,112,gr,0,2018-09-20,preparados para bebidas,N,"abastecedora mexico-america, s.a. de c.v.",pago abarrotes gravado ieps (propio,0,0,8,2018-01-01 al 2018-06-30
3208032,cereal de amaranto con arandano y pasas,50,100,gr,0,2018-09-20,productos a base de amaranto,S,"abastecedora mexico-america, s.a. de c.v.",pago abarrotes gravado ieps (propio,0,0,8,2018-01-01 al 2018-06-30
3208033,galleta integral fort sabor naranja,250,30,gr,0,2018-09-20,galletas diversas,S,"abastecedora mexico-america, s.a. de c.v.",pago abarrotes gravado ieps (propio,0,0,8,2018-01-01 al 2018-06-30
3209001,frijol negro san luis envasado,1,1,kg,0,2014-03-20,frijol envasado,S,"agro servicios de miguel auza, s.p.r. de r.l. de c.v.",frijol,0,0,0,2018-01-01 al 2018-06-30
3209002,frijol negro san luis a granel,1,1,kg,0,2014-09-24,frijol a granel,S,"agro servicios de miguel auza, s.p.r. de r.l. de c.v.",frijol,0,0,0,2018-01-01 al 2018-06-30
3209003,frijol pinto saltillo envasado,1,1,kg,0,2015-03-11,frijol envasado,S,"agro servicios de miguel auza, s.p.r. de r.l. de c.v.",frijol,0,0,0,2018-01-01 al 2018-06-30
3210001,frijol negro san luis a granel,1,1,kg,0,2014-03-20,frijol a granel,S,"los zacatecos, s. de s.s.",frijol,0,0,0,2018-01-01 al 2018-06-30
3210002,frijol negro san luis envasado,1,1,kg,0,2014-04-04,frijol envasado,S,"los zacatecos, s. de s.s.",frijol,0,0,0,2018-01-01 al 2018-06-30
3210003,frijol flor de mayo envasado,1,1,kg,0,2014-11-19,frijol envasado,S,"los zacatecos, s. de s.s.",frijol,0,0,0,2018-01-01 al 2018-06-30
3210004,frijol flor de junio envasado,1,1,kg,0,2014-12-02,frijol envasado,S,"los zacatecos, s. de s.s.",frijol,0,0,0,2018-01-01 al 2018-06-30
3211001,frijol negro san luis envasado,1,1,kg,0,2014-03-25,frijol envasado,S,"agropecuaria las maravillas, s.p.r. de r.l.",frijol,0,0,0,2018-01-01 al 2018-06-30
3211002,frijol negro san luis a granel,1,1,kg,0,2014-07-29,frijol a granel,S,"agropecuaria las maravillas, s.p.r. de r.l.",frijol,0,0,0,2018-01-01 al 2018-06-30
3212001,harina de maiz nixtamalizado abdon,10,1,kg,1,2014-03-25,harina de maiz,S,abdon abel hernandez olvera,harina de maiz,0,0,0,2018-01-01 al 2018-06-30
3213008,cafe soluble mezclado,1,250,gr,0,2017-10-11,cafe soluble,S,"primero computacion, s.a. de c.v.",abarr. y art. de farmacia no grav,0,0,0,2018-01-01 al 2018-06-30
3213009,cubrebocas reusables plasticos 10 pzas t,1,1,pz,0,2017-12-27,material de curacion,N,"primero computacion, s.a. de c.v.",miscelaneos grav,0,0,0,2018-01-01 al 2018-06-30
3213010,guantes para horno en tela,1,1,pz,0,2017-12-27,herramientas p/el campo y kits de limp.,N,"primero computacion, s.a. de c.v.",miscelaneos grav,0,0,0,2018-01-01 al 2018-06-30
3213011,mesa banqueteras rectang 2.40 x0.76 abat,1,1,pz,0,2017-12-28,herramientas p/el campo y kits de limp.,N,"primero computacion, s.a. de c.v.",miscelaneos grav,0,0,0,2018-01-01 al 2018-06-30
3213012,"tenis talla chica, mediana y grande",1,1,pz,0,2018-06-14,calzado de plastico,N,"primero computacion, s.a. de c.v.","acc. p/bebe, ropa y calzado grav",0,0,0,2018-01-01 al 2018-06-30
3218001,cerillos clasicos 10/5/10/50,50,10,pz,0,2014-04-07,cerillos,N,"compañia la central, s.a. de c.v.",abarr. y art. de farmacia grav,0,0,0,2018-01-01 al 2018-06-30
3218002,cerillos clasicos 20/5/10/50,100,10,pz,0,2014-04-07,cerillos,N,"compañia la central, s.a. de c.v.",abarr. y art. de farmacia grav,0,0,0,2018-01-01 al 2018-06-30
3218003,cerillos talisman 20/5/10/50,100,10,pz,0,2014-04-07,cerillos,N,"compañia la central, s.a. de c.v.",abarr. y art. de farmacia grav,0,0,0,2018-01-01 al 2018-06-30
3218004,cerillos viajeros 20/5/10/32,100,10,pz,0,2014-04-07,cerillos,N,"compañia la central, s.a. de c.v.",abarr. y art. de farmacia grav,0,0,0,2018-01-01 al 2018-06-30
3219001,huevo blanco,360,1,pz,0,2014-04-11,huevo fresco,N,"logi comer pro, s.a. de c.v.",productos perecederos,0,0,0,2018-01-01 al 2018-06-30
3221001,huevo blanco,300,1,pz,0,2014-04-16,huevo fresco,N,ricardo antonio villarreal salazar,productos perecederos,0,0,0,2018-01-01 al 2018-06-30
3224001,maiz blanco nacional a granel,1000,1,kg,0,2014-04-24,maiz blanco,S,"gramilpa, s.a. de c.v.",maiz,0,0,0,2018-01-01 al 2018-06-30
3224002,maiz blanco nacional envasado,1000,1,kg,0,2014-04-24,maiz blanco,S,"gramilpa, s.a. de c.v.",maiz,1,0,0,2018-01-01 al 2018-06-30
3225001,cafe soluble,12,100,gr,0,2014-05-07,cafe soluble,S,martha emeria barbosa garcia,abarr. y art. de farmacia no grav,0,0,0,2018-01-01 al 2018-06-30
3225002,cafe soluble,12,180,gr,0,2014-05-07,cafe soluble,S,martha emeria barbosa garcia,abarr. y art. de farmacia no grav,0,0,0,2018-01-01 al 2018-06-30
3225003,cafe soluble sobres,20,10,gr,0,2014-05-07,cafe soluble,S,martha emeria barbosa garcia,abarr. y art. de farmacia no grav,0,0,0,2018-01-01 al 2018-06-30
3225004,cafe david soluble,12,50,gr,0,2016-10-17,cafe soluble,S,martha emeria barbosa garcia,abarr. y art. de farmacia no grav,0,0,0,2018-01-01 al 2018-06-30
3225005,cafe david bolsa,1,250,gr,0,2016-10-17,cafe tostado y molido,S,martha emeria barbosa garcia,abarr. y art. de farmacia no grav,0,0,0,2018-01-01 al 2018-06-30
3228006,maiz blanco pozolero el mexicano,6,3010,gr,0,2018-07-04,maiz cacahuazintle,N,"marquez brothers international, s.a. de c.v.",abarr. y art. de farmacia no grav,0,0,0,2018-01-01 al 2018-06-30
3228007,maiz blanco pozolero el mexicano,12,822,gr,0,2018-07-04,maiz cacahuazintle,N,"marquez brothers international, s.a. de c.v.",abarr. y art. de farmacia no grav,0,0,0,2018-01-01 al 2018-06-30
3230001,tarjeta telefonica multifon $30,1,1,pz,0,2014-05-15,tarjetas telefonicas,N,"telecomunicaciones controladora de servicios,s.a. de c.v.",tarj.telef y estamp.post. grav,0,0,0,2018-01-01 al 2018-06-30
3230002,tarjeta telefonica multifon $50,1,1,pz,0,2014-05-15,tarjetas telefonicas,N,"telecomunicaciones controladora de servicios,s.a. de c.v.",tarj.telef y estamp.post. grav,0,0,0,2018-01-01 al 2018-06-30
3230003,tarjeta telefonica multifon $100,1,1,pz,0,2014-05-15,tarjetas telefonicas,N,"telecomunicaciones controladora de servicios,s.a. de c.v.",tarj.telef y estamp.post. grav,0,0,0,2018-01-01 al 2018-06-30
3230004,tarjeta telefonica multifon $10,1,1,pz,0,2014-05-15,tarjetas telefonicas,N,"telecomunicaciones controladora de servicios,s.a. de c.v.",tarj.telef y estamp.post. grav,0,0,0,2018-01-01 al 2018-06-30
3234001,frijol pinto saltillo envasado,1,1,kg,0,2014-05-19,frijol envasado,S,"integradora estatal de productores de chihuahua, s.a. de c.v.",frijol,1,0,0,2018-01-01 al 2018-06-30
3235001,frijol negro san luis a granel,1,1,kg,0,2014-05-20,frijol a granel,S,"empresa integradora de ejidos asociados, s.a. de c.v.",frijol,0,0,0,2018-01-01 al 2018-06-30
3237001,vinagre blanco chac nah,20,500,ml,0,2014-05-21,vinagre,N,jose david nah song,abarr. y art. de farmacia no grav,0,0,0,2018-01-01 al 2018-06-30
3237002,vainilla,24,148,ml,0,2014-06-06,extractos,N,jose david nah song,abarr. y art. de farmacia no grav,0,0,0,2018-01-01 al 2018-06-30
3237003,horchata de arroz bote,24,250,ml,0,2014-06-06,concentrado liquido para refrescos,N,jose david nah song,abarr. y art. de farmacia no grav,0,0,0,2018-01-01 al 2018-06-30
3237004,horchata de arroz,12,700,ml,0,2014-06-06,concentrado liquido para refrescos,N,jose david nah song,abarr. y art. de farmacia no grav,0,0,0,2018-01-01 al 2018-06-30
3237005,jarabe de jamaica,12,700,ml,0,2014-06-06,concentrado liquido para refrescos,N,jose david nah song,abarr. y art. de farmacia no grav,0,0,0,2018-01-01 al 2018-06-30
3237006,jarabe de tamarindo,24,250,ml,0,2014-06-06,concentrado liquido para refrescos,N,jose david nah song,abarr. y art. de farmacia no grav,0,0,0,2018-01-01 al 2018-06-30
3237007,jarabe de tamarindo,12,700,ml,0,2014-06-06,concentrado liquido para refrescos,N,jose david nah song,abarr. y art. de farmacia no grav,0,0,0,2018-01-01 al 2018-06-30
3238001,maiz blanco nacional a granel,1000,1,kg,0,2014-05-27,maiz blanco,S,agronegocios del valle del mezquital s.de r.l. de c.v.,maiz,0,0,0,2018-01-01 al 2018-06-30
3238002,maiz blanco nacional envasado,1000,1,kg,0,2014-05-27,maiz blanco,S,agronegocios del valle del mezquital s.de r.l. de c.v.,maiz,0,0,0,2018-01-01 al 2018-06-30
3240001,olla de aluminio triple fuerte 30,1,1,pz,0,2014-05-30,utensilios de loza y peltre,N,"grupo empresarial interamericano orme, s.a. de c.v.",art. de hogar y jarcieria grav,0,0,0,2018-01-01 al 2018-06-30
3240002,olla de aluminio triple fuerte 40,1,1,pz,0,2014-05-30,utensilios de loza y peltre,N,"grupo empresarial interamericano orme, s.a. de c.v.",art. de hogar y jarcieria grav,0,0,0,2018-01-01 al 2018-06-30
3240003,olla de aluminio triple fuerte 60,1,1,pz,0,2014-05-30,utensilios de loza y peltre,N,"grupo empresarial interamericano orme, s.a. de c.v.",art. de hogar y jarcieria grav,0,0,0,2018-01-01 al 2018-06-30
3240004,sarten triple fuerte 40,1,1,pz,0,2014-06-10,utensilios de loza y peltre,N,"grupo empresarial interamericano orme, s.a. de c.v.",art. de hogar y jarcieria grav,0,0,0,2018-01-01 al 2018-06-30
3240005,sarten triple fuerte 36,1,1,pz,0,2014-06-10,utensilios de loza y peltre,N,"grupo empresarial interamericano orme, s.a. de c.v.",art. de hogar y jarcieria grav,0,0,0,2018-01-01 al 2018-06-30
3240006,tinaco de 750 lts,1,1,pz,0,2014-06-10,herramientas p/el campo y kits de limp.,N,"grupo empresarial interamericano orme, s.a. de c.v.",miscelaneos grav,0,0,0,2018-01-01 al 2018-06-30
3240007,budinera de 50 lt,1,1,pz,0,2014-09-09,utensilios de loza y peltre,N,"grupo empresarial interamericano orme, s.a. de c.v.",art. de hogar y jarcieria grav,0,0,0,2018-01-01 al 2018-06-30
3240008,cucharas grandes,1,1,pz,0,2014-09-09,utensilios de aluminio y acero,N,"grupo empresarial interamericano orme, s.a. de c.v.",miscelaneos grav,0,0,0,2018-01-01 al 2018-06-30
3240009,huevo en polvo,20,1,kg,0,2014-09-18,huevo deshidratado,N,"grupo empresarial interamericano orme, s.a. de c.v.",abarr. y art. de farmacia no grav,0,0,0,2018-01-01 al 2018-06-30
3240012,tenedores,1,1,pz,0,2014-10-23,utensilios de aluminio y acero,N,"grupo empresarial interamericano orme, s.a. de c.v.",art. de hogar y jarcieria grav,0,0,0,2018-01-01 al 2018-06-30
3240013,cucharas soperas,1,1,pz,0,2014-10-23,utensilios de aluminio y acero,N,"grupo empresarial interamericano orme, s.a. de c.v.",miscelaneos grav,0,0,0,2018-01-01 al 2018-06-30
3240014,cuchillos,1,1,pz,0,2014-10-23,utensilios de aluminio y acero,N,"grupo empresarial interamericano orme, s.a. de c.v.",art. de hogar y jarcieria grav,0,0,0,2018-01-01 al 2018-06-30
3240015,platos de 15 cm,1,1,pz,0,2014-10-23,utensilios d/plastico madera y vidrio,N,"grupo empresarial interamericano orme, s.a. de c.v.",miscelaneos grav,0,0,0,2018-01-01 al 2018-06-30
3240016,tazas,1,1,pz,0,2014-10-23,utensilios d/plastico madera y vidrio,N,"grupo empresarial interamericano orme, s.a. de c.v.",art. de hogar y jarcieria grav,0,0,0,2018-01-01 al 2018-06-30
3240017,vaporera de 40 lts,1,1,pz,0,2014-10-23,utensilios de aluminio y acero,N,"grupo empresarial interamericano orme, s.a. de c.v.",miscelaneos grav,0,0,0,2018-01-01 al 2018-06-30
3240018,prensa para hacer tortillas,1,1,pz,0,2014-10-23,utensilios de aluminio y acero,N,"grupo empresarial interamericano orme, s.a. de c.v.",miscelaneos grav,0,0,0,2018-01-01 al 2018-06-30
3240020,pala de acero inoxidable,1,1,pz,0,2014-11-21,utensilios de aluminio y acero,N,"grupo empresarial interamericano orme, s.a. de c.v.",miscelaneos grav,0,0,0,2018-01-01 al 2018-06-30
3240021,platos hondos,1,1,pz,0,2014-11-21,utensilios d/plastico madera y vidrio,N,"grupo empresarial interamericano orme, s.a. de c.v.",miscelaneos grav,0,0,0,2018-01-01 al 2018-06-30
3240024,cuchillos de 25 cm,1,1,pz,0,2014-11-21,utensilios de aluminio y acero,N,"grupo empresarial interamericano orme, s.a. de c.v.",miscelaneos grav,0,0,0,2018-01-01 al 2018-06-30
3240026,cucharones,1,1,pz,0,2014-12-04,utensilios de aluminio y acero,N,"grupo empresarial interamericano orme, s.a. de c.v.",miscelaneos grav,0,0,0,2018-01-01 al 2018-06-30
3240027,tabla para picar,1,1,pz,0,2014-12-04,utensilios d/plastico madera y vidrio,N,"grupo empresarial interamericano orme, s.a. de c.v.",art. de hogar y jarcieria grav,0,0,0,2018-01-01 al 2018-06-30
3240028,silla de plastico,1,1,pz,0,2014-12-04,utensilios d/plastico madera y vidrio,N,"grupo empresarial interamericano orme, s.a. de c.v.",miscelaneos grav,0,0,0,2018-01-01 al 2018-06-30
3240029,mesa banqueteras,1,1,pz,0,2014-12-04,utensilios d/plastico madera y vidrio,N,"grupo empresarial interamericano orme, s.a. de c.v.",miscelaneos grav,0,0,0,2018-01-01 al 2018-06-30
3240030,platos de 25 cm,1,1,pz,0,2014-12-11,utensilios d/plastico madera y vidrio,N,"grupo empresarial interamericano orme, s.a. de c.v.",miscelaneos grav,0,0,0,2018-01-01 al 2018-06-30
3240036,vaso de melamina,1,1,pz,0,2015-10-13,utensilios d/plastico madera y vidrio,N,"grupo empresarial interamericano orme, s.a. de c.v.",art. de hogar y jarcieria grav,0,0,0,2018-01-01 al 2018-06-30
3240051,sarten grande  36 cm,1,1,pz,0,2015-10-13,utensilios de loza y peltre,N,"grupo empresarial interamericano orme, s.a. de c.v.",art. de hogar y jarcieria grav,0,0,0,2018-01-01 al 2018-06-30
3240061,purificador de agua de tubo de ceramica,1,1,pz,0,2015-10-28,utensilios d/plastico madera y vidrio,N,"grupo empresarial interamericano orme, s.a. de c.v.",miscelaneos grav,0,0,0,2018-01-01 al 2018-06-30
3240063,atun en agua capitan marino,48,140,gr,0,2016-01-28,atun enlatado,S,"grupo empresarial interamericano orme, s.a. de c.v.",abarr. y art. de farmacia no grav,0,0,0,2018-01-01 al 2018-06-30
3240065,"chicharos, zanahoria y papa con del nort",48,210,gr,0,2016-03-03,diversos vegetales envasados,N,"grupo empresarial interamericano orme, s.a. de c.v.",abarr. y art. de farmacia no grav,0,0,0,2018-01-01 al 2018-06-30
3240068,vasos de policarbonato,1,1,pz,0,2016-10-21,utensilios d/plastico madera y vidrio,N,"grupo empresarial interamericano orme, s.a. de c.v.",art. de hogar y jarcieria grav,0,0,0,2018-01-01 al 2018-06-30
3240069,leche semidescremada en polvo nutra,80,210,gr,1,2017-06-23,leche evaporada y concentrada,S,"grupo empresarial interamericano orme, s.a. de c.v.",abarr. y art. de farmacia no grav,0,0,0,2018-01-01 al 2018-06-30
3240070,mesas banqueteras 2.44x 0.76 abatible,1,1,pz,0,2017-11-02,herramientas p/el campo y kits de limp.,N,"grupo empresarial interamericano orme, s.a. de c.v.",miscelaneos grav,0,0,0,2018-01-01 al 2018-06-30
3240071,ensalada de verduras conservas del norte,48,225,gr,0,2017-12-05,diversos vegetales envasados,N,"grupo empresarial interamericano orme, s.a. de c.v.",abarr. y art. de farmacia no grav,0,0,0,2018-01-01 al 2018-06-30
3240072,leche ultrapasteurizada semidesc. lechel,12,1,lt,1,2018-02-15,leche evaporada y concentrada,S,"grupo empresarial interamericano orme, s.a. de c.v.",abarr. y art. de farmacia no grav,0,0,0,2018-01-01 al 2018-06-30
3240073,suplemento alim. menores 5 anos nutras,30,500,gr,0,2018-06-22,complementos alimenticios,N,"grupo empresarial interamericano orme, s.a. de c.v.",abarr. y art. de farmacia no grav,0,0,0,2018-01-01 al 2018-06-30
3243001,maiz blanco nacional a granel,1000,1,kg,0,2014-06-06,maiz blanco,S,"multigranos del bajio, s.p.r. de r.l.",maiz,0,0,0,2018-01-01 al 2018-06-30
3243002,maiz blanco nacional envasado,1000,1,kg,0,2014-06-06,maiz blanco,S,"multigranos del bajio, s.p.r. de r.l.",maiz,0,0,0,2018-01-01 al 2018-06-30
3250001,playera tipo polo,1,1,pz,0,2014-06-24,ropa,N,"elmeca, s.a. de c.v.","acc. p/bebe, ropa y calzado grav",0,0,0,2018-01-01 al 2018-06-30
3250005,chamarra y panatalon d/pants talla chica,1,1,pz,0,2018-06-13,ropa,N,"elmeca, s.a. de c.v.","acc. p/bebe, ropa y calzado grav",0,0,0,2018-01-01 al 2018-06-30
3250006,chamarra y panatalon de pants talla gran,1,1,pz,0,2018-06-13,ropa,N,"elmeca, s.a. de c.v.","acc. p/bebe, ropa y calzado grav",0,0,0,2018-01-01 al 2018-06-30
3250007,playera tipo polo talla chica y mediana,1,1,pz,0,2018-06-13,ropa,N,"elmeca, s.a. de c.v.","acc. p/bebe, ropa y calzado grav",0,0,0,2018-01-01 al 2018-06-30
3250008,playera tipo polo talla grande,1,1,pz,0,2018-06-14,ropa,N,"elmeca, s.a. de c.v.","acc. p/bebe, ropa y calzado grav",0,0,0,2018-01-01 al 2018-06-30
3253001,veladora envuelta santiago,100,1,pz,0,2014-06-30,veladoras,N,"comercializadora okimar, s. de r.l.m.i.",abarr. y art. de farmacia grav,0,0,0,2018-01-01 al 2018-06-30
3253002,veladora cirio #4 santiago,40,1,pz,0,2014-06-30,veladoras,N,"comercializadora okimar, s. de r.l.m.i.",abarr. y art. de farmacia grav,0,0,0,2018-01-01 al 2018-06-30
3253003,veladora repuesto de limonero santiago,30,1,pz,0,2014-06-30,veladoras,N,"comercializadora okimar, s. de r.l.m.i.",abarr. y art. de farmacia grav,0,0,0,2018-01-01 al 2018-06-30
3253004,veladora zafiro santiago,100,1,pz,0,2014-06-30,veladoras,N,"comercializadora okimar, s. de r.l.m.i.",abarr. y art. de farmacia grav,0,0,0,2018-01-01 al 2018-06-30
3253005,veladora media semana ecologica santiago,24,1,pz,0,2014-06-30,veladoras,N,"comercializadora okimar, s. de r.l.m.i.",abarr. y art. de farmacia grav,0,0,0,2018-01-01 al 2018-06-30
3253006,veladora semanal ecologica santiago,12,1,pz,0,2014-06-30,veladoras,N,"comercializadora okimar, s. de r.l.m.i.",abarr. y art. de farmacia grav,0,0,0,2018-01-01 al 2018-06-30
3253007,veladora quincenal ecologica santiago,12,1,pz,0,2014-06-30,veladoras,N,"comercializadora okimar, s. de r.l.m.i.",abarr. y art. de farmacia grav,0,0,0,2018-01-01 al 2018-06-30
3253008,veladora limonero con vaso santiago,20,1,pz,0,2014-06-30,veladoras,N,"comercializadora okimar, s. de r.l.m.i.",abarr. y art. de farmacia grav,0,0,0,2018-01-01 al 2018-06-30
3253011,caja carton 30.7x22x16 res 9kg 3 tint,1000,1,pz,0,2014-10-14,cajas de carton para despensas,N,"comercializadora okimar, s. de r.l.m.i.",miscelaneos grav,0,0,0,2018-01-01 al 2018-06-30
3253014,caja carton 30.7x22x16 res 9kg s/imp,1000,1,pz,0,2014-12-04,cajas de carton para despensas,N,"comercializadora okimar, s. de r.l.m.i.",miscelaneos grav,0,0,0,2018-01-01 al 2018-06-30
3255005,cafe puro tostado y molido,45,250,gr,0,2015-02-20,cafe tostado y molido,S,"comercializadora exdecaf, s.a. de c.v.",abarr. y art. de farmacia no grav,0,0,0,2018-01-01 al 2018-06-30
3255006,cafe soluble mezclado,25,10,gr,0,2015-04-13,cafe soluble,S,"comercializadora exdecaf, s.a. de c.v.",abarr. y art. de farmacia no grav,0,0,0,2018-01-01 al 2018-06-30
3255007,cafe mezclado con caramelo,60,30,gr,0,2015-04-13,cafe tostado y molido,S,"comercializadora exdecaf, s.a. de c.v.",abarr. y art. de farmacia no grav,0,0,0,2018-01-01 al 2018-06-30
3255008,cafe americano,20,50,gr,0,2015-04-13,cafe tostado y molido,S,"comercializadora exdecaf, s.a. de c.v.",abarr. y art. de farmacia no grav,0,0,0,2018-01-01 al 2018-06-30
3255009,cafe soluble mezclado,12,100,gr,0,2015-04-13,cafe soluble,S,"comercializadora exdecaf, s.a. de c.v.",abarr. y art. de farmacia no grav,0,0,0,2018-01-01 al 2018-06-30
3255010,cafe soluble molido aradais,40,250,gr,0,2018-02-08,cafe soluble,S,"comercializadora exdecaf, s.a. de c.v.",abarr. y art. de farmacia no grav,0,0,0,2018-01-01 al 2018-06-30
3256008,cloro,1,1,lt,0,2017-12-27,blanqueadores,S,"diprovic de mexico, s. de r.l. de c.v.",abarr. y art. de farmacia grav,0,0,0,2018-01-01 al 2018-06-30
3256009,congelador industrial con tapa horizonta,1,1,pz,0,2017-12-27,articulos para el hogar,N,"diprovic de mexico, s. de r.l. de c.v.",miscelaneos grav,0,0,0,2018-01-01 al 2018-06-30
3256010,contenedor para basura con tapa 32 galon,1,1,pz,0,2017-12-27,utensilios d/plastico madera y vidrio,N,"diprovic de mexico, s. de r.l. de c.v.",miscelaneos grav,0,0,0,2018-01-01 al 2018-06-30
3256011,cubeta de plastico,1,1,pz,0,2017-12-27,utensilios d/plastico madera y vidrio,N,"diprovic de mexico, s. de r.l. de c.v.",miscelaneos grav,0,0,0,2018-01-01 al 2018-06-30
3256012,despachador de jabon para manos,1,1,pz,0,2017-12-27,articulos escolares,N,"diprovic de mexico, s. de r.l. de c.v.",miscelaneos grav,0,0,0,2018-01-01 al 2018-06-30
3256013,escoba,1,1,pz,0,2017-12-27,"escobas, escobetas y cepillos",N,"diprovic de mexico, s. de r.l. de c.v.",miscelaneos grav,0,0,0,2018-01-01 al 2018-06-30
3256014,estantes acero inoxidable para cocina,1,1,pz,0,2017-12-27,articulos para cocina,N,"diprovic de mexico, s. de r.l. de c.v.",miscelaneos grav,0,0,0,2018-01-01 al 2018-06-30
3256015,extinguidores,1,1,pz,0,2017-12-27,herramientas p/el campo y kits de limp.,N,"diprovic de mexico, s. de r.l. de c.v.",miscelaneos grav,0,0,0,2018-01-01 al 2018-06-30
3256016,fibra verde de uso general (paquete con,1,1,pz,0,2017-12-27,fibras y estropajos,N,"diprovic de mexico, s. de r.l. de c.v.",miscelaneos grav,0,0,0,2018-01-01 al 2018-06-30
3256017,gel antibacterial,1,1,lt,0,2017-12-27,alcohol,N,"diprovic de mexico, s. de r.l. de c.v.",abarr. y art. de farmacia grav,0,0,0,2018-01-01 al 2018-06-30
3256018,jabon lavatrastes antibacterial,1,1,lt,0,2017-12-27,detergente en polvo,S,"diprovic de mexico, s. de r.l. de c.v.",abarr. y art. de farmacia grav,0,0,0,2018-01-01 al 2018-06-30
3256019,jarras de plastico clarificadas,1,1,pz,0,2017-12-27,utensilios de aluminio y acero,N,"diprovic de mexico, s. de r.l. de c.v.",miscelaneos grav,0,0,0,2018-01-01 al 2018-06-30
3256020,limpiador con aroma,1,1,lt,0,2017-12-27,limpiadores liquidos,N,"diprovic de mexico, s. de r.l. de c.v.",abarr. y art. de farmacia grav,0,0,0,2018-01-01 al 2018-06-30
3256021,"mesa preparacion alim, acero inox20x60cm",1,1,pz,0,2017-12-27,herramientas p/el campo y kits de limp.,N,"diprovic de mexico, s. de r.l. de c.v.",miscelaneos grav,0,0,0,2018-01-01 al 2018-06-30
3256022,olla de presion express 15 lts,1,1,pz,0,2017-12-27,utensilios de loza y peltre,N,"diprovic de mexico, s. de r.l. de c.v.",miscelaneos grav,0,0,0,2018-01-01 al 2018-06-30
3256023,palangana romana no.6,1,1,pz,0,2017-12-27,utensilios d/plastico madera y vidrio,N,"diprovic de mexico, s. de r.l. de c.v.",miscelaneos grav,0,0,0,2018-01-01 al 2018-06-30
3256024,palas volteadoras,1,1,pz,0,2017-12-27,utensilios d/plastico madera y vidrio,N,"diprovic de mexico, s. de r.l. de c.v.",miscelaneos grav,0,0,0,2018-01-01 al 2018-06-30
3256025,paquete 100 cofias tipo gusano blanco,1,1,pz,0,2017-12-27,material de curacion,N,"diprovic de mexico, s. de r.l. de c.v.",miscelaneos grav,0,0,0,2018-01-01 al 2018-06-30
3256026,plato de plastico extendido de 25 cm,1,1,pz,0,2017-12-27,cubiertos desechables,N,"diprovic de mexico, s. de r.l. de c.v.",miscelaneos grav,0,0,0,2018-01-01 al 2018-06-30
3256027,plato de plastico redondo hondo,1,1,pz,0,2017-12-27,cubiertos desechables,N,"diprovic de mexico, s. de r.l. de c.v.",miscelaneos grav,0,0,0,2018-01-01 al 2018-06-30
3256028,recogedor de lamna galvanizada con basto,1,1,pz,0,2017-12-27,utensilios d/plastico madera y vidrio,N,"diprovic de mexico, s. de r.l. de c.v.",miscelaneos grav,0,0,0,2018-01-01 al 2018-06-30
3256029,refrigerador industrial 26 pies 2 puerta,1,1,pz,0,2017-12-27,linea blanca,N,"diprovic de mexico, s. de r.l. de c.v.",miscelaneos grav,0,0,0,2018-01-01 al 2018-06-30
3256030,senalamienos de ruta de evacuacion,1,1,pz,0,2017-12-27,herramientas p/el campo y kits de limp.,N,"diprovic de mexico, s. de r.l. de c.v.",miscelaneos grav,0,0,0,2018-01-01 al 2018-06-30
3256031,senalamiento de lavarse las manos,1,1,pz,0,2017-12-27,herramientas p/el campo y kits de limp.,N,"diprovic de mexico, s. de r.l. de c.v.",miscelaneos grav,0,0,0,2018-01-01 al 2018-06-30
3256032,senalamientos de extintor,1,1,pz,0,2017-12-27,herramientas p/el campo y kits de limp.,N,"diprovic de mexico, s. de r.l. de c.v.",miscelaneos grav,0,0,0,2018-01-01 al 2018-06-30
3256033,sillas plegables,1,1,pz,0,2017-12-27,utensilios d/plastico madera y vidrio,N,"diprovic de mexico, s. de r.l. de c.v.",miscelaneos grav,0,0,0,2018-01-01 al 2018-06-30
3256034,tabla de picar plastica mediana no made,1,1,pz,0,2017-12-27,utensilios d/plastico madera y vidrio,N,"diprovic de mexico, s. de r.l. de c.v.",miscelaneos grav,0,0,0,2018-01-01 al 2018-06-30
3256035,tablon plastico plegable,1,1,pz,0,2017-12-27,herramientas p/el campo y kits de limp.,N,"diprovic de mexico, s. de r.l. de c.v.",miscelaneos grav,0,0,0,2018-01-01 al 2018-06-30
3256036,tanque estacionario 120 lt,1,1,pz,0,2017-12-27,herramientas p/el campo y kits de limp.,N,"diprovic de mexico, s. de r.l. de c.v.",miscelaneos grav,0,0,0,2018-01-01 al 2018-06-30
3256037,tazas,1,1,pz,0,2017-12-27,utensilios d/plastico madera y vidrio,N,"diprovic de mexico, s. de r.l. de c.v.",miscelaneos grav,0,0,0,2018-01-01 al 2018-06-30
3256038,trapeador,1,1,pz,0,2017-12-27,trapeadores y mechudos,N,"diprovic de mexico, s. de r.l. de c.v.",miscelaneos grav,0,0,0,2018-01-01 al 2018-06-30
3256039,vaso de plastico no desechable,1,1,pz,0,2017-12-27,utensilios d/plastico madera y vidrio,N,"diprovic de mexico, s. de r.l. de c.v.",miscelaneos grav,0,0,0,2018-01-01 al 2018-06-30
3258001,cafe 100% puro tostado y molido,40,250,gr,0,2014-07-02,cafe tostado y molido  ps,N,"sociedad cooperativa de prod. agrop. la pintada, s.c.l.",abarr. y art. de farmacia no grav,0,0,0,2018-01-01 al 2018-06-30
3258002,cafe soluble mezclado la pintada,40,250,gr,0,2017-10-10,cafe soluble,S,"sociedad cooperativa de prod. agrop. la pintada, s.c.l.",abarr. y art. de farmacia no grav,0,0,0,2018-01-01 al 2018-06-30
3261001,arroz milagro filipino 5% envasado,1,1,kg,0,2014-07-10,arroz envasado,S,"cereales empacados, s. de r.l. de c.v.",arroz,0,0,0,2018-01-01 al 2018-06-30
3269001,azucar estandar envasada,1,1,kg,0,2014-07-21,azucar estandar,S,"domino comercio, s.a. de c.v.",azucar,1,0,0,2018-01-01 al 2018-06-30
3269002,azucar estandar a granel,1,1,kg,0,2014-07-21,azucar estandar,S,"domino comercio, s.a. de c.v.",azucar,0,0,0,2018-01-01 al 2018-06-30
3271001,arroz m filipino 5% envasado,1,1,kg,0,2014-07-30,arroz envasado,S,"grupo agroindustrial progreso, s.a. de c.v.",arroz,1,0,0,2018-01-01 al 2018-06-30
3277004,arroz g. largo 5% envasado integral,1,1,kg,0,2015-01-16,arroz envasado,S,"empacadora la merced, s.a. de c.v.",arroz,0,0,0,2018-01-01 al 2018-06-30
3279002,sopa fideos precocida c/soya mi chopita,1,1000,gr,0,2017-10-04,diversas sopas envasadas y enlatadas,N,"procesadora agroindustrial del norte, s. de p.r. de r.l. de c.v.",abarr. y art. de farmacia no grav,0,0,0,2018-01-01 al 2018-06-30
3279003,sopa fideos precoci c/soya y veg chopita,1,1000,gr,0,2017-10-04,diversas sopas envasadas y enlatadas,N,"procesadora agroindustrial del norte, s. de p.r. de r.l. de c.v.",abarr. y art. de farmacia no grav,0,0,0,2018-01-01 al 2018-06-30
3279004,chicharron en salsa verde la cocina tita,1,1000,gr,0,2018-02-07,diversas comidas preparadas,N,"procesadora agroindustrial del norte, s. de p.r. de r.l. de c.v.",abarr. y art. de farmacia no grav,0,0,0,2018-01-01 al 2018-06-30
3279005,carne deshidratada (machaca),60,125,gr,0,2018-05-10,diversas carnes envasadas,N,"procesadora agroindustrial del norte, s. de p.r. de r.l. de c.v.",abarr. y art. de farmacia no grav,0,0,0,2018-01-01 al 2018-06-30
3281001,mole poblano en pasta,1,5,kg,0,2014-09-25,moles,N,guillermo cruz sotomayor,abarr. y art. de farmacia no grav,0,0,0,2018-01-01 al 2018-06-30
3281002,mole verde en pasta,1,5,kg,0,2014-09-25,moles,N,guillermo cruz sotomayor,abarr. y art. de farmacia no grav,0,0,0,2018-01-01 al 2018-06-30
3281003,adobo en pasta,1,5,kg,0,2014-09-25,adobos,N,guillermo cruz sotomayor,abarr. y art. de farmacia no grav,0,0,0,2018-01-01 al 2018-06-30
3281004,pipian en pasta,1,5,kg,0,2014-09-25,moles,N,guillermo cruz sotomayor,abarr. y art. de farmacia no grav,0,0,0,2018-01-01 al 2018-06-30
3287001,nopal en salmuera,30,500,gr,0,2014-10-08,diversos vegetales envasados,N,"comercializadora mexico fresco, s.a. de c.v.",abarr. y art. de farmacia no grav,0,0,0,2018-01-01 al 2018-06-30
3289003,encendedor gil cg4 traslucido,40,25,pz,0,2014-11-12,encendedores,N,"distribuidora flama, s. de r.l. de c.v.",miscelaneos grav,0,0,0,2018-01-01 al 2018-06-30
3289004,encendedor gil cg4 solido,40,25,pz,0,2014-11-12,encendedores,N,"distribuidora flama, s. de r.l. de c.v.",miscelaneos grav,0,0,0,2018-01-01 al 2018-06-30
3289011,encendedor clipper bp11d braded,20,10,pz,0,2014-11-12,encendedores,N,"distribuidora flama, s. de r.l. de c.v.",miscelaneos grav,0,0,0,2018-01-01 al 2018-06-30
3289012,encendedor clipper cp11r printed,20,10,pz,0,2017-06-19,encendedores,N,"distribuidora flama, s. de r.l. de c.v.",miscelaneos grav,0,0,0,2018-01-01 al 2018-06-30
3289013,encendedor clipper bp22r braded,20,10,pz,0,2017-06-19,encendedores,N,"distribuidora flama, s. de r.l. de c.v.",miscelaneos grav,0,0,0,2018-01-01 al 2018-06-30
3290003,granola con arroz integral y uva pasa,18,400,gr,0,2017-03-22,granola,N,"productora expofood, s.p.r. de r.l.",pago abarrotes gravado ieps (propio,0,0,8,2018-01-01 al 2018-06-30
3290004,granola cereal fort. con probioticos,180,30,gr,0,2017-03-22,granola,N,"productora expofood, s.p.r. de r.l.",pago abarrotes gravado ieps (propio,0,0,8,2018-01-01 al 2018-06-30
3290005,barra de amaranto oleaginosas y arandano,180,30,gr,0,2017-03-24,productos a base de amaranto,S,"productora expofood, s.p.r. de r.l.",pago abarrotes gravado ieps (propio,0,0,8,2018-01-01 al 2018-06-30
3290006,barra de trigo avena cebada centeno gira,250,30,gr,0,2017-03-24,productos a base de amaranto,S,"productora expofood, s.p.r. de r.l.",pago abarrotes gravado ieps (propio,0,0,8,2018-01-01 al 2018-06-30
3290007,galleta integral de avena sabor naranja,30,360,gr,0,2017-03-27,pastas para sopa menudas,S,"productora expofood, s.p.r. de r.l.",pago abarrotes gravado ieps (propio,0,0,8,2018-01-01 al 2018-06-30
3290008,uva pasa sin semilla,250,21,gr,0,2017-04-25,frutas secas,N,"productora expofood, s.p.r. de r.l.",abarr. y art. de farmacia no grav,0,0,0,2018-01-01 al 2018-06-30
3297001,frijol pinto saltillo envasado,1,1,kg,0,2014-11-28,frijol envasado,S,"centro de abastos de insumos y servicios integrales san felipe, s.c. de r.l",frijol,0,0,0,2018-01-01 al 2018-06-30
3297002,frijol negro san luis envasado,1,1,kg,0,2014-11-28,frijol envasado,S,"centro de abastos de insumos y servicios integrales san felipe, s.c. de r.l",frijol,0,0,0,2018-01-01 al 2018-06-30
3300007,verduras con chile manzano pouch,15,290,gr,0,2016-08-11,diversos chiles enlatados,N,jose ricardo macedo de los reyes,abarr. y art. de farmacia no grav,0,0,0,2018-01-01 al 2018-06-30
3304003,bombones,1,420,gr,0,2016-12-01,dulces y caramelos,N,miguel miranda lozada,pago abarrotes gravado ieps (propio,0,0,8,2018-01-01 al 2018-06-30
3315002,cerdo en achiote bolsa,1,1,kg,0,2017-04-24,diversas comidas preparadas,N,"uniprova de mexico, s.a. de c.v.",abarr. y art. de farmacia no grav,0,0,0,2018-01-01 al 2018-06-30
3315003,picadillo bolsa,1,1500,gr,0,2017-04-24,diversas comidas preparadas,N,"uniprova de mexico, s.a. de c.v.",abarr. y art. de farmacia no grav,0,0,0,2018-01-01 al 2018-06-30
3315004,pollo a la mexicana bolsa,1,1500,gr,0,2017-04-24,diversas comidas preparadas,N,"uniprova de mexico, s.a. de c.v.",abarr. y art. de farmacia no grav,0,0,0,2018-01-01 al 2018-06-30
3315005,tinga de res bolsa,1,1,kg,0,2017-04-24,diversas comidas preparadas,N,"uniprova de mexico, s.a. de c.v.",abarr. y art. de farmacia no grav,0,0,0,2018-01-01 al 2018-06-30
3315006,mezcla 9 vegetales deshi sabor pollo,20,450,gr,0,2017-07-06,diversas sopas envasadas y enlatadas,N,"uniprova de mexico, s.a. de c.v.",abarr. y art. de farmacia no grav,0,0,0,2018-01-01 al 2018-06-30
3315007,mezcla 9 vegetales deshi sabor cerdo,20,450,gr,0,2017-07-06,diversas sopas envasadas y enlatadas,N,"uniprova de mexico, s.a. de c.v.",abarr. y art. de farmacia no grav,0,0,0,2018-01-01 al 2018-06-30
3315008,mezcla 9 vegetales deshi sabor res,20,450,gr,0,2017-07-06,diversas sopas envasadas y enlatadas,N,"uniprova de mexico, s.a. de c.v.",abarr. y art. de farmacia no grav,0,0,0,2018-01-01 al 2018-06-30
3315009,sopa de tomate paktnutras,5,3,kg,0,2017-07-07,diversas sopas envasadas y enlatadas,N,"uniprova de mexico, s.a. de c.v.",abarr. y art. de farmacia no grav,0,0,0,2018-01-01 al 2018-06-30
3315010,sopa de zanahoria paktnutras,5,3,kg,0,2017-07-07,diversas sopas envasadas y enlatadas,N,"uniprova de mexico, s.a. de c.v.",abarr. y art. de farmacia no grav,0,0,0,2018-01-01 al 2018-06-30
3315011,chicharron en salsa verde paktnutras,10,1,kg,0,2017-07-14,diversas comidas preparadas,N,"uniprova de mexico, s.a. de c.v.",abarr. y art. de farmacia no grav,0,0,0,2018-01-01 al 2018-06-30
3315012,picadillo paktnutras,8,1500,gr,0,2017-07-14,diversas comidas preparadas,N,"uniprova de mexico, s.a. de c.v.",abarr. y art. de farmacia no grav,0,0,0,2018-01-01 al 2018-06-30
3315013,pollo a la mexicana paktnutras,8,1500,gr,0,2017-07-14,diversas comidas preparadas,N,"uniprova de mexico, s.a. de c.v.",abarr. y art. de farmacia no grav,0,0,0,2018-01-01 al 2018-06-30
3315014,tinga de res paktnutras,10,1,kg,0,2017-07-14,diversas comidas preparadas,N,"uniprova de mexico, s.a. de c.v.",abarr. y art. de farmacia no grav,0,0,0,2018-01-01 al 2018-06-30
3317001,frijol pinto saltillo envasado,1,1,kg,0,2014-12-10,frijol envasado,S,"las heladas, s.p.r. de r.l.",frijol,0,0,0,2018-01-01 al 2018-06-30
3317002,frijol negro san luis envasado,1,1,kg,0,2017-09-12,frijol envasado,S,"las heladas, s.p.r. de r.l.",frijol,0,0,0,2018-01-01 al 2018-06-30
3317003,frijol negro san luis a granel,1,1,kg,0,2018-04-10,frijol a granel,S,"las heladas, s.p.r. de r.l.",frijol,0,0,0,2018-01-01 al 2018-06-30
3317004,frijol flor de mayo envasado,1,1,kg,0,2018-04-20,frijol envasado,S,"las heladas, s.p.r. de r.l.",frijol,0,0,0,2018-01-01 al 2018-06-30
3318001,frijol pinto saltillo envasado,1,1,kg,0,2014-12-10,frijol envasado,S,"mas x ti agricola, s.p.r. de r.l.",frijol,0,0,0,2018-01-01 al 2018-06-30
3318002,frijol negro san luis a granel,1,1,kg,0,2015-09-17,frijol a granel,S,"mas x ti agricola, s.p.r. de r.l.",frijol,0,0,0,2018-01-01 al 2018-06-30
3318003,frijol negro san luis envasado,1,1,kg,0,2015-11-05,frijol envasado,S,"mas x ti agricola, s.p.r. de r.l.",frijol,0,0,0,2018-01-01 al 2018-06-30
3319001,frijol negro jamapa a granel,1,1,kg,0,2014-12-10,frijol a granel,S,"procesadora de semillas de tomatlan, s.p.r. de r.l. de c.v.",frijol,0,0,0,2018-01-01 al 2018-06-30
3319002,frijol negro san luis a granel,1,1,kg,0,2017-05-15,frijol a granel,S,"procesadora de semillas de tomatlan, s.p.r. de r.l. de c.v.",frijol,0,0,0,2018-01-01 al 2018-06-30
3320001,frijol pinto saltillo envasado,1,1,kg,0,2014-12-18,frijol envasado,S,"comercializadora agropecuaria de cuauhtemoc, s.p.r. de r.l. de c.v.",frijol,0,0,0,2018-01-01 al 2018-06-30
3321001,sardina en tomate sardimex,24,425,gr,0,2014-12-23,sardina enlatada,S,"san pedro pacific products, s.a. de c.v.",abarr. y art. de farmacia no grav,0,0,0,2018-01-01 al 2018-06-30
3321002,atun aleta amarilla hojuela agua atunsit,48,140,gr,0,2015-01-15,atun enlatado,S,"san pedro pacific products, s.a. de c.v.",abarr. y art. de farmacia no grav,0,0,0,2018-01-01 al 2018-06-30
3325001,huevo fresco cascaron,360,1,pz,0,2015-02-05,huevo fresco,N,"hermanos jacquez ochoa, s.a. de c.v.",productos perecederos,0,0,0,2018-01-01 al 2018-06-30
3326007,huevo fresco,360,1,pz,0,2015-05-28,huevo fresco,N,"grupo rjx, s. de r.l. de c.v.",productos perecederos,0,0,0,2018-01-01 al 2018-06-30
3327001,frijol negro san luis envasado,1,1,kg,0,2015-02-10,frijol envasado,S,"el sol del campesino, s.p.r. de r.l. de c.v.",frijol,0,0,0,2018-01-01 al 2018-06-30
3327002,frijol negro queretaro envasado,1,1,kg,0,2015-04-14,frijol envasado,S,"el sol del campesino, s.p.r. de r.l. de c.v.",frijol,0,0,0,2018-01-01 al 2018-06-30
3327003,frijol negro jamapa envasado,1,1,kg,0,2015-05-29,frijol envasado,S,"el sol del campesino, s.p.r. de r.l. de c.v.",frijol,0,0,0,2018-01-01 al 2018-06-30
3327004,frijol flor de mayo envasado,1,1,kg,0,2015-05-29,frijol envasado,S,"el sol del campesino, s.p.r. de r.l. de c.v.",frijol,0,0,0,2018-01-01 al 2018-06-30
3327005,frijol negro jamapa a granel,1,1,kg,0,2016-03-15,frijol a granel,S,"el sol del campesino, s.p.r. de r.l. de c.v.",frijol,0,0,0,2018-01-01 al 2018-06-30
3328001,maiz blanco naciona a granel,1000,1,kg,0,2015-02-11,maiz blanco,S,"agricola el veinte, s.p.r. de r.l. de c.v.",maiz,0,0,0,2018-01-01 al 2018-06-30
3328002,maiz blanco nacional envasado,1000,1,kg,0,2015-02-11,maiz blanco,S,"agricola el veinte, s.p.r. de r.l. de c.v.",maiz,0,0,0,2018-01-01 al 2018-06-30
3330001,frijol negro jamapa a granel,1,1,kg,0,2015-02-13,frijol a granel,S,"comercializadora agricola arleem, s. de r.l. de c.v.",frijol,0,0,0,2018-01-01 al 2018-06-30
3330002,frijol flor de mayo envasado,1,1,kg,0,2015-02-13,frijol envasado,S,"comercializadora agricola arleem, s. de r.l. de c.v.",frijol,0,0,0,2018-01-01 al 2018-06-30
3330003,frijol azufrado a granel,1,1,kg,0,2015-02-19,frijol a granel,S,"comercializadora agricola arleem, s. de r.l. de c.v.",frijol,0,0,0,2018-01-01 al 2018-06-30
3330004,frijol azufrado envasado,1,1,kg,0,2015-02-19,frijol envasado,S,"comercializadora agricola arleem, s. de r.l. de c.v.",frijol,0,0,0,2018-01-01 al 2018-06-30
3330005,frijol flor de mayo a granel,1,1,kg,0,2015-04-14,frijol a granel,S,"comercializadora agricola arleem, s. de r.l. de c.v.",frijol,0,0,0,2018-01-01 al 2018-06-30
3330006,frijol negro san luis envasado,1,1,kg,0,2015-05-13,frijol envasado,S,"comercializadora agricola arleem, s. de r.l. de c.v.",frijol,0,0,0,2018-01-01 al 2018-06-30
3330007,frijol negro jamapa envasado,1,1,kg,0,2015-05-29,frijol envasado,S,"comercializadora agricola arleem, s. de r.l. de c.v.",frijol,0,0,0,2018-01-01 al 2018-06-30
3330008,frijol negro queretaro envasado,1,1,kg,0,2015-05-29,frijol envasado,S,"comercializadora agricola arleem, s. de r.l. de c.v.",frijol,0,0,0,2018-01-01 al 2018-06-30
3330009,frijol negro queretaro a granel,1,1,kg,0,2015-07-30,frijol a granel,S,"comercializadora agricola arleem, s. de r.l. de c.v.",frijol,0,0,0,2018-01-01 al 2018-06-30
3330010,frijol pinto saltillo envasado,1,1,kg,0,2016-02-22,frijol envasado,S,"comercializadora agricola arleem, s. de r.l. de c.v.",frijol,0,0,0,2018-01-01 al 2018-06-30
3330011,frijol negro san luis a granel,1,1,kg,0,2017-11-21,frijol a granel,S,"comercializadora agricola arleem, s. de r.l. de c.v.",frijol,0,0,0,2018-01-01 al 2018-06-30
3331001,avena en hojuelas,50,400,gr,0,2015-02-20,avena,N,"prodea, s.a. de c.v.",abarr. y art. de farmacia no grav,0,0,0,2018-01-01 al 2018-06-30
3331002,soya texturizada natural,36,330,gr,1,2015-02-20,soya texturizada,N,"prodea, s.a. de c.v.",abarr. y art. de farmacia no grav,0,0,0,2018-01-01 al 2018-06-30
3331007,chocolate en polvo,45,100,gr,0,2015-07-22,chocolate en polvo,S,"prodea, s.a. de c.v.",pago abarrotes gravado ieps (propio,0,0,8,2018-01-01 al 2018-06-30
3331008,gelatina en polvo,60,170,gr,1,2015-07-29,gelatinas,N,"prodea, s.a. de c.v.",abarr. y art. de farmacia no grav,0,0,0,2018-01-01 al 2018-06-30
3331009,gelatina en polvo,60,140,gr,1,2016-04-20,gelatinas,N,"prodea, s.a. de c.v.",abarr. y art. de farmacia no grav,0,0,0,2018-01-01 al 2018-06-30
3331014,amaranto con linaza,36,250,gr,1,2016-10-24,productos a base de amaranto,S,"prodea, s.a. de c.v.",abarr. y art. de farmacia no grav,0,0,0,2018-01-01 al 2018-06-30
3331015,mole,24,500,gr,0,2017-04-26,moles,N,"prodea, s.a. de c.v.",abarr. y art. de farmacia no grav,0,0,0,2018-01-01 al 2018-06-30
3331016,atole de avena con amaranto,10,1,kg,0,2017-07-07,productos a base de amaranto,S,"prodea, s.a. de c.v.",pago abarrotes gravado ieps (propio,0,0,8,2018-01-01 al 2018-06-30
3331017,uva pasa sin semilla,100,50,gr,0,2017-07-07,frutas secas,N,"prodea, s.a. de c.v.",abarr. y art. de farmacia no grav,0,0,0,2018-01-01 al 2018-06-30
3331018,atole de amaranto sabor chocolate,10,1,kg,0,2017-10-03,productos a base de amaranto,S,"prodea, s.a. de c.v.",pago abarrotes gravado ieps (propio,0,0,8,2018-01-01 al 2018-06-30
3331019,mole negro sol campestre,12,1,kg,0,2017-10-03,moles,N,"prodea, s.a. de c.v.",abarr. y art. de farmacia no grav,0,0,0,2018-01-01 al 2018-06-30
3331020,mole rojo sol campestre,12,1,kg,0,2017-10-03,moles,N,"prodea, s.a. de c.v.",abarr. y art. de farmacia no grav,0,0,0,2018-01-01 al 2018-06-30
3331021,harina p/hotcakes integral sol campestre,12,1000,gr,0,2017-10-03,harina para hotcakes,N,"prodea, s.a. de c.v.",abarr. y art. de farmacia no grav,0,0,0,2018-01-01 al 2018-06-30
3331022,chocolate en polvo chocowacko,24,500,gr,0,2017-11-09,chocolate de mesa,S,"prodea, s.a. de c.v.",pago abarrotes gravado ieps (propio,0,0,8,2018-01-01 al 2018-06-30
3331023,amaranto con cereal integral,40,250,gr,0,2018-07-16,cereales en hojuelas,S,"prodea, s.a. de c.v.",pago abarrotes gravado ieps (propio,0,0,8,2018-01-01 al 2018-06-30
3335017,anaquel liso acero inox 0.9x0.5x1.8m,1,1,pz,0,2015-11-23,articulos para cocina,N,"distribuidora gucasa, s.a. de c.v.",miscelaneos grav,0,0,0,2018-01-01 al 2018-06-30
3335018,cilindro de gas,1,1,pz,0,2015-11-23,herramientas p/el campo y kits de limp.,N,"distribuidora gucasa, s.a. de c.v.",miscelaneos grav,0,0,0,2018-01-01 al 2018-06-30
3335020,comal de acero inoxidable,1,1,pz,0,2016-06-16,utensilios de aluminio y acero,N,"distribuidora gucasa, s.a. de c.v.",miscelaneos grav,0,0,0,2018-01-01 al 2018-06-30
3335021,fogon de gas,1,1,pz,0,2016-06-16,herramientas p/el campo y kits de limp.,N,"distribuidora gucasa, s.a. de c.v.",miscelaneos grav,0,0,0,2018-01-01 al 2018-06-30
3335023,purificador de agua,1,1,pz,0,2016-06-16,utensilios d/plastico madera y vidrio,N,"distribuidora gucasa, s.a. de c.v.",miscelaneos grav,0,0,0,2018-01-01 al 2018-06-30
3335024,silla de plastico,1,1,pz,0,2016-06-16,herramientas p/el campo y kits de limp.,N,"distribuidora gucasa, s.a. de c.v.",miscelaneos grav,0,0,0,2018-01-01 al 2018-06-30
3335025,tinaco de 750 lt,1,1,pz,0,2016-06-16,herramientas p/el campo y kits de limp.,N,"distribuidora gucasa, s.a. de c.v.",miscelaneos grav,0,0,0,2018-01-01 al 2018-06-30
3335026,mueble tarja p/lavatrastes acero  inox,1,1,pz,0,2016-07-08,articulos para cocina,N,"distribuidora gucasa, s.a. de c.v.",miscelaneos grav,0,0,0,2018-01-01 al 2018-06-30
3335027,vaporera de 40 lts,1,1,pz,0,2016-07-08,utensilios de aluminio y acero,N,"distribuidora gucasa, s.a. de c.v.",miscelaneos grav,0,0,0,2018-01-01 al 2018-06-30
3335028,pala,1,1,pz,0,2016-07-11,utensilios de aluminio y acero,N,"distribuidora gucasa, s.a. de c.v.",miscelaneos grav,0,0,0,2018-01-01 al 2018-06-30
3335029,colador acero inox 18cm,1,1,pz,0,2016-08-11,utensilios de aluminio y acero,N,"distribuidora gucasa, s.a. de c.v.",miscelaneos grav,0,0,0,2018-01-01 al 2018-06-30
3335031,lonchera incluye: vasito y sandwichera,1,1,pz,0,2016-08-12,articulos escolares,N,"distribuidora gucasa, s.a. de c.v.",papeleria y art. escolares grav,0,0,0,2018-01-01 al 2018-06-30
3335035,mesa banqueteras,1,1,pz,0,2016-09-05,herramientas p/el campo y kits de limp.,N,"distribuidora gucasa, s.a. de c.v.",miscelaneos grav,0,0,0,2018-01-01 al 2018-06-30
3335036,mesa de preparacion,1,1,pz,0,2016-09-05,herramientas p/el campo y kits de limp.,N,"distribuidora gucasa, s.a. de c.v.",miscelaneos grav,0,0,0,2018-01-01 al 2018-06-30
3335037,cucharones de 20/60,1,1,pz,0,2016-10-21,utensilios de aluminio y acero,N,"distribuidora gucasa, s.a. de c.v.",miscelaneos grav,0,0,0,2018-01-01 al 2018-06-30
3335038,olla de acero inoxidable de 40 lts,1,1,pz,0,2016-11-17,utensilios de aluminio y acero,N,"distribuidora gucasa, s.a. de c.v.",art. de hogar y jarcieria grav,0,0,0,2018-01-01 al 2018-06-30
3335039,olla de acero inoxidable de  30 lts,1,1,pz,0,2016-11-17,utensilios de aluminio y acero,N,"distribuidora gucasa, s.a. de c.v.",art. de hogar y jarcieria grav,0,0,0,2018-01-01 al 2018-06-30
3335040,fogon ecologico,1,1,pz,0,2016-12-02,linea blanca,N,"distribuidora gucasa, s.a. de c.v.",art. de hogar y jarcieria grav,0,0,0,2018-01-01 al 2018-06-30
3335041,budinera de 50 lt,1,1,pz,0,2017-02-10,utensilios de loza y peltre,N,"distribuidora gucasa, s.a. de c.v.",art. de hogar y jarcieria grav,0,0,0,2018-01-01 al 2018-06-30
3335042,anaquel liso acero inox 0.9 x 0.5x 1.38m,1,1,pz,0,2017-12-28,articulos para cocina,N,"distribuidora gucasa, s.a. de c.v.",miscelaneos grav,0,0,0,2018-01-01 al 2018-06-30
3335043,prensa para tortillas,1,1,pz,0,2017-12-28,utensilios de aluminio y acero,N,"distribuidora gucasa, s.a. de c.v.",art. de hogar y jarcieria grav,0,0,0,2018-01-01 al 2018-06-30
3335044,detergente en polvo voltex ultra,20,500,gr,0,2018-08-02,detergente en polvo,S,"distribuidora gucasa, s.a. de c.v.",abarr. y art. de farmacia grav,0,0,0,2018-01-01 al 2018-06-30
3335045,detergente en polvo voltex ultra,10,900,gr,0,2018-08-02,detergente en polvo,S,"distribuidora gucasa, s.a. de c.v.",abarr. y art. de farmacia grav,0,0,0,2018-01-01 al 2018-06-30
3335046,detergente en polvo voltex ultra,10,1,kg,0,2018-08-02,detergente en polvo,S,"distribuidora gucasa, s.a. de c.v.",abarr. y art. de farmacia grav,0,0,0,2018-01-01 al 2018-06-30
3336001,galletas animales,1,5,kg,0,2015-03-04,galletas basicas,S,"cuetara distribucion, s.a. de c.v.",pago abarrotes gravado ieps (propio,0,0,8,2018-01-01 al 2018-06-30
3336002,galletas animalitos,6,800,gr,0,2015-03-04,galletas basicas,S,"cuetara distribucion, s.a. de c.v.",pago abarrotes gravado ieps (propio,0,0,8,2018-01-01 al 2018-06-30
3336003,galletas tostacrem 20 paquetes,20,100,gr,0,2015-03-04,galletas diversas,S,"cuetara distribucion, s.a. de c.v.",pago abarrotes gravado ieps (propio,0,0,8,2018-01-01 al 2018-06-30
3336004,galletas surtido diario,1,500,gr,0,2015-03-04,galletas diversas,S,"cuetara distribucion, s.a. de c.v.",pago abarrotes gravado ieps (propio,0,0,8,2018-01-01 al 2018-06-30
3336005,galleta marias,20,160,gr,0,2015-03-04,galletas basicas,S,"cuetara distribucion, s.a. de c.v.",pago abarrotes gravado ieps (propio,0,0,8,2018-01-01 al 2018-06-30
3336006,galleta mexicana vit. 20 paquetes,20,135,gr,0,2015-03-04,galletas basicas,S,"cuetara distribucion, s.a. de c.v.",pago abarrotes gravado ieps (propio,0,0,8,2018-01-01 al 2018-06-30
3336007,galletas recoco 20 paq.,20,180,gr,0,2015-03-04,galletas diversas,S,"cuetara distribucion, s.a. de c.v.",pago abarrotes gravado ieps (propio,0,0,8,2018-01-01 al 2018-06-30
3336008,galletas palmeras 20 paq.,20,166,gr,0,2015-03-04,galletas diversas,S,"cuetara distribucion, s.a. de c.v.",pago abarrotes gravado ieps (propio,0,0,8,2018-01-01 al 2018-06-30
3336009,pan empanizador,12,150,gr,0,2015-03-04,pan de caja,N,"cuetara distribucion, s.a. de c.v.",abarr. y art. de farmacia no grav,0,0,0,2018-01-01 al 2018-06-30
3336012,galleta sandwich tres flores,20,150,gr,0,2015-03-04,galletas diversas,S,"cuetara distribucion, s.a. de c.v.",pago abarrotes gravado ieps (propio,0,0,8,2018-01-01 al 2018-06-30
3336013,galleta animales,20,150,gr,0,2015-03-04,galletas basicas,S,"cuetara distribucion, s.a. de c.v.",pago abarrotes gravado ieps (propio,0,0,8,2018-01-01 al 2018-06-30
3336014,galleta ovalada,20,150,gr,0,2015-03-04,galletas basicas,S,"cuetara distribucion, s.a. de c.v.",pago abarrotes gravado ieps (propio,0,0,8,2018-01-01 al 2018-06-30
3336015,galleta ovalada,1,5,kg,0,2015-03-04,galletas basicas,S,"cuetara distribucion, s.a. de c.v.",pago abarrotes gravado ieps (propio,0,0,8,2018-01-01 al 2018-06-30
3336016,galleta nylon,1,5,kg,0,2015-03-04,galletas basicas,S,"cuetara distribucion, s.a. de c.v.",pago abarrotes gravado ieps (propio,0,0,8,2018-01-01 al 2018-06-30
3336017,galleta surtido diario fino,1,720,gr,0,2015-03-04,galletas diversas,S,"cuetara distribucion, s.a. de c.v.",pago abarrotes gravado ieps (propio,0,0,8,2018-01-01 al 2018-06-30
3336018,galletas animales,6,1,kg,0,2015-03-04,galletas basicas,S,"cuetara distribucion, s.a. de c.v.",pago abarrotes gravado ieps (propio,0,0,8,2018-01-01 al 2018-06-30
3336019,galleta salada,20,110,gr,0,2015-03-04,galletas basicas,S,"cuetara distribucion, s.a. de c.v.",abarr. y art. de farmacia no grav,0,0,0,2018-01-01 al 2018-06-30
3336020,galleta napolitana,1,600,gr,0,2015-03-04,galletas diversas,S,"cuetara distribucion, s.a. de c.v.",pago abarrotes gravado ieps (propio,0,0,8,2018-01-01 al 2018-06-30
3336021,galleta hojaldrada c/cajeta cuetara,1,360,gr,0,2015-03-04,galletas diversas,S,"cuetara distribucion, s.a. de c.v.",pago abarrotes gravado ieps (propio,0,0,8,2018-01-01 al 2018-06-30
3336022,hojaldra con cajeta y chocolate,1,280,gr,0,2015-03-04,galletas diversas,S,"cuetara distribucion, s.a. de c.v.",pago abarrotes gravado ieps (propio,0,0,8,2018-01-01 al 2018-06-30
3336023,galleta napolitana fresa,20,200,gr,0,2015-03-04,galletas diversas,S,"cuetara distribucion, s.a. de c.v.",pago abarrotes gravado ieps (propio,0,0,8,2018-01-01 al 2018-06-30
3336024,galleta napolitana chocolate,20,200,gr,0,2015-03-04,galletas diversas,S,"cuetara distribucion, s.a. de c.v.",pago abarrotes gravado ieps (propio,0,0,8,2018-01-01 al 2018-06-30
3336025,galleta napolitana vainilla,20,200,gr,0,2015-03-04,galletas diversas,S,"cuetara distribucion, s.a. de c.v.",pago abarrotes gravado ieps (propio,0,0,8,2018-01-01 al 2018-06-30
3336026,galleta roscayema,10,200,gr,0,2015-03-04,galletas diversas,S,"cuetara distribucion, s.a. de c.v.",pago abarrotes gravado ieps (propio,0,0,8,2018-01-01 al 2018-06-30
3336027,galleta hojaldrada,10,270,gr,0,2015-03-04,galletas diversas,S,"cuetara distribucion, s.a. de c.v.",pago abarrotes gravado ieps (propio,0,0,8,2018-01-01 al 2018-06-30
3336028,galleta diavolin,10,140,gr,0,2015-03-04,galletas diversas,S,"cuetara distribucion, s.a. de c.v.",pago abarrotes gravado ieps (propio,0,0,8,2018-01-01 al 2018-06-30
3336029,galleta chavalin,10,140,gr,0,2015-03-04,galletas diversas,S,"cuetara distribucion, s.a. de c.v.",pago abarrotes gravado ieps (propio,0,0,8,2018-01-01 al 2018-06-30
3336031,galleta hojaldrada,1,810,gr,0,2015-03-04,galletas diversas,S,"cuetara distribucion, s.a. de c.v.",pago abarrotes gravado ieps (propio,0,0,8,2018-01-01 al 2018-06-30
3336032,galleta surtido diario,1,250,gr,0,2015-03-04,galletas diversas,S,"cuetara distribucion, s.a. de c.v.",pago abarrotes gravado ieps (propio,0,0,8,2018-01-01 al 2018-06-30
3336033,galleta chavalin c/malva cub. chocolate,1,360,gr,0,2015-03-04,galletas diversas,S,"cuetara distribucion, s.a. de c.v.",pago abarrotes gravado ieps (propio,0,0,8,2018-01-01 al 2018-06-30
3336035,galleta nieves fresa,10,204,gr,0,2015-03-04,galletas diversas,S,"cuetara distribucion, s.a. de c.v.",pago abarrotes gravado ieps (propio,0,0,8,2018-01-01 al 2018-06-30
3336037,galleta napolitana surtido,20,200,gr,0,2015-03-04,galletas diversas,S,"cuetara distribucion, s.a. de c.v.",pago abarrotes gravado ieps (propio,0,0,8,2018-01-01 al 2018-06-30
3336038,surtido exhibidor,2,50,pz,0,2015-03-04,galletas diversas,S,"cuetara distribucion, s.a. de c.v.",pago abarrotes gravado ieps (propio,0,0,8,2018-01-01 al 2018-06-30
3336039,galletas grageas,20,170,gr,0,2015-03-04,galletas diversas,S,"cuetara distribucion, s.a. de c.v.",pago abarrotes gravado ieps (propio,0,0,8,2018-01-01 al 2018-06-30
3336040,galletas mil,20,170,gr,0,2015-03-04,galletas diversas,S,"cuetara distribucion, s.a. de c.v.",pago abarrotes gravado ieps (propio,0,0,8,2018-01-01 al 2018-06-30
3336041,galletas marias,20,500,gr,0,2015-03-04,galletas basicas,S,"cuetara distribucion, s.a. de c.v.",pago abarrotes gravado ieps (propio,0,0,8,2018-01-01 al 2018-06-30
3336042,galleta recoco,1,540,gr,0,2015-03-04,galletas diversas,S,"cuetara distribucion, s.a. de c.v.",pago abarrotes gravado ieps (propio,0,0,8,2018-01-01 al 2018-06-30
3336043,galletas palmeras,1,500,gr,0,2015-03-04,galletas diversas,S,"cuetara distribucion, s.a. de c.v.",pago abarrotes gravado ieps (propio,0,0,8,2018-01-01 al 2018-06-30
3336044,galletas pan cuetara,20,150,gr,0,2015-03-04,galletas diversas,S,"cuetara distribucion, s.a. de c.v.",pago abarrotes gravado ieps (propio,0,0,8,2018-01-01 al 2018-06-30
3336045,galletas matraquillas,20,145,gr,0,2015-03-04,galletas diversas,S,"cuetara distribucion, s.a. de c.v.",pago abarrotes gravado ieps (propio,0,0,8,2018-01-01 al 2018-06-30
3336049,galleta polvoron nuez,20,378,gr,0,2016-02-25,galletas diversas,S,"cuetara distribucion, s.a. de c.v.",pago abarrotes gravado ieps (propio,0,0,8,2018-01-01 al 2018-06-30
3336050,galleta polvoron naranja,20,378,gr,0,2016-02-25,galletas diversas,S,"cuetara distribucion, s.a. de c.v.",pago abarrotes gravado ieps (propio,0,0,8,2018-01-01 al 2018-06-30
3336051,galleta sandwich jr. combinado,10,320,gr,0,2017-05-18,galletas diversas,S,"cuetara distribucion, s.a. de c.v.",pago abarrotes gravado ieps (propio,0,0,8,2018-01-01 al 2018-06-30
3336052,galleta rey chocolate,16,101,gr,0,2017-05-18,galletas diversas,S,"cuetara distribucion, s.a. de c.v.",pago abarrotes gravado ieps (propio,0,0,8,2018-01-01 al 2018-06-30
3336053,galleta rey vainilla,16,101,gr,0,2017-05-18,galletas diversas,S,"cuetara distribucion, s.a. de c.v.",pago abarrotes gravado ieps (propio,0,0,8,2018-01-01 al 2018-06-30
3336054,matraquillas nuez,20,145,gr,0,2017-05-18,galletas diversas,S,"cuetara distribucion, s.a. de c.v.",pago abarrotes gravado ieps (propio,0,0,8,2018-01-01 al 2018-06-30
3336055,matraquillas coco,20,145,gr,0,2017-05-18,galletas diversas,S,"cuetara distribucion, s.a. de c.v.",pago abarrotes gravado ieps (propio,0,0,8,2018-01-01 al 2018-06-30
3336056,galleta vitaminada mexicana,6,945,gr,1,2017-09-12,galletas basicas,S,"cuetara distribucion, s.a. de c.v.",pago abarrotes gravado ieps (propio,0,0,8,2018-01-01 al 2018-06-30
3338001,huevo fresco,360,1,pz,0,2015-03-11,huevo fresco,N,juan jose herrera rodriguez,productos perecederos,0,0,0,2018-01-01 al 2018-06-30
3339009,panal adulto dry soft t/tela grande,8,10,pz,0,2015-03-23,panales desechables,N,"higienicos y desechables de monterrey, s.a. de c.v.","acc. p/bebe, ropa y calzado grav",0,0,0,2018-01-01 al 2018-06-30
3339010,panal adulto dry soft t/tela extragrande,8,10,pz,0,2015-03-23,panales desechables,N,"higienicos y desechables de monterrey, s.a. de c.v.","acc. p/bebe, ropa y calzado grav",0,0,0,2018-01-01 al 2018-06-30
3339015,panal desechable drysec chico,4,40,pz,0,2015-08-14,panales desechables,N,"higienicos y desechables de monterrey, s.a. de c.v.","acc. p/bebe, ropa y calzado grav",0,0,0,2018-01-01 al 2018-06-30
3339016,panal desechable drysec mediano,4,40,pz,0,2015-08-14,panales desechables,N,"higienicos y desechables de monterrey, s.a. de c.v.","acc. p/bebe, ropa y calzado grav",0,0,0,2018-01-01 al 2018-06-30
3339017,panal desechable drysec grande,4,40,pz,0,2015-08-14,panales desechables,N,"higienicos y desechables de monterrey, s.a. de c.v.","acc. p/bebe, ropa y calzado grav",0,0,0,2018-01-01 al 2018-06-30
3339018,panal desechable drysec extragrande,4,40,pz,0,2015-08-14,panales desechables,N,"higienicos y desechables de monterrey, s.a. de c.v.","acc. p/bebe, ropa y calzado grav",0,0,0,2018-01-01 al 2018-06-30
3339019,panal adulto dry soft t/tela mediano,8,10,pz,0,2016-05-02,panales desechables,N,"higienicos y desechables de monterrey, s.a. de c.v.","acc. p/bebe, ropa y calzado grav",0,0,0,2018-01-01 al 2018-06-30
3340001,lenteja chica envasada,1,500,gr,0,2015-03-27,lentejas,S,"lentejas y derivados de huaniqueo, s.p.r. de r.l.",abarr. y art. de farmacia no grav,1,0,0,2018-01-01 al 2018-06-30
3341001,frijol pinto saltillo envasado,1,1,kg,0,2015-04-07,frijol envasado,S,"agronegocios del guadiana, s.a. de c.v. sofom e.n.r.",frijol,0,0,0,2018-01-01 al 2018-06-30
3341002,frijol negro san luis envasado,1,1,kg,0,2015-09-11,frijol envasado,S,"agronegocios del guadiana, s.a. de c.v. sofom e.n.r.",frijol,0,0,0,2018-01-01 al 2018-06-30
3341003,frijol pinto saltillo a granel,1,1,kg,0,2016-07-14,frijol a granel,S,"agronegocios del guadiana, s.a. de c.v. sofom e.n.r.",frijol,0,0,0,2018-01-01 al 2018-06-30
3343019,barra de amaranto mixtas vecec  30gr c/u,140,5,pz,0,2015-05-21,productos a base de amaranto,S,"comercializadora vecec,  s.a. de c.v.",pago abarrotes gravado ieps (propio,0,0,8,2018-01-01 al 2018-06-30
3343020,churro de amaranto mixto vecec 50gr c/u,50,5,pz,0,2015-05-21,productos a base de amaranto,S,"comercializadora vecec,  s.a. de c.v.",pago abarrotes gravado ieps (propio,0,0,8,2018-01-01 al 2018-06-30
3343021,galleta de amaranto vecec 30gr,80,5,pz,0,2015-05-21,productos a base de amaranto,S,"comercializadora vecec,  s.a. de c.v.",pago abarrotes gravado ieps (propio,0,0,8,2018-01-01 al 2018-06-30
3343022,galleta de amaranto vecec 30 gr,40,10,pz,0,2015-05-21,productos a base de amaranto,S,"comercializadora vecec,  s.a. de c.v.",pago abarrotes gravado ieps (propio,0,0,8,2018-01-01 al 2018-06-30
3343023,harina para atole de amaranto vecec,50,250,gr,0,2015-05-21,productos a base de amaranto,S,"comercializadora vecec,  s.a. de c.v.",pago abarrotes gravado ieps (propio,0,0,8,2018-01-01 al 2018-06-30
3343024,barra de amaranto de sabores  30 gr c/u,140,5,pz,0,2015-05-21,productos a base de amaranto,S,"comercializadora vecec,  s.a. de c.v.",pago abarrotes gravado ieps (propio,0,0,8,2018-01-01 al 2018-06-30
3343025,churro amaranto mixto vecec,10,500,gr,0,2015-05-21,productos a base de amaranto,S,"comercializadora vecec,  s.a. de c.v.",pago abarrotes gravado ieps (propio,0,0,8,2018-01-01 al 2018-06-30
3343026,mazapan con amaranto 25 gr,60,6,pz,0,2015-05-21,productos a base de amaranto,S,"comercializadora vecec,  s.a. de c.v.",pago abarrotes gravado ieps (propio,0,0,8,2018-01-01 al 2018-06-30
3344001,cafe soluble cafehui,12,50,gr,0,2015-04-15,cafe soluble,S,sonocaf s.a. de c.v.,abarr. y art. de farmacia no grav,0,0,0,2018-01-01 al 2018-06-30
3344002,cafe soluble cafehui,6,200,gr,0,2015-09-11,cafe soluble,S,sonocaf s.a. de c.v.,abarr. y art. de farmacia no grav,0,0,0,2018-01-01 al 2018-06-30
3344003,cafe soluble 100 % puro cafehui,12,100,gr,0,2016-07-19,cafe soluble,S,sonocaf s.a. de c.v.,abarr. y art. de farmacia no grav,0,0,0,2018-01-01 al 2018-06-30
3344004,cafe soluble liofilizado cafehui,12,170,gr,0,2017-08-31,cafe soluble,S,sonocaf s.a. de c.v.,abarr. y art. de farmacia no grav,0,0,0,2018-01-01 al 2018-06-30
3346001,cafe soluble paraiso,12,100,gr,0,2015-04-23,cafe soluble,S,"union de ejidos de la selva, s.c. de r.l. de c.v.",abarr. y art. de farmacia no grav,0,0,0,2018-01-01 al 2018-06-30
3347001,maiz blanco nacional a granel,1000,1,kg,0,2015-04-30,maiz blanco,S,"agro industrias guerrero azteca, s.a. de c.v.",maiz,0,0,0,2018-01-01 al 2018-06-30
3347003,maiz blanco nacional envasado,1000,1,kg,0,2015-05-07,maiz blanco,S,"agro industrias guerrero azteca, s.a. de c.v.",maiz,1,0,0,2018-01-01 al 2018-06-30
3350001,maiz blanco nacional a granel,1000,1,kg,0,2015-05-21,maiz blanco,S,"tuuri bachiam comercializadora de granos, s. de r.l. de c.v.",maiz,0,0,0,2018-01-01 al 2018-06-30
3350002,maiz blanco nacional envasado,1000,1,kg,0,2015-05-21,maiz blanco,S,"tuuri bachiam comercializadora de granos, s. de r.l. de c.v.",maiz,0,0,0,2018-01-01 al 2018-06-30
3351001,maiz blanco nacional a granel,1000,1,kg,0,2015-05-22,maiz blanco,S,union agricola regional de sinaloa,maiz,0,0,0,2018-01-01 al 2018-06-30
3351002,maiz blanco nacional envasado,1000,1,kg,0,2015-05-27,maiz blanco,S,union agricola regional de sinaloa,maiz,0,0,0,2018-01-01 al 2018-06-30
3352001,maiz blanco nacional a granel,1000,1,kg,0,2015-05-27,maiz blanco,S,"jova graneros, s.a. de c.v.",maiz,0,0,0,2018-01-01 al 2018-06-30
3352002,maiz blanco nacional envasada,1000,1,kg,0,2015-05-27,maiz blanco,S,"jova graneros, s.a. de c.v.",maiz,0,0,0,2018-01-01 al 2018-06-30
3353001,frijol pinto saltillo a granel,1,1,kg,0,2015-06-05,frijol a granel,S,"semillera jalsin, s.p.r. de r.l.",frijol,0,0,0,2018-01-01 al 2018-06-30
3353002,frijol pinto saltillo envasado,1,1,kg,0,2015-09-14,frijol envasado,S,"semillera jalsin, s.p.r. de r.l.",frijol,0,0,0,2018-01-01 al 2018-06-30
3356001,frijol pinto saltillo envasado,1,1,kg,0,2015-06-19,frijol envasado,S,"cerro chapo, s.p.r. de r.l. de c.v.",frijol,0,0,0,2018-01-01 al 2018-06-30
3356002,frijol pinto saltillo a granel,1,1,kg,0,2016-05-19,frijol a granel,S,"cerro chapo, s.p.r. de r.l. de c.v.",frijol,0,0,0,2018-01-01 al 2018-06-30
3358001,alimento para aves,1,40,kg,0,2015-06-30,alimentos pecuarios,N,"productos agroindustriales azteca, s.a. de c.v.",insumos agropecuarios no grav,0,0,0,2018-01-01 al 2018-06-30
3358002,alimento para cerdos,1,40,kg,0,2015-06-30,alimentos pecuarios,N,"productos agroindustriales azteca, s.a. de c.v.",insumos agropecuarios no grav,0,0,0,2018-01-01 al 2018-06-30
3358003,alimento para bovino,1,40,kg,0,2015-06-30,alimentos pecuarios,N,"productos agroindustriales azteca, s.a. de c.v.",insumos agropecuarios no grav,0,0,0,2018-01-01 al 2018-06-30
3358004,caballo ganado equino,1,40,kg,0,2015-06-30,alimentos pecuarios,N,"productos agroindustriales azteca, s.a. de c.v.",insumos agropecuarios no grav,0,0,0,2018-01-01 al 2018-06-30
3358005,crecimiento cerdo extra,1,40,kg,0,2015-06-30,alimentos pecuarios,N,"productos agroindustriales azteca, s.a. de c.v.",insumos agropecuarios no grav,0,0,0,2018-01-01 al 2018-06-30
3358006,engorda cerdo extra,1,40,kg,0,2015-06-30,alimentos pecuarios,N,"productos agroindustriales azteca, s.a. de c.v.",insumos agropecuarios no grav,0,0,0,2018-01-01 al 2018-06-30
3358007,lechero 16%,1,40,kg,0,2015-06-30,alimentos pecuarios,N,"productos agroindustriales azteca, s.a. de c.v.",insumos agropecuarios no grav,0,0,0,2018-01-01 al 2018-06-30
3358014,agrobase,1,40,kg,0,2015-06-30,alimentos pecuarios,N,"productos agroindustriales azteca, s.a. de c.v.",insumos agropecuarios no grav,0,0,0,2018-01-01 al 2018-06-30
3359003,birria de res,50,425,gr,0,2017-04-24,diversas carnes envasadas,N,"cobdez, s.a. de c.v.",abarr. y art. de farmacia no grav,0,0,0,2018-01-01 al 2018-06-30
3359004,machaca de res,25,500,gr,0,2017-04-24,diversas carnes envasadas,N,"cobdez, s.a. de c.v.",abarr. y art. de farmacia no grav,0,0,0,2018-01-01 al 2018-06-30
3359005,barbacoa de res a comer rico,25,1,kg,0,2017-07-07,diversas carnes envasadas,N,"cobdez, s.a. de c.v.",abarr. y art. de farmacia no grav,0,0,0,2018-01-01 al 2018-06-30
3359006,pollo deshidratado rio mayo,12,1,kg,0,2017-07-07,diversas carnes envasadas,N,"cobdez, s.a. de c.v.",abarr. y art. de farmacia no grav,0,0,0,2018-01-01 al 2018-06-30
3359007,machaca de res rio mayo,12,1,kg,0,2017-07-10,diversas carnes envasadas,N,"cobdez, s.a. de c.v.",abarr. y art. de farmacia no grav,0,0,0,2018-01-01 al 2018-06-30
3359008,deshebrada de res a comer rico,25,1,kg,0,2017-10-03,diversas carnes envasadas,N,"cobdez, s.a. de c.v.",abarr. y art. de farmacia no grav,0,0,0,2018-01-01 al 2018-06-30
3359009,chilorio de cerdo sinaloa,24,250,gr,0,2017-10-03,chilorio,N,"cobdez, s.a. de c.v.",abarr. y art. de farmacia no grav,0,0,0,2018-01-01 al 2018-06-30
3359010,carne cocida de res en trozos altamesa,20,1,kg,0,2017-11-22,diversas carnes envasadas,N,"cobdez, s.a. de c.v.",abarr. y art. de farmacia no grav,0,0,0,2018-01-01 al 2018-06-30
3359011,pechuga de pollo trozos pouch altamesa,20,1,kg,0,2017-11-22,diversas comidas preparadas,N,"cobdez, s.a. de c.v.",abarr. y art. de farmacia no grav,0,0,0,2018-01-01 al 2018-06-30
3359012,carne cocida de cerdo en trozo altamesa,20,1,kg,0,2018-01-26,diversas carnes envasadas,N,"cobdez, s.a. de c.v.",abarr. y art. de farmacia no grav,0,0,0,2018-01-01 al 2018-06-30
3360001,azucar estandar envasada,1,1,kg,0,2015-08-06,azucar estandar,S,"empacadora nor-ver, s.a. de c.v.",azucar,0,0,0,2018-01-01 al 2018-06-30
3360002,lenteja chica envasada,1,500,gr,0,2015-09-10,lentejas,S,"empacadora nor-ver, s.a. de c.v.",abarr. y art. de farmacia no grav,1,0,0,2018-01-01 al 2018-06-30
3360003,azucar estandar envasada,1,500,gr,0,2017-08-23,azucar estandar,S,"empacadora nor-ver, s.a. de c.v.",azucar,0,0,0,2018-01-01 al 2018-06-30
3360004,arroz grano largo 5% envasado,1,1,kg,0,2018-01-11,arroz envasado,S,"empacadora nor-ver, s.a. de c.v.",arroz,0,0,0,2018-01-01 al 2018-06-30
3360005,arroz grano largo 5% envasado,1,500,gr,0,2018-03-08,arroz envasado,S,"empacadora nor-ver, s.a. de c.v.",arroz,0,0,0,2018-01-01 al 2018-06-30
3361005,pimienta negra molida,50,137,gr,0,2015-08-14,especias molidas,N,delihei s. de r.l. de c.v.,abarr. y art. de farmacia no grav,0,0,0,2018-01-01 al 2018-06-30
3361006,laurel molido,1,137,gr,0,2016-10-05,especias molidas,N,delihei s. de r.l. de c.v.,abarr. y art. de farmacia no grav,0,0,0,2018-01-01 al 2018-06-30
3361007,caja carton bca 30.7x22x16 r 9,1000,1,pz,0,2017-05-24,cajas de carton para despensas,N,delihei s. de r.l. de c.v.,miscelaneos grav,0,0,0,2018-01-01 al 2018-06-30
3361008,chile guajillo molido bolsa,50,800,gr,0,2017-11-22,especias molidas,N,delihei s. de r.l. de c.v.,abarr. y art. de farmacia no grav,0,0,0,2018-01-01 al 2018-06-30
3362001,frijol pinto saltillo envasado,1,1,kg,0,2015-08-14,frijol envasado,S,"agronegocios de salinas, s.c. de r. l. de c.v.",frijol,0,0,0,2018-01-01 al 2018-06-30
3362002,frijol negro san luis envasado,1,1,kg,0,2015-08-14,frijol envasado,S,"agronegocios de salinas, s.c. de r. l. de c.v.",frijol,0,0,0,2018-01-01 al 2018-06-30
3363004,galletas animalitos prima,6,1,kg,0,2015-08-24,galletas basicas,S,"empacadora y comercializadora de productos basicos mexico, s.a.p.i  de c.v.",pago abarrotes gravado ieps (propio,0,0,8,2018-01-01 al 2018-06-30
3363005,galletas animalitos prima,12,500,gr,0,2015-08-24,galletas basicas,S,"empacadora y comercializadora de productos basicos mexico, s.a.p.i  de c.v.",pago abarrotes gravado ieps (propio,0,0,8,2018-01-01 al 2018-06-30
3363006,galletas marias prima,22,200,gr,0,2015-08-24,galletas basicas,S,"empacadora y comercializadora de productos basicos mexico, s.a.p.i  de c.v.",pago abarrotes gravado ieps (propio,0,0,8,2018-01-01 al 2018-06-30
3363007,galletas marias prima,12,1,kg,0,2015-08-24,galletas basicas,S,"empacadora y comercializadora de productos basicos mexico, s.a.p.i  de c.v.",pago abarrotes gravado ieps (propio,0,0,8,2018-01-01 al 2018-06-30
3363009,arroz g. largo 5% envasado,1,1,kg,0,2015-09-09,arroz envasado,S,"empacadora y comercializadora de productos basicos mexico, s.a.p.i  de c.v.",arroz,0,0,0,2018-01-01 al 2018-06-30
3363010,arroz g. largo 5% a granel,1,1,kg,0,2015-09-09,arroz a granel,S,"empacadora y comercializadora de productos basicos mexico, s.a.p.i  de c.v.",arroz,0,0,0,2018-01-01 al 2018-06-30
3363011,galletas prima canela,22,235,gr,0,2015-12-10,galletas diversas,S,"empacadora y comercializadora de productos basicos mexico, s.a.p.i  de c.v.",pago abarrotes gravado ieps (propio,0,0,8,2018-01-01 al 2018-06-30
3363012,arroz grano largo 5% envasado,1,500,gr,0,2017-05-17,arroz envasado,S,"empacadora y comercializadora de productos basicos mexico, s.a.p.i  de c.v.",arroz,0,0,0,2018-01-01 al 2018-06-30
3363013,arroz grano largo 5% envasado,1,250,gr,0,2017-05-17,arroz envasado,S,"empacadora y comercializadora de productos basicos mexico, s.a.p.i  de c.v.",arroz,0,0,0,2018-01-01 al 2018-06-30
3363014,lenteja chica envasada,1,500,gr,0,2018-04-16,lentejas,S,"empacadora y comercializadora de productos basicos mexico, s.a.p.i  de c.v.",abarr. y art. de farmacia no grav,0,0,0,2018-01-01 al 2018-06-30
3364001,harina de platano,25,1,kg,0,2015-08-25,harina de platano,S,"procesadora de harinas la union, s.c. de r.l. de c.v.",abarr. y art. de farmacia no grav,0,0,0,2018-01-01 al 2018-06-30
3364002,harina de platano,50,500,gr,0,2015-08-25,harina de platano,S,"procesadora de harinas la union, s.c. de r.l. de c.v.",abarr. y art. de farmacia no grav,0,0,0,2018-01-01 al 2018-06-30
3364003,harina de platano,100,250,gr,0,2015-08-25,harina de platano,S,"procesadora de harinas la union, s.c. de r.l. de c.v.",abarr. y art. de farmacia no grav,0,0,0,2018-01-01 al 2018-06-30
3364004,harina de platano con soya,25,1,kg,0,2015-08-25,harina de platano,S,"procesadora de harinas la union, s.c. de r.l. de c.v.",abarr. y art. de farmacia no grav,0,0,0,2018-01-01 al 2018-06-30
3364005,harina de platano con soya,50,500,gr,0,2015-08-25,harina de platano,S,"procesadora de harinas la union, s.c. de r.l. de c.v.",abarr. y art. de farmacia no grav,0,0,0,2018-01-01 al 2018-06-30
3364006,harina de platano con soya,100,250,gr,0,2015-08-25,harina de platano,S,"procesadora de harinas la union, s.c. de r.l. de c.v.",abarr. y art. de farmacia no grav,0,0,0,2018-01-01 al 2018-06-30
3364007,harina de platano con avena,25,1,kg,0,2015-08-25,harina de platano,S,"procesadora de harinas la union, s.c. de r.l. de c.v.",abarr. y art. de farmacia no grav,0,0,0,2018-01-01 al 2018-06-30
3364008,harina de platano con avena,50,500,gr,0,2015-08-25,harina de platano,S,"procesadora de harinas la union, s.c. de r.l. de c.v.",abarr. y art. de farmacia no grav,0,0,0,2018-01-01 al 2018-06-30
3364009,harina de platano con avena,100,250,gr,0,2015-08-25,harina de platano,S,"procesadora de harinas la union, s.c. de r.l. de c.v.",abarr. y art. de farmacia no grav,0,0,0,2018-01-01 al 2018-06-30
3364010,harina de platano con amaranto,25,1,kg,0,2015-08-25,productos a base de amaranto,S,"procesadora de harinas la union, s.c. de r.l. de c.v.",abarr. y art. de farmacia no grav,0,0,0,2018-01-01 al 2018-06-30
3364011,harina de platano con amaranto,50,500,gr,0,2015-08-25,productos a base de amaranto,S,"procesadora de harinas la union, s.c. de r.l. de c.v.",abarr. y art. de farmacia no grav,0,0,0,2018-01-01 al 2018-06-30
3364012,harina de platano con amaranto,100,250,gr,0,2015-08-25,productos a base de amaranto,S,"procesadora de harinas la union, s.c. de r.l. de c.v.",abarr. y art. de farmacia no grav,0,0,0,2018-01-01 al 2018-06-30
3366002,cafe soluble cafecia,12,50,gr,0,2015-10-29,cafe soluble,S,north grains trading sa de cv,abarr. y art. de farmacia no grav,0,0,0,2018-01-01 al 2018-06-30
3366003,cafe soluble cafecia,12,200,gr,0,2016-09-02,cafe soluble,S,north grains trading sa de cv,abarr. y art. de farmacia no grav,0,0,0,2018-01-01 al 2018-06-30
3368001,agua purificada,12,1500,ml,0,2016-01-27,agua purificada menor de 10 litros,N,embotelladora mayol s.a. de c.v.,abarr. y art. de farmacia no grav,0,0,0,2018-01-01 al 2018-06-30
3369003,carne deshebrada con chile,40,425,gr,0,2017-04-24,diversas carnes envasadas,N,"rmg internacional, s.a. de c.v.",abarr. y art. de farmacia no grav,0,0,0,2018-01-01 al 2018-06-30
3369004,pollo con mole 1.5 kg.,5,1500,gr,0,2017-04-24,diversas carnes envasadas,N,"rmg internacional, s.a. de c.v.",abarr. y art. de farmacia no grav,0,0,0,2018-01-01 al 2018-06-30
3369005,jugo fruta tipo nectar manzana del valle,12,1,lt,0,2017-07-07,nectares,S,"rmg internacional, s.a. de c.v.",abarr no grav decreto 2006,0,0,0,2018-01-01 al 2018-06-30
3369006,jugo fruta tipo nectar mango del valle,12,1,lt,0,2017-07-07,nectares,S,"rmg internacional, s.a. de c.v.",abarr no grav decreto 2006,0,0,0,2018-01-01 al 2018-06-30
3369007,jugo fruta tipo nectar durazno del valle,12,1,lt,0,2017-07-07,nectares,S,"rmg internacional, s.a. de c.v.",abarr no grav decreto 2006,0,0,0,2018-01-01 al 2018-06-30
3369008,chilorio de cerdo dona rita/chata,14,250,gr,0,2017-07-10,chilorio,N,"rmg internacional, s.a. de c.v.",abarr. y art. de farmacia no grav,0,0,0,2018-01-01 al 2018-06-30
3369009,picadillo chata,5,1500,gr,0,2017-07-14,diversas comidas preparadas,N,"rmg internacional, s.a. de c.v.",abarr. y art. de farmacia no grav,0,0,0,2018-01-01 al 2018-06-30
3369010,pollo a la mexicana vallesana/altamesa,14,1500,gr,0,2017-07-14,diversas comidas preparadas,N,"rmg internacional, s.a. de c.v.",abarr. y art. de farmacia no grav,0,0,0,2018-01-01 al 2018-06-30
3369011,cerdo en achiote chata,7,1000,gr,0,2017-10-03,diversas comidas preparadas,N,"rmg internacional, s.a. de c.v.",abarr. y art. de farmacia no grav,0,0,0,2018-01-01 al 2018-06-30
3369012,pollo a la mexicana chata,5,1500,gr,0,2017-10-03,diversas comidas preparadas,N,"rmg internacional, s.a. de c.v.",abarr. y art. de farmacia no grav,0,0,0,2018-01-01 al 2018-06-30
3369013,pollo en adobo,7,1000,gr,0,2017-10-03,diversas comidas preparadas,N,"rmg internacional, s.a. de c.v.",abarr. y art. de farmacia no grav,0,0,0,2018-01-01 al 2018-06-30
3369014,papas con corizo chata,6,1000,gr,0,2018-02-07,diversas carnes envasadas,N,"rmg internacional, s.a. de c.v.",abarr. y art. de farmacia no grav,0,0,0,2018-01-01 al 2018-06-30
3369015,pollo a la mexicana chata,6,1000,gr,0,2018-02-07,diversas comidas preparadas,N,"rmg internacional, s.a. de c.v.",abarr. y art. de farmacia no grav,0,0,0,2018-01-01 al 2018-06-30
3369016,pollo en pipian verde chata,6,1000,gr,0,2018-02-07,diversas comidas preparadas,N,"rmg internacional, s.a. de c.v.",abarr. y art. de farmacia no grav,0,0,0,2018-01-01 al 2018-06-30
3369017,res entomatada chata,6,1000,gr,0,2018-02-07,diversas comidas preparadas,N,"rmg internacional, s.a. de c.v.",abarr. y art. de farmacia no grav,0,0,0,2018-01-01 al 2018-06-30
3370001,maiz blanco nacional a granel,1000,1,kg,0,2016-02-05,maiz blanco,S,armando guido lopez,maiz,0,0,0,2018-01-01 al 2018-06-30
3370002,maiz blanco nacional envasado,1000,1,kg,0,2016-02-05,maiz blanco,S,armando guido lopez,maiz,0,0,0,2018-01-01 al 2018-06-30
3371001,maiz blanco nacional a granel,1000,1,kg,0,2016-02-16,maiz blanco,S,"gramosa agroalimentos, s.a. de c.v.",maiz,0,0,0,2018-01-01 al 2018-06-30
3371002,maiz blanco nacional envasado,1000,1,kg,0,2016-02-16,maiz blanco,S,"gramosa agroalimentos, s.a. de c.v.",maiz,1,0,0,2018-01-01 al 2018-06-30
3372001,maiz blanco nacional a granel,1000,1,kg,0,2016-02-16,maiz blanco,S,"las aracelis, s.p.r. de r.l.",maiz,0,0,0,2018-01-01 al 2018-06-30
3372002,maiz blanco nacional envasado,1000,1,kg,0,2016-02-16,maiz blanco,S,"las aracelis, s.p.r. de r.l.",maiz,1,0,0,2018-01-01 al 2018-06-30
3374002,mezcla fort de verduras deshid sab pollo,30,500,gr,0,2016-03-31,diversas sopas envasadas y enlatadas,N,"abastos y distribuciones institucionales, s.a. de c.v.",abarr. y art. de farmacia no grav,0,0,0,2018-01-01 al 2018-06-30
3375001,maiz blanco nacional a granel,1000,1,kg,0,2016-02-23,maiz blanco,S,"procesadora de carnicos derivados y granos del centro, s.a. de c.v.",maiz,0,0,0,2018-01-01 al 2018-06-30
3375002,maiz blanco nacional envasado,1000,1,kg,0,2016-02-23,maiz blanco,S,"procesadora de carnicos derivados y granos del centro, s.a. de c.v.",maiz,1,0,0,2018-01-01 al 2018-06-30
3376001,huevo,360,1,pz,0,2016-02-25,huevo fresco,N,rodrigo de lucas gonzalez,productos perecederos,0,0,0,2018-01-01 al 2018-06-30
3377001,malteada sabor chocolate stevichoc,24,200,gr,1,2016-03-02,chocolate en polvo,S,grupo icace s.a. de c.v.,abarr. y art. de farmacia no grav,0,0,0,2018-01-01 al 2018-06-30
3380001,azucar estandar envasada canizal,1,1,kg,0,2016-03-10,azucar estandar,S,"distribuidora jjcr, s.a. de c.v.",azucar,0,0,0,2018-01-01 al 2018-06-30
3381002,pila supercell 2lp d caja c/288,24,1,pz,0,2016-03-14,pilas,N,"spectrum brands de mexico, s.a. de c.v",miscelaneos grav,0,0,0,2018-01-01 al 2018-06-30
3381005,tira rayovac alcalina tamano aa x 12 und,1,1,pz,0,2016-03-14,pilas,N,"spectrum brands de mexico, s.a. de c.v",miscelaneos grav,0,0,0,2018-01-01 al 2018-06-30
3381006,tira rayovac zinccarb amari aaa 12 unid,1,1,pz,0,2016-03-14,pilas,N,"spectrum brands de mexico, s.a. de c.v",miscelaneos grav,0,0,0,2018-01-01 al 2018-06-30
3381007,pila supercell 7lp aa c/48 tiras 12 pzq,12,1,pz,0,2016-03-14,pilas,N,"spectrum brands de mexico, s.a. de c.v",miscelaneos grav,0,0,0,2018-01-01 al 2018-06-30
3381008,lampara modelo sj-105 mex 3 led estandar,1,1,pz,0,2016-03-14,linternas,N,"spectrum brands de mexico, s.a. de c.v",miscelaneos grav,0,0,0,2018-01-01 al 2018-06-30
3381009,sj-8705 lint recargable var 7 led,12,1,pz,0,2016-03-14,linternas,N,"spectrum brands de mexico, s.a. de c.v",miscelaneos grav,0,0,0,2018-01-01 al 2018-06-30
3381010,sj-2705 lint recargable var 11 led,12,1,pz,0,2016-03-14,linternas,N,"spectrum brands de mexico, s.a. de c.v",miscelaneos grav,0,0,0,2018-01-01 al 2018-06-30
3382001,cafe tost y mol aristoteles bolsa,40,250,gr,0,2016-04-12,cafe tostado y molido  ps,N,"agro xicotepec 2000, s.p.r. de r.l. de c.v.",abarr. y art. de farmacia no grav,0,0,0,2018-01-01 al 2018-06-30
3382002,cafe tost y mol aristoteles sobre,60,30,gr,0,2016-04-12,cafe tostado y molido  ps,N,"agro xicotepec 2000, s.p.r. de r.l. de c.v.",abarr. y art. de farmacia no grav,0,0,0,2018-01-01 al 2018-06-30
3386003,pollo deshidratado del mayo,30,500,gr,0,2017-01-06,diversas carnes envasadas,N,proveedora industrial ba3 s.a. de c.v.,abarr. y art. de farmacia no grav,0,0,0,2018-01-01 al 2018-06-30
3386004,bistec de res deshidratado del mayo,1,1,kg,0,2018-01-24,diversas carnes envasadas,N,proveedora industrial ba3 s.a. de c.v.,abarr. y art. de farmacia no grav,0,0,0,2018-01-01 al 2018-06-30
3386005,carne deshidratada de res nat del mayo,1,1,kg,0,2018-01-24,diversas carnes envasadas,N,proveedora industrial ba3 s.a. de c.v.,abarr. y art. de farmacia no grav,0,0,0,2018-01-01 al 2018-06-30
3386006,carne seca de res del mayo,1,1,kg,0,2018-01-24,diversas carnes envasadas,N,proveedora industrial ba3 s.a. de c.v.,abarr. y art. de farmacia no grav,0,0,0,2018-01-01 al 2018-06-30
3386007,molida de res deshidratada del mayo,1,1,kg,0,2018-01-24,diversas carnes envasadas,N,proveedora industrial ba3 s.a. de c.v.,abarr. y art. de farmacia no grav,0,0,0,2018-01-01 al 2018-06-30
3386008,carne de pollo seca del mayo,1,1,kg,0,2018-01-24,diversas carnes envasadas,N,proveedora industrial ba3 s.a. de c.v.,abarr. y art. de farmacia no grav,0,0,0,2018-01-01 al 2018-06-30
3386009,papaya deshidratada don cano,400,20,gr,0,2018-05-09,frutas secas,N,proveedora industrial ba3 s.a. de c.v.,abarr. y art. de farmacia no grav,0,0,0,2018-01-01 al 2018-06-30
3387001,maiz blanco nacional a granel,1000,1,kg,0,2016-07-05,maiz blanco,S,"agroexportadora ibca, s.p.r. de r.l. de c.v.",maiz,0,0,0,2018-01-01 al 2018-06-30
3387002,maiz blanco nacional envasado,1000,1,kg,0,2016-07-05,maiz blanco,S,"agroexportadora ibca, s.p.r. de r.l. de c.v.",maiz,0,0,0,2018-01-01 al 2018-06-30
3388001,huevo blanco,360,1,pz,0,2016-07-13,huevo fresco,N,productos agro bog s. de r.l. de c.v.,productos perecederos,0,0,0,2018-01-01 al 2018-06-30
3390001,maiz blanco nacional a granel,1000,1,kg,0,2016-07-26,maiz blanco,S,distribuidora adhipsa sa de cv,maiz,0,0,0,2018-01-01 al 2018-06-30
3390002,maiz blanco nacional envasado,1000,1,kg,0,2016-07-26,maiz blanco,S,distribuidora adhipsa sa de cv,maiz,0,0,0,2018-01-01 al 2018-06-30
3391003,agua purificada 1000 ml,12,1000,ml,0,2016-12-06,agua purificada menor de 10 litros,N,nadya elizabeth  trasviña  gonzalez,abarr no grav decreto 2006,0,0,0,2018-01-01 al 2018-06-30
3391004,agua purificada 1500 ml,12,1500,ml,0,2017-05-02,agua purificada menor de 10 litros,N,nadya elizabeth  trasviña  gonzalez,abarr no grav decreto 2006,0,0,0,2018-01-01 al 2018-06-30
3391005,agua purificada 500 ml,24,500,ml,0,2017-08-15,agua purificada menor de 10 litros,N,nadya elizabeth  trasviña  gonzalez,abarr no grav decreto 2006,0,0,0,2018-01-01 al 2018-06-30
3394001,maiz blanco nacional a granel,1000,1,kg,0,2016-08-10,maiz blanco,S,"agro tecnologias de jalisco, s. de p.r. de r.l.",maiz,0,0,0,2018-01-01 al 2018-06-30
3394002,maiz blanco nacional envasado,1000,1,kg,0,2016-08-10,maiz blanco,S,"agro tecnologias de jalisco, s. de p.r. de r.l.",maiz,1,0,0,2018-01-01 al 2018-06-30
3395001,maiz blanco nacional a granel,1000,1,kg,0,2016-08-10,maiz blanco,S,"productora agrimex, s.p.r. de r.l.",maiz,0,0,0,2018-01-01 al 2018-06-30
3395002,maiz blanco nacional envasado,1000,1,kg,0,2016-08-10,maiz blanco,S,"productora agrimex, s.p.r. de r.l.",maiz,1,0,0,2018-01-01 al 2018-06-30
3396001,chocolate pvo choco-atleta,24,400,gr,0,2016-08-11,chocolate en polvo,S,juan de dios  cerino  lopez,pago abarrotes gravado ieps (propio,0,0,8,2018-01-01 al 2018-06-30
3396002,polvillo supremo,10,500,gr,0,2016-08-11,preparados para bebidas,N,juan de dios  cerino  lopez,abarr. y art. de farmacia no grav,0,0,0,2018-01-01 al 2018-06-30
3396003,pinole supremo,10,500,gr,0,2016-08-11,preparados para bebidas,N,juan de dios  cerino  lopez,abarr. y art. de farmacia no grav,0,0,0,2018-01-01 al 2018-06-30
3396004,horchata supremo,12,700,gr,0,2016-08-11,concentrado liquido para refrescos,N,juan de dios  cerino  lopez,abarr. y art. de farmacia grav,0,0,0,2018-01-01 al 2018-06-30
3396005,polvillo supremo,10,350,gr,0,2016-08-11,preparados para bebidas,N,juan de dios  cerino  lopez,abarr. y art. de farmacia no grav,0,0,0,2018-01-01 al 2018-06-30
3396006,pinole supremo,10,350,gr,0,2016-08-11,preparados para bebidas,N,juan de dios  cerino  lopez,abarr. y art. de farmacia no grav,0,0,0,2018-01-01 al 2018-06-30
3396007,avena c/cacao supremo,10,500,gr,0,2016-08-11,avena,N,juan de dios  cerino  lopez,pago abarrotes gravado ieps (propio,0,0,8,2018-01-01 al 2018-06-30
3396008,avena c/canela supremo,10,500,gr,0,2016-08-11,avena,N,juan de dios  cerino  lopez,abarr. y art. de farmacia no grav,0,0,0,2018-01-01 al 2018-06-30
3396009,avena c/cacao supremo,20,110,gr,0,2016-08-11,avena,N,juan de dios  cerino  lopez,pago abarrotes gravado ieps (propio,0,0,8,2018-01-01 al 2018-06-30
3396010,avena c/cacao supremo,10,350,gr,0,2016-08-11,avena,N,juan de dios  cerino  lopez,pago abarrotes gravado ieps (propio,0,0,8,2018-01-01 al 2018-06-30
3396011,avena c/canela supremo,10,350,gr,0,2016-08-11,avena,N,juan de dios  cerino  lopez,abarr. y art. de farmacia no grav,0,0,0,2018-01-01 al 2018-06-30
3398001,gelatina zaspy sabor surtido de agua,25,140,gr,1,2016-09-08,gelatinas,N,"grupo exigrafic, s.a. de c.v.",abarr. y art. de farmacia no grav,0,0,0,2018-01-01 al 2018-06-30
3398002,gelatina zaspy sab surtido agua y leche,25,140,gr,1,2016-09-08,gelatinas,N,"grupo exigrafic, s.a. de c.v.",abarr. y art. de farmacia no grav,0,0,0,2018-01-01 al 2018-06-30
3398003,gelatina zaspy sabor surtido de leche,25,140,gr,1,2016-09-08,gelatinas,N,"grupo exigrafic, s.a. de c.v.",abarr. y art. de farmacia no grav,0,0,0,2018-01-01 al 2018-06-30
3399001,detergente multiusos sunrise blanco,20,500,gr,0,2016-09-09,detergente en polvo,S,"comercializadora e importadora del sol, s.a. de c.v.",abarr. y art. de farmacia grav,0,0,0,2018-01-01 al 2018-06-30
3399002,detergente multiusos sunrise blanco,10,1,kg,0,2016-09-09,detergente en polvo,S,"comercializadora e importadora del sol, s.a. de c.v.",abarr. y art. de farmacia grav,0,0,0,2018-01-01 al 2018-06-30
3399003,detergente multiusos sunrise azul,20,500,gr,0,2016-09-09,detergente en polvo,S,"comercializadora e importadora del sol, s.a. de c.v.",abarr. y art. de farmacia grav,0,0,0,2018-01-01 al 2018-06-30
3399004,detergente multiusos sunrise azul,10,1,kg,0,2016-09-09,detergente en polvo,S,"comercializadora e importadora del sol, s.a. de c.v.",abarr. y art. de farmacia grav,0,0,0,2018-01-01 al 2018-06-30
3399005,detergente economico maravilla,20,500,gr,0,2016-09-09,detergente en polvo,S,"comercializadora e importadora del sol, s.a. de c.v.",abarr. y art. de farmacia grav,0,0,0,2018-01-01 al 2018-06-30
3399006,detergente economico maravilla,10,1,kg,0,2016-09-09,detergente en polvo,S,"comercializadora e importadora del sol, s.a. de c.v.",abarr. y art. de farmacia grav,0,0,0,2018-01-01 al 2018-06-30
3400001,maiz blanco nacional a granel,1000,1,kg,0,2016-09-20,maiz blanco,S,"unidad ganadera la rosita, s.p.r. de r.l. de c.v.",maiz,0,0,0,2018-01-01 al 2018-06-30
3400002,maiz blanco nacional envasado,1000,1,kg,0,2016-09-20,maiz blanco,S,"unidad ganadera la rosita, s.p.r. de r.l. de c.v.",maiz,0,0,0,2018-01-01 al 2018-06-30
3400003,frijol negro san luis envasado,1,1,kg,0,2016-09-20,frijol envasado,S,"unidad ganadera la rosita, s.p.r. de r.l. de c.v.",frijol,0,0,0,2018-01-01 al 2018-06-30
3400004,frijol negro san luis granel,1,1,kg,0,2017-03-15,frijol a granel,S,"unidad ganadera la rosita, s.p.r. de r.l. de c.v.",frijol,0,0,0,2018-01-01 al 2018-06-30
3401001,frijol pinto saltillo envasado,1,1,kg,0,2016-09-20,frijol envasado,S,"el pikacho, spr de ri",frijol,0,0,0,2018-01-01 al 2018-06-30
3401002,frijol pinto saltillo a granel,1,1,kg,0,2017-11-06,frijol a granel,S,"el pikacho, spr de ri",frijol,0,0,0,2018-01-01 al 2018-06-30
3403001,huevo fresco,360,1,pz,0,2016-09-21,huevo fresco,N,"socorro romero sanchez, s.a. de c.v.",productos perecederos,0,0,0,2018-01-01 al 2018-06-30
3404001,caldo de pollo d'lianza,24,450,gr,0,2016-09-22,consomes,S,"berser condimentos gourmet, s.a. de c.v.",abarr. y art. de farmacia no grav,0,0,0,2018-01-01 al 2018-06-30
3404002,caldo de pollo d'lianza,48,225,gr,0,2016-09-22,consomes,S,"berser condimentos gourmet, s.a. de c.v.",abarr. y art. de farmacia no grav,0,0,0,2018-01-01 al 2018-06-30
3404003,caldo de pollo d'lianza,24,225,gr,0,2016-09-22,consomes,S,"berser condimentos gourmet, s.a. de c.v.",abarr. y art. de farmacia no grav,0,0,0,2018-01-01 al 2018-06-30
3406001,azucar estandar envasada,1,1,kg,0,2016-10-05,azucar estandar,S,"ingenio azucarero modelo, s a de c.v.",azucar,0,0,0,2018-01-01 al 2018-06-30
3406002,azucar estandar a granel,1,1,kg,0,2016-10-05,azucar estandar,S,"ingenio azucarero modelo, s a de c.v.",azucar,0,0,0,2018-01-01 al 2018-06-30
3408001,cafe kali soluble,12,50,gr,0,2016-10-17,cafe soluble,S,"casa olocco de lima, s.a. de c.v.",abarr. y art. de farmacia no grav,0,0,0,2018-01-01 al 2018-06-30
3408002,cafe kali soluble,12,100,gr,0,2016-10-17,cafe soluble,S,"casa olocco de lima, s.a. de c.v.",abarr. y art. de farmacia no grav,0,0,0,2018-01-01 al 2018-06-30
3409001,formula inf. de seguimiento infacare 2,24,400,gr,1,2016-10-18,leche maternizada,N,"wyeth, s. de r.l. de c.v.",abarr. y art. de farmacia no grav,0,0,0,2018-01-01 al 2018-06-30
3409002,formula inf. de inicio infacare 1,24,400,gr,1,2016-10-18,leche maternizada,N,"wyeth, s. de r.l. de c.v.",abarr. y art. de farmacia no grav,0,0,0,2018-01-01 al 2018-06-30
3410001,frijol pinto saltillo envasado,1,1,kg,0,2016-11-11,frijol envasado,S,"ordonez maldonado y socios, s.c. de r.l. de c.v.",frijol,0,0,0,2018-01-01 al 2018-06-30
3411001,machaca de res,40,500,gr,0,2016-12-01,diversas carnes envasadas,N,ruben urrea villegas,abarr. y art. de farmacia no grav,0,0,0,2018-01-01 al 2018-06-30
3412001,maiz blanco nacional a granel,1000,1,kg,0,2016-12-02,maiz blanco,S,"graneros yumkax, s.p.r. de r.l.",maiz,0,0,0,2018-01-01 al 2018-06-30
3412002,maiz blanco nacional envasado,1000,1,kg,0,2016-12-02,maiz blanco,S,"graneros yumkax, s.p.r. de r.l.",maiz,0,0,0,2018-01-01 al 2018-06-30
3413001,paquete  de apoyo para el entorno seguro,1,1,pz,0,2016-12-09,articulos escolares,N,"grupo estudiat, s.a. de c.v.",papeleria y art. escolares grav,0,0,0,2018-01-01 al 2018-06-30
3413002,paquete  de fortalecimiento de estadias,1,1,pz,0,2016-12-09,articulos escolares,N,"grupo estudiat, s.a. de c.v.",papeleria y art. escolares grav,0,0,0,2018-01-01 al 2018-06-30
3413003,paquete alumnos invidentes,1,1,pq,0,2017-06-22,articulos escolares,N,"grupo estudiat, s.a. de c.v.",papeleria y art. escolares grav,0,0,0,2018-01-01 al 2018-06-30
3413004,paquete alumnos capacidad lab. esp.,1,1,pq,0,2017-06-22,articulos escolares,N,"grupo estudiat, s.a. de c.v.",papeleria y art. escolares grav,0,0,0,2018-01-01 al 2018-06-30
3413005,"paquete primero,segundo,tercero prees.",1,1,pq,0,2017-06-22,articulos escolares,N,"grupo estudiat, s.a. de c.v.",papeleria y art. escolares grav,0,0,0,2018-01-01 al 2018-06-30
3413006,paquete primero y segundo de primaria,1,1,pq,0,2017-06-22,articulos escolares,N,"grupo estudiat, s.a. de c.v.",papeleria y art. escolares grav,0,0,0,2018-01-01 al 2018-06-30
3413007,paquete tercero de primaria,1,1,pq,0,2017-06-22,articulos escolares,N,"grupo estudiat, s.a. de c.v.",papeleria y art. escolares grav,0,0,0,2018-01-01 al 2018-06-30
3413008,paquete cuarto de primaria,1,1,pq,0,2017-06-22,articulos escolares,N,"grupo estudiat, s.a. de c.v.",papeleria y art. escolares grav,0,0,0,2018-01-01 al 2018-06-30
3413009,paquete quinto y sexto de primaria,1,1,pq,0,2017-06-22,articulos escolares,N,"grupo estudiat, s.a. de c.v.",papeleria y art. escolares grav,0,0,0,2018-01-01 al 2018-06-30
3413010,paquete primero de secundaria,1,1,pq,0,2017-06-22,articulos escolares,N,"grupo estudiat, s.a. de c.v.",papeleria y art. escolares grav,0,0,0,2018-01-01 al 2018-06-30
3413011,paquete segundo de secundaria,1,1,pq,0,2017-06-22,articulos escolares,N,"grupo estudiat, s.a. de c.v.",papeleria y art. escolares grav,0,0,0,2018-01-01 al 2018-06-30
3413012,paquete tercero de secundaria,1,1,pq,0,2017-06-22,articulos escolares,N,"grupo estudiat, s.a. de c.v.",papeleria y art. escolares grav,0,0,0,2018-01-01 al 2018-06-30
3415001,maiz blanco nacional a granel,1000,1,kg,0,2016-12-16,maiz blanco,S,"agroservicios azteca, s.p.r. de r.l.",maiz,0,0,0,2018-01-01 al 2018-06-30
3415002,maiz blanco nacional envasado,1000,1,kg,0,2016-12-16,maiz blanco,S,"agroservicios azteca, s.p.r. de r.l.",maiz,0,0,0,2018-01-01 al 2018-06-30
3416001,nuez de macadamia natural y pelada,1,300,gr,0,2016-12-16,frutas secas,N,alberto yamin rocha,abarr. y art. de farmacia no grav,0,0,0,2018-01-01 al 2018-06-30
3416002,chocolate con cafe,1,200,gr,0,2016-12-16,chocolate golosina,N,alberto yamin rocha,abarr. y art. de farmacia no grav,0,0,0,2018-01-01 al 2018-06-30
3417001,frijol pinto saltillo envasado,1,1,kg,0,2017-01-26,frijol envasado,S,"acopiadora comercial y agroindustrial, s.a. de c.v.",frijol,1,0,0,2018-01-01 al 2018-06-30
3417002,frijol negro san luis envasado,1,1,kg,0,2017-01-26,frijol envasado,S,"acopiadora comercial y agroindustrial, s.a. de c.v.",frijol,1,0,0,2018-01-01 al 2018-06-30
3417003,frijol pinto saltillo a granel,1,1,kg,0,2017-11-21,frijol a granel,S,"acopiadora comercial y agroindustrial, s.a. de c.v.",frijol,0,0,0,2018-01-01 al 2018-06-30
3418001,huevo fresco,360,1,pz,0,2017-03-07,huevo fresco,N,enrique sanchez garcia,productos perecederos,0,0,0,2018-01-01 al 2018-06-30
3419001,huevo blanco,360,1,pz,0,2017-04-05,huevo fresco,N,"distribuidora mexicana agronomica, s.a. de c.v.",productos perecederos,0,0,0,2018-01-01 al 2018-06-30
3420001,barra de frutas,250,21,gr,0,2017-04-27,dulces y caramelos,N,"fruitex de mexico, s.a.p.i. de c.v.",abarr. y art. de farmacia no grav,0,0,0,2018-01-01 al 2018-06-30
3421001,adobo con trocitos de carne,12,430,gr,0,2017-05-03,diversas carnes envasadas,N,"sabrosur, s.a. de c.v.",abarr. y art. de farmacia no grav,0,0,0,2018-01-01 al 2018-06-30
3421002,mole verde listo para servir,12,430,gr,0,2017-05-03,moles,N,"sabrosur, s.a. de c.v.",abarr. y art. de farmacia no grav,0,0,0,2018-01-01 al 2018-06-30
3421003,mole rojo listo para servir,12,430,gr,0,2017-05-03,moles,N,"sabrosur, s.a. de c.v.",abarr. y art. de farmacia no grav,0,0,0,2018-01-01 al 2018-06-30
3422001,azucar estandar a granel,1,1,kg,0,2017-05-03,azucar estandar,S,"viveres de san rafael, s.a. de c.v.",azucar,0,0,0,2018-01-01 al 2018-06-30
3423001,prmsh 2 dis 2,576,1,pz,0,2017-06-13,navajas y rastrillos de afeitar,N,"procter & gamble mexico, inc.",perfumeria y art de tocador grav,0,0,0,2018-01-01 al 2018-06-30
3423002,prestobarba ultragrip 24maq desech x24it,576,1,pz,0,2017-06-13,navajas y rastrillos de afeitar,N,"procter & gamble mexico, inc.",perfumeria y art de tocador grav,0,0,0,2018-01-01 al 2018-06-30
3423003,head & shoulders limp. renov. 10mlx24x24,576,10,ml,0,2017-06-13,shampoo y acondicionadores,N,"procter & gamble mexico, inc.",perfumeria y art de tocador grav,0,0,0,2018-01-01 al 2018-06-30
3423004,hs sh limpieza renovadora 180mlx12it,12,180,ml,0,2017-06-13,shampoo y acondicionadores,N,"procter & gamble mexico, inc.",perfumeria y art de tocador grav,0,0,0,2018-01-01 al 2018-06-30
3423005,hs limpieza renovadora 375mlx12it,12,375,ml,0,2017-06-13,shampoo y acondicionadores,N,"procter & gamble mexico, inc.",perfumeria y art de tocador grav,0,0,0,2018-01-01 al 2018-06-30
3423006,pantene 2-1 cuidado clasico 10mlx24x24it,576,10,ml,0,2017-06-13,shampoo y acondicionadores,N,"procter & gamble mexico, inc.",perfumeria y art de tocador grav,0,0,0,2018-01-01 al 2018-06-30
3423007,pantene 2-1 cuidado clasico 200mlx12it,12,200,ml,0,2017-06-13,shampoo y acondicionadores,N,"procter & gamble mexico, inc.",perfumeria y art de tocador grav,0,0,0,2018-01-01 al 2018-06-30
3423008,pantene 2-1 cuidado clasico 400mlx12it,12,400,ml,0,2017-06-13,shampoo y acondicionadores,N,"procter & gamble mexico, inc.",perfumeria y art de tocador grav,0,0,0,2018-01-01 al 2018-06-30
3423009,hs sh antifall  180mlx12it,12,180,ml,0,2017-06-13,shampoo y acondicionadores,N,"procter & gamble mexico, inc.",perfumeria y art de tocador grav,0,0,0,2018-01-01 al 2018-06-30
3423010,hs limpieza renovadora 90mlx24it,24,90,ml,0,2017-06-13,shampoo y acondicionadores,N,"procter & gamble mexico, inc.",perfumeria y art de tocador grav,0,0,0,2018-01-01 al 2018-06-30
3423011,pantene sh restauracion 100mlx24it,24,100,ml,0,2017-06-13,shampoo y acondicionadores,N,"procter & gamble mexico, inc.",perfumeria y art de tocador grav,0,0,0,2018-01-01 al 2018-06-30
3423013,gillette roll on cool wave 60grx12it,12,60,ml,0,2017-06-13,desodorantes de uso personal,N,"procter & gamble mexico, inc.",perfumeria y art de tocador grav,0,0,0,2018-01-01 al 2018-06-30
3423014,crest complete blue 4in1  100mlx36it,36,100,ml,0,2017-06-13,cremas dentales,S,"procter & gamble mexico, inc.",abarr. y art. de farmacia grav,0,0,0,2018-01-01 al 2018-06-30
3423015,pro cmpct angi exhibidor 6sx6it,36,1,pz,0,2017-06-13,cepillos dentales,N,"procter & gamble mexico, inc.",abarr. y art. de farmacia grav,0,0,0,2018-01-01 al 2018-06-30
3423016,crest calcident anticavity 75mlx36it,36,75,ml,0,2017-06-13,cremas dentales,S,"procter & gamble mexico, inc.",abarr. y art. de farmacia grav,0,0,0,2018-01-01 al 2018-06-30
3423023,salvo liquido limon 300 mlx12it,12,300,ml,0,2017-06-13,detergente liquido,N,"procter & gamble mexico, inc.",abarr. y art. de farmacia grav,0,0,0,2018-01-01 al 2018-06-30
3423024,salvo liquido limon 750mlx12it,12,750,ml,0,2017-06-13,detergente liquido,N,"procter & gamble mexico, inc.",abarr. y art. de farmacia grav,0,0,0,2018-01-01 al 2018-06-30
3423025,naturella manz-camo t2 s.a 8x12it,12,8,pz,0,2017-06-13,toallas sanitarias,N,"procter & gamble mexico, inc.",abarr. y art. de farmacia grav,0,0,0,2018-01-01 al 2018-06-30
3423026,always noche suave t5 c/a 8x12it,12,8,pz,0,2017-06-13,toallas sanitarias,N,"procter & gamble mexico, inc.",abarr. y art. de farmacia grav,0,0,0,2018-01-01 al 2018-06-30
3423027,naturella nocturna t5 c/alas 8x12it,12,8,pz,0,2017-06-13,toallas sanitarias,N,"procter & gamble mexico, inc.",abarr. y art. de farmacia grav,0,0,0,2018-01-01 al 2018-06-30
3423028,naturella f.moderado c/a t1 8x10it,10,8,pz,0,2017-06-13,toallas sanitarias,N,"procter & gamble mexico, inc.",abarr. y art. de farmacia grav,0,0,0,2018-01-01 al 2018-06-30
3423029,ace naturals 500gr x 24it,24,500,gr,0,2017-06-13,detergente en polvo,S,"procter & gamble mexico, inc.",abarr. y art. de farmacia grav,0,0,0,2018-01-01 al 2018-06-30
3423030,detergente salvo limon polvo 500grx24it,24,500,gr,0,2017-06-13,detergente en polvo,S,"procter & gamble mexico, inc.",abarr. y art. de farmacia grav,0,0,0,2018-01-01 al 2018-06-30
3423031,ariel regular 250grx36it,36,250,gr,0,2017-06-13,detergente en polvo,S,"procter & gamble mexico, inc.",abarr. y art. de farmacia grav,0,0,0,2018-01-01 al 2018-06-30
3423032,ace regular 250grx36it,36,250,gr,0,2017-06-13,detergente en polvo,S,"procter & gamble mexico, inc.",abarr. y art. de farmacia grav,0,0,0,2018-01-01 al 2018-06-30
3423033,det. ace regular 500grx18it,18,500,gr,0,2017-06-13,detergente en polvo,S,"procter & gamble mexico, inc.",abarr. y art. de farmacia grav,0,0,0,2018-01-01 al 2018-06-30
3423034,ariel regular 500grx18it,18,500,gr,0,2017-06-13,detergente en polvo,S,"procter & gamble mexico, inc.",abarr. y art. de farmacia grav,0,0,0,2018-01-01 al 2018-06-30
3423038,maestro limpio multiusos 500grx15it,15,500,gr,0,2017-06-13,detergente en polvo,S,"procter & gamble mexico, inc.",abarr. y art. de farmacia grav,0,0,0,2018-01-01 al 2018-06-30
3423039,maestro limpio multiusos 1000grx12it,12,1,kg,0,2017-06-13,detergente en polvo,S,"procter & gamble mexico, inc.",abarr. y art. de farmacia grav,0,0,0,2018-01-01 al 2018-06-30
3423040,peptobismol liquido original118mlx12it,12,118,ml,0,2017-06-13,medicinas de patente,N,"procter & gamble mexico, inc.",abarr. y art. de farmacia no grav,0,0,0,2018-01-01 al 2018-06-30
3423041,vick vaporub lata 12grx40x12it,480,12,gr,0,2017-06-13,unguentos y pomadas,N,"procter & gamble mexico, inc.",abarr. y art. de farmacia no grav,0,0,0,2018-01-01 al 2018-06-30
3423042,downy pureza silvestre 800mlx9it,9,800,ml,0,2017-10-13,suavizantes de tela,N,"procter & gamble mexico, inc.",abarr. y art. de farmacia grav,0,0,0,2018-01-01 al 2018-06-30
3423043,downy le ssl floral 800mlx9it,9,800,ml,0,2017-10-13,suavizantes de tela,N,"procter & gamble mexico, inc.",abarr. y art. de farmacia grav,0,0,0,2018-01-01 al 2018-06-30
3423044,downy le f luna romance 750mlx9it,9,750,ml,0,2017-10-13,suavizantes de tela,N,"procter & gamble mexico, inc.",abarr. y art. de farmacia grav,0,0,0,2018-01-01 al 2018-06-30
3423045,downy le ssl black elegance 750mlx9it,9,750,ml,0,2017-10-13,suavizantes de tela,N,"procter & gamble mexico, inc.",abarr. y art. de farmacia grav,0,0,0,2018-01-01 al 2018-06-30
3423046,downy le brisa fresca 800mlx9it,9,800,ml,0,2017-10-13,suavizantes de tela,N,"procter & gamble mexico, inc.",abarr. y art. de farmacia grav,0,0,0,2018-01-01 al 2018-06-30
3423047,ariel regular pwd 850grx10it,10,850,gr,0,2018-03-15,detergente en polvo,S,"procter & gamble mexico, inc.",abarr. y art. de farmacia grav,0,0,0,2018-01-01 al 2018-06-30
3423048,ace regular pwd 900grx18it,18,900,gr,0,2018-03-15,detergente en polvo,S,"procter & gamble mexico, inc.",abarr. y art. de farmacia grav,0,0,0,2018-01-01 al 2018-06-30
3423049,old spice roll on fresh 52grx12it,12,52,gr,0,2018-07-24,desodorantes de uso personal,N,"procter & gamble mexico, inc.",perfumeria y art de tocador grav,0,0,0,2018-01-01 al 2018-06-30
3423050,ariel reg concent liq pounch 400mlx9it,9,400,ml,0,2018-09-24,detergente en polvo,S,"procter & gamble mexico, inc.",abarr. y art. de farmacia grav,0,0,0,2018-01-01 al 2018-06-30
3423051,downy le floral 600mlx12it,12,600,ml,0,2018-09-24,suavizantes de tela,N,"procter & gamble mexico, inc.",abarr. y art. de farmacia grav,0,0,0,2018-01-01 al 2018-06-30
3424001,crema cremissima,20,1,kg,0,2017-05-16,crema de leche,N,"agridient mexico, s. de r.l. de c.v.",abarr. y art. de farmacia no grav,0,0,0,2018-01-01 al 2018-06-30
3425001,caja carton 30.7x22x16 r26 kraft c/imp,1000,1,pz,0,2017-05-23,cajas de carton para despensas,N,"empaque y diseño, s.a. de c.v.",miscelaneos grav,0,0,0,2018-01-01 al 2018-06-30
3425002,caja carton 30.7x22x16 r26 kraft s/imp,1000,1,pz,0,2017-06-22,cajas de carton para despensas,N,"empaque y diseño, s.a. de c.v.",miscelaneos grav,0,0,0,2018-01-01 al 2018-06-30
3426001,paquete alumnos debiles visuales,1,1,pq,0,2017-06-22,articulos escolares,N,"consorcio empresarial intertamps, s. de r.l. de c.v.",papeleria y art. escolares grav,0,0,0,2018-01-01 al 2018-06-30
3426002,paquete alumnos discapacidad motora,1,1,pq,0,2017-06-22,articulos escolares,N,"consorcio empresarial intertamps, s. de r.l. de c.v.",papeleria y art. escolares grav,0,0,0,2018-01-01 al 2018-06-30
3426003,mochilas de lona,1,1,pz,0,2017-06-22,articulos escolares,N,"consorcio empresarial intertamps, s. de r.l. de c.v.",papeleria y art. escolares grav,0,0,0,2018-01-01 al 2018-06-30
3427001,carne deshebrada,12,1,kg,0,2017-07-07,diversas carnes envasadas,N,carlos ovidio villarreal gonzalez,abarr. y art. de farmacia no grav,0,0,0,2018-01-01 al 2018-06-30
3427002,chilorio de cerdo,24,250,gr,0,2017-07-07,chilorio,N,carlos ovidio villarreal gonzalez,abarr. y art. de farmacia no grav,0,0,0,2018-01-01 al 2018-06-30
3428001,machaca de res yorica,30,1,kg,0,2017-07-10,diversas carnes envasadas,N,"gayer, s. de r.l. de c.v.",abarr. y art. de farmacia no grav,0,0,0,2018-01-01 al 2018-06-30
3429001,maiz blanco nacional a granel,1000,1,kg,0,2017-07-13,maiz blanco,S,"impap servicios comerciales, s de r.l. de c.v.",maiz,1,0,0,2018-01-01 al 2018-06-30
3429002,maiz blanco nacional envasado,1000,1,kg,0,2017-07-13,maiz blanco,S,"impap servicios comerciales, s de r.l. de c.v.",maiz,1,0,0,2018-01-01 al 2018-06-30
3430001,frijol negro san luis envasado,1,1,kg,0,2017-07-13,frijol envasado,S,"agruza, s.p.r. de r.l. de c.v.",frijol,1,0,0,2018-01-01 al 2018-06-30
3431001,agua potable,12,1500,ml,0,2017-07-21,agua purificada menor de 10 litros,N,"grupo comercial dalan, s.a. de c.v.",abarr no grav decreto 2006,0,0,0,2018-01-01 al 2018-06-30
3432001,budinera de 50 lts,1,1,pz,0,2017-07-31,utensilios de loza y peltre,N,sumtra s. de r.l. de c.v.,art. de hogar y jarcieria grav,0,0,0,2018-01-01 al 2018-06-30
3432002,cuchillo acero inoxidable,1,1,pz,0,2017-07-31,utensilios de aluminio y acero,N,sumtra s. de r.l. de c.v.,miscelaneos grav,0,0,0,2018-01-01 al 2018-06-30
3432003,mesas banqueteras rectangular de 2.40 x0,1,1,pz,0,2017-07-31,herramientas p/el campo y kits de limp.,N,sumtra s. de r.l. de c.v.,miscelaneos grav,0,0,0,2018-01-01 al 2018-06-30
3432004,pala,1,1,pz,0,2017-07-31,utensilios de aluminio y acero,N,sumtra s. de r.l. de c.v.,miscelaneos grav,0,0,0,2018-01-01 al 2018-06-30
3432005,plato extendido de 25 cm,1,1,pz,0,2017-07-31,utensilios d/plastico madera y vidrio,N,sumtra s. de r.l. de c.v.,miscelaneos grav,0,0,0,2018-01-01 al 2018-06-30
3432006,plato hondo,1,1,pz,0,2017-07-31,utensilios d/plastico madera y vidrio,N,sumtra s. de r.l. de c.v.,miscelaneos grav,0,0,0,2018-01-01 al 2018-06-30
3432007,prensa para tortilla,1,1,pz,0,2017-07-31,utensilios de aluminio y acero,N,sumtra s. de r.l. de c.v.,miscelaneos grav,0,0,0,2018-01-01 al 2018-06-30
3432012,charola termica 066,10,50,pz,0,2017-08-17,platos desechables,N,sumtra s. de r.l. de c.v.,art. de hogar y jarcieria grav,0,0,0,2018-01-01 al 2018-06-30
3432013,charola termica 855,10,50,pz,0,2017-08-17,platos desechables,N,sumtra s. de r.l. de c.v.,art. de hogar y jarcieria grav,0,0,0,2018-01-01 al 2018-06-30
3432014,cuchara desech pastelera no 1 pachanga,60,50,pz,0,2017-08-17,platos desechables,N,sumtra s. de r.l. de c.v.,art. de hogar y jarcieria grav,0,0,0,2018-01-01 al 2018-06-30
3432015,cuchara desech pastelera no 1 casa&cosa,60,50,pz,0,2017-08-17,platos desechables,N,sumtra s. de r.l. de c.v.,art. de hogar y jarcieria grav,0,0,0,2018-01-01 al 2018-06-30
3432016,tenedor desechable jumbo,40,25,pz,0,2017-08-17,utensilios d/plastico madera y vidrio,N,sumtra s. de r.l. de c.v.,art. de hogar y jarcieria grav,0,0,0,2018-01-01 al 2018-06-30
3432017,vaso plastico polipropileno no 8,20,50,pz,0,2017-08-17,utensilios d/plastico madera y vidrio,N,sumtra s. de r.l. de c.v.,art. de hogar y jarcieria grav,0,0,0,2018-01-01 al 2018-06-30
3432018,vaso termico no8,40,25,pz,0,2017-08-17,utensilios d/plastico madera y vidrio,N,sumtra s. de r.l. de c.v.,art. de hogar y jarcieria grav,0,0,0,2018-01-01 al 2018-06-30
3432019,vaso termico no10,40,25,pz,0,2017-08-17,utensilios d/plastico madera y vidrio,N,sumtra s. de r.l. de c.v.,art. de hogar y jarcieria grav,0,0,0,2018-01-01 al 2018-06-30
3432020,bolsa rollo 20x30 polipapel,1,1,kg,0,2017-08-17,bolsas para despensas,N,sumtra s. de r.l. de c.v.,miscelaneos grav,0,0,0,2018-01-01 al 2018-06-30
3432021,bolsa rollo 30x40 polipapel,1,1,kg,0,2017-08-17,bolsas para despensas,N,sumtra s. de r.l. de c.v.,miscelaneos grav,0,0,0,2018-01-01 al 2018-06-30
3432022,bolsa camisa chica polipapel,25,1,kg,0,2017-08-17,bolsas para despensas,N,sumtra s. de r.l. de c.v.,miscelaneos grav,0,0,0,2018-01-01 al 2018-06-30
3432023,bolsa camisa medianapolipapel,25,1,kg,0,2017-08-17,bolsas para despensas,N,sumtra s. de r.l. de c.v.,miscelaneos grav,0,0,0,2018-01-01 al 2018-06-30
3432024,bolsa camisa grande polipapel,25,1,kg,0,2017-08-17,bolsas para despensas,N,sumtra s. de r.l. de c.v.,art. de hogar y jarcieria grav,0,0,0,2018-01-01 al 2018-06-30
3432025,cuchara des grande sopera,40,25,pz,0,2017-08-17,utensilios d/plastico madera y vidrio,N,sumtra s. de r.l. de c.v.,art. de hogar y jarcieria grav,0,0,0,2018-01-01 al 2018-06-30
3432026,vaso termico no 12,40,25,pz,0,2017-08-17,utensilios d/plastico madera y vidrio,N,sumtra s. de r.l. de c.v.,art. de hogar y jarcieria grav,0,0,0,2018-01-01 al 2018-06-30
3432027,papel aluminio 10 mtsx30,24,1,pz,0,2017-08-17,papel aluminio,N,sumtra s. de r.l. de c.v.,abarr. y art. de farmacia grav,0,0,0,2018-01-01 al 2018-06-30
3432028,colador acero inox 18cm,1,1,pz,0,2017-11-02,utensilios de aluminio y acero,N,sumtra s. de r.l. de c.v.,miscelaneos grav,0,0,0,2018-01-01 al 2018-06-30
3432029,plancha comal 60 cm x 30 cm,1,1,pz,0,2017-11-02,utensilios de aluminio y acero,N,sumtra s. de r.l. de c.v.,miscelaneos grav,0,0,0,2018-01-01 al 2018-06-30
3432030,cucharas grandes,1,1,pz,0,2017-11-02,utensilios de aluminio y acero,N,sumtra s. de r.l. de c.v.,miscelaneos grav,0,0,0,2018-01-01 al 2018-06-30
3432031,cucharas soperas,1,1,pz,0,2017-11-02,utensilios de aluminio y acero,N,sumtra s. de r.l. de c.v.,miscelaneos grav,0,0,0,2018-01-01 al 2018-06-30
3432032,cucharones de 20/60,1,1,pz,0,2017-11-02,utensilios de aluminio y acero,N,sumtra s. de r.l. de c.v.,miscelaneos grav,0,0,0,2018-01-01 al 2018-06-30
3432033,fogon de gas,1,1,pz,0,2017-11-02,herramientas p/el campo y kits de limp.,N,sumtra s. de r.l. de c.v.,miscelaneos grav,0,0,0,2018-01-01 al 2018-06-30
3432034,mesa de preparacion,1,1,pz,0,2017-11-02,herramientas p/el campo y kits de limp.,N,sumtra s. de r.l. de c.v.,miscelaneos grav,0,0,0,2018-01-01 al 2018-06-30
3432035,olla de 30 lts,1,1,pz,0,2017-11-02,utensilios de loza y peltre,N,sumtra s. de r.l. de c.v.,art. de hogar y jarcieria grav,0,0,0,2018-01-01 al 2018-06-30
3432036,olla de acero incoxidable de 40 lts,1,1,pz,0,2017-11-02,utensilios de loza y peltre,N,sumtra s. de r.l. de c.v.,art. de hogar y jarcieria grav,0,0,0,2018-01-01 al 2018-06-30
3432037,olla de acero inoxidable de 60 lts,1,1,pz,0,2017-11-02,utensilios de loza y peltre,N,sumtra s. de r.l. de c.v.,art. de hogar y jarcieria grav,0,0,0,2018-01-01 al 2018-06-30
3432038,plato extendido de 15 cm,1,1,pz,0,2017-11-02,utensilios d/plastico madera y vidrio,N,sumtra s. de r.l. de c.v.,miscelaneos grav,0,0,0,2018-01-01 al 2018-06-30
3432039,sarten de 40 cm,1,1,pz,0,2017-11-02,utensilios de loza y peltre,N,sumtra s. de r.l. de c.v.,art. de hogar y jarcieria grav,0,0,0,2018-01-01 al 2018-06-30
3432040,sarten de 36 cm,1,1,pz,0,2017-11-02,utensilios de loza y peltre,N,sumtra s. de r.l. de c.v.,art. de hogar y jarcieria grav,0,0,0,2018-01-01 al 2018-06-30
3432041,silla de plastico,1,1,pz,0,2017-11-02,herramientas p/el campo y kits de limp.,N,sumtra s. de r.l. de c.v.,miscelaneos grav,0,0,0,2018-01-01 al 2018-06-30
3432042,tenedores,1,1,pz,0,2017-11-02,utensilios de aluminio y acero,N,sumtra s. de r.l. de c.v.,art. de hogar y jarcieria grav,0,0,0,2018-01-01 al 2018-06-30
3432043,tazas,1,1,pz,0,2017-11-06,utensilios d/plastico madera y vidrio,N,sumtra s. de r.l. de c.v.,art. de hogar y jarcieria grav,0,0,0,2018-01-01 al 2018-06-30
3432044,cobertor,1,1,pz,0,2017-12-07,cobijas y colchonetas,N,sumtra s. de r.l. de c.v.,"acc. p/bebe, ropa y calzado grav",0,0,0,2018-01-01 al 2018-06-30
3432045,cucharon acero inox 18cm orilla gruesa 8,1,1,pz,0,2017-12-27,utensilios de aluminio y acero,N,sumtra s. de r.l. de c.v.,miscelaneos grav,0,0,0,2018-01-01 al 2018-06-30
3432046,cuchara de acero inoxidable 3.5 mm,1,1,pz,0,2017-12-27,utensilios de aluminio y acero,N,sumtra s. de r.l. de c.v.,miscelaneos grav,0,0,0,2018-01-01 al 2018-06-30
3432047,cucharones 20/60,1,1,pz,0,2017-12-27,utensilios de loza y peltre,N,sumtra s. de r.l. de c.v.,miscelaneos grav,0,0,0,2018-01-01 al 2018-06-30
3432048,licuadora oster de 3 velocidades industr,1,1,pz,0,2017-12-27,articulos para el hogar,N,sumtra s. de r.l. de c.v.,miscelaneos grav,0,0,0,2018-01-01 al 2018-06-30
3432049,mandil cocina 1 vist mundi,1,1,pz,0,2017-12-27,ropa,N,sumtra s. de r.l. de c.v.,"acc. p/bebe, ropa y calzado grav",0,0,0,2018-01-01 al 2018-06-30
3432050,microfibra 40x40 brisa,1,1,pz,0,2017-12-27,fibras y estropajos,N,sumtra s. de r.l. de c.v.,miscelaneos grav,0,0,0,2018-01-01 al 2018-06-30
3432051,olla de aluminio triple fuerte de 40 lts,1,1,pz,0,2017-12-27,utensilios de aluminio y acero,N,sumtra s. de r.l. de c.v.,miscelaneos grav,0,0,0,2018-01-01 al 2018-06-30
3432052,sartenalum triple fuerte c/mango 36cm,1,1,pz,0,2017-12-27,utensilios de aluminio y acero,N,sumtra s. de r.l. de c.v.,miscelaneos grav,0,0,0,2018-01-01 al 2018-06-30
3432053,silla plastica,1,1,pz,0,2017-12-27,herramientas p/el campo y kits de limp.,N,sumtra s. de r.l. de c.v.,miscelaneos grav,0,0,0,2018-01-01 al 2018-06-30
3432054,silla preescolar,1,1,pz,0,2017-12-27,herramientas p/el campo y kits de limp.,N,sumtra s. de r.l. de c.v.,miscelaneos grav,0,0,0,2018-01-01 al 2018-06-30
3432055,tablon plastico plegable preescolar,1,1,pz,0,2017-12-27,herramientas p/el campo y kits de limp.,N,sumtra s. de r.l. de c.v.,miscelaneos grav,0,0,0,2018-01-01 al 2018-06-30
3432056,tenedor de acero inoxidable 3.5mm,1,1,pz,0,2017-12-27,utensilios de aluminio y acero,N,sumtra s. de r.l. de c.v.,miscelaneos grav,0,0,0,2018-01-01 al 2018-06-30
3432057,vaporera 40 litros aluminio triple fuert,1,1,pz,0,2017-12-27,utensilios de aluminio y acero,N,sumtra s. de r.l. de c.v.,miscelaneos grav,0,0,0,2018-01-01 al 2018-06-30
3432058,cuchillo bistecero de acero inox 25 cm,1,1,pz,0,2017-12-28,utensilios de aluminio y acero,N,sumtra s. de r.l. de c.v.,art. de hogar y jarcieria grav,0,0,0,2018-01-01 al 2018-06-30
3432059,fogon gas separacion 3 quem pint hornead,1,1,pz,0,2017-12-28,herramientas p/el campo y kits de limp.,N,sumtra s. de r.l. de c.v.,miscelaneos grav,0,0,0,2018-01-01 al 2018-06-30
3432060,plato melamina de  25 cm,1,1,pz,0,2017-12-28,utensilios d/plastico madera y vidrio,N,sumtra s. de r.l. de c.v.,art. de hogar y jarcieria grav,0,0,0,2018-01-01 al 2018-06-30
3432061,batidor #00 casa&cosa,200,1,pz,0,2018-04-10,utensilios d/plastico madera y vidrio,N,sumtra s. de r.l. de c.v.,art. de hogar y jarcieria grav,0,0,0,2018-01-01 al 2018-06-30
3432062,batidor 1 1/2 ferplast,20,1,pz,0,2018-04-10,utensilios d/plastico madera y vidrio,N,sumtra s. de r.l. de c.v.,art. de hogar y jarcieria grav,0,0,0,2018-01-01 al 2018-06-30
3432063,cubeta #12 8 lt alica,25,1,pz,0,2018-04-10,utensilios d/plastico madera y vidrio,N,sumtra s. de r.l. de c.v.,art. de hogar y jarcieria grav,0,0,0,2018-01-01 al 2018-06-30
3432066,franela roja 1 m poderosa,250,1,pz,0,2018-04-10,franelas y jergas,N,sumtra s. de r.l. de c.v.,art. de hogar y jarcieria grav,0,0,0,2018-01-01 al 2018-06-30
3432067,jerga zargada .60x1 m poderosa,200,1,pz,0,2018-04-10,franelas y jergas,N,sumtra s. de r.l. de c.v.,art. de hogar y jarcieria grav,0,0,0,2018-01-01 al 2018-06-30
3432068,escoba  gde p-250 perico c/baston,12,1,pz,0,2018-04-10,"escobas, escobetas y cepillos",N,sumtra s. de r.l. de c.v.,art. de hogar y jarcieria grav,0,0,0,2018-01-01 al 2018-06-30
3432069,escoba abanico palma c/baston,36,1,pz,0,2018-04-10,"escobas, escobetas y cepillos",N,sumtra s. de r.l. de c.v.,art. de hogar y jarcieria grav,0,0,0,2018-01-01 al 2018-06-30
3432070,cepillo piso ideal c/baston,20,1,pz,0,2018-04-10,"escobas, escobetas y cepillos",N,sumtra s. de r.l. de c.v.,art. de hogar y jarcieria grav,0,0,0,2018-01-01 al 2018-06-30
3432071,mechudo italiano pm-350 perico c/baston,24,1,pz,0,2018-04-10,trapeadores y mechudos,N,sumtra s. de r.l. de c.v.,art. de hogar y jarcieria grav,0,0,0,2018-01-01 al 2018-06-30
3432072,jalador master 40cm casa&cosa,12,1,pz,0,2018-04-10,trapeadores y mechudos,N,sumtra s. de r.l. de c.v.,art. de hogar y jarcieria grav,0,0,0,2018-01-01 al 2018-06-30
3432073,mi fibra verde popular 3m,96,1,pz,0,2018-04-10,trapeadores y mechudos,N,sumtra s. de r.l. de c.v.,art. de hogar y jarcieria grav,0,0,0,2018-01-01 al 2018-06-30
3432074,fibra c/esponja poderosa,50,1,pz,0,2018-04-10,fibras y estropajos,N,sumtra s. de r.l. de c.v.,art. de hogar y jarcieria grav,0,0,0,2018-01-01 al 2018-06-30
3432075,zacate saluk,100,1,pz,0,2018-04-10,fibras y estropajos,N,sumtra s. de r.l. de c.v.,art. de hogar y jarcieria grav,0,0,0,2018-01-01 al 2018-06-30
3432077,guante domestico altex,200,1,pz,0,2018-04-10,guantes de hule,N,sumtra s. de r.l. de c.v.,art. de hogar y jarcieria grav,0,0,0,2018-01-01 al 2018-06-30
3432078,papel aluminio 50 metros,50,50,mt,0,2018-08-27,papel aluminio,N,sumtra s. de r.l. de c.v.,abarr. y art. de farmacia grav,0,0,0,2018-01-01 al 2018-06-30
3432079,microdyn 15 ml,300,15,ml,0,2018-08-27,desinfectantes,N,sumtra s. de r.l. de c.v.,abarr. y art. de farmacia grav,0,0,0,2018-01-01 al 2018-06-30
3432080,fibra metalica mediana,100,1,pz,0,2018-08-27,fibras y estropajos,N,sumtra s. de r.l. de c.v.,art. de hogar y jarcieria grav,0,0,0,2018-01-01 al 2018-06-30
3432081,escoba b-100,24,1,pz,0,2018-08-27,"escobas, escobetas y cepillos",N,sumtra s. de r.l. de c.v.,art. de hogar y jarcieria grav,0,0,0,2018-01-01 al 2018-06-30
3432082,cubeta conica #14 carrasco,100,1,pz,0,2018-08-27,utensilios d/plastico madera y vidrio,N,sumtra s. de r.l. de c.v.,art. de hogar y jarcieria grav,0,0,0,2018-01-01 al 2018-06-30
3432083,recogedor reforzado poderosa,100,1,pz,0,2018-08-27,utensilios de lamina galvanizada,N,sumtra s. de r.l. de c.v.,art. de hogar y jarcieria grav,0,0,0,2018-01-01 al 2018-06-30
3432084,fibra metalica grande,200,1,pz,0,2018-08-27,fibras y estropajos,N,sumtra s. de r.l. de c.v.,art. de hogar y jarcieria grav,0,0,0,2018-01-01 al 2018-06-30
3433001,limpiador multiusos aroma mar fresco,12,1000,ml,0,2017-08-22,limpiadores liquidos,N,"gpo freiheit fist, s.a. de c.v.",abarr. y art. de farmacia grav,0,0,0,2018-01-01 al 2018-06-30
3433002,limpiador multiusos aroma lavanda,12,1000,ml,0,2017-08-22,limpiadores liquidos,N,"gpo freiheit fist, s.a. de c.v.",abarr. y art. de farmacia grav,0,0,0,2018-01-01 al 2018-06-30
3433003,limpiador multiusos aroma pino,12,1000,ml,0,2017-08-22,limpiadores liquidos,N,"gpo freiheit fist, s.a. de c.v.",abarr. y art. de farmacia grav,0,0,0,2018-01-01 al 2018-06-30
3434001,agua embotellada big aqua,12,1500,ml,0,2017-08-23,agua purificada menor de 10 litros,N,"maya sorting, s.a. de c.v.",abarr no grav decreto 2006,0,0,0,2018-01-01 al 2018-06-30
3435001,concentrado de tamarindo oasis point,20,236,ml,0,2017-08-28,concentrado liquido para refrescos,N,carlos garcia barriga,abarr. y art. de farmacia grav,0,0,0,2018-01-01 al 2018-06-30
3435002,concentrado de jamaica oasis point,20,236,ml,0,2017-08-28,concentrado liquido para refrescos,N,carlos garcia barriga,abarr. y art. de farmacia grav,0,0,0,2018-01-01 al 2018-06-30
3436001,frijol pinto bill-z envasado,1,1,kg,0,2017-09-12,frijol envasado,S,"agroproductos selectos la mesa, s.a. de c.v.",frijol,1,0,0,2018-01-01 al 2018-06-30
3437001,arroz grano largo 5% envasado,1,1,kg,0,2017-09-14,arroz envasado,S,"productora mexicana de arroz, s.a.p.i. de c.v.",arroz,0,0,0,2018-01-01 al 2018-06-30
3437002,arroz 1/2 grano granel,1,1,kg,0,2018-02-21,arroz a granel,S,"productora mexicana de arroz, s.a.p.i. de c.v.",arroz,0,0,0,2018-01-01 al 2018-06-30
3437003,arroz grano largo 5% envasado,1,900,gr,0,2018-06-22,arroz envasado,S,"productora mexicana de arroz, s.a.p.i. de c.v.",arroz,0,0,0,2018-01-01 al 2018-06-30
3437004,frijol negro san luis envasado,1,900,gr,0,2018-06-22,frijol envasado,S,"productora mexicana de arroz, s.a.p.i. de c.v.",frijol,0,0,0,2018-01-01 al 2018-06-30
3437005,arroz grano largo 5% envasado,1,500,gr,0,2018-08-13,arroz envasado,S,"productora mexicana de arroz, s.a.p.i. de c.v.",arroz,0,0,0,2018-01-01 al 2018-06-30
3438001,pozole precocido nadal,4,3100,gr,0,2017-09-22,diversas comidas preparadas,N,"distribuidora nadal del centro, s.a. de c.v.",abarr. y art. de farmacia no grav,0,0,0,2018-01-01 al 2018-06-30
3439001,maiz blanco nacional a granel,1000,1,kg,0,2017-10-02,maiz blanco,S,"energetic evolution, s. de r.l. de c.v.",maiz,0,0,0,2018-01-01 al 2018-06-30
3439002,maiz blanco nacional envasado,1000,1,kg,0,2017-10-02,maiz blanco,S,"energetic evolution, s. de r.l. de c.v.",maiz,0,0,0,2018-01-01 al 2018-06-30
3440001,consome con verduras paktnutras,5,3,kg,0,2017-10-03,diversas sopas envasadas y enlatadas,N,"cai del poniente, s.a. de c.v.",abarr. y art. de farmacia no grav,0,0,0,2018-01-01 al 2018-06-30
3440002,sopa de tomate paktnutras,5,3,kg,0,2017-10-03,diversas sopas envasadas y enlatadas,N,"cai del poniente, s.a. de c.v.",abarr. y art. de farmacia no grav,0,0,0,2018-01-01 al 2018-06-30
3440003,sopa de zanahoria paktnutras,5,3,kg,0,2017-10-03,diversas sopas envasadas y enlatadas,N,"cai del poniente, s.a. de c.v.",abarr. y art. de farmacia no grav,0,0,0,2018-01-01 al 2018-06-30
3440004,mezcla de 9 vegetales deshi sabor pollo,20,450,gr,0,2017-10-03,diversas sopas envasadas y enlatadas,N,"cai del poniente, s.a. de c.v.",abarr. y art. de farmacia no grav,0,0,0,2018-01-01 al 2018-06-30
3440005,mezcla de 9 vegetales deshi sabor cerdo,20,450,gr,0,2017-10-03,diversas sopas envasadas y enlatadas,N,"cai del poniente, s.a. de c.v.",abarr. y art. de farmacia no grav,0,0,0,2018-01-01 al 2018-06-30
3440006,mezcla de 9 vegetales deshi sabor res,20,450,gr,0,2017-10-03,diversas sopas envasadas y enlatadas,N,"cai del poniente, s.a. de c.v.",abarr. y art. de farmacia no grav,0,0,0,2018-01-01 al 2018-06-30
3440007,fruta evaporada,1,20,gr,0,2017-10-13,frutas secas,N,"cai del poniente, s.a. de c.v.",abarr. y art. de farmacia no grav,0,0,0,2018-01-01 al 2018-06-30
3440008,soya texturizada desgrasada,36,330,gr,0,2017-12-11,soya texturizada,N,"cai del poniente, s.a. de c.v.",abarr. y art. de farmacia no grav,0,0,0,2018-01-01 al 2018-06-30
3440009,verduras bajio con costilla,20,450,gr,0,2018-02-08,diversas comidas preparadas,N,"cai del poniente, s.a. de c.v.",abarr. y art. de farmacia no grav,0,0,0,2018-01-01 al 2018-06-30
3440010,verduras bajio con jamon,20,450,gr,0,2018-02-08,diversas comidas preparadas,N,"cai del poniente, s.a. de c.v.",abarr. y art. de farmacia no grav,0,0,0,2018-01-01 al 2018-06-30
3440011,verduras istmo con camaron,20,450,gr,0,2018-02-08,diversas comidas preparadas,N,"cai del poniente, s.a. de c.v.",abarr. y art. de farmacia no grav,0,0,0,2018-01-01 al 2018-06-30
3440012,verduras istmo con tocino,20,450,gr,0,2018-02-08,diversas comidas preparadas,N,"cai del poniente, s.a. de c.v.",abarr. y art. de farmacia no grav,0,0,0,2018-01-01 al 2018-06-30
3440013,verduras nortenas con chorizo,20,450,gr,0,2018-02-08,diversas comidas preparadas,N,"cai del poniente, s.a. de c.v.",abarr. y art. de farmacia no grav,0,0,0,2018-01-01 al 2018-06-30
3440014,verduras nortenas con queso,20,450,gr,0,2018-02-08,diversas comidas preparadas,N,"cai del poniente, s.a. de c.v.",abarr. y art. de farmacia no grav,0,0,0,2018-01-01 al 2018-06-30
3440016,pulpa de frutas,12,1,lt,1,2018-02-16,jugos,S,"cai del poniente, s.a. de c.v.",abarr no grav decreto 2006,0,0,0,2018-01-01 al 2018-06-30
3441001,alambre al carbon paktnutras,10,1,kg,0,2017-10-04,diversas comidas preparadas,N,"juntos a nutrir, s.a. de c.v.",abarr. y art. de farmacia no grav,0,0,0,2018-01-01 al 2018-06-30
3441002,albondigas caseras paktnutras,10,1,kg,0,2017-10-04,diversas comidas preparadas,N,"juntos a nutrir, s.a. de c.v.",abarr. y art. de farmacia no grav,0,0,0,2018-01-01 al 2018-06-30
3441003,chicharron en salsa verde paktnutras,10,1,kg,0,2017-10-04,diversas comidas preparadas,N,"juntos a nutrir, s.a. de c.v.",abarr. y art. de farmacia no grav,0,0,0,2018-01-01 al 2018-06-30
3441004,pollo deshebrado paktnutras,10,1,kg,0,2017-10-04,diversas carnes envasadas,N,"juntos a nutrir, s.a. de c.v.",abarr. y art. de farmacia no grav,0,0,0,2018-01-01 al 2018-06-30
3441005,tinga de res paktnutras,10,1,kg,0,2017-10-04,diversas comidas preparadas,N,"juntos a nutrir, s.a. de c.v.",abarr. y art. de farmacia no grav,0,0,0,2018-01-01 al 2018-06-30
3441006,fruta evaporada,1,20,gr,0,2017-10-13,frutas secas,N,"juntos a nutrir, s.a. de c.v.",abarr. y art. de farmacia no grav,0,0,0,2018-01-01 al 2018-06-30
3441007,carne deshebrada,10,1,kg,0,2018-02-07,diversas carnes envasadas,N,"juntos a nutrir, s.a. de c.v.",abarr. y art. de farmacia no grav,0,0,0,2018-01-01 al 2018-06-30
3441008,sopa de espinaca con queso,5,3,kg,0,2018-02-07,diversas sopas envasadas y enlatadas,N,"juntos a nutrir, s.a. de c.v.",abarr. y art. de farmacia no grav,0,0,0,2018-01-01 al 2018-06-30
3441009,pizza,10,1,kg,0,2018-02-07,diversas comidas preparadas,N,"juntos a nutrir, s.a. de c.v.",abarr. y art. de farmacia no grav,0,0,0,2018-01-01 al 2018-06-30
3441010,sopa de poro y papa,5,3,kg,0,2018-02-07,diversas sopas envasadas y enlatadas,N,"juntos a nutrir, s.a. de c.v.",abarr. y art. de farmacia no grav,0,0,0,2018-01-01 al 2018-06-30
3441011,crema poblana,5,3,kg,0,2018-02-07,diversas sopas envasadas y enlatadas,N,"juntos a nutrir, s.a. de c.v.",abarr. y art. de farmacia no grav,0,0,0,2018-01-01 al 2018-06-30
3442001,panal para adulto tipo calzon predoblado,6,10,pz,0,2017-10-09,panales desechables,N,alejandro  acosta  martinez,"acc. p/bebe, ropa y calzado grav",0,0,0,2018-01-01 al 2018-06-30
3442002,panal para adulto grande,4,10,pz,0,2017-10-09,panales desechables,N,alejandro  acosta  martinez,"acc. p/bebe, ropa y calzado grav",0,0,0,2018-01-01 al 2018-06-30
3442003,toallas femeninas con alas,12,8,pz,0,2017-10-09,toallas sanitarias,N,alejandro  acosta  martinez,abarr. y art. de farmacia grav,0,0,0,2018-01-01 al 2018-06-30
3442004,toallas femeninas sin alas,12,8,pz,0,2017-10-09,toallas sanitarias,N,alejandro  acosta  martinez,abarr. y art. de farmacia grav,0,0,0,2018-01-01 al 2018-06-30
3442005,toallas femeninas nocturna,12,8,pz,0,2017-10-09,toallas sanitarias,N,alejandro  acosta  martinez,abarr. y art. de farmacia grav,0,0,0,2018-01-01 al 2018-06-30
3442006,panal para nino mediano,48,3,pz,0,2017-10-09,panales desechables,N,alejandro  acosta  martinez,"acc. p/bebe, ropa y calzado grav",0,0,0,2018-01-01 al 2018-06-30
3442007,panal para nino grande,48,3,pz,0,2017-10-09,panales desechables,N,alejandro  acosta  martinez,"acc. p/bebe, ropa y calzado grav",0,0,0,2018-01-01 al 2018-06-30
3442008,panal para nino jumbo,48,3,pz,0,2017-10-09,panales desechables,N,alejandro  acosta  martinez,"acc. p/bebe, ropa y calzado grav",0,0,0,2018-01-01 al 2018-06-30
3443001,pierna al horno el fogon del tio,25,1,kg,0,2017-10-16,diversas comidas preparadas,N,"promexa i&e, s.a. de c.v.",abarr. y art. de farmacia no grav,0,0,0,2018-01-01 al 2018-06-30
3444001,choc de mesa don gustavo,12,540,gr,0,2017-10-18,chocolate de mesa,S,"distribuidora don gustavo, s.a. de c.v.",pago abarrotes gravado ieps (propio,0,0,8,2018-01-01 al 2018-06-30
3444002,choc pvo tigri,24,400,gr,0,2017-10-18,chocolate en polvo,S,"distribuidora don gustavo, s.a. de c.v.",pago abarrotes gravado ieps (propio,0,0,8,2018-01-01 al 2018-06-30
3444003,chocolate en polvo choco-tigri,48,200,gr,0,2017-10-18,chocolate en polvo,S,"distribuidora don gustavo, s.a. de c.v.",pago abarrotes gravado ieps (propio,0,0,8,2018-01-01 al 2018-06-30
3444004,chocolate don gustavo granulado,24,350,gr,0,2017-10-18,chocolate en polvo,S,"distribuidora don gustavo, s.a. de c.v.",pago abarrotes gravado ieps (propio,0,0,8,2018-01-01 al 2018-06-30
3444005,choc pvo choco tavo,24,350,gr,0,2017-10-18,chocolate en polvo,S,"distribuidora don gustavo, s.a. de c.v.",pago abarrotes gravado ieps (propio,0,0,8,2018-01-01 al 2018-06-30
3445001,pan de muerto abacomex,1,75,gr,0,2017-10-20,pan de dulce,N,"abacomex abastecedora comercial mexiquense, s.a. de c.v.",pago abarrotes gravado ieps (propio,0,0,8,2018-01-01 al 2018-06-30
3445002,rosca de reyes abacomex,1,1,kg,0,2017-11-15,pan de dulce,N,"abacomex abastecedora comercial mexiquense, s.a. de c.v.",pago abarrotes gravado ieps (propio,0,0,8,2018-01-01 al 2018-06-30
3445003,congelador horizontal tipo cofre 10 pies,1,1,pz,0,2017-12-28,articulos para el hogar,N,"abacomex abastecedora comercial mexiquense, s.a. de c.v.",art. de hogar y jarcieria grav,0,0,0,2018-01-01 al 2018-06-30
3445004,refrig vert acero 1 puerta 20 pies cubic,1,1,pz,0,2017-12-28,linea blanca,N,"abacomex abastecedora comercial mexiquense, s.a. de c.v.",miscelaneos grav,0,0,0,2018-01-01 al 2018-06-30
3445005,"tenis talla chica, mediana y grande",1,1,pz,0,2018-06-05,calzado de plastico,N,"abacomex abastecedora comercial mexiquense, s.a. de c.v.","acc. p/bebe, ropa y calzado grav",0,0,0,2018-01-01 al 2018-06-30
3445006,cereal integral pop vainilla fort 10vit,60,150,gr,0,2018-08-03,cereales en hojuelas,S,"abacomex abastecedora comercial mexiquense, s.a. de c.v.",pago abarrotes gravado ieps (propio,0,0,8,2018-01-01 al 2018-06-30
3445007,nutricereal int coco fortificado 10vit,60,150,gr,0,2018-08-03,cereales en hojuelas,S,"abacomex abastecedora comercial mexiquense, s.a. de c.v.",pago abarrotes gravado ieps (propio,0,0,8,2018-01-01 al 2018-06-30
3446001,calaverita de amaranto,1,240,gr,0,2017-10-20,productos a base de amaranto,S,"productos y servicios capitulare, s.a. de c.v.",pago abarrotes gravado ieps (propio,0,0,8,2018-01-01 al 2018-06-30
3446002,rebozo artesanal hecho a mano,1,1,pz,0,2017-11-14,ropa,N,"productos y servicios capitulare, s.a. de c.v.","acc. p/bebe, ropa y calzado grav",0,0,0,2018-01-01 al 2018-06-30
3446003,cucharas soperas,1,1,pz,0,2017-11-24,utensilios de aluminio y acero,N,"productos y servicios capitulare, s.a. de c.v.",miscelaneos grav,0,0,0,2018-01-01 al 2018-06-30
3446004,cuchillo de acero inoxidable,1,1,pz,0,2017-11-24,utensilios de aluminio y acero,N,"productos y servicios capitulare, s.a. de c.v.",miscelaneos grav,0,0,0,2018-01-01 al 2018-06-30
3446005,mesa banq rectangular de 2.44x0.76 abat,1,1,pz,0,2017-11-24,herramientas p/el campo y kits de limp.,N,"productos y servicios capitulare, s.a. de c.v.",miscelaneos grav,0,0,0,2018-01-01 al 2018-06-30
3446006,plato extendido de 15 cm,1,1,pz,0,2017-11-24,utensilios d/plastico madera y vidrio,N,"productos y servicios capitulare, s.a. de c.v.",miscelaneos grav,0,0,0,2018-01-01 al 2018-06-30
3446007,plato extendido de 25 cm,1,1,pz,0,2017-11-24,utensilios d/plastico madera y vidrio,N,"productos y servicios capitulare, s.a. de c.v.",miscelaneos grav,0,0,0,2018-01-01 al 2018-06-30
3446008,plato hondo,1,1,pz,0,2017-11-24,utensilios d/plastico madera y vidrio,N,"productos y servicios capitulare, s.a. de c.v.",miscelaneos grav,0,0,0,2018-01-01 al 2018-06-30
3446009,sillas de plastico,1,1,pz,0,2017-11-24,utensilios d/plastico madera y vidrio,N,"productos y servicios capitulare, s.a. de c.v.",miscelaneos grav,0,0,0,2018-01-01 al 2018-06-30
3446010,tazas,1,1,pz,0,2017-11-24,utensilios d/plastico madera y vidrio,N,"productos y servicios capitulare, s.a. de c.v.",miscelaneos grav,0,0,0,2018-01-01 al 2018-06-30
3446011,tenedor,1,1,pz,0,2017-11-24,utensilios de aluminio y acero,N,"productos y servicios capitulare, s.a. de c.v.",art. de hogar y jarcieria grav,0,0,0,2018-01-01 al 2018-06-30
3446012,salsa verde taquera pioneros,10,1,kg,0,2018-02-13,salsas caseras,N,"productos y servicios capitulare, s.a. de c.v.",abarr. y art. de farmacia no grav,0,0,0,2018-01-01 al 2018-06-30
3446013,huevo en polvo,20,1,kg,0,2018-02-27,huevo deshidratado,N,"productos y servicios capitulare, s.a. de c.v.",abarr. y art. de farmacia no grav,0,0,0,2018-01-01 al 2018-06-30
3447001,agua purificada,1,6,lt,0,2017-10-31,agua purificada menor de 10 litros,N,"centro logistico estrella, s.a. de c.v.",abarr no grav decreto 2006,0,0,0,2018-01-01 al 2018-06-30
3447002,bebida de los cielos citrus,24,500,ml,0,2017-10-31,bebidas de fruta,N,"centro logistico estrella, s.a. de c.v.",abarr. y art. de farmacia grav,0,0,0,2018-01-01 al 2018-06-30
3447003,bebida de los cielos citrus,12,1,lt,0,2017-10-31,bebidas de fruta,N,"centro logistico estrella, s.a. de c.v.",abarr. y art. de farmacia grav,0,0,0,2018-01-01 al 2018-06-30
3447004,frutta yes guayaba,12,1100,ml,0,2017-10-31,bebidas de fruta,N,"centro logistico estrella, s.a. de c.v.",abarr no grav decreto 2006,0,0,0,2018-01-01 al 2018-06-30
3447005,frutta yes mango manila,12,1100,ml,0,2017-10-31,bebidas de fruta,N,"centro logistico estrella, s.a. de c.v.",abarr no grav decreto 2006,0,0,0,2018-01-01 al 2018-06-30
3447006,frutta yes naranja,12,1100,ml,0,2017-10-31,bebidas de fruta,N,"centro logistico estrella, s.a. de c.v.",abarr no grav decreto 2006,0,0,0,2018-01-01 al 2018-06-30
3447007,frutta yes tamarindo,12,1100,ml,0,2017-10-31,bebidas de fruta,N,"centro logistico estrella, s.a. de c.v.",abarr no grav decreto 2006,0,0,0,2018-01-01 al 2018-06-30
3448001,filipina chef c/5 botones y personalizad,1,1,pz,0,2017-11-09,ropa,N,"river ecoproducts, s.a. de c.v.","acc. p/bebe, ropa y calzado grav",0,0,0,2018-01-01 al 2018-06-30
3448002,chaleco tipo reportero/ periodista kaki,1,1,pz,0,2017-11-09,ropa,N,"river ecoproducts, s.a. de c.v.","acc. p/bebe, ropa y calzado grav",0,0,0,2018-01-01 al 2018-06-30
3448003,playera sport tipo polo,1,1,pz,0,2017-11-09,ropa,N,"river ecoproducts, s.a. de c.v.","acc. p/bebe, ropa y calzado grav",0,0,0,2018-01-01 al 2018-06-30
3448004,menu tamano carta,1,1,pz,0,2017-11-09,articulos escolares,N,"river ecoproducts, s.a. de c.v.",abarr. y art. de farmacia grav,0,0,0,2018-01-01 al 2018-06-30
3448005,mandiles comedores en gabardina,1,1,pz,0,2017-11-09,ropa,N,"river ecoproducts, s.a. de c.v.","acc. p/bebe, ropa y calzado grav",0,0,0,2018-01-01 al 2018-06-30
3448006,panoletas comedores en gabardina,1,1,pz,0,2017-11-09,ropa,N,"river ecoproducts, s.a. de c.v.","acc. p/bebe, ropa y calzado grav",0,0,0,2018-01-01 al 2018-06-30
3448007,cubrebocas,1,1,pz,0,2017-11-09,ropa,N,"river ecoproducts, s.a. de c.v.","acc. p/bebe, ropa y calzado grav",0,0,0,2018-01-01 al 2018-06-30
3448008,playera tacto algodon,1,1,pz,0,2017-11-09,ropa,N,"river ecoproducts, s.a. de c.v.","acc. p/bebe, ropa y calzado grav",0,0,0,2018-01-01 al 2018-06-30
3448009,gorra de algodon blanca,1,1,pz,0,2017-11-09,ropa,N,"river ecoproducts, s.a. de c.v.","acc. p/bebe, ropa y calzado grav",0,0,0,2018-01-01 al 2018-06-30
3448010,chaleco tipo brigada 3 logos full color,1,1,pz,0,2017-11-09,ropa,N,"river ecoproducts, s.a. de c.v.","acc. p/bebe, ropa y calzado grav",0,0,0,2018-01-01 al 2018-06-30
3448011,camisas,1,1,pz,0,2017-11-09,ropa,N,"river ecoproducts, s.a. de c.v.","acc. p/bebe, ropa y calzado grav",0,0,0,2018-01-01 al 2018-06-30
3448012,agenda diaria usb 2018,1,1,pz,0,2018-01-30,articulos escolares,N,"river ecoproducts, s.a. de c.v.",papeleria y art. escolares grav,0,0,0,2018-01-01 al 2018-06-30
3448013,agenda diaria,1,1,pz,0,2018-01-30,articulos escolares,N,"river ecoproducts, s.a. de c.v.",papeleria y art. escolares grav,0,0,0,2018-01-01 al 2018-06-30
3448014,porta pasaporte cargador,1,1,pz,0,2018-01-30,articulos escolares,N,"river ecoproducts, s.a. de c.v.",papeleria y art. escolares grav,0,0,0,2018-01-01 al 2018-06-30
3449001,pelicula imp 3t 28/275 450 gr arroz,1,1,kg,0,2017-11-29,bolsas para despensas,N,"plasticos beda, s.a. de c.v.",miscelaneos grav,0,0,0,2018-01-01 al 2018-06-30
3449002,pelicula imp 3t 28/275 450 gr frijol,1,1,kg,0,2017-11-29,bolsas para despensas,N,"plasticos beda, s.a. de c.v.",miscelaneos grav,0,0,0,2018-01-01 al 2018-06-30
3449003,pelicula imp 3t 28/275 450 gr azucar,1,1,kg,0,2017-11-29,bolsas para despensas,N,"plasticos beda, s.a. de c.v.",miscelaneos grav,0,0,0,2018-01-01 al 2018-06-30
3449004,pelicula imp 3t 28/275 900 gr arroz,1,1,kg,0,2017-11-29,bolsas para despensas,N,"plasticos beda, s.a. de c.v.",miscelaneos grav,0,0,0,2018-01-01 al 2018-06-30
3449005,pelicula imp 3t 28/275 900 gr frijol,1,1,kg,0,2017-11-29,bolsas para despensas,N,"plasticos beda, s.a. de c.v.",miscelaneos grav,0,0,0,2018-01-01 al 2018-06-30
3449006,pelicula imp 3t 28/275 900 gr azucar,1,1,kg,0,2017-11-29,bolsas para despensas,N,"plasticos beda, s.a. de c.v.",miscelaneos grav,0,0,0,2018-01-01 al 2018-06-30
3449007,bolsa nat sin imp 50x70 cal 200.,1,1,kg,0,2017-11-29,bolsas para despensas,N,"plasticos beda, s.a. de c.v.",miscelaneos grav,0,0,0,2018-01-01 al 2018-06-30
3450001,bolsa de colacion,1,1,pz,0,2017-12-06,dulces y caramelos,N,"diagnoquim, s.a. de c.v.",pago abarrotes gravado ieps (propio,0,0,8,2018-01-01 al 2018-06-30
3450002,agua purificada aqua clyva,12,1500,ml,0,2018-02-19,agua purificada menor de 10 litros,N,"diagnoquim, s.a. de c.v.",abarr no grav decreto 2006,0,0,0,2018-01-01 al 2018-06-30
3451001,polvo para gelatina  de agua pina,48,140,gr,1,2017-12-13,gelatinas,N,technisearch s.a de c.v.,abarr. y art. de farmacia no grav,0,0,0,2018-01-01 al 2018-06-30
3451002,polvo para gelatina de agua uva,48,140,gr,1,2017-12-13,gelatinas,N,technisearch s.a de c.v.,abarr. y art. de farmacia no grav,0,0,0,2018-01-01 al 2018-06-30
3451003,polvo para gelatina de agua naranja,48,140,gr,1,2017-12-13,gelatinas,N,technisearch s.a de c.v.,abarr. y art. de farmacia no grav,0,0,0,2018-01-01 al 2018-06-30
3451004,polvo para gelatina de agua fresa,48,140,gr,1,2017-12-13,gelatinas,N,technisearch s.a de c.v.,abarr. y art. de farmacia no grav,0,0,0,2018-01-01 al 2018-06-30
3451005,polvo para gelatina de agua mora azul,48,140,gr,1,2017-12-13,gelatinas,N,technisearch s.a de c.v.,abarr. y art. de farmacia no grav,0,0,0,2018-01-01 al 2018-06-30
3451006,polvo para gelatina de agua limon,48,140,gr,1,2017-12-13,gelatinas,N,technisearch s.a de c.v.,abarr. y art. de farmacia no grav,0,0,0,2018-01-01 al 2018-06-30
3451007,polvo para gelatina de agua fresa,48,140,gr,1,2017-12-13,gelatinas,N,technisearch s.a de c.v.,abarr. y art. de farmacia no grav,0,0,0,2018-01-01 al 2018-06-30
3451008,polvo para gelatina de agua vainilla,48,140,gr,1,2017-12-13,gelatinas,N,technisearch s.a de c.v.,abarr. y art. de farmacia no grav,0,0,0,2018-01-01 al 2018-06-30
3452001,harina de maiz hari masa,10,1,kg,1,2018-01-12,harina de maiz,S,"hari masa del pacifico, s.a. de c.v.",harina de maiz,0,0,0,2018-01-01 al 2018-06-30
3453001,harina de maiz hari masa,10,1,kg,1,2018-01-12,harina de maiz,S,"hari masa, s.a. de c.v.",harina de maiz,0,0,0,2018-01-01 al 2018-06-30
3454001,fibra metalica,1,1,pz,0,2018-01-23,fibras y estropajos,N,"lumamexglo,s.a. de c.v.",art. de hogar y jarcieria grav,0,0,0,2018-01-01 al 2018-06-30
3454002,insecticida,1,309,ml,0,2018-01-23,insecticidas y raticidas,N,"lumamexglo,s.a. de c.v.",art. de hogar y jarcieria grav,0,0,0,2018-01-01 al 2018-06-30
3454003,trapeador,1,1,pz,0,2018-01-23,trapeadores y mechudos,N,"lumamexglo,s.a. de c.v.",art. de hogar y jarcieria grav,0,0,0,2018-01-01 al 2018-06-30
3454004,trapos para lavar trastes,1,1,pz,0,2018-01-23,franelas y jergas,N,"lumamexglo,s.a. de c.v.",art. de hogar y jarcieria grav,0,0,0,2018-01-01 al 2018-06-30
3454005,mostaza,1,210,gr,0,2018-01-24,mostaza,N,"lumamexglo,s.a. de c.v.",abarr. y art. de farmacia no grav,0,0,0,2018-01-01 al 2018-06-30
3454006,consome concentrado de pollo,1,500,gr,0,2018-01-24,consomes,S,"lumamexglo,s.a. de c.v.",abarr. y art. de farmacia no grav,0,0,0,2018-01-01 al 2018-06-30
3454007,bolillo,1,1,pz,0,2018-01-24,pan de caja,N,"lumamexglo,s.a. de c.v.",abarr. y art. de farmacia no grav,0,0,0,2018-01-01 al 2018-06-30
3454008,pan de caja,1,560,gr,0,2018-01-24,pan de caja,N,"lumamexglo,s.a. de c.v.",abarr. y art. de farmacia no grav,0,0,0,2018-01-01 al 2018-06-30
3454009,pan para hot dog,1,12,pz,0,2018-01-24,pan de caja,N,"lumamexglo,s.a. de c.v.",abarr. y art. de farmacia no grav,0,0,0,2018-01-01 al 2018-06-30
3454010,carne ce cerdo (maciza),1,1,kg,0,2018-01-24,diversas carnes envasadas,N,"lumamexglo,s.a. de c.v.",abarr. y art. de farmacia no grav,0,0,0,2018-01-01 al 2018-06-30
3454011,carne de res (bistek),1,1,kg,0,2018-01-24,diversas carnes envasadas,N,"lumamexglo,s.a. de c.v.",abarr. y art. de farmacia no grav,0,0,0,2018-01-01 al 2018-06-30
3454012,carne molida de res,1,1,kg,0,2018-01-24,diversas carnes envasadas,N,"lumamexglo,s.a. de c.v.",abarr. y art. de farmacia no grav,0,0,0,2018-01-01 al 2018-06-30
3454013,carne seca,1,1,kg,0,2018-01-24,diversas carnes envasadas,N,"lumamexglo,s.a. de c.v.",abarr. y art. de farmacia no grav,0,0,0,2018-01-01 al 2018-06-30
3454014,chicharron,1,1,kg,0,2018-01-24,diversas carnes envasadas,N,"lumamexglo,s.a. de c.v.",abarr. y art. de farmacia no grav,0,0,0,2018-01-01 al 2018-06-30
3454015,chorizo chimex,1,1,kg,0,2018-01-24,diversas carnes envasadas,N,"lumamexglo,s.a. de c.v.",abarr. y art. de farmacia no grav,0,0,0,2018-01-01 al 2018-06-30
3454016,filete de pescado,1,1,kg,0,2018-01-24,diversas carnes envasadas,N,"lumamexglo,s.a. de c.v.",abarr. y art. de farmacia no grav,0,0,0,2018-01-01 al 2018-06-30
3454017,muslo de pollo,1,1,kg,0,2018-01-24,diversas carnes envasadas,N,"lumamexglo,s.a. de c.v.",abarr. y art. de farmacia no grav,0,0,0,2018-01-01 al 2018-06-30
3454018,pollo entero,1,1,kg,0,2018-01-24,diversas carnes envasadas,N,"lumamexglo,s.a. de c.v.",abarr. y art. de farmacia no grav,0,0,0,2018-01-01 al 2018-06-30
3454019,tocino puntas,1,1,kg,0,2018-01-24,diversas carnes envasadas,N,"lumamexglo,s.a. de c.v.",abarr. y art. de farmacia no grav,0,0,0,2018-01-01 al 2018-06-30
3454020,jamon,1,1,kg,0,2018-01-24,jamones envasados,N,"lumamexglo,s.a. de c.v.",abarr. y art. de farmacia no grav,0,0,0,2018-01-01 al 2018-06-30
3454021,salchichas hot dog,1,1,kg,0,2018-01-24,salchichas envasadas,N,"lumamexglo,s.a. de c.v.",abarr. y art. de farmacia no grav,0,0,0,2018-01-01 al 2018-06-30
3454022,salchicha,1,1,kg,0,2018-01-24,salchichas envasadas,N,"lumamexglo,s.a. de c.v.",abarr. y art. de farmacia no grav,0,0,0,2018-01-01 al 2018-06-30
3454023,acelga,1,1,pz,0,2018-01-24,verduras y legumbres,N,"lumamexglo,s.a. de c.v.",productos perecederos,0,0,0,2018-01-01 al 2018-06-30
3454024,aguacate,1,1,kg,0,2018-01-24,verduras y legumbres,N,"lumamexglo,s.a. de c.v.",productos perecederos,0,0,0,2018-01-01 al 2018-06-30
3454025,apio,1,1,kg,0,2018-01-24,verduras y legumbres,N,"lumamexglo,s.a. de c.v.",productos perecederos,0,0,0,2018-01-01 al 2018-06-30
3454026,betabel,1,1,kg,0,2018-01-24,verduras y legumbres,N,"lumamexglo,s.a. de c.v.",productos perecederos,0,0,0,2018-01-01 al 2018-06-30
3454027,brocoli,1,1,kg,0,2018-01-24,verduras y legumbres,N,"lumamexglo,s.a. de c.v.",productos perecederos,0,0,0,2018-01-01 al 2018-06-30
3454028,calabacita,1,1,kg,0,2018-01-24,verduras y legumbres,N,"lumamexglo,s.a. de c.v.",productos perecederos,0,0,0,2018-01-01 al 2018-06-30
3454029,cebolla,1,1,kg,0,2018-01-24,verduras y legumbres,N,"lumamexglo,s.a. de c.v.",productos perecederos,0,0,0,2018-01-01 al 2018-06-30
3454030,chayote sin espina,1,1,kg,0,2018-01-24,verduras y legumbres,N,"lumamexglo,s.a. de c.v.",productos perecederos,0,0,0,2018-01-01 al 2018-06-30
3454031,chile chilaca,1,1,kg,0,2018-01-24,verduras y legumbres,N,"lumamexglo,s.a. de c.v.",productos perecederos,0,0,0,2018-01-01 al 2018-06-30
3454032,chile colorado seco,1,1,kg,0,2018-01-24,verduras y legumbres,N,"lumamexglo,s.a. de c.v.",productos perecederos,0,0,0,2018-01-01 al 2018-06-30
3454033,chile jalapeno,1,1,kg,0,2018-01-24,verduras y legumbres,N,"lumamexglo,s.a. de c.v.",productos perecederos,0,0,0,2018-01-01 al 2018-06-30
3454034,cilantro,1,1,pz,0,2018-01-24,verduras y legumbres,N,"lumamexglo,s.a. de c.v.",productos perecederos,0,0,0,2018-01-01 al 2018-06-30
3454035,col blanca,1,1,kg,0,2018-01-24,verduras y legumbres,N,"lumamexglo,s.a. de c.v.",productos perecederos,0,0,0,2018-01-01 al 2018-06-30
3454036,ejote,1,1,kg,0,2018-01-24,verduras y legumbres,N,"lumamexglo,s.a. de c.v.",productos perecederos,0,0,0,2018-01-01 al 2018-06-30
3454037,espinaca,1,1,pz,0,2018-01-24,verduras y legumbres,N,"lumamexglo,s.a. de c.v.",productos perecederos,0,0,0,2018-01-01 al 2018-06-30
3454038,haba,1,1,kg,0,2018-01-24,verduras y legumbres,N,"lumamexglo,s.a. de c.v.",productos perecederos,0,0,0,2018-01-01 al 2018-06-30
3454039,jicama,1,1,kg,0,2018-01-24,verduras y legumbres,N,"lumamexglo,s.a. de c.v.",productos perecederos,0,0,0,2018-01-01 al 2018-06-30
3454040,lechuga romana,1,1,pz,0,2018-01-24,verduras y legumbres,N,"lumamexglo,s.a. de c.v.",productos perecederos,0,0,0,2018-01-01 al 2018-06-30
3454041,nopal,1,1,kg,0,2018-01-24,verduras y legumbres,N,"lumamexglo,s.a. de c.v.",productos perecederos,0,0,0,2018-01-01 al 2018-06-30
3454042,papa blanca,1,1,kg,0,2018-01-24,verduras y legumbres,N,"lumamexglo,s.a. de c.v.",productos perecederos,0,0,0,2018-01-01 al 2018-06-30
3454043,pepino,1,1,kg,0,2018-01-24,verduras y legumbres,N,"lumamexglo,s.a. de c.v.",productos perecederos,0,0,0,2018-01-01 al 2018-06-30
3454044,perejil,1,1,pz,0,2018-01-24,verduras y legumbres,N,"lumamexglo,s.a. de c.v.",productos perecederos,0,0,0,2018-01-01 al 2018-06-30
3454045,tomate,1,1,kg,0,2018-01-24,verduras y legumbres,N,"lumamexglo,s.a. de c.v.",productos perecederos,0,0,0,2018-01-01 al 2018-06-30
3454046,tomate verde,1,1,kg,0,2018-01-24,verduras y legumbres,N,"lumamexglo,s.a. de c.v.",productos perecederos,0,0,0,2018-01-01 al 2018-06-30
3454047,zanahoria mediana,1,1,kg,0,2018-01-24,verduras y legumbres,N,"lumamexglo,s.a. de c.v.",productos perecederos,0,0,0,2018-01-01 al 2018-06-30
3454048,guayaba,1,1,kg,0,2018-01-24,fruta fresca,N,"lumamexglo,s.a. de c.v.",productos perecederos,0,0,0,2018-01-01 al 2018-06-30
3454049,limon,1,1,kg,0,2018-01-24,limon con semilla,N,"lumamexglo,s.a. de c.v.",productos perecederos,0,0,0,2018-01-01 al 2018-06-30
3454050,mandarina,1,1,kg,0,2018-01-24,fruta fresca,N,"lumamexglo,s.a. de c.v.",productos perecederos,0,0,0,2018-01-01 al 2018-06-30
3454051,mango,1,1,kg,0,2018-01-24,fruta fresca,N,"lumamexglo,s.a. de c.v.",productos perecederos,0,0,0,2018-01-01 al 2018-06-30
3454052,manzana amarilla,1,1,kg,0,2018-01-24,fruta fresca,N,"lumamexglo,s.a. de c.v.",productos perecederos,0,0,0,2018-01-01 al 2018-06-30
3454053,manzana roja,1,1,kg,0,2018-01-24,fruta fresca,N,"lumamexglo,s.a. de c.v.",productos perecederos,0,0,0,2018-01-01 al 2018-06-30
3454054,melon,1,1,kg,0,2018-01-24,fruta fresca,N,"lumamexglo,s.a. de c.v.",productos perecederos,0,0,0,2018-01-01 al 2018-06-30
3454055,naranja,1,1,kg,0,2018-01-24,fruta fresca,N,"lumamexglo,s.a. de c.v.",productos perecederos,0,0,0,2018-01-01 al 2018-06-30
3454056,papaya,1,1,kg,0,2018-01-24,fruta fresca,N,"lumamexglo,s.a. de c.v.",productos perecederos,0,0,0,2018-01-01 al 2018-06-30
3454057,pina,1,1,kg,0,2018-01-24,fruta fresca,N,"lumamexglo,s.a. de c.v.",productos perecederos,0,0,0,2018-01-01 al 2018-06-30
3454058,platano,1,1,kg,0,2018-01-24,fruta fresca,N,"lumamexglo,s.a. de c.v.",productos perecederos,0,0,0,2018-01-01 al 2018-06-30
3454059,sandia,1,1,kg,0,2018-01-24,fruta fresca,N,"lumamexglo,s.a. de c.v.",productos perecederos,0,0,0,2018-01-01 al 2018-06-30
3454060,mayonesa light lumaland,10,1,kg,0,2018-02-07,mayonesas,S,"lumamexglo,s.a. de c.v.",abarr. y art. de farmacia no grav,0,0,0,2018-01-01 al 2018-06-30
3454061,pasta larga fior di pasta,20,200,gr,0,2018-02-07,pastas para sopa largas,S,"lumamexglo,s.a. de c.v.",abarr. y art. de farmacia no grav,0,0,0,2018-01-01 al 2018-06-30
3454062,pure de tomate prinsa,24,1,kg,0,2018-02-07,pure de tomate,N,"lumamexglo,s.a. de c.v.",abarr. y art. de farmacia no grav,0,0,0,2018-01-01 al 2018-06-30
3454063,ajo,1,1,kg,0,2018-02-19,especias enteras,N,"lumamexglo,s.a. de c.v.",abarr. y art. de farmacia no grav,0,0,0,2018-01-01 al 2018-06-30
3454064,crema de lata,1,1,lt,0,2018-02-19,crema de leche,N,"lumamexglo,s.a. de c.v.",abarr. y art. de farmacia no grav,0,0,0,2018-01-01 al 2018-06-30
3454065,gelatina pronto,1,140,gr,1,2018-02-19,gelatinas,N,"lumamexglo,s.a. de c.v.",abarr. y art. de farmacia no grav,0,0,0,2018-01-01 al 2018-06-30
3454066,jugo de tomate,1,1,lt,1,2018-02-19,jugos,S,"lumamexglo,s.a. de c.v.",abarr. y art. de farmacia no grav,0,0,0,2018-01-01 al 2018-06-30
3454067,leche pasteurizada,1,1,lt,0,2018-02-19,leche evaporada y concentrada,S,"lumamexglo,s.a. de c.v.",abarr. y art. de farmacia no grav,0,0,0,2018-01-01 al 2018-06-30
3454068,mantequilla,1,90,gr,0,2018-02-19,manteca vegetal,S,"lumamexglo,s.a. de c.v.",abarr. y art. de farmacia no grav,0,0,0,2018-01-01 al 2018-06-30
3454069,queso,1,1,kg,0,2018-02-19,quesos,N,"lumamexglo,s.a. de c.v.",abarr. y art. de farmacia no grav,0,0,0,2018-01-01 al 2018-06-30
3454070,soya,1,300,gr,0,2018-02-19,soya texturizada,N,"lumamexglo,s.a. de c.v.",abarr. y art. de farmacia no grav,0,0,0,2018-01-01 al 2018-06-30
3454071,tortilla de harina,1,10,pz,0,2018-02-19,tortillas y tostadas,N,"lumamexglo,s.a. de c.v.",abarr. y art. de farmacia no grav,0,0,0,2018-01-01 al 2018-06-30
3454072,tortilla de maiz,1,1,kg,0,2018-02-19,tortillas y tostadas,N,"lumamexglo,s.a. de c.v.",abarr. y art. de farmacia no grav,0,0,0,2018-01-01 al 2018-06-30
3454073,tostadas,1,1,pq,0,2018-02-19,tortillas y tostadas,N,"lumamexglo,s.a. de c.v.",abarr. y art. de farmacia no grav,0,0,0,2018-01-01 al 2018-06-30
3454074,yogurth,1,1,lt,0,2018-02-19,yoghurt excento,N,"lumamexglo,s.a. de c.v.",abarr. y art. de farmacia no grav,0,0,0,2018-01-01 al 2018-06-30
3454075,garrafon de agua,1,10,lt,0,2018-02-19,agua purificada menor de 10 litros,N,"lumamexglo,s.a. de c.v.",abarr. y art. de farmacia no grav,0,0,0,2018-01-01 al 2018-06-30
3454076,galleta habanera integral cubanas,60,105,gr,0,2018-02-27,galletas basicas,S,"lumamexglo,s.a. de c.v.",pago abarrotes gravado ieps (propio,0,0,8,2018-01-01 al 2018-06-30
3454077,huevo fresco,1,1,pz,0,2018-03-26,huevo fresco,N,"lumamexglo,s.a. de c.v.",productos perecederos,0,0,0,2018-01-01 al 2018-06-30
3455001,agua purificada modelo,12,1500,ml,0,2018-02-12,agua purificada menor de 10 litros,N,bebidas saludables modelo s.a de c.v.,abarr no grav decreto 2006,0,0,0,2018-01-01 al 2018-06-30
3456001,maiz blanco nacional a granel,1000,1,kg,0,2018-03-09,maiz blanco,S,"agrovizion integradora,  s.a de c.v.",maiz,1,0,0,2018-01-01 al 2018-06-30
3456002,maiz blanco nacional envasado,1000,1,kg,0,2018-03-09,maiz blanco,S,"agrovizion integradora,  s.a de c.v.",maiz,1,0,0,2018-01-01 al 2018-06-30
3457001,sandalia mod 212 c/negro ninos t 16-21,36,1,pz,0,2018-03-12,calzado de plastico,N,"eva green, s.a. de c.v.","acc. p/bebe, ropa y calzado grav",0,0,0,2018-01-01 al 2018-06-30
3457002,sandalia mod 075 c/negro dama t 22-26,36,1,pz,0,2018-03-12,calzado de plastico,N,"eva green, s.a. de c.v.","acc. p/bebe, ropa y calzado grav",0,0,0,2018-01-01 al 2018-06-30
3457003,sandalia mod 014 c/negro caballero 25-28,36,1,pz,0,2018-03-12,calzado de plastico,N,"eva green, s.a. de c.v.","acc. p/bebe, ropa y calzado grav",0,0,0,2018-01-01 al 2018-06-30
3458001,pinata de carton plegable,1,1,pz,0,2018-04-03,juguetes,N,"la vizcaina alimentos selectos, s.a. de c.v.",art. de hogar y jarcieria grav,0,0,0,2018-01-01 al 2018-06-30
3458002,juego de mesa  loteria y memorama,1,1,pz,0,2018-04-03,juguetes,N,"la vizcaina alimentos selectos, s.a. de c.v.",art. de hogar y jarcieria grav,0,0,0,2018-01-01 al 2018-06-30
3458003,bolsa con dulces varios,1,1500,gr,0,2018-04-03,dulces y caramelos,N,"la vizcaina alimentos selectos, s.a. de c.v.",pago abarrotes gravado ieps (propio,0,0,8,2018-01-01 al 2018-06-30
3458004,bolsa de mandado,1,1,pz,0,2018-04-26,utensilios d/plastico madera y vidrio,N,"la vizcaina alimentos selectos, s.a. de c.v.",art. de hogar y jarcieria grav,0,0,0,2018-01-01 al 2018-06-30
3459001,alu seven 7,18,1,pz,0,2018-04-06,papel aluminio,N,"grupo frigon, s.a. de c.v.",abarr. y art. de farmacia grav,0,0,0,2018-01-01 al 2018-06-30
3459002,alu bara 50,12,1,pz,0,2018-04-06,papel aluminio,N,"grupo frigon, s.a. de c.v.",abarr. y art. de farmacia grav,0,0,0,2018-01-01 al 2018-06-30
3459003,alu bara 100,12,1,pz,0,2018-04-06,papel aluminio,N,"grupo frigon, s.a. de c.v.",abarr. y art. de farmacia grav,0,0,0,2018-01-01 al 2018-06-30
3459004,plasti rich 30/30,18,1,pz,0,2018-04-06,utensilios d/plastico madera y vidrio,N,"grupo frigon, s.a. de c.v.",abarr. y art. de farmacia grav,0,0,0,2018-01-01 al 2018-06-30
3460001,frijol pinto saltillo envasado,1,1,kg,0,2018-04-19,frijol envasado,S,"comercializadora de granos del valle de  poanas, s.a. de c.v.",frijol,0,0,0,2018-01-01 al 2018-06-30
3460002,frijol pinto saltillo a granel,1,1,kg,0,2018-04-20,frijol a granel,S,"comercializadora de granos del valle de  poanas, s.a. de c.v.",frijol,0,0,0,2018-01-01 al 2018-06-30
3461001,agua purificada niagara,15,1500,ml,0,2018-05-16,agua purificada menor de 10 litros,N,"embotelladora niagara de mexico, s. de r.l. de c.v.",abarr. y art. de farmacia no grav,0,0,0,2018-01-01 al 2018-06-30
3462001,producto lacteo combinado vitaleche,12,1,lt,0,2018-05-18,formula lacteas,S,"nutrimarcas, s.a. de c.v.",abarr. y art. de farmacia no grav,0,0,0,2018-01-01 al 2018-06-30
3462002,producto lacteo combinad vitaleche choco,12,1,lt,0,2018-05-18,formula lacteas,S,"nutrimarcas, s.a. de c.v.",abarr. y art. de farmacia no grav,0,0,0,2018-01-01 al 2018-06-30
3463001,veladora limonero liso,20,1,pz,0,2018-07-02,veladoras,N,"activos y soluciones anro, s.a. de c.v.",abarr. y art. de farmacia grav,0,0,0,2018-01-01 al 2018-06-30
3463002,veladora centella decorado,20,1,pz,0,2018-07-02,veladoras,N,"activos y soluciones anro, s.a. de c.v.",abarr. y art. de farmacia grav,0,0,0,2018-01-01 al 2018-06-30
3464001,maiz blanco nacional a granel,1000,1,kg,0,2018-07-02,maiz blanco,S,cualli agronegocios y logistica s. de p.r. de r.l.,maiz,1,0,0,2018-01-01 al 2018-06-30
3464002,maiz blanco nacional envasado,1000,1,kg,0,2018-07-02,maiz blanco,S,cualli agronegocios y logistica s. de p.r. de r.l.,maiz,1,0,0,2018-01-01 al 2018-06-30
3466001,leche uht delileche 1 lt,12,1,lt,1,2018-07-05,leche evaporada y concentrada,S,"alimentos sello rojo, s.a. de c.v.",abarr. y art. de farmacia no grav,1,0,0,2018-01-01 al 2018-06-30
3466002,leche ultra entera,12,1,lt,1,2018-07-05,leche evaporada y concentrada,S,"alimentos sello rojo, s.a. de c.v.",abarr. y art. de farmacia no grav,1,0,0,2018-01-01 al 2018-06-30
3466003,"leche saborizada chocolate, fresa, vaini",24,250,ml,1,2018-07-05,leche saborizada,N,"alimentos sello rojo, s.a. de c.v.",abarr. y art. de farmacia no grav,1,0,0,2018-01-01 al 2018-06-30
3466004,leche entera y pan up sello rojo,12,1,lt,1,2018-07-05,leche evaporada y concentrada,S,"alimentos sello rojo, s.a. de c.v.",abarr. y art. de farmacia no grav,1,0,0,2018-01-01 al 2018-06-30
3466005,leche semi  y pan up sello rojo,12,1,lt,1,2018-07-05,leche evaporada y concentrada,S,"alimentos sello rojo, s.a. de c.v.",abarr. y art. de farmacia no grav,1,0,0,2018-01-01 al 2018-06-30
3466006,bebida de avena con leche,24,250,ml,1,2018-07-05,leche saborizada,N,"alimentos sello rojo, s.a. de c.v.",abarr no grav decreto 2006,0,0,0,2018-01-01 al 2018-06-30
3467001,mateca vegetal lirio,48,250,gr,0,2018-08-14,manteca vegetal,S,"oleoalimentos, s.a. de c.v.",abarr. y art. de farmacia no grav,0,0,0,2018-01-01 al 2018-06-30
3467002,mateca vegetal lirio,24,500,gr,0,2018-08-14,manteca vegetal,S,"oleoalimentos, s.a. de c.v.",abarr. y art. de farmacia no grav,0,0,0,2018-01-01 al 2018-06-30
3468001,harina de trigo del rosario,10,1,kg,0,2018-08-20,harina de trigo,S,"sociedad de produccion rural hernando de villafañe, s. de p.r. de r.l.",abarr. y art. de farmacia no grav,0,0,0,2018-01-01 al 2018-06-30
3468002,harina de trigo rica sinaloa,10,1,kg,0,2018-08-20,harina de trigo,S,"sociedad de produccion rural hernando de villafañe, s. de p.r. de r.l.",abarr. y art. de farmacia no grav,0,0,0,2018-01-01 al 2018-06-30
3468003,harina de trigo dona güera integral,10,1,kg,0,2018-08-20,harina de trigo,S,"sociedad de produccion rural hernando de villafañe, s. de p.r. de r.l.",abarr. y art. de farmacia no grav,0,0,0,2018-01-01 al 2018-06-30
3469001,frijol pinto saltillo envasado,1,1,kg,0,2018-08-23,frijol envasado,S,"fritierra, s.p.r. de r.i.",frijol,0,0,0,2018-01-01 al 2018-06-30
3470001,palillo econ en cajita maya 4/12/250 pzs,48,250,pz,0,2018-09-10,palillos,N,maya fuerte s.a. de c.v.,art. de hogar y jarcieria grav,0,0,0,2018-01-01 al 2018-06-30
3470002,fosforo bolsillo soldados 20/5/10/50 pzs,100,10,pz,0,2018-09-10,cerillos,N,maya fuerte s.a. de c.v.,abarr. y art. de farmacia grav,0,0,0,2018-01-01 al 2018-06-30
3470003,fosforo cocina soldados 100/3/115 pzs,100,3,pz,0,2018-09-10,cerillos,N,maya fuerte s.a. de c.v.,abarr. y art. de farmacia grav,0,0,0,2018-01-01 al 2018-06-30
3471001,limpiador multiusos aroma lima limon,12,1000,ml,0,2018-09-10,limpiadores liquidos,N,"vjcb consultoria y soluciones en manufactura y administracion, s. de r.l. d",abarr. y art. de farmacia grav,0,0,0,2018-01-01 al 2018-06-30
3471002,limpiador multiusos aroma frutos rojos,12,1000,ml,0,2018-09-10,limpiadores liquidos,N,"vjcb consultoria y soluciones en manufactura y administracion, s. de r.l. d",abarr. y art. de farmacia grav,0,0,0,2018-01-01 al 2018-06-30
3471003,limpiador multiusos aroma lavanda,12,1000,ml,0,2018-09-10,limpiadores liquidos,N,"vjcb consultoria y soluciones en manufactura y administracion, s. de r.l. d",abarr. y art. de farmacia grav,0,0,0,2018-01-01 al 2018-06-30
3471004,limpiador multiusos aroma bosques,12,1000,ml,0,2018-09-10,limpiadores liquidos,N,"vjcb consultoria y soluciones en manufactura y administracion, s. de r.l. d",abarr. y art. de farmacia grav,0,0,0,2018-01-01 al 2018-06-30
3472001,frijol pinto saltillo envasado,1,1,kg,0,2018-09-12,frijol envasado,S,"granos y semillas de rio grande, s.a. de c.v.",frijol,0,0,0,2018-01-01 al 2018-06-30
3473001,pastilla cloro fabrilloso vitrolero c90,6,90,pz,0,2018-09-24,limpiadores liquidos,N,micaela  mercado  martinez,abarr. y art. de farmacia grav,0,0,0,2018-01-01 al 2018-06-30
3473002,pastilla cloro fabrilloso blister c/3 pz,35,3,pz,0,2018-09-24,limpiadores liquidos,N,micaela  mercado  martinez,abarr. y art. de farmacia grav,0,0,0,2018-01-01 al 2018-06-30
3473003,fibra esponja verde c/2 pz,200,2,pz,0,2018-09-24,fibras y estropajos,N,micaela  mercado  martinez,art. de hogar y jarcieria grav,0,0,0,2018-01-01 al 2018-06-30
3473004,fibra esponja verde c/4 pz,80,4,pz,0,2018-09-24,fibras y estropajos,N,micaela  mercado  martinez,art. de hogar y jarcieria grav,0,0,0,2018-01-01 al 2018-06-30
6000001,granza de maiz,1,1,kg,0,2005-04-29,granza,N,"diconsa, s.a. de c.v.",insumos agropecuarios no grav,0,0,0,2018-01-01 al 2018-06-30
6000072,frijol negro san luis envasado,1,1,kg,0,2013-08-14,frijol envasado,S,"diconsa, s.a. de c.v.",frijol,0,0,0,2018-01-01 al 2018-06-30
6000073,frijol negro san luis envasado,1,900,gr,0,2013-08-14,frijol envasado,S,"diconsa, s.a. de c.v.",frijol,0,0,0,2018-01-01 al 2018-06-30
6000074,frijol negro san luis envasado,1,450,gr,0,2013-08-14,frijol envasado,S,"diconsa, s.a. de c.v.",frijol,0,0,0,2018-01-01 al 2018-06-30
6000075,frijol negro san luis envasado,1,225,gr,0,2013-08-14,frijol envasado,S,"diconsa, s.a. de c.v.",frijol,0,0,0,2018-01-01 al 2018-06-30
6000076,arroz g. largo 5% envasado,1,1,kg,0,2013-08-14,arroz envasado,S,"diconsa, s.a. de c.v.",arroz,0,0,0,2018-01-01 al 2018-06-30
6000077,arroz g. largo 5% envasado,1,900,gr,0,2013-08-14,arroz envasado,S,"diconsa, s.a. de c.v.",arroz,0,0,0,2018-01-01 al 2018-06-30
6000078,arroz g. largo 5% envasado,1,450,gr,0,2013-08-14,arroz envasado,S,"diconsa, s.a. de c.v.",arroz,0,0,0,2018-01-01 al 2018-06-30
6000079,arroz g. largo 5% envasado,1,225,gr,0,2013-08-14,arroz envasado,S,"diconsa, s.a. de c.v.",arroz,0,0,0,2018-01-01 al 2018-06-30
6000080,azucar estandar envasada,1,1,kg,0,2013-08-14,azucar estandar,S,"diconsa, s.a. de c.v.",azucar,0,0,0,2018-01-01 al 2018-06-30
6000081,azucar estandar envasada,1,900,gr,0,2013-08-14,azucar estandar,S,"diconsa, s.a. de c.v.",azucar,0,0,0,2018-01-01 al 2018-06-30
6000082,azucar estandar envasada,1,450,gr,0,2013-08-14,azucar estandar,S,"diconsa, s.a. de c.v.",azucar,0,0,0,2018-01-01 al 2018-06-30
6000083,azucar estandar envasada,1,225,gr,0,2013-08-14,azucar estandar,S,"diconsa, s.a. de c.v.",azucar,0,0,0,2018-01-01 al 2018-06-30
6000084,foco osram 13w caja  c/6 paq.5/1,30,1,pz,0,2014-10-21,focos,N,"diconsa, s.a. de c.v.",complem. alim. sector salud grav,0,0,0,2018-01-01 al 2018-06-30
6000085,foco philips 13w caja  c/6 paq.5/1,30,1,pz,0,2014-10-21,focos,N,"diconsa, s.a. de c.v.",complem. alim. sector salud grav,0,0,0,2018-01-01 al 2018-06-30
6000086,foco tecnolite 14w caja  c/20 paq.5/1,100,1,pz,0,2014-10-21,focos,N,"diconsa, s.a. de c.v.",complem. alim. sector salud grav,0,0,0,2018-01-01 al 2018-06-30
6000087,foco gtia.osram 13w caja 6 paq.5/1,30,1,pz,0,2014-11-05,focos,N,"diconsa, s.a. de c.v.",complem. alim. sector salud grav,0,0,0,2018-01-01 al 2018-06-30
6000088,foco gtia.philips 13w caja  6 paq.5/1,30,1,pz,0,2014-11-05,focos,N,"diconsa, s.a. de c.v.",complem. alim. sector salud grav,0,0,0,2018-01-01 al 2018-06-30
6000089,foco gtia.tecnolite 14w caja  20 paq.5/1,100,1,pz,0,2014-11-05,focos,N,"diconsa, s.a. de c.v.",complem. alim. sector salud grav,0,0,0,2018-01-01 al 2018-06-30
6000996,incremento en la tasa de iva,1,1,pz,0,2009-12-21,incremento en la tasa de iva,N,"diconsa, s.a. de c.v.",abarr. y art. de farmacia grav,0,0,0,2018-01-01 al 2018-06-30
6000999,ajuste fonden,1,1,pz,0,2006-11-28,ajustes fonden,N,"diconsa, s.a. de c.v.",miscelaneos grav,0,0,0,2018-01-01 al 2018-06-30
